"../../../Engine/Plugins/2D/Paper2D/Content/PlaceholderTextures/DummySpriteTexture.ubulk" 0
"../../../Engine/Plugins/2D/Paper2D/Content/PlaceholderTextures/DummySpriteTexture.uasset" 1
"../../../Engine/Plugins/2D/Paper2D/Content/PlaceholderTextures/DummySpriteTexture.uexp" 2
"../../../Engine/Plugins/2D/Paper2D/Content/DummySprite.uasset" 3
"../../../Engine/Plugins/2D/Paper2D/Content/DummySprite.uexp" 4
"../../../Engine/Plugins/2D/Paper2D/Content/DefaultPaperTerrainMaterial.uasset" 5
"../../../Engine/Plugins/2D/Paper2D/Content/DefaultPaperTerrainMaterial.uexp" 6
"../../../Engine/Plugins/Runtime/AudioModulation/Content/BitDepth.uasset" 7
"../../../Engine/Plugins/Runtime/AudioModulation/Content/BitDepth.uexp" 8
"../../../Engine/Plugins/Runtime/AudioModulation/Content/HPFCutoffFrequency.uasset" 9
"../../../Engine/Plugins/Runtime/AudioModulation/Content/HPFCutoffFrequency.uexp" 10
"../../../Engine/Plugins/Runtime/AudioModulation/Content/LowRateFrequency.uasset" 11
"../../../Engine/Plugins/Runtime/AudioModulation/Content/LowRateFrequency.uexp" 12
"../../../Engine/Plugins/Runtime/AudioModulation/Content/LPFCutoffFrequency.uasset" 13
"../../../Engine/Plugins/Runtime/AudioModulation/Content/LPFCutoffFrequency.uexp" 14
"../../../Engine/Plugins/Runtime/AudioModulation/Content/Pan.uasset" 15
"../../../Engine/Plugins/Runtime/AudioModulation/Content/Pan.uexp" 16
"../../../Engine/Plugins/Runtime/AudioModulation/Content/Pitch.uasset" 17
"../../../Engine/Plugins/Runtime/AudioModulation/Content/Pitch.uexp" 18
"../../../Engine/Plugins/Runtime/AudioModulation/Content/SampleRate.uasset" 19
"../../../Engine/Plugins/Runtime/AudioModulation/Content/SampleRate.uexp" 20
"../../../Engine/Plugins/Runtime/AudioModulation/Content/TimeOfDay.uasset" 21
"../../../Engine/Plugins/Runtime/AudioModulation/Content/TimeOfDay.uexp" 22
"../../../Engine/Plugins/Runtime/AudioModulation/Content/Volume.uasset" 23
"../../../Engine/Plugins/Runtime/AudioModulation/Content/Volume.uexp" 24
"../../../Engine/Content/EngineFonts/Faces/DroidSansFallback.uexp" 25
"../../../Engine/Content/EngineFonts/Faces/DroidSansFallback.uasset" 26
"../../../Engine/Content/EngineFonts/Faces/DroidSansFallback.ufont" 27
"../../../Engine/Content/EngineFonts/Faces/RobotoBold.uexp" 28
"../../../Engine/Content/EngineFonts/Faces/RobotoBold.uasset" 29
"../../../Engine/Content/EngineFonts/Faces/RobotoBold.ufont" 30
"../../../Engine/Content/EngineFonts/Faces/RobotoBoldItalic.uexp" 31
"../../../Engine/Content/EngineFonts/Faces/RobotoBoldItalic.uasset" 32
"../../../Engine/Content/EngineFonts/Faces/RobotoBoldItalic.ufont" 33
"../../../Engine/Content/EngineFonts/Faces/RobotoItalic.uexp" 34
"../../../Engine/Content/EngineFonts/Faces/RobotoItalic.uasset" 35
"../../../Engine/Content/EngineFonts/Faces/RobotoItalic.ufont" 36
"../../../Engine/Content/EngineFonts/Faces/RobotoLight.uexp" 37
"../../../Engine/Content/EngineFonts/Faces/RobotoLight.uasset" 38
"../../../Engine/Content/EngineFonts/Faces/RobotoLight.ufont" 39
"../../../Engine/Content/EngineFonts/Faces/RobotoRegular.uexp" 40
"../../../Engine/Content/EngineFonts/Faces/RobotoRegular.uasset" 41
"../../../Engine/Content/EngineFonts/Faces/RobotoRegular.ufont" 42
"../../../Engine/Content/EngineFonts/Roboto.uasset" 43
"../../../Engine/Content/EngineFonts/Roboto.uexp" 44
"../../../Engine/Content/EngineMaterials/DefaultDestructiblePhysicalMaterial.uasset" 45
"../../../Engine/Content/EngineMaterials/DefaultDestructiblePhysicalMaterial.uexp" 46
"../../../Engine/Content/EngineMaterials/DefaultPhysicalMaterial.uasset" 47
"../../../Engine/Content/EngineMaterials/DefaultPhysicalMaterial.uexp" 48
"../../../Engine/Content/EngineSounds/Master.uasset" 49
"../../../Engine/Content/EngineSounds/Master.uexp" 50
"../../../Engine/Plugins/Interchange/Runtime/Content/Pipelines/DefaultAssetsPipeline.uasset" 51
"../../../Engine/Plugins/Interchange/Runtime/Content/Pipelines/DefaultAssetsPipeline.uexp" 52
"../../../Engine/Plugins/Interchange/Runtime/Content/Pipelines/DefaultAudioPipeline.uasset" 53
"../../../Engine/Plugins/Interchange/Runtime/Content/Pipelines/DefaultAudioPipeline.uexp" 54
"../../../Engine/Plugins/Interchange/Runtime/Content/Pipelines/DefaultGLTFAssetsPipeline.uasset" 55
"../../../Engine/Plugins/Interchange/Runtime/Content/Pipelines/DefaultGLTFAssetsPipeline.uexp" 56
"../../../Engine/Plugins/Interchange/Runtime/Content/Pipelines/DefaultGLTFPipeline.uasset" 57
"../../../Engine/Plugins/Interchange/Runtime/Content/Pipelines/DefaultGLTFPipeline.uexp" 58
"../../../Engine/Plugins/Interchange/Runtime/Content/Pipelines/DefaultGLTFSceneAssetsPipeline.uasset" 59
"../../../Engine/Plugins/Interchange/Runtime/Content/Pipelines/DefaultGLTFSceneAssetsPipeline.uexp" 60
"../../../Engine/Plugins/Interchange/Runtime/Content/Pipelines/DefaultMaterialPipeline.uasset" 61
"../../../Engine/Plugins/Interchange/Runtime/Content/Pipelines/DefaultMaterialPipeline.uexp" 62
"../../../Engine/Plugins/Interchange/Runtime/Content/Pipelines/DefaultMaterialXPipeline.uasset" 63
"../../../Engine/Plugins/Interchange/Runtime/Content/Pipelines/DefaultMaterialXPipeline.uexp" 64
"../../../Engine/Plugins/Interchange/Runtime/Content/Pipelines/DefaultSceneAssetsPipeline.uasset" 65
"../../../Engine/Plugins/Interchange/Runtime/Content/Pipelines/DefaultSceneAssetsPipeline.uexp" 66
"../../../Engine/Plugins/Interchange/Runtime/Content/Pipelines/DefaultSceneLevelPipeline.uasset" 67
"../../../Engine/Plugins/Interchange/Runtime/Content/Pipelines/DefaultSceneLevelPipeline.uexp" 68
"../../../Engine/Plugins/Interchange/Runtime/Content/Pipelines/DefaultTexturePipeline.uasset" 69
"../../../Engine/Plugins/Interchange/Runtime/Content/Pipelines/DefaultTexturePipeline.uexp" 70
"../../../Engine/Plugins/MetaHuman/MetaHumanAnimator/Content/GenericTracker/GenericFaceContourTracker.uasset" 71
"../../../Engine/Plugins/MetaHuman/MetaHumanAnimator/Content/GenericTracker/GenericFaceContourTracker.uexp" 72
"../../../Engine/Plugins/MetaHuman/MetaHumanAnimator/Content/Solver/GenericFaceAnimationSolver.uasset" 73
"../../../Engine/Plugins/MetaHuman/MetaHumanAnimator/Content/Solver/GenericFaceAnimationSolver.uexp" 74
"../../../Engine/Content/BasicShapes/BasicShapeMaterial.uasset" 75
"../../../Engine/Content/BasicShapes/BasicShapeMaterial.uexp" 76
"../../../Engine/Content/Functions/Engine_MaterialFunctions01/Opacity/CameraDepthFade.uasset" 77
"../../../Engine/Content/Functions/Engine_MaterialFunctions01/Opacity/CameraDepthFade.uexp" 78
"../../../Engine/Content/EngineMaterials/T_Default_Material_Grid_M.ubulk" 79
"../../../Engine/Content/EngineMaterials/T_Default_Material_Grid_M.uasset" 80
"../../../Engine/Content/EngineMaterials/T_Default_Material_Grid_M.uexp" 81
"../../../Engine/Content/EngineMaterials/T_Default_Material_Grid_N.ubulk" 82
"../../../Engine/Content/EngineMaterials/T_Default_Material_Grid_N.uasset" 83
"../../../Engine/Content/EngineMaterials/T_Default_Material_Grid_N.uexp" 84
"../../../Engine/Content/EngineMaterials/DefaultMaterial.uasset" 85
"../../../Engine/Content/EngineMaterials/DefaultMaterial.uexp" 86
"../../../Engine/Content/BasicShapes/Cone.ubulk" 87
"../../../Engine/Content/BasicShapes/Cone.uasset" 88
"../../../Engine/Content/BasicShapes/Cone.uexp" 89
"../../../Engine/Content/EngineMaterials/WorldGridMaterial.uasset" 90
"../../../Engine/Content/EngineMaterials/WorldGridMaterial.uexp" 91
"../../../Engine/Content/BasicShapes/Cube.ubulk" 92
"../../../Engine/Content/BasicShapes/Cube.uasset" 93
"../../../Engine/Content/BasicShapes/Cube.uexp" 94
"../../../Engine/Content/EditorLandscapeResources/DefaultAlphaTexture.uasset" 95
"../../../Engine/Content/EditorLandscapeResources/DefaultAlphaTexture.uexp" 96
"../../../Engine/Content/EditorLandscapeResources/ColorMaskBrushMaterial.uasset" 97
"../../../Engine/Content/EditorLandscapeResources/ColorMaskBrushMaterial.uexp" 98
"../../../Engine/Content/EditorLandscapeResources/ColorMaskBrushMaterial_MaskedRegion.uasset" 99
"../../../Engine/Content/EditorLandscapeResources/ColorMaskBrushMaterial_MaskedRegion.uexp" 100
"../../../Engine/Content/EditorLandscapeResources/LandscapeDirtyMaterial.uasset" 101
"../../../Engine/Content/EditorLandscapeResources/LandscapeDirtyMaterial.uexp" 102
"../../../Engine/Content/EngineMaterials/DefaultDiffuse.ubulk" 103
"../../../Engine/Content/EngineMaterials/DefaultDiffuse.uasset" 104
"../../../Engine/Content/EngineMaterials/DefaultDiffuse.uexp" 105
"../../../Engine/Content/Functions/Engine_MaterialFunctions01/Texturing/TextureCropping.uasset" 106
"../../../Engine/Content/Functions/Engine_MaterialFunctions01/Texturing/TextureCropping.uexp" 107
"../../../Engine/Content/Functions/Engine_MaterialFunctions02/ExampleContent/DebugNumberStrip.uasset" 108
"../../../Engine/Content/Functions/Engine_MaterialFunctions02/ExampleContent/DebugNumberStrip.uexp" 109
"../../../Engine/Content/Functions/Engine_MaterialFunctions01/Debug/DebugIntValues.uasset" 110
"../../../Engine/Content/Functions/Engine_MaterialFunctions01/Debug/DebugIntValues.uexp" 111
"../../../Engine/Content/Functions/Engine_MaterialFunctions02/Utility/BreakOutFloat2Components.uasset" 112
"../../../Engine/Content/Functions/Engine_MaterialFunctions02/Utility/BreakOutFloat2Components.uexp" 113
"../../../Engine/Content/Functions/Engine_MaterialFunctions01/Texturing/ScaleUVsByCenter.uasset" 114
"../../../Engine/Content/Functions/Engine_MaterialFunctions01/Texturing/ScaleUVsByCenter.uexp" 115
"../../../Engine/Content/Functions/Engine_MaterialFunctions02/WorldPositionOffset/LocalPosition.uasset" 116
"../../../Engine/Content/Functions/Engine_MaterialFunctions02/WorldPositionOffset/LocalPosition.uexp" 117
"../../../Engine/Content/EditorLandscapeResources/LandscapeLayerUsageMaterial.uasset" 118
"../../../Engine/Content/EditorLandscapeResources/LandscapeLayerUsageMaterial.uexp" 119
"../../../Engine/Content/EditorLandscapeResources/WhiteSquareTexture.uasset" 120
"../../../Engine/Content/EditorLandscapeResources/WhiteSquareTexture.uexp" 121
"../../../Engine/Content/EditorLandscapeResources/LayerVisMaterial.uasset" 122
"../../../Engine/Content/EditorLandscapeResources/LayerVisMaterial.uexp" 123
"../../../Engine/Content/Functions/Engine_MaterialFunctions02/Utility/MakeFloat3.uasset" 124
"../../../Engine/Content/Functions/Engine_MaterialFunctions02/Utility/MakeFloat3.uexp" 125
"../../../Engine/Content/Functions/Engine_MaterialFunctions03/Math/WithinRangeFloat2.uasset" 126
"../../../Engine/Content/Functions/Engine_MaterialFunctions03/Math/WithinRangeFloat2.uexp" 127
"../../../Engine/Content/EditorLandscapeResources/MaskBrushMaterial.uasset" 128
"../../../Engine/Content/EditorLandscapeResources/MaskBrushMaterial.uexp" 129
"../../../Engine/Content/EditorLandscapeResources/MaskBrushMaterial_MaskedRegion.uasset" 130
"../../../Engine/Content/EditorLandscapeResources/MaskBrushMaterial_MaskedRegion.uexp" 131
"../../../Engine/Content/EditorLandscapeResources/SelectBrushMaterial.uasset" 132
"../../../Engine/Content/EditorLandscapeResources/SelectBrushMaterial.uexp" 133
"../../../Engine/Content/EditorLandscapeResources/SelectBrushMaterial_Selected.uasset" 134
"../../../Engine/Content/EditorLandscapeResources/SelectBrushMaterial_Selected.uexp" 135
"../../../Engine/Content/EditorLandscapeResources/SelectBrushMaterial_SelectedRegion.uasset" 136
"../../../Engine/Content/EditorLandscapeResources/SelectBrushMaterial_SelectedRegion.uexp" 137
"../../../Engine/Content/EditorLandscapeResources/SplineEditorMeshMat.uasset" 138
"../../../Engine/Content/EditorLandscapeResources/SplineEditorMeshMat.uexp" 139
"../../../Engine/Content/EditorLandscapeResources/SplineEditorMesh.ubulk" 140
"../../../Engine/Content/EditorLandscapeResources/SplineEditorMesh.uasset" 141
"../../../Engine/Content/EditorLandscapeResources/SplineEditorMesh.uexp" 142
"../../../Engine/Content/EditorMaterials/PhAT_NoCollisionMaterial.uasset" 143
"../../../Engine/Content/EditorMaterials/PhAT_NoCollisionMaterial.uexp" 144
"../../../Engine/Content/EditorMaterials/PhAT_UnselectedMaterial.uasset" 145
"../../../Engine/Content/EditorMaterials/PhAT_UnselectedMaterial.uexp" 146
"../../../Engine/Content/EditorMaterials/PreviewShadowIndicator.ubulk" 147
"../../../Engine/Content/EditorMaterials/PreviewShadowIndicator.uasset" 148
"../../../Engine/Content/EditorMaterials/PreviewShadowIndicator.uexp" 149
"../../../Engine/Content/EditorMaterials/PreviewShadowIndicatorMaterial.uasset" 150
"../../../Engine/Content/EditorMaterials/PreviewShadowIndicatorMaterial.uexp" 151
"../../../Engine/Plugins/Animation/ControlRig/Content/Controls/ControlRig_Box_solid.ubulk" 152
"../../../Engine/Plugins/Animation/ControlRig/Content/Controls/ControlRig_Box_solid.uasset" 153
"../../../Engine/Plugins/Animation/ControlRig/Content/Controls/ControlRig_Box_solid.uexp" 154
"../../../Engine/Plugins/Animation/ControlRig/Content/Controls/ControlRig_Circle_1mm.ubulk" 155
"../../../Engine/Plugins/Animation/ControlRig/Content/Controls/ControlRig_Circle_1mm.uasset" 156
"../../../Engine/Plugins/Animation/ControlRig/Content/Controls/ControlRig_Circle_1mm.uexp" 157
"../../../Engine/Plugins/Animation/ControlRig/Content/Controls/ControlRig_Circle_3mm.ubulk" 158
"../../../Engine/Plugins/Animation/ControlRig/Content/Controls/ControlRig_Circle_3mm.uasset" 159
"../../../Engine/Plugins/Animation/ControlRig/Content/Controls/ControlRig_Circle_3mm.uexp" 160
"../../../Engine/Plugins/Animation/ControlRig/Content/Controls/ControlRig_Circle_solid.ubulk" 161
"../../../Engine/Plugins/Animation/ControlRig/Content/Controls/ControlRig_Circle_solid.uasset" 162
"../../../Engine/Plugins/Animation/ControlRig/Content/Controls/ControlRig_Circle_solid.uexp" 163
"../../../Engine/Plugins/Animation/ControlRig/Content/Controls/ControlRig_Diamond_1mm.ubulk" 164
"../../../Engine/Plugins/Animation/ControlRig/Content/Controls/ControlRig_Diamond_1mm.uasset" 165
"../../../Engine/Plugins/Animation/ControlRig/Content/Controls/ControlRig_Diamond_1mm.uexp" 166
"../../../Engine/Plugins/Animation/ControlRig/Content/Controls/ControlRig_Diamond_3mm.ubulk" 167
"../../../Engine/Plugins/Animation/ControlRig/Content/Controls/ControlRig_Diamond_3mm.uasset" 168
"../../../Engine/Plugins/Animation/ControlRig/Content/Controls/ControlRig_Diamond_3mm.uexp" 169
"../../../Engine/Plugins/Animation/ControlRig/Content/Controls/ControlRig_Diamond_solid.ubulk" 170
"../../../Engine/Plugins/Animation/ControlRig/Content/Controls/ControlRig_Diamond_solid.uasset" 171
"../../../Engine/Plugins/Animation/ControlRig/Content/Controls/ControlRig_Diamond_solid.uexp" 172
"../../../Engine/Plugins/Animation/ControlRig/Content/Controls/ControlRig_HalfCircle_1mm.ubulk" 173
"../../../Engine/Plugins/Animation/ControlRig/Content/Controls/ControlRig_HalfCircle_1mm.uasset" 174
"../../../Engine/Plugins/Animation/ControlRig/Content/Controls/ControlRig_HalfCircle_1mm.uexp" 175
"../../../Engine/Plugins/Animation/ControlRig/Content/Controls/ControlRig_HalfCircle_3mm.ubulk" 176
"../../../Engine/Plugins/Animation/ControlRig/Content/Controls/ControlRig_HalfCircle_3mm.uasset" 177
"../../../Engine/Plugins/Animation/ControlRig/Content/Controls/ControlRig_HalfCircle_3mm.uexp" 178
"../../../Engine/Plugins/Animation/ControlRig/Content/Controls/ControlRig_HalfCircle_solid.ubulk" 179
"../../../Engine/Plugins/Animation/ControlRig/Content/Controls/ControlRig_HalfCircle_solid.uasset" 180
"../../../Engine/Plugins/Animation/ControlRig/Content/Controls/ControlRig_HalfCircle_solid.uexp" 181
"../../../Engine/Plugins/Animation/ControlRig/Content/Controls/ControlRig_Hexagon_1mm.ubulk" 182
"../../../Engine/Plugins/Animation/ControlRig/Content/Controls/ControlRig_Hexagon_1mm.uasset" 183
"../../../Engine/Plugins/Animation/ControlRig/Content/Controls/ControlRig_Hexagon_1mm.uexp" 184
"../../../Engine/Plugins/Animation/ControlRig/Content/Controls/ControlRig_Hexagon_3mm.ubulk" 185
"../../../Engine/Plugins/Animation/ControlRig/Content/Controls/ControlRig_Hexagon_3mm.uasset" 186
"../../../Engine/Plugins/Animation/ControlRig/Content/Controls/ControlRig_Hexagon_3mm.uexp" 187
"../../../Engine/Plugins/Animation/ControlRig/Content/Controls/ControlRig_Hexagon_solid.ubulk" 188
"../../../Engine/Plugins/Animation/ControlRig/Content/Controls/ControlRig_Hexagon_solid.uasset" 189
"../../../Engine/Plugins/Animation/ControlRig/Content/Controls/ControlRig_Hexagon_solid.uexp" 190
"../../../Engine/Plugins/Animation/ControlRig/Content/Controls/ControlRig_Line.ubulk" 191
"../../../Engine/Plugins/Animation/ControlRig/Content/Controls/ControlRig_Line.uasset" 192
"../../../Engine/Plugins/Animation/ControlRig/Content/Controls/ControlRig_Line.uexp" 193
"../../../Engine/Content/EditorResources/BSPVertex.uasset" 194
"../../../Engine/Content/EditorResources/BSPVertex.uexp" 195
"../../../Engine/Plugins/Animation/ControlRig/Content/Controls/ControlRig_Octagon_1mm.ubulk" 196
"../../../Engine/Plugins/Animation/ControlRig/Content/Controls/ControlRig_Octagon_1mm.uasset" 197
"../../../Engine/Plugins/Animation/ControlRig/Content/Controls/ControlRig_Octagon_1mm.uexp" 198
"../../../Engine/Plugins/Animation/ControlRig/Content/Controls/ControlRig_Octagon_3mm.ubulk" 199
"../../../Engine/Plugins/Animation/ControlRig/Content/Controls/ControlRig_Octagon_3mm.uasset" 200
"../../../Engine/Plugins/Animation/ControlRig/Content/Controls/ControlRig_Octagon_3mm.uexp" 201
"../../../Engine/Plugins/Animation/ControlRig/Content/Controls/ControlRig_Octagon_solid.ubulk" 202
"../../../Engine/Plugins/Animation/ControlRig/Content/Controls/ControlRig_Octagon_solid.uasset" 203
"../../../Engine/Plugins/Animation/ControlRig/Content/Controls/ControlRig_Octagon_solid.uexp" 204
"../../../Engine/Plugins/Animation/ControlRig/Content/Controls/ControlRig_Pyramid_1mm.ubulk" 205
"../../../Engine/Plugins/Animation/ControlRig/Content/Controls/ControlRig_Pyramid_1mm.uasset" 206
"../../../Engine/Plugins/Animation/ControlRig/Content/Controls/ControlRig_Pyramid_1mm.uexp" 207
"../../../Engine/Plugins/Animation/ControlRig/Content/Controls/ControlRig_Pyramid_3mm.ubulk" 208
"../../../Engine/Plugins/Animation/ControlRig/Content/Controls/ControlRig_Pyramid_3mm.uasset" 209
"../../../Engine/Plugins/Animation/ControlRig/Content/Controls/ControlRig_Pyramid_3mm.uexp" 210
"../../../Engine/Plugins/Animation/ControlRig/Content/Controls/ControlRig_Pyramid_solid.ubulk" 211
"../../../Engine/Plugins/Animation/ControlRig/Content/Controls/ControlRig_Pyramid_solid.uasset" 212
"../../../Engine/Plugins/Animation/ControlRig/Content/Controls/ControlRig_Pyramid_solid.uexp" 213
"../../../Engine/Plugins/Animation/ControlRig/Content/Controls/ControlRig_QuarterCircle_1mm.ubulk" 214
"../../../Engine/Plugins/Animation/ControlRig/Content/Controls/ControlRig_QuarterCircle_1mm.uasset" 215
"../../../Engine/Plugins/Animation/ControlRig/Content/Controls/ControlRig_QuarterCircle_1mm.uexp" 216
"../../../Engine/Plugins/Animation/ControlRig/Content/Controls/ControlRig_QuarterCircle_3mm.ubulk" 217
"../../../Engine/Plugins/Animation/ControlRig/Content/Controls/ControlRig_QuarterCircle_3mm.uasset" 218
"../../../Engine/Plugins/Animation/ControlRig/Content/Controls/ControlRig_QuarterCircle_3mm.uexp" 219
"../../../Engine/Plugins/Animation/ControlRig/Content/Controls/ControlRig_QuarterCircle_solid.ubulk" 220
"../../../Engine/Plugins/Animation/ControlRig/Content/Controls/ControlRig_QuarterCircle_solid.uasset" 221
"../../../Engine/Plugins/Animation/ControlRig/Content/Controls/ControlRig_QuarterCircle_solid.uexp" 222
"../../../Engine/Plugins/Animation/ControlRig/Content/Controls/ControlRig_RoundedSquare_1mm.ubulk" 223
"../../../Engine/Plugins/Animation/ControlRig/Content/Controls/ControlRig_RoundedSquare_1mm.uasset" 224
"../../../Engine/Plugins/Animation/ControlRig/Content/Controls/ControlRig_RoundedSquare_1mm.uexp" 225
"../../../Engine/Plugins/Animation/ControlRig/Content/Controls/ControlRig_RoundedSquare_3mm.ubulk" 226
"../../../Engine/Plugins/Animation/ControlRig/Content/Controls/ControlRig_RoundedSquare_3mm.uasset" 227
"../../../Engine/Plugins/Animation/ControlRig/Content/Controls/ControlRig_RoundedSquare_3mm.uexp" 228
"../../../Engine/Plugins/Animation/ControlRig/Content/Controls/ControlRig_RoundedSquare_solid.ubulk" 229
"../../../Engine/Plugins/Animation/ControlRig/Content/Controls/ControlRig_RoundedSquare_solid.uasset" 230
"../../../Engine/Plugins/Animation/ControlRig/Content/Controls/ControlRig_RoundedSquare_solid.uexp" 231
"../../../Engine/Plugins/Animation/ControlRig/Content/Controls/ControlRig_RoundedTriangle_1mm.ubulk" 232
"../../../Engine/Plugins/Animation/ControlRig/Content/Controls/ControlRig_RoundedTriangle_1mm.uasset" 233
"../../../Engine/Plugins/Animation/ControlRig/Content/Controls/ControlRig_RoundedTriangle_1mm.uexp" 234
"../../../Engine/Plugins/Animation/ControlRig/Content/Controls/ControlRig_RoundedTriangle_3mm.ubulk" 235
"../../../Engine/Plugins/Animation/ControlRig/Content/Controls/ControlRig_RoundedTriangle_3mm.uasset" 236
"../../../Engine/Plugins/Animation/ControlRig/Content/Controls/ControlRig_RoundedTriangle_3mm.uexp" 237
"../../../Engine/Plugins/Animation/ControlRig/Content/Controls/ControlRig_RoundedTriangle_solid.ubulk" 238
"../../../Engine/Plugins/Animation/ControlRig/Content/Controls/ControlRig_RoundedTriangle_solid.uasset" 239
"../../../Engine/Plugins/Animation/ControlRig/Content/Controls/ControlRig_RoundedTriangle_solid.uexp" 240
"../../../Engine/Content/EditorResources/S_Actor.ubulk" 241
"../../../Engine/Content/EditorResources/S_Actor.uasset" 242
"../../../Engine/Content/EditorResources/S_Actor.uexp" 243
"../../../Engine/Plugins/Animation/ControlRig/Content/Controls/ControlRig_Sphere_1mm.ubulk" 244
"../../../Engine/Plugins/Animation/ControlRig/Content/Controls/ControlRig_Sphere_1mm.uasset" 245
"../../../Engine/Plugins/Animation/ControlRig/Content/Controls/ControlRig_Sphere_1mm.uexp" 246
"../../../Engine/Content/EditorResources/S_BoxReflectionCapture.uasset" 247
"../../../Engine/Content/EditorResources/S_BoxReflectionCapture.uexp" 248
"../../../Engine/Plugins/Animation/ControlRig/Content/Controls/ControlRig_Sphere_3mm.ubulk" 249
"../../../Engine/Plugins/Animation/ControlRig/Content/Controls/ControlRig_Sphere_3mm.uasset" 250
"../../../Engine/Plugins/Animation/ControlRig/Content/Controls/ControlRig_Sphere_3mm.uexp" 251
"../../../Engine/Plugins/Animation/ControlRig/Content/Controls/ControlRig_Sphere_solid.ubulk" 252
"../../../Engine/Plugins/Animation/ControlRig/Content/Controls/ControlRig_Sphere_solid.uasset" 253
"../../../Engine/Plugins/Animation/ControlRig/Content/Controls/ControlRig_Sphere_solid.uexp" 254
"../../../Engine/Plugins/Animation/ControlRig/Content/Controls/ControlRig_Square_1mm.ubulk" 255
"../../../Engine/Plugins/Animation/ControlRig/Content/Controls/ControlRig_Square_1mm.uasset" 256
"../../../Engine/Plugins/Animation/ControlRig/Content/Controls/ControlRig_Square_1mm.uexp" 257
"../../../Engine/Plugins/Animation/ControlRig/Content/Controls/ControlRig_Square_3mm.ubulk" 258
"../../../Engine/Plugins/Animation/ControlRig/Content/Controls/ControlRig_Square_3mm.uasset" 259
"../../../Engine/Plugins/Animation/ControlRig/Content/Controls/ControlRig_Square_3mm.uexp" 260
"../../../Engine/Plugins/Animation/ControlRig/Content/Controls/ControlRig_Square_Joystick.ubulk" 261
"../../../Engine/Plugins/Animation/ControlRig/Content/Controls/ControlRig_Square_Joystick.uasset" 262
"../../../Engine/Plugins/Animation/ControlRig/Content/Controls/ControlRig_Square_Joystick.uexp" 263
"../../../Engine/Plugins/Animation/ControlRig/Content/Controls/ControlRig_Square_solid.ubulk" 264
"../../../Engine/Plugins/Animation/ControlRig/Content/Controls/ControlRig_Square_solid.uasset" 265
"../../../Engine/Plugins/Animation/ControlRig/Content/Controls/ControlRig_Square_solid.uexp" 266
"../../../Engine/Plugins/Animation/ControlRig/Content/Controls/ControlRig_Star4_1mm.ubulk" 267
"../../../Engine/Plugins/Animation/ControlRig/Content/Controls/ControlRig_Star4_1mm.uasset" 268
"../../../Engine/Plugins/Animation/ControlRig/Content/Controls/ControlRig_Star4_1mm.uexp" 269
"../../../Engine/Plugins/Animation/ControlRig/Content/Controls/ControlRig_Star4_3mm.ubulk" 270
"../../../Engine/Plugins/Animation/ControlRig/Content/Controls/ControlRig_Star4_3mm.uasset" 271
"../../../Engine/Plugins/Animation/ControlRig/Content/Controls/ControlRig_Star4_3mm.uexp" 272
"../../../Engine/Plugins/Animation/ControlRig/Content/Controls/ControlRig_Star4_solid.ubulk" 273
"../../../Engine/Plugins/Animation/ControlRig/Content/Controls/ControlRig_Star4_solid.uasset" 274
"../../../Engine/Plugins/Animation/ControlRig/Content/Controls/ControlRig_Star4_solid.uexp" 275
"../../../Engine/Plugins/Animation/ControlRig/Content/Controls/ControlRig_Triangle_1mm.ubulk" 276
"../../../Engine/Plugins/Animation/ControlRig/Content/Controls/ControlRig_Triangle_1mm.uasset" 277
"../../../Engine/Plugins/Animation/ControlRig/Content/Controls/ControlRig_Triangle_1mm.uexp" 278
"../../../Engine/Plugins/Animation/ControlRig/Content/Controls/ControlRig_Triangle_3mm.ubulk" 279
"../../../Engine/Plugins/Animation/ControlRig/Content/Controls/ControlRig_Triangle_3mm.uasset" 280
"../../../Engine/Plugins/Animation/ControlRig/Content/Controls/ControlRig_Triangle_3mm.uexp" 281
"../../../Engine/Plugins/Animation/ControlRig/Content/Controls/ControlRig_Triangle_solid.ubulk" 282
"../../../Engine/Plugins/Animation/ControlRig/Content/Controls/ControlRig_Triangle_solid.uasset" 283
"../../../Engine/Plugins/Animation/ControlRig/Content/Controls/ControlRig_Triangle_solid.uexp" 284
"../../../Engine/Plugins/Animation/ControlRig/Content/Controls/ControlRig_Wedge_1mm.ubulk" 285
"../../../Engine/Plugins/Animation/ControlRig/Content/Controls/ControlRig_Wedge_1mm.uasset" 286
"../../../Engine/Plugins/Animation/ControlRig/Content/Controls/ControlRig_Wedge_1mm.uexp" 287
"../../../Engine/Plugins/Animation/ControlRig/Content/Controls/ControlRig_Wedge_3mm.ubulk" 288
"../../../Engine/Plugins/Animation/ControlRig/Content/Controls/ControlRig_Wedge_3mm.uasset" 289
"../../../Engine/Plugins/Animation/ControlRig/Content/Controls/ControlRig_Wedge_3mm.uexp" 290
"../../../Engine/Plugins/Animation/ControlRig/Content/Controls/ControlRig_Wedge_solid.ubulk" 291
"../../../Engine/Plugins/Animation/ControlRig/Content/Controls/ControlRig_Wedge_solid.uasset" 292
"../../../Engine/Plugins/Animation/ControlRig/Content/Controls/ControlRig_Wedge_solid.uexp" 293
"../../../Engine/Content/EditorResources/S_Solver.ubulk" 294
"../../../Engine/Content/EditorResources/S_Solver.uasset" 295
"../../../Engine/Content/EditorResources/S_Solver.uexp" 296
"../../../Engine/Content/EditorResources/S_Terrain.ubulk" 297
"../../../Engine/Content/EditorResources/S_Terrain.uasset" 298
"../../../Engine/Content/EditorResources/S_Terrain.uexp" 299
"../../../Engine/Content/EditorResources/S_Trigger.ubulk" 300
"../../../Engine/Content/EditorResources/S_Trigger.uasset" 301
"../../../Engine/Content/EditorResources/S_Trigger.uexp" 302
"../../../Engine/Content/EditorResources/S_TriggerBox.uasset" 303
"../../../Engine/Content/EditorResources/S_TriggerBox.uexp" 304
"../../../Engine/Content/EditorResources/S_TriggerCapsule.uasset" 305
"../../../Engine/Content/EditorResources/S_TriggerCapsule.uexp" 306
"../../../Engine/Content/EditorResources/S_TriggerSphere.uasset" 307
"../../../Engine/Content/EditorResources/S_TriggerSphere.uexp" 308
"../../../Engine/Content/EngineDamageTypes/DmgTypeBP_Environmental.uasset" 309
"../../../Engine/Content/EngineDamageTypes/DmgTypeBP_Environmental.uexp" 310
"../../../Engine/Content/EngineDebugMaterials/DebugEditorMaterial.uasset" 311
"../../../Engine/Content/EngineDebugMaterials/DebugEditorMaterial.uexp" 312
"../../../Engine/Content/EngineDebugMaterials/DebugMeshMaterial.uasset" 313
"../../../Engine/Content/EngineDebugMaterials/DebugMeshMaterial.uexp" 314
"../../../Engine/Content/EngineDebugMaterials/M_SimpleUnlitTranslucent.uasset" 315
"../../../Engine/Content/EngineDebugMaterials/M_SimpleUnlitTranslucent.uexp" 316
"../../../Engine/Content/Functions/Engine_MaterialFunctions02/Utility/CameraDirectionVector.uasset" 317
"../../../Engine/Content/Functions/Engine_MaterialFunctions02/Utility/CameraDirectionVector.uexp" 318
"../../../Engine/Content/EngineDebugMaterials/VolumeToRender.uasset" 319
"../../../Engine/Content/EngineDebugMaterials/VolumeToRender.uexp" 320
"../../../Engine/Content/EngineDebugMaterials/M_VolumeRenderSphereTracePP.uasset" 321
"../../../Engine/Content/EngineDebugMaterials/M_VolumeRenderSphereTracePP.uexp" 322
"../../../Engine/Content/Functions/Engine_MaterialFunctions02/Utility/VectorLength.uasset" 323
"../../../Engine/Content/Functions/Engine_MaterialFunctions02/Utility/VectorLength.uexp" 324
"../../../Engine/Plugins/Experimental/MeshModelingToolsetExp/Content/Materials/GetDisplacementVectorForDepthBias.uasset" 325
"../../../Engine/Plugins/Experimental/MeshModelingToolsetExp/Content/Materials/GetDisplacementVectorForDepthBias.uexp" 326
"../../../Engine/Content/Functions/Engine_MaterialFunctions03/Viewport/MF_OrthoWidth.uasset" 327
"../../../Engine/Content/Functions/Engine_MaterialFunctions03/Viewport/MF_OrthoWidth.uexp" 328
"../../../Engine/Content/Functions/Engine_MaterialFunctions02/Utility/FOV.uasset" 329
"../../../Engine/Content/Functions/Engine_MaterialFunctions02/Utility/FOV.uexp" 330
"../../../Engine/Content/Functions/Engine_MaterialFunctions02/WorldPositionOffset/V2/ObjectScale.uasset" 331
"../../../Engine/Content/Functions/Engine_MaterialFunctions02/WorldPositionOffset/V2/ObjectScale.uexp" 332
"../../../Engine/Plugins/Experimental/MeshModelingToolsetExp/Content/Materials/PointSetOverlaidComponentMaterial.uasset" 333
"../../../Engine/Plugins/Experimental/MeshModelingToolsetExp/Content/Materials/PointSetOverlaidComponentMaterial.uexp" 334
"../../../Engine/Plugins/Interchange/Assets/Content/Functions/MX_AbsorptionVDF.uasset" 335
"../../../Engine/Plugins/Interchange/Assets/Content/Functions/MX_AbsorptionVDF.uexp" 336
"../../../Engine/Plugins/Interchange/Assets/Content/Functions/MX_AnisotropicVDF.uasset" 337
"../../../Engine/Plugins/Interchange/Assets/Content/Functions/MX_AnisotropicVDF.uexp" 338
"../../../Engine/Plugins/Interchange/Assets/Content/Functions/MX_BurleyDiffuseBSDF.uasset" 339
"../../../Engine/Plugins/Interchange/Assets/Content/Functions/MX_BurleyDiffuseBSDF.uexp" 340
"../../../Engine/Plugins/Interchange/Assets/Content/Functions/MX_ChiangHairBSDF.uasset" 341
"../../../Engine/Plugins/Interchange/Assets/Content/Functions/MX_ChiangHairBSDF.uexp" 342
"../../../Engine/Plugins/Interchange/Assets/Content/Functions/MX_ConductorBSDF.uasset" 343
"../../../Engine/Plugins/Interchange/Assets/Content/Functions/MX_ConductorBSDF.uexp" 344
"../../../Engine/Plugins/Interchange/Assets/Content/Functions/MX_ConicalEDF.uasset" 345
"../../../Engine/Plugins/Interchange/Assets/Content/Functions/MX_ConicalEDF.uexp" 346
"../../../Engine/Plugins/Interchange/Assets/Content/Functions/MX_DielectricBSDF.uasset" 347
"../../../Engine/Plugins/Interchange/Assets/Content/Functions/MX_DielectricBSDF.uexp" 348
"../../../Engine/Content/Functions/Engine_MaterialFunctions02/Utility/BlendAngleCorrectedNormals.uasset" 349
"../../../Engine/Content/Functions/Engine_MaterialFunctions02/Utility/BlendAngleCorrectedNormals.uexp" 350
"../../../Engine/Plugins/Interchange/Assets/Content/Functions/MX_Displacement.uasset" 351
"../../../Engine/Plugins/Interchange/Assets/Content/Functions/MX_Displacement.uexp" 352
"../../../Engine/Plugins/Interchange/Assets/Content/Functions/MX_GeneralizedSchlickBSDF.uasset" 353
"../../../Engine/Plugins/Interchange/Assets/Content/Functions/MX_GeneralizedSchlickBSDF.uexp" 354
"../../../Engine/Plugins/Interchange/Assets/Content/Functions/MX_MeasuredEDF.uasset" 355
"../../../Engine/Plugins/Interchange/Assets/Content/Functions/MX_MeasuredEDF.uexp" 356
"../../../Engine/Plugins/Interchange/Assets/Content/Functions/MF_IridescenceNoLUT.uasset" 357
"../../../Engine/Plugins/Interchange/Assets/Content/Functions/MF_IridescenceNoLUT.uexp" 358
"../../../Engine/Plugins/Interchange/Assets/Content/Functions/MX_StandardSurface.uasset" 359
"../../../Engine/Plugins/Interchange/Assets/Content/Functions/MX_StandardSurface.uexp" 360
"../../../Engine/Plugins/Interchange/Assets/Content/Functions/MX_OpenPBR_Opaque.uasset" 361
"../../../Engine/Plugins/Interchange/Assets/Content/Functions/MX_OpenPBR_Opaque.uexp" 362
"../../../Engine/Plugins/Interchange/Assets/Content/Functions/MX_TransmissionSurface.uasset" 363
"../../../Engine/Plugins/Interchange/Assets/Content/Functions/MX_TransmissionSurface.uexp" 364
"../../../Engine/Plugins/Interchange/Assets/Content/Functions/MX_OpenPBR_Translucent.uasset" 365
"../../../Engine/Plugins/Interchange/Assets/Content/Functions/MX_OpenPBR_Translucent.uexp" 366
"../../../Engine/Plugins/Interchange/Assets/Content/Functions/MX_OrenNayarBSDF.uasset" 367
"../../../Engine/Plugins/Interchange/Assets/Content/Functions/MX_OrenNayarBSDF.uexp" 368
"../../../Engine/Plugins/Interchange/Assets/Content/Functions/MX_SheenBSDF.uasset" 369
"../../../Engine/Plugins/Interchange/Assets/Content/Functions/MX_SheenBSDF.uexp" 370
"../../../Engine/Plugins/Interchange/Assets/Content/Functions/MX_SubsurfaceBSDF.uasset" 371
"../../../Engine/Plugins/Interchange/Assets/Content/Functions/MX_SubsurfaceBSDF.uexp" 372
"../../../Engine/Plugins/Interchange/Assets/Content/Functions/MX_Surface.uasset" 373
"../../../Engine/Plugins/Interchange/Assets/Content/Functions/MX_Surface.uexp" 374
"../../../Engine/Plugins/Interchange/Assets/Content/Functions/MX_SurfaceUnlit.uasset" 375
"../../../Engine/Plugins/Interchange/Assets/Content/Functions/MX_SurfaceUnlit.uexp" 376
"../../../Engine/Plugins/Interchange/Assets/Content/Functions/MX_TranslucentBSDF.uasset" 377
"../../../Engine/Plugins/Interchange/Assets/Content/Functions/MX_TranslucentBSDF.uexp" 378
"../../../Engine/Plugins/Interchange/Assets/Content/Functions/MX_UniformEDF.uasset" 379
"../../../Engine/Plugins/Interchange/Assets/Content/Functions/MX_UniformEDF.uexp" 380
"../../../Engine/Plugins/Interchange/Assets/Content/Functions/MX_UsdPreviewSurface.uasset" 381
"../../../Engine/Plugins/Interchange/Assets/Content/Functions/MX_UsdPreviewSurface.uexp" 382
"../../../Engine/Plugins/Animation/DeformerGraph/Content/DeformerFunctions/DG_Function_LinearBlendSkin_Morph_Cloth.uasset" 383
"../../../Engine/Plugins/Animation/DeformerGraph/Content/DeformerFunctions/DG_Function_LinearBlendSkin_Morph_Cloth.uexp" 384
"../../../Engine/Plugins/Animation/DeformerGraph/Content/Deformers/DG_LinearBlendSkin_Morph_Cloth.uasset" 385
"../../../Engine/Plugins/Animation/DeformerGraph/Content/Deformers/DG_LinearBlendSkin_Morph_Cloth.uexp" 386
"../../../Engine/Plugins/Animation/DeformerGraph/Content/DeformerFunctions/DG_Function_ComputeNormalsTangents.uasset" 387
"../../../Engine/Plugins/Animation/DeformerGraph/Content/DeformerFunctions/DG_Function_ComputeNormalsTangents.uexp" 388
"../../../Engine/Plugins/Animation/DeformerGraph/Content/DeformerFunctions/DG_Function_LinearBlendSkin_Morph_Cloth_PositionOnly.uasset" 389
"../../../Engine/Plugins/Animation/DeformerGraph/Content/DeformerFunctions/DG_Function_LinearBlendSkin_Morph_Cloth_PositionOnly.uexp" 390
"../../../Engine/Plugins/Animation/DeformerGraph/Content/Deformers/DG_LinearBlendSkin_Morph_Cloth_RecomputeNormals.uasset" 391
"../../../Engine/Plugins/Animation/DeformerGraph/Content/Deformers/DG_LinearBlendSkin_Morph_Cloth_RecomputeNormals.uexp" 392
"../../../Engine/Plugins/Interchange/Assets/Content/Substrate/MX_SimpleVolume.uasset" 393
"../../../Engine/Plugins/Interchange/Assets/Content/Substrate/MX_SimpleVolume.uexp" 394
"../../../Engine/Content/Functions/Engine_MaterialFunctions02/Utility/BreakOutFloat3Components.uasset" 395
"../../../Engine/Content/Functions/Engine_MaterialFunctions02/Utility/BreakOutFloat3Components.uexp" 396
"../../../Engine/Content/Functions/Engine_MaterialFunctions02/WorldPositionOffset/ObjectScale.uasset" 397
"../../../Engine/Content/Functions/Engine_MaterialFunctions02/WorldPositionOffset/ObjectScale.uexp" 398
"../../../Engine/Plugins/Editor/SpeedTreeImporter/Content/SpeedTree9/Empty.uasset" 399
"../../../Engine/Plugins/Editor/SpeedTreeImporter/Content/SpeedTree9/Empty.uexp" 400
"../../../Engine/Plugins/Editor/SpeedTreeImporter/Content/SpeedTree9/EmptyNormal.uasset" 401
"../../../Engine/Plugins/Editor/SpeedTreeImporter/Content/SpeedTree9/EmptyNormal.uexp" 402
"../../../Engine/Plugins/Editor/SpeedTreeImporter/Content/SpeedTree9/game_wind_noise.ubulk" 403
"../../../Engine/Plugins/Editor/SpeedTreeImporter/Content/SpeedTree9/game_wind_noise.uasset" 404
"../../../Engine/Plugins/Editor/SpeedTreeImporter/Content/SpeedTree9/game_wind_noise.uexp" 405
"../../../Engine/Plugins/Editor/SpeedTreeImporter/Content/SpeedTree9/SpeedTreeBillboard.uasset" 406
"../../../Engine/Plugins/Editor/SpeedTreeImporter/Content/SpeedTree9/SpeedTreeBillboard.uexp" 407
"../../../Engine/Content/Functions/Engine_MaterialFunctions02/SafeNormalize.uasset" 408
"../../../Engine/Content/Functions/Engine_MaterialFunctions02/SafeNormalize.uexp" 409
"../../../Engine/Plugins/Editor/SpeedTreeImporter/Content/SpeedTree9/SpeedTreeWindMotion.uasset" 410
"../../../Engine/Plugins/Editor/SpeedTreeImporter/Content/SpeedTree9/SpeedTreeWindMotion.uexp" 411
"../../../Engine/Plugins/Editor/SpeedTreeImporter/Content/SpeedTree9/UnpackDirection.uasset" 412
"../../../Engine/Plugins/Editor/SpeedTreeImporter/Content/SpeedTree9/UnpackDirection.uexp" 413
"../../../Engine/Plugins/Editor/SpeedTreeImporter/Content/SpeedTree9/UnpackInteger3.uasset" 414
"../../../Engine/Plugins/Editor/SpeedTreeImporter/Content/SpeedTree9/UnpackInteger3.uexp" 415
"../../../Engine/Plugins/Editor/SpeedTreeImporter/Content/SpeedTree9/SpeedTreeBranchMotion.uasset" 416
"../../../Engine/Plugins/Editor/SpeedTreeImporter/Content/SpeedTree9/SpeedTreeBranchMotion.uexp" 417
"../../../Engine/Content/Functions/Engine_MaterialFunctions02/ObjectLocalBounds.uasset" 418
"../../../Engine/Content/Functions/Engine_MaterialFunctions02/ObjectLocalBounds.uexp" 419
"../../../Engine/Content/Functions/Engine_MaterialFunctions02/UVs/BoundingBoxBased_0-1_UVW.uasset" 420
"../../../Engine/Content/Functions/Engine_MaterialFunctions02/UVs/BoundingBoxBased_0-1_UVW.uexp" 421
"../../../Engine/Plugins/Editor/SpeedTreeImporter/Content/SpeedTree9/SpeedTreeWind.uasset" 422
"../../../Engine/Plugins/Editor/SpeedTreeImporter/Content/SpeedTree9/SpeedTreeWind.uexp" 423
"../../../Engine/Plugins/Editor/SpeedTreeImporter/Content/SpeedTree9/SpeedTreeBillboardMaster.uasset" 424
"../../../Engine/Plugins/Editor/SpeedTreeImporter/Content/SpeedTree9/SpeedTreeBillboardMaster.uexp" 425
"../../../Engine/Plugins/Editor/SpeedTreeImporter/Content/SpeedTree9/SpeedTreeCameraFacing.uasset" 426
"../../../Engine/Plugins/Editor/SpeedTreeImporter/Content/SpeedTree9/SpeedTreeCameraFacing.uexp" 427
"../../../Engine/Plugins/Editor/SpeedTreeImporter/Content/SpeedTree9/SpeedTreeMaster.uasset" 428
"../../../Engine/Plugins/Editor/SpeedTreeImporter/Content/SpeedTree9/SpeedTreeMaster.uexp" 429
"../../../Engine/Content/EngineMaterials/DefaultBloomKernel.uasset" 430
"../../../Engine/Content/EngineMaterials/DefaultBloomKernel.uexp" 431
"../../../Engine/Content/EngineMaterials/DefaultBokeh.uasset" 432
"../../../Engine/Content/EngineMaterials/DefaultBokeh.uexp" 433
"../../../Engine/Content/EngineMaterials/DefaultDeferredDecalMaterial.uasset" 434
"../../../Engine/Content/EngineMaterials/DefaultDeferredDecalMaterial.uexp" 435
"../../../Engine/Content/EngineMaterials/DefaultLightFunctionMaterial.uasset" 436
"../../../Engine/Content/EngineMaterials/DefaultLightFunctionMaterial.uexp" 437
"../../../Engine/Content/EngineMaterials/DefaultPostProcessMaterial.uasset" 438
"../../../Engine/Content/EngineMaterials/DefaultPostProcessMaterial.uexp" 439
"../../../Engine/Content/EngineFonts/RobotoDistanceField.uasset" 440
"../../../Engine/Content/EngineFonts/RobotoDistanceField.uexp" 441
"../../../Engine/Content/EngineMaterials/DefaultTextMaterialOpaque.uasset" 442
"../../../Engine/Content/EngineMaterials/DefaultTextMaterialOpaque.uexp" 443
"../../../Engine/Content/EngineMaterials/DefaultWhiteGrid.ubulk" 444
"../../../Engine/Content/EngineMaterials/DefaultWhiteGrid.uasset" 445
"../../../Engine/Content/EngineMaterials/DefaultWhiteGrid.uexp" 446
"../../../Engine/Content/EngineMaterials/DefaultWhiteGrid_Low.uasset" 447
"../../../Engine/Content/EngineMaterials/DefaultWhiteGrid_Low.uexp" 448
"../../../Engine/Content/EngineMaterials/EmissiveMeshMaterial.uasset" 449
"../../../Engine/Content/EngineMaterials/EmissiveMeshMaterial.uexp" 450
"../../../Engine/Content/EngineMaterials/FastBlueNoise_scalar_128x128x64.uasset" 451
"../../../Engine/Content/EngineMaterials/FastBlueNoise_scalar_128x128x64.uexp" 452
"../../../Engine/Plugins/MetaHuman/MetaHumanAnimator/Content/GenericTracker/Chin.uasset" 453
"../../../Engine/Plugins/MetaHuman/MetaHumanAnimator/Content/GenericTracker/Chin.uexp" 454
"../../../Engine/Content/EngineMaterials/FastBlueNoise_scalar_128x128x8.uasset" 455
"../../../Engine/Content/EngineMaterials/FastBlueNoise_scalar_128x128x8.uexp" 456
"../../../Engine/Plugins/MetaHuman/MetaHumanAnimator/Content/GenericTracker/FaceTracker.uasset" 457
"../../../Engine/Plugins/MetaHuman/MetaHumanAnimator/Content/GenericTracker/FaceTracker.uexp" 458
"../../../Engine/Plugins/MetaHuman/MetaHumanAnimator/Content/GenericTracker/LeftBrowWholeFace.uasset" 459
"../../../Engine/Plugins/MetaHuman/MetaHumanAnimator/Content/GenericTracker/LeftBrowWholeFace.uexp" 460
"../../../Engine/Plugins/MetaHuman/MetaHumanAnimator/Content/GenericTracker/LeftEye.uasset" 461
"../../../Engine/Plugins/MetaHuman/MetaHumanAnimator/Content/GenericTracker/LeftEye.uexp" 462
"../../../Engine/Plugins/MetaHuman/MetaHumanAnimator/Content/GenericTracker/Lips.uasset" 463
"../../../Engine/Plugins/MetaHuman/MetaHumanAnimator/Content/GenericTracker/Lips.uexp" 464
"../../../Engine/Plugins/MetaHuman/MetaHumanAnimator/Content/GenericTracker/LipZip.uasset" 465
"../../../Engine/Plugins/MetaHuman/MetaHumanAnimator/Content/GenericTracker/LipZip.uexp" 466
"../../../Engine/Plugins/MetaHuman/MetaHumanAnimator/Content/GenericTracker/NasolabialNose.uasset" 467
"../../../Engine/Plugins/MetaHuman/MetaHumanAnimator/Content/GenericTracker/NasolabialNose.uexp" 468
"../../../Engine/Plugins/MetaHuman/MetaHumanAnimator/Content/GenericTracker/Teeth.uasset" 469
"../../../Engine/Plugins/MetaHuman/MetaHumanAnimator/Content/GenericTracker/Teeth.uexp" 470
"../../../Engine/Plugins/MetaHuman/MetaHumanAnimator/Content/GenericTracker/TeethConfidence.uasset" 471
"../../../Engine/Plugins/MetaHuman/MetaHumanAnimator/Content/GenericTracker/TeethConfidence.uexp" 472
"../../../Engine/Content/EngineMaterials/FastBlueNoise_vec2_128x128x64.uasset" 473
"../../../Engine/Content/EngineMaterials/FastBlueNoise_vec2_128x128x64.uexp" 474
"../../../Engine/Content/EngineMaterials/BaseFlattenDiffuseMap.uasset" 475
"../../../Engine/Content/EngineMaterials/BaseFlattenDiffuseMap.uexp" 476
"../../../Engine/Content/EngineMaterials/BaseFlattenEmissiveMap.uasset" 477
"../../../Engine/Content/EngineMaterials/BaseFlattenEmissiveMap.uexp" 478
"../../../Engine/Content/EngineMaterials/BaseFlattenGrayscaleMap.uasset" 479
"../../../Engine/Content/EngineMaterials/BaseFlattenGrayscaleMap.uexp" 480
"../../../Engine/Content/EngineMaterials/BaseFlattenLinearColor.uasset" 481
"../../../Engine/Content/EngineMaterials/BaseFlattenLinearColor.uexp" 482
"../../../Engine/Content/EngineMaterials/BaseFlattenNormalMap.uasset" 483
"../../../Engine/Content/EngineMaterials/BaseFlattenNormalMap.uexp" 484
"../../../Engine/Content/Functions/Engine_MaterialFunctions02/PivotPainter2/Black_1x1_EXR_Texture.uasset" 485
"../../../Engine/Content/Functions/Engine_MaterialFunctions02/PivotPainter2/Black_1x1_EXR_Texture.uexp" 486
"../../../Engine/Content/EngineMaterials/FlattenMaterial.uasset" 487
"../../../Engine/Content/EngineMaterials/FlattenMaterial.uexp" 488
"../../../Engine/Content/EngineMaterials/BaseFlattenDiffuseMap_VT.ubulk" 489
"../../../Engine/Content/EngineMaterials/BaseFlattenDiffuseMap_VT.uasset" 490
"../../../Engine/Content/EngineMaterials/BaseFlattenDiffuseMap_VT.uexp" 491
"../../../Engine/Content/EngineMaterials/BaseFlattenEmissiveMap_VT.ubulk" 492
"../../../Engine/Content/EngineMaterials/BaseFlattenEmissiveMap_VT.uasset" 493
"../../../Engine/Content/EngineMaterials/BaseFlattenEmissiveMap_VT.uexp" 494
"../../../Engine/Content/EngineMaterials/BaseFlattenGrayscaleMap_VT.ubulk" 495
"../../../Engine/Content/EngineMaterials/BaseFlattenGrayscaleMap_VT.uasset" 496
"../../../Engine/Content/EngineMaterials/BaseFlattenGrayscaleMap_VT.uexp" 497
"../../../Engine/Content/EngineMaterials/BaseFlattenLinearColor_VT.ubulk" 498
"../../../Engine/Content/EngineMaterials/BaseFlattenLinearColor_VT.uasset" 499
"../../../Engine/Content/EngineMaterials/BaseFlattenLinearColor_VT.uexp" 500
"../../../Engine/Content/EngineMaterials/BaseFlattenNormalMap_VT.ubulk" 501
"../../../Engine/Content/EngineMaterials/BaseFlattenNormalMap_VT.uasset" 502
"../../../Engine/Content/EngineMaterials/BaseFlattenNormalMap_VT.uexp" 503
"../../../Engine/Content/EngineMaterials/Black_1x1_EXR_Texture_VT.ubulk" 504
"../../../Engine/Content/EngineMaterials/Black_1x1_EXR_Texture_VT.uasset" 505
"../../../Engine/Content/EngineMaterials/Black_1x1_EXR_Texture_VT.uexp" 506
"../../../Engine/Content/EngineMaterials/FlattenMaterial_VT.uasset" 507
"../../../Engine/Content/EngineMaterials/FlattenMaterial_VT.uexp" 508
"../../../Engine/Content/EngineMaterials/FlattenMaterial_WS_Normal_VT.uasset" 509
"../../../Engine/Content/EngineMaterials/FlattenMaterial_WS_Normal_VT.uexp" 510
"../../../Engine/Content/EngineMaterials/GizmoMaterial.uasset" 511
"../../../Engine/Content/EngineMaterials/GizmoMaterial.uexp" 512
"../../../Engine/Plugins/MetaHuman/MetaHumanCoreTechLib/Content/GenericTracker/FaceDetector.uasset" 513
"../../../Engine/Plugins/MetaHuman/MetaHumanCoreTechLib/Content/GenericTracker/FaceDetector.uexp" 514
"../../../Engine/Plugins/MetaHuman/MetaHumanCoreTechLib/Content/RealtimeAudio/solar-1-2700_blend-0v65.uasset" 515
"../../../Engine/Plugins/MetaHuman/MetaHumanCoreTechLib/Content/RealtimeAudio/solar-1-2700_blend-0v65.uexp" 516
"../../../Engine/Plugins/MetaHuman/MetaHumanCoreTechLib/Content/RealtimeMono/DefaultSmoothing.uasset" 517
"../../../Engine/Plugins/MetaHuman/MetaHumanCoreTechLib/Content/RealtimeMono/DefaultSmoothing.uexp" 518
"../../../Engine/Plugins/MetaHuman/MetaHumanCoreTechLib/Content/RealtimeMono/generic_rig_solver_v0_5_pt_onnx_fp16.uasset" 519
"../../../Engine/Plugins/MetaHuman/MetaHumanCoreTechLib/Content/RealtimeMono/generic_rig_solver_v0_5_pt_onnx_fp16.uexp" 520
"../../../Engine/Plugins/MetaHuman/MetaHumanCoreTechLib/Content/RealtimeMono/HeavySmoothing.uasset" 521
"../../../Engine/Plugins/MetaHuman/MetaHumanCoreTechLib/Content/RealtimeMono/HeavySmoothing.uexp" 522
"../../../Engine/Plugins/MetaHuman/MetaHumanCoreTechLib/Content/RealtimeMono/landmark_tracker_v0_6.uasset" 523
"../../../Engine/Plugins/MetaHuman/MetaHumanCoreTechLib/Content/RealtimeMono/landmark_tracker_v0_6.uexp" 524
"../../../Engine/Content/EngineResources/DefaultTexture.ubulk" 525
"../../../Engine/Content/EngineResources/DefaultTexture.uasset" 526
"../../../Engine/Content/EngineResources/DefaultTexture.uexp" 527
"../../../Engine/Plugins/Runtime/AR/ARUtilities/Content/Materials/DummyExternalTexture.uasset" 528
"../../../Engine/Plugins/Runtime/AR/ARUtilities/Content/Materials/DummyExternalTexture.uexp" 529
"../../../Engine/Plugins/Runtime/AR/ARUtilities/Content/Materials/M_ScreenSpacePassthroughCamera.uasset" 530
"../../../Engine/Plugins/Runtime/AR/ARUtilities/Content/Materials/M_ScreenSpacePassthroughCamera.uexp" 531
"../../../Engine/Plugins/Runtime/AR/ARUtilities/Content/Materials/MI_ScreenSpacePassthroughCameraExternalTexture.uasset" 532
"../../../Engine/Plugins/Runtime/AR/ARUtilities/Content/Materials/MI_ScreenSpacePassthroughCameraExternalTexture.uexp" 533
"../../../Engine/Plugins/Runtime/AR/ARUtilities/Content/Materials/MF_DistanceColorLerp.uasset" 534
"../../../Engine/Plugins/Runtime/AR/ARUtilities/Content/Materials/MF_DistanceColorLerp.uexp" 535
"../../../Engine/Plugins/Runtime/AR/ARUtilities/Content/Materials/M_DepthColoration.uasset" 536
"../../../Engine/Plugins/Runtime/AR/ARUtilities/Content/Materials/M_DepthColoration.uexp" 537
"../../../Engine/Plugins/Runtime/AR/ARUtilities/Content/Materials/M_PassthroughCamera.uasset" 538
"../../../Engine/Plugins/Runtime/AR/ARUtilities/Content/Materials/M_PassthroughCamera.uexp" 539
"../../../Engine/Plugins/Runtime/AudioWidgets/Content/Resources/ScrubHandleDown_Clamped.uasset" 540
"../../../Engine/Plugins/Runtime/AudioWidgets/Content/Resources/ScrubHandleDown_Clamped.uexp" 541
"../../../Engine/Content/EngineMaterials/MiniFont.uasset" 542
"../../../Engine/Content/EngineMaterials/MiniFont.uexp" 543
"../../../Engine/Content/EngineMaterials/InvalidLightmapSettings.ubulk" 544
"../../../Engine/Content/EngineMaterials/InvalidLightmapSettings.uasset" 545
"../../../Engine/Content/EngineMaterials/InvalidLightmapSettings.uexp" 546
"../../../Engine/Content/EngineMaterials/M_InvalidLightmapSettings.uasset" 547
"../../../Engine/Content/EngineMaterials/M_InvalidLightmapSettings.uexp" 548
"../../../Engine/Content/EngineMaterials/NaniteHiddenSectionMaterial.uasset" 549
"../../../Engine/Content/EngineMaterials/NaniteHiddenSectionMaterial.uexp" 550
"../../../Engine/Content/Functions/Engine_MaterialFunctions02/WorldPositionOffset/CameraOffset.uasset" 551
"../../../Engine/Content/Functions/Engine_MaterialFunctions02/WorldPositionOffset/CameraOffset.uexp" 552
"../../../Engine/Content/EngineMaterials/PhAT_JointLimitMaterial.uasset" 553
"../../../Engine/Content/EngineMaterials/PhAT_JointLimitMaterial.uexp" 554
"../../../Engine/Content/EngineMaterials/DefaultCalibrationColor.uasset" 555
"../../../Engine/Content/EngineMaterials/DefaultCalibrationColor.uexp" 556
"../../../Engine/Content/EngineMaterials/PPM_DefaultCalibrationColor.uasset" 557
"../../../Engine/Content/EngineMaterials/PPM_DefaultCalibrationColor.uexp" 558
"../../../Engine/Content/EngineMaterials/DefaultCalibrationGrayscale.uasset" 559
"../../../Engine/Content/EngineMaterials/DefaultCalibrationGrayscale.uexp" 560
"../../../Engine/Content/EngineMaterials/PPM_DefaultCalibrationGrayscale.uasset" 561
"../../../Engine/Content/EngineMaterials/PPM_DefaultCalibrationGrayscale.uexp" 562
"../../../Engine/Content/EditorMaterials/ParticleSystems/PSysThumbnail_NoImage.ubulk" 563
"../../../Engine/Content/EditorMaterials/ParticleSystems/PSysThumbnail_NoImage.uasset" 564
"../../../Engine/Content/EditorMaterials/ParticleSystems/PSysThumbnail_NoImage.uexp" 565
"../../../Engine/Content/EditorMaterials/ParticleSystems/PSysThumbnail_OOD.ubulk" 566
"../../../Engine/Content/EditorMaterials/ParticleSystems/PSysThumbnail_OOD.uasset" 567
"../../../Engine/Content/EditorMaterials/ParticleSystems/PSysThumbnail_OOD.uexp" 568
"../../../Engine/Content/EngineMaterials/PreintegratedSkinBRDF.uasset" 569
"../../../Engine/Content/EngineMaterials/PreintegratedSkinBRDF.uexp" 570
"../../../Engine/Content/EngineMaterials/RemoveSurfaceMaterial.uasset" 571
"../../../Engine/Content/EngineMaterials/RemoveSurfaceMaterial.uexp" 572
"../../../Engine/Content/EngineMaterials/SMAAAreaTex.uasset" 573
"../../../Engine/Content/EngineMaterials/SMAAAreaTex.uexp" 574
"../../../Engine/Content/EngineMaterials/SMAASearchTex.uasset" 575
"../../../Engine/Content/EngineMaterials/SMAASearchTex.uexp" 576
"../../../Engine/Content/EditorMaterials/Camera/CineMat.uasset" 577
"../../../Engine/Content/EditorMaterials/Camera/CineMat.uexp" 578
"../../../Engine/Content/EditorMaterials/Camera/MI_CineMat_Rig.uasset" 579
"../../../Engine/Content/EditorMaterials/Camera/MI_CineMat_Rig.uexp" 580
"../../../Engine/Content/EditorMeshes/Camera/SM_CraneRig_Arm.ubulk" 581
"../../../Engine/Content/EditorMeshes/Camera/SM_CraneRig_Arm.uasset" 582
"../../../Engine/Content/EditorMeshes/Camera/SM_CraneRig_Arm.uexp" 583
"../../../Engine/Content/EditorMeshes/Camera/SM_CraneRig_Base.ubulk" 584
"../../../Engine/Content/EditorMeshes/Camera/SM_CraneRig_Base.uasset" 585
"../../../Engine/Content/EditorMeshes/Camera/SM_CraneRig_Base.uexp" 586
"../../../Engine/Content/EditorMeshes/Camera/SM_CraneRig_Body.ubulk" 587
"../../../Engine/Content/EditorMeshes/Camera/SM_CraneRig_Body.uasset" 588
"../../../Engine/Content/EditorMeshes/Camera/SM_CraneRig_Body.uexp" 589
"../../../Engine/Content/EditorMeshes/Camera/SM_CraneRig_Mount.ubulk" 590
"../../../Engine/Content/EditorMeshes/Camera/SM_CraneRig_Mount.uasset" 591
"../../../Engine/Content/EditorMeshes/Camera/SM_CraneRig_Mount.uexp" 592
"../../../Engine/Content/EditorMeshes/Camera/SM_RailRig_Mount.ubulk" 593
"../../../Engine/Content/EditorMeshes/Camera/SM_RailRig_Mount.uasset" 594
"../../../Engine/Content/EditorMeshes/Camera/SM_RailRig_Mount.uexp" 595
"../../../Engine/Content/EditorMeshes/Camera/SM_RailRig_Track.ubulk" 596
"../../../Engine/Content/EditorMeshes/Camera/SM_RailRig_Track.uasset" 597
"../../../Engine/Content/EditorMeshes/Camera/SM_RailRig_Track.uexp" 598
"../../../Engine/Content/EngineMaterials/WeightMapPlaceholderTexture.uasset" 599
"../../../Engine/Content/EngineMaterials/WeightMapPlaceholderTexture.uexp" 600
"../../../Engine/Content/EngineMaterials/WeightMapArrayPlaceholderTexture.uasset" 601
"../../../Engine/Content/EngineMaterials/WeightMapArrayPlaceholderTexture.uexp" 602
"../../../Engine/Content/EngineResources/WhiteSquareTexture.uasset" 603
"../../../Engine/Content/EngineResources/WhiteSquareTexture.uexp" 604
"../../../Engine/Content/EngineMaterials/Widget3DPassThrough.uasset" 605
"../../../Engine/Content/EngineMaterials/Widget3DPassThrough.uexp" 606
"../../../Engine/Content/EngineMaterials/Widget3DPassThrough_Masked.uasset" 607
"../../../Engine/Content/EngineMaterials/Widget3DPassThrough_Masked.uexp" 608
"../../../Engine/Content/EngineMaterials/Widget3DPassThrough_Opaque.uasset" 609
"../../../Engine/Content/EngineMaterials/Widget3DPassThrough_Opaque.uexp" 610
"../../../Engine/Content/EngineMaterials/Widget3DPassThrough_Masked_OneSided.uasset" 611
"../../../Engine/Content/EngineMaterials/Widget3DPassThrough_Masked_OneSided.uexp" 612
"../../../Engine/Content/EngineMaterials/Widget3DPassThrough_Opaque_OneSided.uasset" 613
"../../../Engine/Content/EngineMaterials/Widget3DPassThrough_Opaque_OneSided.uexp" 614
"../../../Engine/Content/BasicShapes/Cylinder.ubulk" 615
"../../../Engine/Content/BasicShapes/Cylinder.uasset" 616
"../../../Engine/Content/BasicShapes/Cylinder.uexp" 617
"../../../Engine/Plugins/Runtime/HairStrands/Content/Materials/NiagaraHairMaterial.uasset" 618
"../../../Engine/Plugins/Runtime/HairStrands/Content/Materials/NiagaraHairMaterial.uexp" 619
"../../../Engine/Plugins/Runtime/HairStrands/Content/Emitters/StableSpringsSystem.uasset" 620
"../../../Engine/Plugins/Runtime/HairStrands/Content/Emitters/StableSpringsSystem.uexp" 621
"../../../Engine/Plugins/Runtime/HairStrands/Content/Materials/HairCardsDefaultMaterial.uasset" 622
"../../../Engine/Plugins/Runtime/HairStrands/Content/Materials/HairCardsDefaultMaterial.uexp" 623
"../../../Engine/Content/EngineMeshes/Sphere.ubulk" 624
"../../../Engine/Content/EngineMeshes/Sphere.uasset" 625
"../../../Engine/Content/EngineMeshes/Sphere.uexp" 626
"../../../Engine/Content/Functions/Engine_MaterialFunctions02/Utility/MakeFloat2.uasset" 627
"../../../Engine/Content/Functions/Engine_MaterialFunctions02/Utility/MakeFloat2.uexp" 628
"../../../Engine/Content/EngineMaterials/HairColorMap.uasset" 629
"../../../Engine/Content/EngineMaterials/HairColorMap.uexp" 630
"../../../Engine/Content/EngineMaterials/HairDebugColor.uasset" 631
"../../../Engine/Content/EngineMaterials/HairDebugColor.uexp" 632
"../../../Engine/Plugins/Runtime/HairStrands/Content/Materials/HairGroupColors.uasset" 633
"../../../Engine/Plugins/Runtime/HairStrands/Content/Materials/HairGroupColors.uexp" 634
"../../../Engine/Plugins/Runtime/HairStrands/Content/Materials/HairDebugMaterial.uasset" 635
"../../../Engine/Plugins/Runtime/HairStrands/Content/Materials/HairDebugMaterial.uexp" 636
"../../../Engine/Plugins/Runtime/HairStrands/Content/Materials/HairDefaultMaterial.uasset" 637
"../../../Engine/Plugins/Runtime/HairStrands/Content/Materials/HairDefaultMaterial.uexp" 638
"../../../Engine/Plugins/Runtime/HairStrands/Content/Materials/HairMeshesDefaultMaterial.uasset" 639
"../../../Engine/Plugins/Runtime/HairStrands/Content/Materials/HairMeshesDefaultMaterial.uexp" 640
"../../../Engine/Content/EditorResources/SequenceRecorder/Countdown.uasset" 641
"../../../Engine/Content/EditorResources/SequenceRecorder/Countdown.uexp" 642
"../../../Engine/Content/EditorResources/SequenceRecorder/RecordingIndicator.uasset" 643
"../../../Engine/Content/EditorResources/SequenceRecorder/RecordingIndicator.uexp" 644
"../../../Engine/Content/EngineResources/DefaultTextureCube.uasset" 645
"../../../Engine/Content/EngineResources/DefaultTextureCube.uexp" 646
"../../../Engine/Content/EngineResources/DefaultVolumeTexture2D.uasset" 647
"../../../Engine/Content/EngineResources/DefaultVolumeTexture2D.uexp" 648
"../../../Engine/Content/EngineResources/DefaultVolumeTexture.uasset" 649
"../../../Engine/Content/EngineResources/DefaultVolumeTexture.uexp" 650
"../../../Engine/Content/EngineResources/GradientTexture0.uasset" 651
"../../../Engine/Content/EngineResources/GradientTexture0.uexp" 652
"../../../Engine/Content/EngineResources/LandscapeVisibilityLayerInfo.uasset" 653
"../../../Engine/Content/EngineResources/LandscapeVisibilityLayerInfo.uexp" 654
"../../../Engine/Plugins/VirtualProduction/CameraCalibrationCore/Content/Materials/M_AnamorphicDistortionDisplacementMap.uasset" 655
"../../../Engine/Plugins/VirtualProduction/CameraCalibrationCore/Content/Materials/M_AnamorphicDistortionDisplacementMap.uexp" 656
"../../../Engine/Plugins/VirtualProduction/CameraCalibrationCore/Content/Materials/M_AnamorphicUndistortionDisplacementMap.uasset" 657
"../../../Engine/Plugins/VirtualProduction/CameraCalibrationCore/Content/Materials/M_AnamorphicUndistortionDisplacementMap.uexp" 658
"../../../Engine/Plugins/VirtualProduction/CameraCalibrationCore/Content/Materials/M_BrownConradyDUDistortionDisplacementMap.uasset" 659
"../../../Engine/Plugins/VirtualProduction/CameraCalibrationCore/Content/Materials/M_BrownConradyDUDistortionDisplacementMap.uexp" 660
"../../../Engine/Plugins/VirtualProduction/CameraCalibrationCore/Content/Materials/M_BrownConradyDUUndistortionDisplacementMap.uasset" 661
"../../../Engine/Plugins/VirtualProduction/CameraCalibrationCore/Content/Materials/M_BrownConradyDUUndistortionDisplacementMap.uexp" 662
"../../../Engine/Plugins/VirtualProduction/CameraCalibrationCore/Content/Materials/M_BrownConradyUDDistortionDisplacementMap.uasset" 663
"../../../Engine/Plugins/VirtualProduction/CameraCalibrationCore/Content/Materials/M_BrownConradyUDDistortionDisplacementMap.uexp" 664
"../../../Engine/Plugins/VirtualProduction/CameraCalibrationCore/Content/Materials/M_BrownConradyUDUndistortionDisplacementMap.uasset" 665
"../../../Engine/Plugins/VirtualProduction/CameraCalibrationCore/Content/Materials/M_BrownConradyUDUndistortionDisplacementMap.uexp" 666
"../../../Engine/Plugins/VirtualProduction/CameraCalibrationCore/Content/Materials/M_DefaultEvenSquare.uasset" 667
"../../../Engine/Plugins/VirtualProduction/CameraCalibrationCore/Content/Materials/M_DefaultEvenSquare.uexp" 668
"../../../Engine/Plugins/VirtualProduction/CameraCalibrationCore/Content/Materials/M_DefaultOddSquare.uasset" 669
"../../../Engine/Plugins/VirtualProduction/CameraCalibrationCore/Content/Materials/M_DefaultOddSquare.uexp" 670
"../../../Engine/Content/Functions/Engine_MaterialFunctions02/Utility/BreakOutFloat4Components.uasset" 671
"../../../Engine/Content/Functions/Engine_MaterialFunctions02/Utility/BreakOutFloat4Components.uexp" 672
"../../../Engine/Plugins/VirtualProduction/CameraCalibrationCore/Content/Materials/M_DistortionPostProcess.uasset" 673
"../../../Engine/Plugins/VirtualProduction/CameraCalibrationCore/Content/Materials/M_DistortionPostProcess.uexp" 674
"../../../Engine/Plugins/VirtualProduction/CameraCalibrationCore/Content/Materials/M_SphericalDistortionDisplacementMap.uasset" 675
"../../../Engine/Plugins/VirtualProduction/CameraCalibrationCore/Content/Materials/M_SphericalDistortionDisplacementMap.uexp" 676
"../../../Engine/Plugins/VirtualProduction/CameraCalibrationCore/Content/Materials/M_SphericalUndistortionDisplacementMap.uasset" 677
"../../../Engine/Plugins/VirtualProduction/CameraCalibrationCore/Content/Materials/M_SphericalUndistortionDisplacementMap.uexp" 678
"../../../Engine/Plugins/VirtualProduction/CameraCalibrationCore/Content/Materials/M_VertexColors.uasset" 679
"../../../Engine/Plugins/VirtualProduction/CameraCalibrationCore/Content/Materials/M_VertexColors.uexp" 680
"../../../Engine/Content/Functions/Engine_MaterialFunctions02/Math/Transform3x3Matrix.uasset" 681
"../../../Engine/Content/Functions/Engine_MaterialFunctions02/Math/Transform3x3Matrix.uexp" 682
"../../../Engine/Content/Functions/Engine_MaterialFunctions02/SplitComponents.uasset" 683
"../../../Engine/Content/Functions/Engine_MaterialFunctions02/SplitComponents.uexp" 684
"../../../Engine/Content/VREditor/SnapGrid/SnapGridMaterial.uasset" 685
"../../../Engine/Content/VREditor/SnapGrid/SnapGridMaterial.uexp" 686
"../../../Engine/Content/VREditor/SnapGrid/SnapGridPlaneMesh.ubulk" 687
"../../../Engine/Content/VREditor/SnapGrid/SnapGridPlaneMesh.uasset" 688
"../../../Engine/Content/VREditor/SnapGrid/SnapGridPlaneMesh.uexp" 689
"../../../Engine/Content/VREditor/LaserPointer/VR_LaserPower_01.ubulk" 690
"../../../Engine/Content/VREditor/LaserPointer/VR_LaserPower_01.uasset" 691
"../../../Engine/Content/VREditor/LaserPointer/VR_LaserPower_01.uexp" 692
"../../../Engine/Content/VREditor/TransformGizmo/TransformGizmoMaterial.uasset" 693
"../../../Engine/Content/VREditor/TransformGizmo/TransformGizmoMaterial.uexp" 694
"../../../Engine/Content/VREditor/TransformGizmo/TranslucentTransformGizmoMaterial.uasset" 695
"../../../Engine/Content/VREditor/TransformGizmo/TranslucentTransformGizmoMaterial.uexp" 696
"../../../Engine/Content/VREditor/TransformGizmo/PlaneTranslationHandle.ubulk" 697
"../../../Engine/Content/VREditor/TransformGizmo/PlaneTranslationHandle.uasset" 698
"../../../Engine/Content/VREditor/TransformGizmo/PlaneTranslationHandle.uexp" 699
"../../../Engine/Content/VREditor/TransformGizmo/RotationHandleFull.ubulk" 700
"../../../Engine/Content/VREditor/TransformGizmo/RotationHandleFull.uasset" 701
"../../../Engine/Content/VREditor/TransformGizmo/RotationHandleFull.uexp" 702
"../../../Engine/Content/VREditor/TransformGizmo/RotationHandleIndicator.ubulk" 703
"../../../Engine/Content/VREditor/TransformGizmo/RotationHandleIndicator.uasset" 704
"../../../Engine/Content/VREditor/TransformGizmo/RotationHandleIndicator.uexp" 705
"../../../Engine/Content/VREditor/TransformGizmo/RotationHandleQuarter.ubulk" 706
"../../../Engine/Content/VREditor/TransformGizmo/RotationHandleQuarter.uasset" 707
"../../../Engine/Content/VREditor/TransformGizmo/RotationHandleQuarter.uexp" 708
"../../../Engine/Content/VREditor/TransformGizmo/StartRotationHandleIndicator.ubulk" 709
"../../../Engine/Content/VREditor/TransformGizmo/StartRotationHandleIndicator.uasset" 710
"../../../Engine/Content/VREditor/TransformGizmo/StartRotationHandleIndicator.uexp" 711
"../../../Engine/Content/VREditor/TransformGizmo/TranslucentTransformGizmoMaterial_Inst.uasset" 712
"../../../Engine/Content/VREditor/TransformGizmo/TranslucentTransformGizmoMaterial_Inst.uexp" 713
"../../../Engine/Content/VREditor/TransformGizmo/TransformGizmoFreeRotation.ubulk" 714
"../../../Engine/Content/VREditor/TransformGizmo/TransformGizmoFreeRotation.uasset" 715
"../../../Engine/Content/VREditor/TransformGizmo/TransformGizmoFreeRotation.uexp" 716
"../../../Engine/Content/VREditor/TransformGizmo/TransformGizmoMaterial_Inst.uasset" 717
"../../../Engine/Content/VREditor/TransformGizmo/TransformGizmoMaterial_Inst.uexp" 718
"../../../Engine/Content/VREditor/TransformGizmo/TranslateArrowHandle.ubulk" 719
"../../../Engine/Content/VREditor/TransformGizmo/TranslateArrowHandle.uasset" 720
"../../../Engine/Content/VREditor/TransformGizmo/TranslateArrowHandle.uexp" 721
"../../../Engine/Content/VREditor/TransformGizmo/UniformScaleHandle.ubulk" 722
"../../../Engine/Content/VREditor/TransformGizmo/UniformScaleHandle.uasset" 723
"../../../Engine/Content/VREditor/TransformGizmo/UniformScaleHandle.uexp" 724
"../../../Engine/Content/VREditor/Sounds/UI/Drop_Item_From_ContentBrowser.ubulk" 725
"../../../Engine/Content/VREditor/Sounds/UI/Drop_Item_From_ContentBrowser.uasset" 726
"../../../Engine/Content/VREditor/Sounds/UI/Drop_Item_From_ContentBrowser.uexp" 727
"../../../Engine/Content/VREditor/Sounds/UI/Gizmo_Handle_Clicked.ubulk" 728
"../../../Engine/Content/VREditor/Sounds/UI/Gizmo_Handle_Clicked.uasset" 729
"../../../Engine/Content/VREditor/Sounds/UI/Gizmo_Handle_Clicked.uexp" 730
"../../../Engine/Content/VREditor/Sounds/UI/Object_PickUp.ubulk" 731
"../../../Engine/Content/VREditor/Sounds/UI/Object_PickUp.uasset" 732
"../../../Engine/Content/VREditor/Sounds/UI/Object_PickUp.uexp" 733
"../../../Engine/Content/VREditor/Sounds/UI/Object_Snaps_To_Another_Actor.ubulk" 734
"../../../Engine/Content/VREditor/Sounds/UI/Object_Snaps_To_Another_Actor.uasset" 735
"../../../Engine/Content/VREditor/Sounds/UI/Object_Snaps_To_Another_Actor.uexp" 736
"../../../Engine/Content/VREditor/Sounds/UI/Object_Snaps_To_Grid.ubulk" 737
"../../../Engine/Content/VREditor/Sounds/UI/Object_Snaps_To_Grid.uasset" 738
"../../../Engine/Content/VREditor/Sounds/UI/Object_Snaps_To_Grid.uexp" 739
"../../../Engine/Content/VREditor/Sounds/UI/Scaling_Down.ubulk" 740
"../../../Engine/Content/VREditor/Sounds/UI/Scaling_Down.uasset" 741
"../../../Engine/Content/VREditor/Sounds/UI/Scaling_Down.uexp" 742
"../../../Engine/Content/VREditor/Sounds/UI/Scaling_Up.ubulk" 743
"../../../Engine/Content/VREditor/Sounds/UI/Scaling_Up.uasset" 744
"../../../Engine/Content/VREditor/Sounds/UI/Scaling_Up.uexp" 745
"../../../Engine/Content/VREditor/Sounds/UI/Selection_Changes.ubulk" 746
"../../../Engine/Content/VREditor/Sounds/UI/Selection_Changes.uasset" 747
"../../../Engine/Content/VREditor/Sounds/UI/Selection_Changes.uexp" 748
"../../../Engine/Plugins/Animation/ControlRig/Content/Controls/ControlRigGizmoMaterial.uasset" 749
"../../../Engine/Plugins/Animation/ControlRig/Content/Controls/ControlRigGizmoMaterial.uexp" 750
"../../../Engine/Plugins/Animation/ControlRig/Content/Controls/ControlRigXRayMaterial.uasset" 751
"../../../Engine/Plugins/Animation/ControlRig/Content/Controls/ControlRigXRayMaterial.uexp" 752
"../../../Engine/Plugins/Animation/ControlRig/Content/Controls/ControlRig_Arrow2_1mm.ubulk" 753
"../../../Engine/Plugins/Animation/ControlRig/Content/Controls/ControlRig_Arrow2_1mm.uasset" 754
"../../../Engine/Plugins/Animation/ControlRig/Content/Controls/ControlRig_Arrow2_1mm.uexp" 755
"../../../Engine/Plugins/Animation/ControlRig/Content/Controls/ControlRig_Arrow2_3mm.ubulk" 756
"../../../Engine/Plugins/Animation/ControlRig/Content/Controls/ControlRig_Arrow2_3mm.uasset" 757
"../../../Engine/Plugins/Animation/ControlRig/Content/Controls/ControlRig_Arrow2_3mm.uexp" 758
"../../../Engine/Plugins/Animation/ControlRig/Content/Controls/ControlRig_Arrow2_solid.ubulk" 759
"../../../Engine/Plugins/Animation/ControlRig/Content/Controls/ControlRig_Arrow2_solid.uasset" 760
"../../../Engine/Plugins/Animation/ControlRig/Content/Controls/ControlRig_Arrow2_solid.uexp" 761
"../../../Engine/Plugins/Animation/ControlRig/Content/Controls/ControlRig_Arrow4_1mm.ubulk" 762
"../../../Engine/Plugins/Animation/ControlRig/Content/Controls/ControlRig_Arrow4_1mm.uasset" 763
"../../../Engine/Plugins/Animation/ControlRig/Content/Controls/ControlRig_Arrow4_1mm.uexp" 764
"../../../Engine/Plugins/Animation/ControlRig/Content/Controls/ControlRig_Arrow4_3mm.ubulk" 765
"../../../Engine/Plugins/Animation/ControlRig/Content/Controls/ControlRig_Arrow4_3mm.uasset" 766
"../../../Engine/Plugins/Animation/ControlRig/Content/Controls/ControlRig_Arrow4_3mm.uexp" 767
"../../../Engine/Plugins/Animation/ControlRig/Content/Controls/ControlRig_Arrow4_solid.ubulk" 768
"../../../Engine/Plugins/Animation/ControlRig/Content/Controls/ControlRig_Arrow4_solid.uasset" 769
"../../../Engine/Plugins/Animation/ControlRig/Content/Controls/ControlRig_Arrow4_solid.uexp" 770
"../../../Engine/Plugins/Animation/ControlRig/Content/Controls/ControlRig_Arrow_1mm.ubulk" 771
"../../../Engine/Plugins/Animation/ControlRig/Content/Controls/ControlRig_Arrow_1mm.uasset" 772
"../../../Engine/Plugins/Animation/ControlRig/Content/Controls/ControlRig_Arrow_1mm.uexp" 773
"../../../Engine/Plugins/Animation/ControlRig/Content/Controls/ControlRig_Arrow_3mm.ubulk" 774
"../../../Engine/Plugins/Animation/ControlRig/Content/Controls/ControlRig_Arrow_3mm.uasset" 775
"../../../Engine/Plugins/Animation/ControlRig/Content/Controls/ControlRig_Arrow_3mm.uexp" 776
"../../../Engine/Plugins/Animation/ControlRig/Content/Controls/ControlRig_Arrow_solid.ubulk" 777
"../../../Engine/Plugins/Animation/ControlRig/Content/Controls/ControlRig_Arrow_solid.uasset" 778
"../../../Engine/Plugins/Animation/ControlRig/Content/Controls/ControlRig_Arrow_solid.uexp" 779
"../../../Engine/Plugins/Animation/ControlRig/Content/Controls/ControlRig_Box_1mm.ubulk" 780
"../../../Engine/Plugins/Animation/ControlRig/Content/Controls/ControlRig_Box_1mm.uasset" 781
"../../../Engine/Plugins/Animation/ControlRig/Content/Controls/ControlRig_Box_1mm.uexp" 782
"../../../Engine/Plugins/Animation/ControlRig/Content/Controls/ControlRig_Box_3mm.ubulk" 783
"../../../Engine/Plugins/Animation/ControlRig/Content/Controls/ControlRig_Box_3mm.uasset" 784
"../../../Engine/Plugins/Animation/ControlRig/Content/Controls/ControlRig_Box_3mm.uexp" 785
"../../../Engine/Content/EditorMaterials/Dataflow/DataflowTwoSidedVertexMaterial.uasset" 786
"../../../Engine/Content/EditorMaterials/Dataflow/DataflowTwoSidedVertexMaterial.uexp" 787
"../../../Engine/Content/EditorMaterials/Dataflow/DataflowVertexMaterial.uasset" 788
"../../../Engine/Content/EditorMaterials/Dataflow/DataflowVertexMaterial.uexp" 789
"../../../Engine/Content/VREditor/TransformGizmo/BoundingBoxCorner.ubulk" 790
"../../../Engine/Content/VREditor/TransformGizmo/BoundingBoxCorner.uasset" 791
"../../../Engine/Content/VREditor/TransformGizmo/BoundingBoxCorner.uexp" 792
"../../../Engine/Content/VREditor/TransformGizmo/BoundingBoxEdge.ubulk" 793
"../../../Engine/Content/VREditor/TransformGizmo/BoundingBoxEdge.uasset" 794
"../../../Engine/Content/VREditor/TransformGizmo/BoundingBoxEdge.uexp" 795
"../../../Engine/Content/EngineMaterials/EnergyConservation/Diffuse_Energy.uasset" 796
"../../../Engine/Content/EngineMaterials/EnergyConservation/Diffuse_Energy.uexp" 797
"../../../Engine/Content/EngineMaterials/EnergyConservation/GGX_ReflectionEnergy.uasset" 798
"../../../Engine/Content/EngineMaterials/EnergyConservation/GGX_ReflectionEnergy.uexp" 799
"../../../Engine/Content/EngineMaterials/EnergyConservation/GGX_TransmissionEnergyArray.uasset" 800
"../../../Engine/Content/EngineMaterials/EnergyConservation/GGX_TransmissionEnergyArray.uexp" 801
"../../../Engine/Content/EngineMaterials/EnergyConservation/SheenLegacy_Energy.uasset" 802
"../../../Engine/Content/EngineMaterials/EnergyConservation/SheenLegacy_Energy.uexp" 803
"../../../Engine/Content/EngineMaterials/EnergyConservation/Sheen_Energy.uasset" 804
"../../../Engine/Content/EngineMaterials/EnergyConservation/Sheen_Energy.uexp" 805
"../../../Engine/Content/EngineMaterials/LTC/GGX_LTCAmp.uasset" 806
"../../../Engine/Content/EngineMaterials/LTC/GGX_LTCAmp.uexp" 807
"../../../Engine/Content/EngineMaterials/LTC/GGX_LTCMat.uasset" 808
"../../../Engine/Content/EngineMaterials/LTC/GGX_LTCMat.uexp" 809
"../../../Engine/Content/EngineMaterials/LTC/Sheen_LTC.uasset" 810
"../../../Engine/Content/EngineMaterials/LTC/Sheen_LTC.uexp" 811
"../../../Engine/Content/EngineResources/Development/ZenLogo_64.uasset" 812
"../../../Engine/Content/EngineResources/Development/ZenLogo_64.uexp" 813
"../../../Engine/Content/EngineResources/FilmGrains/Marcie_Grain_v3_128_M2_000.uasset" 814
"../../../Engine/Content/EngineResources/FilmGrains/Marcie_Grain_v3_128_M2_000.uexp" 815
"../../../Engine/Content/Functions/Engine_MaterialFunctions01/Texturing/FlattenNormal.uasset" 816
"../../../Engine/Content/Functions/Engine_MaterialFunctions01/Texturing/FlattenNormal.uexp" 817
"../../../Engine/Plugins/Interchange/Assets/Content/Utilities/New_LUT.uasset" 818
"../../../Engine/Plugins/Interchange/Assets/Content/Utilities/New_LUT.uexp" 819
"../../../Engine/Content/Functions/Engine_MaterialFunctions03/Math/RemapValueRange.uasset" 820
"../../../Engine/Content/Functions/Engine_MaterialFunctions03/Math/RemapValueRange.uexp" 821
"../../../Engine/Plugins/Interchange/Assets/Content/Functions/MF_Iridescence.uasset" 822
"../../../Engine/Plugins/Interchange/Assets/Content/Functions/MF_Iridescence.uexp" 823
"../../../Engine/Plugins/Interchange/Assets/Content/gltf/Textures/T_White_srgb.uasset" 824
"../../../Engine/Plugins/Interchange/Assets/Content/gltf/Textures/T_White_srgb.uexp" 825
"../../../Engine/Plugins/Interchange/Assets/Content/gltf/MaterialFunctions/MF_BaseColor.uasset" 826
"../../../Engine/Plugins/Interchange/Assets/Content/gltf/MaterialFunctions/MF_BaseColor.uexp" 827
"../../../Engine/Plugins/Interchange/Assets/Content/gltf/MaterialFunctions/MF_RotateNormals_TS.uasset" 828
"../../../Engine/Plugins/Interchange/Assets/Content/gltf/MaterialFunctions/MF_RotateNormals_TS.uexp" 829
"../../../Engine/Plugins/Interchange/Assets/Content/gltf/Textures/T_Generic_N.uasset" 830
"../../../Engine/Plugins/Interchange/Assets/Content/gltf/Textures/T_Generic_N.uexp" 831
"../../../Engine/Plugins/Interchange/Assets/Content/gltf/Textures/T_White_Linear.uasset" 832
"../../../Engine/Plugins/Interchange/Assets/Content/gltf/Textures/T_White_Linear.uexp" 833
"../../../Engine/Plugins/Interchange/Assets/Content/gltf/MaterialFunctions/MF_Clearcoat.uasset" 834
"../../../Engine/Plugins/Interchange/Assets/Content/gltf/MaterialFunctions/MF_Clearcoat.uexp" 835
"../../../Engine/Plugins/Interchange/Assets/Content/gltf/MaterialFunctions/MF_Emissive.uasset" 836
"../../../Engine/Plugins/Interchange/Assets/Content/gltf/MaterialFunctions/MF_Emissive.uexp" 837
"../../../Engine/Plugins/Interchange/Assets/Content/gltf/MaterialFunctions/MF_IOR.uasset" 838
"../../../Engine/Plugins/Interchange/Assets/Content/gltf/MaterialFunctions/MF_IOR.uexp" 839
"../../../Engine/Plugins/Interchange/Assets/Content/gltf/MaterialFunctions/MF_Iridescence.uasset" 840
"../../../Engine/Plugins/Interchange/Assets/Content/gltf/MaterialFunctions/MF_Iridescence.uexp" 841
"../../../Engine/Plugins/Interchange/Assets/Content/gltf/MaterialFunctions/MF_MetallicRoughness.uasset" 842
"../../../Engine/Plugins/Interchange/Assets/Content/gltf/MaterialFunctions/MF_MetallicRoughness.uexp" 843
"../../../Engine/Plugins/Interchange/Assets/Content/gltf/MaterialFunctions/MF_ScaleNormal.uasset" 844
"../../../Engine/Plugins/Interchange/Assets/Content/gltf/MaterialFunctions/MF_ScaleNormal.uexp" 845
"../../../Engine/Plugins/Interchange/Assets/Content/gltf/MaterialFunctions/MF_Normals.uasset" 846
"../../../Engine/Plugins/Interchange/Assets/Content/gltf/MaterialFunctions/MF_Normals.uexp" 847
"../../../Engine/Plugins/Interchange/Assets/Content/gltf/MaterialFunctions/MF_Occlusion.uasset" 848
"../../../Engine/Plugins/Interchange/Assets/Content/gltf/MaterialFunctions/MF_Occlusion.uexp" 849
"../../../Engine/Plugins/Interchange/Assets/Content/gltf/MaterialFunctions/MF_Specular.uasset" 850
"../../../Engine/Plugins/Interchange/Assets/Content/gltf/MaterialFunctions/MF_Specular.uexp" 851
"../../../Engine/Plugins/Interchange/Assets/Content/gltf/Textures/T_Anisotropy_Direction_Linear.uasset" 852
"../../../Engine/Plugins/Interchange/Assets/Content/gltf/Textures/T_Anisotropy_Direction_Linear.uexp" 853
"../../../Engine/Plugins/Interchange/Assets/Content/gltf/MaterialFunctions/MF_SpecularAnisotropy.uasset" 854
"../../../Engine/Plugins/Interchange/Assets/Content/gltf/MaterialFunctions/MF_SpecularAnisotropy.uexp" 855
"../../../Engine/Plugins/Interchange/Assets/Content/gltf/MaterialFunctions/MF_RotateV2.uasset" 856
"../../../Engine/Plugins/Interchange/Assets/Content/gltf/MaterialFunctions/MF_RotateV2.uexp" 857
"../../../Engine/Plugins/Interchange/Assets/Content/gltf/MaterialFunctions/MF_TransformUVs.uasset" 858
"../../../Engine/Plugins/Interchange/Assets/Content/gltf/MaterialFunctions/MF_TransformUVs.uexp" 859
"../../../Engine/Plugins/Interchange/Assets/Content/gltf/MaterialBodies/MF_ClearCoat_Body.uasset" 860
"../../../Engine/Plugins/Interchange/Assets/Content/gltf/MaterialBodies/MF_ClearCoat_Body.uexp" 861
"../../../Engine/Plugins/Interchange/Assets/Content/gltf/M_ClearCoat.uasset" 862
"../../../Engine/Plugins/Interchange/Assets/Content/gltf/M_ClearCoat.uexp" 863
"../../../Engine/Plugins/Interchange/Assets/Content/gltf/MaterialInstances/MI_ClearCoat_Blend.uasset" 864
"../../../Engine/Plugins/Interchange/Assets/Content/gltf/MaterialInstances/MI_ClearCoat_Blend.uexp" 865
"../../../Engine/Plugins/Interchange/Assets/Content/gltf/MaterialInstances/MI_ClearCoat_Blend_DS.uasset" 866
"../../../Engine/Plugins/Interchange/Assets/Content/gltf/MaterialInstances/MI_ClearCoat_Blend_DS.uexp" 867
"../../../Engine/Plugins/Interchange/Assets/Content/gltf/MaterialInstances/MI_ClearCoat_Mask.uasset" 868
"../../../Engine/Plugins/Interchange/Assets/Content/gltf/MaterialInstances/MI_ClearCoat_Mask.uexp" 869
"../../../Engine/Plugins/Interchange/Assets/Content/gltf/MaterialInstances/MI_ClearCoat_Mask_DS.uasset" 870
"../../../Engine/Plugins/Interchange/Assets/Content/gltf/MaterialInstances/MI_ClearCoat_Mask_DS.uexp" 871
"../../../Engine/Plugins/Interchange/Assets/Content/gltf/MaterialInstances/MI_ClearCoat_Opaque.uasset" 872
"../../../Engine/Plugins/Interchange/Assets/Content/gltf/MaterialInstances/MI_ClearCoat_Opaque.uexp" 873
"../../../Engine/Plugins/Interchange/Assets/Content/gltf/MaterialInstances/MI_ClearCoat_Opaque_DS.uasset" 874
"../../../Engine/Plugins/Interchange/Assets/Content/gltf/MaterialInstances/MI_ClearCoat_Opaque_DS.uexp" 875
"../../../Engine/Plugins/Interchange/Assets/Content/gltf/MaterialBodies/MF_Default_Body.uasset" 876
"../../../Engine/Plugins/Interchange/Assets/Content/gltf/MaterialBodies/MF_Default_Body.uexp" 877
"../../../Engine/Plugins/Interchange/Assets/Content/gltf/M_Default.uasset" 878
"../../../Engine/Plugins/Interchange/Assets/Content/gltf/M_Default.uexp" 879
"../../../Engine/Plugins/Interchange/Assets/Content/gltf/MaterialInstances/MI_Default_Blend.uasset" 880
"../../../Engine/Plugins/Interchange/Assets/Content/gltf/MaterialInstances/MI_Default_Blend.uexp" 881
"../../../Engine/Plugins/Interchange/Assets/Content/gltf/MaterialInstances/MI_Default_Blend_DS.uasset" 882
"../../../Engine/Plugins/Interchange/Assets/Content/gltf/MaterialInstances/MI_Default_Blend_DS.uexp" 883
"../../../Engine/Plugins/Interchange/Assets/Content/gltf/MaterialInstances/MI_Default_Mask.uasset" 884
"../../../Engine/Plugins/Interchange/Assets/Content/gltf/MaterialInstances/MI_Default_Mask.uexp" 885
"../../../Engine/Plugins/Interchange/Assets/Content/gltf/MaterialInstances/MI_Default_Mask_DS.uasset" 886
"../../../Engine/Plugins/Interchange/Assets/Content/gltf/MaterialInstances/MI_Default_Mask_DS.uexp" 887
"../../../Engine/Plugins/Interchange/Assets/Content/gltf/MaterialInstances/MI_Default_Opaque.uasset" 888
"../../../Engine/Plugins/Interchange/Assets/Content/gltf/MaterialInstances/MI_Default_Opaque.uexp" 889
"../../../Engine/Plugins/Interchange/Assets/Content/gltf/MaterialInstances/MI_Default_Opaque_DS.uasset" 890
"../../../Engine/Plugins/Interchange/Assets/Content/gltf/MaterialInstances/MI_Default_Opaque_DS.uexp" 891
"../../../Engine/Plugins/Interchange/Assets/Content/gltf/MaterialFunctions/MF_Sheen.uasset" 892
"../../../Engine/Plugins/Interchange/Assets/Content/gltf/MaterialFunctions/MF_Sheen.uexp" 893
"../../../Engine/Plugins/Interchange/Assets/Content/gltf/MaterialBodies/MF_Sheen_Body.uasset" 894
"../../../Engine/Plugins/Interchange/Assets/Content/gltf/MaterialBodies/MF_Sheen_Body.uexp" 895
"../../../Engine/Plugins/Interchange/Assets/Content/gltf/M_Sheen.uasset" 896
"../../../Engine/Plugins/Interchange/Assets/Content/gltf/M_Sheen.uexp" 897
"../../../Engine/Plugins/Interchange/Assets/Content/gltf/MaterialInstances/MI_Sheen_Blend.uasset" 898
"../../../Engine/Plugins/Interchange/Assets/Content/gltf/MaterialInstances/MI_Sheen_Blend.uexp" 899
"../../../Engine/Plugins/Interchange/Assets/Content/gltf/MaterialInstances/MI_Sheen_Blend_DS.uasset" 900
"../../../Engine/Plugins/Interchange/Assets/Content/gltf/MaterialInstances/MI_Sheen_Blend_DS.uexp" 901
"../../../Engine/Plugins/Interchange/Assets/Content/gltf/MaterialInstances/MI_Sheen_Mask.uasset" 902
"../../../Engine/Plugins/Interchange/Assets/Content/gltf/MaterialInstances/MI_Sheen_Mask.uexp" 903
"../../../Engine/Plugins/Interchange/Assets/Content/gltf/MaterialInstances/MI_Sheen_Mask_DS.uasset" 904
"../../../Engine/Plugins/Interchange/Assets/Content/gltf/MaterialInstances/MI_Sheen_Mask_DS.uexp" 905
"../../../Engine/Plugins/Interchange/Assets/Content/gltf/MaterialInstances/MI_Sheen_Opaque.uasset" 906
"../../../Engine/Plugins/Interchange/Assets/Content/gltf/MaterialInstances/MI_Sheen_Opaque.uexp" 907
"../../../Engine/Plugins/Interchange/Assets/Content/gltf/MaterialInstances/MI_Sheen_Opaque_DS.uasset" 908
"../../../Engine/Plugins/Interchange/Assets/Content/gltf/MaterialInstances/MI_Sheen_Opaque_DS.uexp" 909
"../../../Engine/Plugins/Interchange/Assets/Content/gltf/MaterialFunctions/MF_DiffuseSpecGloss.uasset" 910
"../../../Engine/Plugins/Interchange/Assets/Content/gltf/MaterialFunctions/MF_DiffuseSpecGloss.uexp" 911
"../../../Engine/Plugins/Interchange/Assets/Content/gltf/MaterialFunctions/MF_MaxComponentValue.uasset" 912
"../../../Engine/Plugins/Interchange/Assets/Content/gltf/MaterialFunctions/MF_MaxComponentValue.uexp" 913
"../../../Engine/Content/Functions/Engine_MaterialFunctions02/Math/AddComponents.uasset" 914
"../../../Engine/Content/Functions/Engine_MaterialFunctions02/Math/AddComponents.uexp" 915
"../../../Engine/Plugins/Interchange/Assets/Content/gltf/MaterialFunctions/MF_PerceivedBrightness.uasset" 916
"../../../Engine/Plugins/Interchange/Assets/Content/gltf/MaterialFunctions/MF_PerceivedBrightness.uexp" 917
"../../../Engine/Plugins/Interchange/Assets/Content/gltf/MaterialFunctions/MF_SpecGlossToMetalRoughness.uasset" 918
"../../../Engine/Plugins/Interchange/Assets/Content/gltf/MaterialFunctions/MF_SpecGlossToMetalRoughness.uexp" 919
"../../../Engine/Plugins/Interchange/Assets/Content/gltf/MaterialBodies/MF_SpecularGlossiness_Body.uasset" 920
"../../../Engine/Plugins/Interchange/Assets/Content/gltf/MaterialBodies/MF_SpecularGlossiness_Body.uexp" 921
"../../../Engine/Plugins/Interchange/Assets/Content/gltf/M_SpecularGlossiness.uasset" 922
"../../../Engine/Plugins/Interchange/Assets/Content/gltf/M_SpecularGlossiness.uexp" 923
"../../../Engine/Plugins/Interchange/Assets/Content/gltf/MaterialInstances/MI_SpecularGlossiness_Blend.uasset" 924
"../../../Engine/Plugins/Interchange/Assets/Content/gltf/MaterialInstances/MI_SpecularGlossiness_Blend.uexp" 925
"../../../Engine/Plugins/Interchange/Assets/Content/gltf/MaterialInstances/MI_SpecularGlossiness_Blend_DS.uasset" 926
"../../../Engine/Plugins/Interchange/Assets/Content/gltf/MaterialInstances/MI_SpecularGlossiness_Blend_DS.uexp" 927
"../../../Engine/Plugins/Interchange/Assets/Content/gltf/MaterialInstances/MI_SpecularGlossiness_Mask.uasset" 928
"../../../Engine/Plugins/Interchange/Assets/Content/gltf/MaterialInstances/MI_SpecularGlossiness_Mask.uexp" 929
"../../../Engine/Plugins/Interchange/Assets/Content/gltf/MaterialInstances/MI_SpecularGlossiness_Mask_DS.uasset" 930
"../../../Engine/Plugins/Interchange/Assets/Content/gltf/MaterialInstances/MI_SpecularGlossiness_Mask_DS.uexp" 931
"../../../Engine/Plugins/Interchange/Assets/Content/gltf/MaterialInstances/MI_SpecularGlossiness_Opaque.uasset" 932
"../../../Engine/Plugins/Interchange/Assets/Content/gltf/MaterialInstances/MI_SpecularGlossiness_Opaque.uexp" 933
"../../../Engine/Plugins/Interchange/Assets/Content/gltf/MaterialInstances/MI_SpecularGlossiness_Opaque_DS.uasset" 934
"../../../Engine/Plugins/Interchange/Assets/Content/gltf/MaterialInstances/MI_SpecularGlossiness_Opaque_DS.uexp" 935
"../../../Engine/Content/EngineMaterials/Good64x64TilingNoiseHighFreq.uasset" 936
"../../../Engine/Content/EngineMaterials/Good64x64TilingNoiseHighFreq.uexp" 937
"../../../Engine/Content/Functions/Engine_MaterialFunctions02/Texturing/ScreenAlignedPixelToPixelUVs.uasset" 938
"../../../Engine/Content/Functions/Engine_MaterialFunctions02/Texturing/ScreenAlignedPixelToPixelUVs.uexp" 939
"../../../Engine/Plugins/Interchange/Assets/Content/gltf/MaterialFunctions/MF_Fresnel_DS.uasset" 940
"../../../Engine/Plugins/Interchange/Assets/Content/gltf/MaterialFunctions/MF_Fresnel_DS.uexp" 941
"../../../Engine/Plugins/Interchange/Assets/Content/gltf/MaterialFunctions/MF_Temporal_Blur.uasset" 942
"../../../Engine/Plugins/Interchange/Assets/Content/gltf/MaterialFunctions/MF_Temporal_Blur.uexp" 943
"../../../Engine/Plugins/Interchange/Assets/Content/gltf/MaterialFunctions/MF_Transmission.uasset" 944
"../../../Engine/Plugins/Interchange/Assets/Content/gltf/MaterialFunctions/MF_Transmission.uexp" 945
"../../../Engine/Plugins/Interchange/Assets/Content/gltf/MaterialBodies/MF_Transmission_Body.uasset" 946
"../../../Engine/Plugins/Interchange/Assets/Content/gltf/MaterialBodies/MF_Transmission_Body.uexp" 947
"../../../Engine/Plugins/Interchange/Assets/Content/gltf/M_Transmission.uasset" 948
"../../../Engine/Plugins/Interchange/Assets/Content/gltf/M_Transmission.uexp" 949
"../../../Engine/Plugins/Interchange/Assets/Content/gltf/MaterialInstances/MI_Transmission.uasset" 950
"../../../Engine/Plugins/Interchange/Assets/Content/gltf/MaterialInstances/MI_Transmission.uexp" 951
"../../../Engine/Plugins/Interchange/Assets/Content/gltf/MaterialInstances/MI_Transmission_DS.uasset" 952
"../../../Engine/Plugins/Interchange/Assets/Content/gltf/MaterialInstances/MI_Transmission_DS.uexp" 953
"../../../Engine/Plugins/Interchange/Assets/Content/gltf/MaterialBodies/MF_Unlit_Body.uasset" 954
"../../../Engine/Plugins/Interchange/Assets/Content/gltf/MaterialBodies/MF_Unlit_Body.uexp" 955
"../../../Engine/Plugins/Interchange/Assets/Content/gltf/M_Unlit.uasset" 956
"../../../Engine/Plugins/Interchange/Assets/Content/gltf/M_Unlit.uexp" 957
"../../../Engine/Plugins/Interchange/Assets/Content/gltf/MaterialInstances/MI_Unlit_Blend.uasset" 958
"../../../Engine/Plugins/Interchange/Assets/Content/gltf/MaterialInstances/MI_Unlit_Blend.uexp" 959
"../../../Engine/Plugins/Interchange/Assets/Content/gltf/MaterialInstances/MI_Unlit_Blend_DS.uasset" 960
"../../../Engine/Plugins/Interchange/Assets/Content/gltf/MaterialInstances/MI_Unlit_Blend_DS.uexp" 961
"../../../Engine/Plugins/Interchange/Assets/Content/gltf/MaterialInstances/MI_Unlit_Mask.uasset" 962
"../../../Engine/Plugins/Interchange/Assets/Content/gltf/MaterialInstances/MI_Unlit_Mask.uexp" 963
"../../../Engine/Plugins/Interchange/Assets/Content/gltf/MaterialInstances/MI_Unlit_Mask_DS.uasset" 964
"../../../Engine/Plugins/Interchange/Assets/Content/gltf/MaterialInstances/MI_Unlit_Mask_DS.uexp" 965
"../../../Engine/Plugins/Interchange/Assets/Content/gltf/MaterialInstances/MI_Unlit_Opaque.uasset" 966
"../../../Engine/Plugins/Interchange/Assets/Content/gltf/MaterialInstances/MI_Unlit_Opaque.uexp" 967
"../../../Engine/Plugins/Interchange/Assets/Content/gltf/MaterialInstances/MI_Unlit_Opaque_DS.uasset" 968
"../../../Engine/Plugins/Interchange/Assets/Content/gltf/MaterialInstances/MI_Unlit_Opaque_DS.uexp" 969
"../../../Engine/Content/EngineResources/Black.uasset" 970
"../../../Engine/Content/EngineResources/Black.uexp" 971
"../../../Engine/Plugins/Runtime/OpenXR/Content/Devices/M_XRController.uasset" 972
"../../../Engine/Plugins/Runtime/OpenXR/Content/Devices/M_XRController.uexp" 973
"../../../Engine/Plugins/Runtime/OpenXR/Content/Devices/HTCVive/BaseTexture.ubulk" 974
"../../../Engine/Plugins/Runtime/OpenXR/Content/Devices/HTCVive/BaseTexture.uasset" 975
"../../../Engine/Plugins/Runtime/OpenXR/Content/Devices/HTCVive/BaseTexture.uexp" 976
"../../../Engine/Plugins/Runtime/OpenXR/Content/Devices/HTCVive/MI_HTCVive.uasset" 977
"../../../Engine/Plugins/Runtime/OpenXR/Content/Devices/HTCVive/MI_HTCVive.uexp" 978
"../../../Engine/Plugins/Runtime/OpenXR/Content/Devices/HTCVive/HTCViveController.ubulk" 979
"../../../Engine/Plugins/Runtime/OpenXR/Content/Devices/HTCVive/HTCViveController.uasset" 980
"../../../Engine/Plugins/Runtime/OpenXR/Content/Devices/HTCVive/HTCViveController.uexp" 981
"../../../Engine/Plugins/Runtime/OpenXR/Content/Devices/OculusGo/BaseTexture.ubulk" 982
"../../../Engine/Plugins/Runtime/OpenXR/Content/Devices/OculusGo/BaseTexture.uasset" 983
"../../../Engine/Plugins/Runtime/OpenXR/Content/Devices/OculusGo/BaseTexture.uexp" 984
"../../../Engine/Plugins/Runtime/OpenXR/Content/Devices/OculusGo/MI_OculusGo.uasset" 985
"../../../Engine/Plugins/Runtime/OpenXR/Content/Devices/OculusGo/MI_OculusGo.uexp" 986
"../../../Engine/Plugins/Runtime/OpenXR/Content/Devices/OculusGo/OculusGoController.ubulk" 987
"../../../Engine/Plugins/Runtime/OpenXR/Content/Devices/OculusGo/OculusGoController.uasset" 988
"../../../Engine/Plugins/Runtime/OpenXR/Content/Devices/OculusGo/OculusGoController.uexp" 989
"../../../Engine/Content/ArtTools/RenderToTexture/Meshes/S_1_Unit_Plane.ubulk" 990
"../../../Engine/Content/ArtTools/RenderToTexture/Meshes/S_1_Unit_Plane.uasset" 991
"../../../Engine/Content/ArtTools/RenderToTexture/Meshes/S_1_Unit_Plane.uexp" 992
"../../../Engine/Content/EngineMaterials/Substrate/GLints/AGlintTex2dArray.uasset" 993
"../../../Engine/Content/EngineMaterials/Substrate/GLints/AGlintTex2dArray.uexp" 994
"C:/Users/sina/Desktop/dev/DuyguUE/Content/VRTemplate/Input/Actions/IA_Shoot_Left.uasset" 995
"C:/Users/sina/Desktop/dev/DuyguUE/Content/VRTemplate/Input/Actions/IA_Shoot_Left.uexp" 996
"C:/Users/sina/Desktop/dev/DuyguUE/Content/VRTemplate/Input/IMC_Weapon_Left.uasset" 997
"C:/Users/sina/Desktop/dev/DuyguUE/Content/VRTemplate/Input/IMC_Weapon_Left.uexp" 998
"C:/Users/sina/Desktop/dev/DuyguUE/Content/VRTemplate/Input/Actions/IA_Shoot_Right.uasset" 999
"C:/Users/sina/Desktop/dev/DuyguUE/Content/VRTemplate/Input/Actions/IA_Shoot_Right.uexp" 1000
"C:/Users/sina/Desktop/dev/DuyguUE/Content/VRTemplate/Input/IMC_Weapon_Right.uasset" 1001
"C:/Users/sina/Desktop/dev/DuyguUE/Content/VRTemplate/Input/IMC_Weapon_Right.uexp" 1002
"../../../Engine/Content/EngineMaterials/Substrate/Glints2/AGlintTex2dArray2.uasset" 1003
"../../../Engine/Content/EngineMaterials/Substrate/Glints2/AGlintTex2dArray2.uexp" 1004
"../../../Engine/Content/EngineMaterials/Substrate/Volume/SubstrateSimpleVolumeEnvLUT3D.uasset" 1005
"../../../Engine/Content/EngineMaterials/Substrate/Volume/SubstrateSimpleVolumeEnvLUT3D.uexp" 1006
"../../../Engine/Content/EngineMaterials/Substrate/Volume/SubstrateSimpleVolumeLUT3D.uasset" 1007
"../../../Engine/Content/EngineMaterials/Substrate/Volume/SubstrateSimpleVolumeLUT3D.uexp" 1008
"../../../Engine/Content/Functions/Engine_MaterialFunctions01/Shading/ConvertFromDiffSpec.uasset" 1009
"../../../Engine/Content/Functions/Engine_MaterialFunctions01/Shading/ConvertFromDiffSpec.uexp" 1010
"../../../Engine/Content/Functions/Engine_MaterialFunctions01/Shading/PowerToRoughness.uasset" 1011
"../../../Engine/Content/Functions/Engine_MaterialFunctions01/Shading/PowerToRoughness.uexp" 1012
"../../../Engine/Plugins/Runtime/OpenXR/Content/Devices/MicrosoftMixedReality/BaseTexture.ubulk" 1013
"../../../Engine/Plugins/Runtime/OpenXR/Content/Devices/MicrosoftMixedReality/BaseTexture.uasset" 1014
"../../../Engine/Plugins/Runtime/OpenXR/Content/Devices/MicrosoftMixedReality/BaseTexture.uexp" 1015
"../../../Engine/Plugins/Runtime/OpenXR/Content/Devices/MicrosoftMixedReality/EmissiveTexture.ubulk" 1016
"../../../Engine/Plugins/Runtime/OpenXR/Content/Devices/MicrosoftMixedReality/EmissiveTexture.uasset" 1017
"../../../Engine/Plugins/Runtime/OpenXR/Content/Devices/MicrosoftMixedReality/EmissiveTexture.uexp" 1018
"../../../Engine/Plugins/Runtime/OpenXR/Content/Devices/MicrosoftMixedReality/MRTexture.ubulk" 1019
"../../../Engine/Plugins/Runtime/OpenXR/Content/Devices/MicrosoftMixedReality/MRTexture.uasset" 1020
"../../../Engine/Plugins/Runtime/OpenXR/Content/Devices/MicrosoftMixedReality/MRTexture.uexp" 1021
"../../../Engine/Plugins/Runtime/OpenXR/Content/Devices/MicrosoftMixedReality/NormalTexture.ubulk" 1022
"../../../Engine/Plugins/Runtime/OpenXR/Content/Devices/MicrosoftMixedReality/NormalTexture.uasset" 1023
"../../../Engine/Plugins/Runtime/OpenXR/Content/Devices/MicrosoftMixedReality/NormalTexture.uexp" 1024
"../../../Engine/Plugins/Runtime/OpenXR/Content/Devices/MicrosoftMixedReality/MI_MicrosoftMixedReality.uasset" 1025
"../../../Engine/Plugins/Runtime/OpenXR/Content/Devices/MicrosoftMixedReality/MI_MicrosoftMixedReality.uexp" 1026
"../../../Engine/Plugins/Runtime/OpenXR/Content/Devices/MicrosoftMixedReality/Left/left_MicrosoftMixedRealityController.ubulk" 1027
"../../../Engine/Plugins/Runtime/OpenXR/Content/Devices/MicrosoftMixedReality/Left/left_MicrosoftMixedRealityController.uasset" 1028
"../../../Engine/Plugins/Runtime/OpenXR/Content/Devices/MicrosoftMixedReality/Left/left_MicrosoftMixedRealityController.uexp" 1029
"../../../Engine/Plugins/Runtime/OpenXR/Content/Devices/MicrosoftMixedReality/Right/right_MicrosoftMixedRealityController.ubulk" 1030
"../../../Engine/Plugins/Runtime/OpenXR/Content/Devices/MicrosoftMixedReality/Right/right_MicrosoftMixedRealityController.uasset" 1031
"../../../Engine/Plugins/Runtime/OpenXR/Content/Devices/MicrosoftMixedReality/Right/right_MicrosoftMixedRealityController.uexp" 1032
"../../../Engine/Plugins/Runtime/OpenXR/Content/Devices/OculusTouch/BaseTexture.ubulk" 1033
"../../../Engine/Plugins/Runtime/OpenXR/Content/Devices/OculusTouch/BaseTexture.uasset" 1034
"../../../Engine/Plugins/Runtime/OpenXR/Content/Devices/OculusTouch/BaseTexture.uexp" 1035
"../../../Engine/Plugins/Runtime/OpenXR/Content/Devices/OculusTouch/MRTexture.ubulk" 1036
"../../../Engine/Plugins/Runtime/OpenXR/Content/Devices/OculusTouch/MRTexture.uasset" 1037
"../../../Engine/Plugins/Runtime/OpenXR/Content/Devices/OculusTouch/MRTexture.uexp" 1038
"../../../Engine/Plugins/Runtime/OpenXR/Content/Devices/OculusTouch/MI_OculusTouch.uasset" 1039
"../../../Engine/Plugins/Runtime/OpenXR/Content/Devices/OculusTouch/MI_OculusTouch.uexp" 1040
"../../../Engine/Plugins/Runtime/OpenXR/Content/Devices/OculusTouch/Left/left_OculusTouchController.ubulk" 1041
"../../../Engine/Plugins/Runtime/OpenXR/Content/Devices/OculusTouch/Left/left_OculusTouchController.uasset" 1042
"../../../Engine/Plugins/Runtime/OpenXR/Content/Devices/OculusTouch/Left/left_OculusTouchController.uexp" 1043
"../../../Engine/Plugins/Runtime/OpenXR/Content/Devices/OculusTouch/Right/right_OculusTouchController.ubulk" 1044
"../../../Engine/Plugins/Runtime/OpenXR/Content/Devices/OculusTouch/Right/right_OculusTouchController.uasset" 1045
"../../../Engine/Plugins/Runtime/OpenXR/Content/Devices/OculusTouch/Right/right_OculusTouchController.uexp" 1046
"../../../Engine/Plugins/Runtime/OpenXR/Content/Devices/OculusTouch_v2/BaseTexture.ubulk" 1047
"../../../Engine/Plugins/Runtime/OpenXR/Content/Devices/OculusTouch_v2/BaseTexture.uasset" 1048
"../../../Engine/Plugins/Runtime/OpenXR/Content/Devices/OculusTouch_v2/BaseTexture.uexp" 1049
"../../../Engine/Plugins/Runtime/OpenXR/Content/Devices/OculusTouch_v2/MRTexture.ubulk" 1050
"../../../Engine/Plugins/Runtime/OpenXR/Content/Devices/OculusTouch_v2/MRTexture.uasset" 1051
"../../../Engine/Plugins/Runtime/OpenXR/Content/Devices/OculusTouch_v2/MRTexture.uexp" 1052
"../../../Engine/Plugins/Runtime/OpenXR/Content/Devices/OculusTouch_v2/MI_OculusTouch_v2.uasset" 1053
"../../../Engine/Plugins/Runtime/OpenXR/Content/Devices/OculusTouch_v2/MI_OculusTouch_v2.uexp" 1054
"../../../Engine/Plugins/Runtime/OpenXR/Content/Devices/OculusTouch_v2/Left/left_OculusTouch_v2Controller.ubulk" 1055
"../../../Engine/Plugins/Runtime/OpenXR/Content/Devices/OculusTouch_v2/Left/left_OculusTouch_v2Controller.uasset" 1056
"../../../Engine/Plugins/Runtime/OpenXR/Content/Devices/OculusTouch_v2/Left/left_OculusTouch_v2Controller.uexp" 1057
"../../../Engine/Plugins/Runtime/OpenXR/Content/Devices/OculusTouch_v2/Right/right_OculusTouch_v2Controller.ubulk" 1058
"../../../Engine/Plugins/Runtime/OpenXR/Content/Devices/OculusTouch_v2/Right/right_OculusTouch_v2Controller.uasset" 1059
"../../../Engine/Plugins/Runtime/OpenXR/Content/Devices/OculusTouch_v2/Right/right_OculusTouch_v2Controller.uexp" 1060
"../../../Engine/Plugins/Runtime/OpenXR/Content/Devices/OculusTouch_v3/BaseTexture.ubulk" 1061
"../../../Engine/Plugins/Runtime/OpenXR/Content/Devices/OculusTouch_v3/BaseTexture.uasset" 1062
"../../../Engine/Plugins/Runtime/OpenXR/Content/Devices/OculusTouch_v3/BaseTexture.uexp" 1063
"../../../Engine/Plugins/Runtime/OpenXR/Content/Devices/OculusTouch_v3/MRTexture.ubulk" 1064
"../../../Engine/Plugins/Runtime/OpenXR/Content/Devices/OculusTouch_v3/MRTexture.uasset" 1065
"../../../Engine/Plugins/Runtime/OpenXR/Content/Devices/OculusTouch_v3/MRTexture.uexp" 1066
"../../../Engine/Plugins/Runtime/OpenXR/Content/Devices/OculusTouch_v3/MI_OculusTouch_v3.uasset" 1067
"../../../Engine/Plugins/Runtime/OpenXR/Content/Devices/OculusTouch_v3/MI_OculusTouch_v3.uexp" 1068
"../../../Engine/Plugins/Runtime/OpenXR/Content/Devices/OculusTouch_v3/Left/left_OculusTouch_v3Controller.ubulk" 1069
"../../../Engine/Plugins/Runtime/OpenXR/Content/Devices/OculusTouch_v3/Left/left_OculusTouch_v3Controller.uasset" 1070
"../../../Engine/Plugins/Runtime/OpenXR/Content/Devices/OculusTouch_v3/Left/left_OculusTouch_v3Controller.uexp" 1071
"../../../Engine/Plugins/Runtime/OpenXR/Content/Devices/OculusTouch_v3/Right/right_OculusTouch_v3Controller.ubulk" 1072
"../../../Engine/Plugins/Runtime/OpenXR/Content/Devices/OculusTouch_v3/Right/right_OculusTouch_v3Controller.uasset" 1073
"../../../Engine/Plugins/Runtime/OpenXR/Content/Devices/OculusTouch_v3/Right/right_OculusTouch_v3Controller.uexp" 1074
"../../../Engine/Plugins/Runtime/OpenXR/Content/Devices/ValveIndex/BaseTexture.ubulk" 1075
"../../../Engine/Plugins/Runtime/OpenXR/Content/Devices/ValveIndex/BaseTexture.uasset" 1076
"../../../Engine/Plugins/Runtime/OpenXR/Content/Devices/ValveIndex/BaseTexture.uexp" 1077
"../../../Engine/Plugins/Runtime/OpenXR/Content/Devices/ValveIndex/MRTexture.ubulk" 1078
"../../../Engine/Plugins/Runtime/OpenXR/Content/Devices/ValveIndex/MRTexture.uasset" 1079
"../../../Engine/Plugins/Runtime/OpenXR/Content/Devices/ValveIndex/MRTexture.uexp" 1080
"../../../Engine/Plugins/Runtime/OpenXR/Content/Devices/ValveIndex/Left/MI_left_ValveIndex.uasset" 1081
"../../../Engine/Plugins/Runtime/OpenXR/Content/Devices/ValveIndex/Left/MI_left_ValveIndex.uexp" 1082
"../../../Engine/Plugins/Runtime/OpenXR/Content/Devices/ValveIndex/Left/left_ValveIndexController.ubulk" 1083
"../../../Engine/Plugins/Runtime/OpenXR/Content/Devices/ValveIndex/Left/left_ValveIndexController.uasset" 1084
"../../../Engine/Plugins/Runtime/OpenXR/Content/Devices/ValveIndex/Left/left_ValveIndexController.uexp" 1085
"../../../Engine/Plugins/Runtime/OpenXR/Content/Devices/ValveIndex/Right/MI_right_ValveIndex.uasset" 1086
"../../../Engine/Plugins/Runtime/OpenXR/Content/Devices/ValveIndex/Right/MI_right_ValveIndex.uexp" 1087
"../../../Engine/Plugins/Runtime/OpenXR/Content/Devices/ValveIndex/Right/right_ValveIndexController.ubulk" 1088
"../../../Engine/Plugins/Runtime/OpenXR/Content/Devices/ValveIndex/Right/right_ValveIndexController.uasset" 1089
"../../../Engine/Plugins/Runtime/OpenXR/Content/Devices/ValveIndex/Right/right_ValveIndexController.uexp" 1090
"C:/Users/sina/Desktop/dev/DuyguUE/Content/MetaHumans/Common/Female/Medium/NormalWeight/Body/metahuman_base_skel.uasset" 1091
"C:/Users/sina/Desktop/dev/DuyguUE/Content/MetaHumans/Common/Female/Medium/NormalWeight/Body/metahuman_base_skel.uexp" 1092
"C:/Users/sina/Desktop/dev/DuyguUE/Content/MetaHumans/Common/Common/m_med_nrw_body_preview.uasset" 1093
"C:/Users/sina/Desktop/dev/DuyguUE/Content/MetaHumans/Common/Common/m_med_nrw_body_preview.uexp" 1094
"C:/Users/sina/Desktop/dev/DuyguUE/Content/MetaHumans/Common/Controls/M_RigControlActor_Black.uasset" 1095
"C:/Users/sina/Desktop/dev/DuyguUE/Content/MetaHumans/Common/Controls/M_RigControlActor_Black.uexp" 1096
"C:/Users/sina/Desktop/dev/DuyguUE/Content/MetaHumans/Common/Controls/convergence_3l.ubulk" 1097
"C:/Users/sina/Desktop/dev/DuyguUE/Content/MetaHumans/Common/Controls/convergence_3l.uasset" 1098
"C:/Users/sina/Desktop/dev/DuyguUE/Content/MetaHumans/Common/Controls/convergence_3l.uexp" 1099
"C:/Users/sina/Desktop/dev/DuyguUE/Content/MetaHumans/Common/Controls/faceboard_2x.ubulk" 1100
"C:/Users/sina/Desktop/dev/DuyguUE/Content/MetaHumans/Common/Controls/faceboard_2x.uasset" 1101
"C:/Users/sina/Desktop/dev/DuyguUE/Content/MetaHumans/Common/Controls/faceboard_2x.uexp" 1102
"C:/Users/sina/Desktop/dev/DuyguUE/Content/MetaHumans/Common/Controls/faceboard_followGrp.ubulk" 1103
"C:/Users/sina/Desktop/dev/DuyguUE/Content/MetaHumans/Common/Controls/faceboard_followGrp.uasset" 1104
"C:/Users/sina/Desktop/dev/DuyguUE/Content/MetaHumans/Common/Controls/faceboard_followGrp.uexp" 1105
"C:/Users/sina/Desktop/dev/DuyguUE/Content/MetaHumans/Common/Controls/SM_MetaHuman_Faceboard_2x.ubulk" 1106
"C:/Users/sina/Desktop/dev/DuyguUE/Content/MetaHumans/Common/Controls/SM_MetaHuman_Faceboard_2x.uasset" 1107
"C:/Users/sina/Desktop/dev/DuyguUE/Content/MetaHumans/Common/Controls/SM_MetaHuman_Faceboard_2x.uexp" 1108
"C:/Users/sina/Desktop/dev/DuyguUE/Content/MetaHumans/Common/Controls/SM_MetaHuman_Faceboard_Convergence.ubulk" 1109
"C:/Users/sina/Desktop/dev/DuyguUE/Content/MetaHumans/Common/Controls/SM_MetaHuman_Faceboard_Convergence.uasset" 1110
"C:/Users/sina/Desktop/dev/DuyguUE/Content/MetaHumans/Common/Controls/SM_MetaHuman_Faceboard_Convergence.uexp" 1111
"C:/Users/sina/Desktop/dev/DuyguUE/Content/MetaHumans/Common/Controls/SM_MetaHuman_Faceboard_FollowGrp.ubulk" 1112
"C:/Users/sina/Desktop/dev/DuyguUE/Content/MetaHumans/Common/Controls/SM_MetaHuman_Faceboard_FollowGrp.uasset" 1113
"C:/Users/sina/Desktop/dev/DuyguUE/Content/MetaHumans/Common/Controls/SM_MetaHuman_Faceboard_FollowGrp.uexp" 1114
"C:/Users/sina/Desktop/dev/DuyguUE/Content/MetaHumans/Common/Face/Face_Archetype_Skeleton.uasset" 1115
"C:/Users/sina/Desktop/dev/DuyguUE/Content/MetaHumans/Common/Face/Face_Archetype_Skeleton.uexp" 1116
"C:/Users/sina/Desktop/dev/DuyguUE/Content/MetaHumans/Common/Face/PHYS_Face.uasset" 1117
"C:/Users/sina/Desktop/dev/DuyguUE/Content/MetaHumans/Common/Face/PHYS_Face.uexp" 1118
"C:/Users/sina/Desktop/dev/DuyguUE/Content/MetaHumans/Common/Textures/T_Gray_Eyes_D.ubulk" 1119
"C:/Users/sina/Desktop/dev/DuyguUE/Content/MetaHumans/Common/Textures/T_Gray_Eyes_D.uasset" 1120
"C:/Users/sina/Desktop/dev/DuyguUE/Content/MetaHumans/Common/Textures/T_Gray_Eyes_D.uexp" 1121
"C:/Users/sina/Desktop/dev/DuyguUE/Content/MetaHumans/Common/Materials/M_GrayTexture_Eyes.uasset" 1122
"C:/Users/sina/Desktop/dev/DuyguUE/Content/MetaHumans/Common/Materials/M_GrayTexture_Eyes.uexp" 1123
"C:/Users/sina/Desktop/dev/DuyguUE/Content/MetaHumans/Common/Textures/T_Gray_N.uasset" 1124
"C:/Users/sina/Desktop/dev/DuyguUE/Content/MetaHumans/Common/Textures/T_Gray_N.uexp" 1125
"C:/Users/sina/Desktop/dev/DuyguUE/Content/MetaHumans/Common/Materials/MF_GrayNormal.uasset" 1126
"C:/Users/sina/Desktop/dev/DuyguUE/Content/MetaHumans/Common/Materials/MF_GrayNormal.uexp" 1127
"C:/Users/sina/Desktop/dev/DuyguUE/Content/MetaHumans/Common/Textures/T_Gray_Head_D.ubulk" 1128
"C:/Users/sina/Desktop/dev/DuyguUE/Content/MetaHumans/Common/Textures/T_Gray_Head_D.uasset" 1129
"C:/Users/sina/Desktop/dev/DuyguUE/Content/MetaHumans/Common/Textures/T_Gray_Head_D.uexp" 1130
"C:/Users/sina/Desktop/dev/DuyguUE/Content/MetaHumans/Common/Materials/M_GrayTexture_Head.uasset" 1131
"C:/Users/sina/Desktop/dev/DuyguUE/Content/MetaHumans/Common/Materials/M_GrayTexture_Head.uexp" 1132
"C:/Users/sina/Desktop/dev/DuyguUE/Content/MetaHumans/Common/Textures/T_Gray_Teeth_D.ubulk" 1133
"C:/Users/sina/Desktop/dev/DuyguUE/Content/MetaHumans/Common/Textures/T_Gray_Teeth_D.uasset" 1134
"C:/Users/sina/Desktop/dev/DuyguUE/Content/MetaHumans/Common/Textures/T_Gray_Teeth_D.uexp" 1135
"C:/Users/sina/Desktop/dev/DuyguUE/Content/MetaHumans/Common/Materials/M_GrayTexture_Teeth.uasset" 1136
"C:/Users/sina/Desktop/dev/DuyguUE/Content/MetaHumans/Common/Materials/M_GrayTexture_Teeth.uexp" 1137
"C:/Users/sina/Desktop/dev/DuyguUE/Content/MetaHumans/Common/Materials/M_Hide.uasset" 1138
"C:/Users/sina/Desktop/dev/DuyguUE/Content/MetaHumans/Common/Materials/M_Hide.uexp" 1139
"C:/Users/sina/Desktop/dev/DuyguUE/Content/MetaHumans/Common/Face/SKM_Face.uasset" 1140
"C:/Users/sina/Desktop/dev/DuyguUE/Content/MetaHumans/Common/Face/SKM_Face.uexp" 1141
"../../../Engine/Plugins/Animation/ControlRig/Content/Controls/DefaultGizmoLibraryNormalized.uasset" 1142
"../../../Engine/Plugins/Animation/ControlRig/Content/Controls/DefaultGizmoLibraryNormalized.uexp" 1143
"C:/Users/sina/Desktop/dev/DuyguUE/Content/MetaHumans/Common/Shared/Animation/CR_PlaceHolder.uasset" 1144
"C:/Users/sina/Desktop/dev/DuyguUE/Content/MetaHumans/Common/Shared/Animation/CR_PlaceHolder.uexp" 1145
"C:/Users/sina/Desktop/dev/DuyguUE/Content/MetaHumans/Common/Shared/Animation/ABP_Clothing_PostProcess.uasset" 1146
"C:/Users/sina/Desktop/dev/DuyguUE/Content/MetaHumans/Common/Shared/Animation/ABP_Clothing_PostProcess.uexp" 1147
"C:/Users/sina/Desktop/dev/DuyguUE/Content/MetaHumans/Common/Common/Animation/Retargeting/RTG_MetaHuman_m_med_nrw.uasset" 1148
"C:/Users/sina/Desktop/dev/DuyguUE/Content/MetaHumans/Common/Common/Animation/Retargeting/RTG_MetaHuman_m_med_nrw.uexp" 1149
"C:/Users/sina/Desktop/dev/DuyguUE/Content/MetaHumans/Common/Common/Animation/Retargeting/ABP_MetaHuman_m_med_nrw_Retargeting.uasset" 1150
"C:/Users/sina/Desktop/dev/DuyguUE/Content/MetaHumans/Common/Common/Animation/Retargeting/ABP_MetaHuman_m_med_nrw_Retargeting.uexp" 1151
"C:/Users/sina/Desktop/dev/DuyguUE/Content/MetaHumans/Common/Common/Animation/Retargeting/IK_MetaHuman_m_med_nrw.uasset" 1152
"C:/Users/sina/Desktop/dev/DuyguUE/Content/MetaHumans/Common/Common/Animation/Retargeting/IK_MetaHuman_m_med_nrw.uexp" 1153
"../../../Engine/Plugins/2D/Paper2D/Content/DefaultSpriteMaterial.uasset" 1154
"../../../Engine/Plugins/2D/Paper2D/Content/DefaultSpriteMaterial.uexp" 1155
"../../../Engine/Plugins/2D/Paper2D/Content/MaskedUnlitSpriteMaterial.uasset" 1156
"../../../Engine/Plugins/2D/Paper2D/Content/MaskedUnlitSpriteMaterial.uexp" 1157
"../../../Engine/Plugins/2D/Paper2D/Content/OpaqueUnlitSpriteMaterial.uasset" 1158
"../../../Engine/Plugins/2D/Paper2D/Content/OpaqueUnlitSpriteMaterial.uexp" 1159
"../../../Engine/Plugins/Animation/ControlRig/Content/M_Manip.uasset" 1160
"../../../Engine/Plugins/Animation/ControlRig/Content/M_Manip.uexp" 1161
"../../../Engine/Content/BasicShapes/Plane.ubulk" 1162
"../../../Engine/Content/BasicShapes/Plane.uasset" 1163
"../../../Engine/Content/BasicShapes/Plane.uexp" 1164
"../../../Engine/Plugins/Media/MediaFrameworkUtilities/Content/T_VideoInputFailed.uasset" 1165
"../../../Engine/Plugins/Media/MediaFrameworkUtilities/Content/T_VideoInputFailed.uexp" 1166
"../../../Engine/Plugins/Compositing/OpenCVLensDistortion/Content/Materials/MF_UVLensDisplacement.uasset" 1167
"../../../Engine/Plugins/Compositing/OpenCVLensDistortion/Content/Materials/MF_UVLensDisplacement.uexp" 1168
"../../../Engine/Plugins/Compositing/OpenCVLensDistortion/Content/Materials/MF_UVOutOfBoundMask.uasset" 1169
"../../../Engine/Plugins/Compositing/OpenCVLensDistortion/Content/Materials/MF_UVOutOfBoundMask.uexp" 1170
"../../../Engine/Content/Functions/Engine_MaterialFunctions01/Chromakeying/DespillByAvg.uasset" 1171
"../../../Engine/Content/Functions/Engine_MaterialFunctions01/Chromakeying/DespillByAvg.uexp" 1172
"../../../Engine/Content/Functions/Engine_MaterialFunctions01/Chromakeying/DespillManual.uasset" 1173
"../../../Engine/Content/Functions/Engine_MaterialFunctions01/Chromakeying/DespillManual.uexp" 1174
"../../../Engine/Content/Functions/Engine_MaterialFunctions02/HueShift.uasset" 1175
"../../../Engine/Content/Functions/Engine_MaterialFunctions02/HueShift.uexp" 1176
"../../../Engine/Content/Functions/Engine_MaterialFunctions01/ImageAdjustment/SCurve.uasset" 1177
"../../../Engine/Content/Functions/Engine_MaterialFunctions01/ImageAdjustment/SCurve.uexp" 1178
"../../../Engine/Content/Functions/Engine_MaterialFunctions01/ImageAdjustment/ColorCorrection.uasset" 1179
"../../../Engine/Content/Functions/Engine_MaterialFunctions01/ImageAdjustment/ColorCorrection.uexp" 1180
"../../../Engine/Content/Functions/Engine_MaterialFunctions01/Opacity/Chroma_Key_Alpha.uasset" 1181
"../../../Engine/Content/Functions/Engine_MaterialFunctions01/Opacity/Chroma_Key_Alpha.uexp" 1182
"../../../Engine/Content/Functions/Engine_MaterialFunctions01/Texturing/UVCropping.uasset" 1183
"../../../Engine/Content/Functions/Engine_MaterialFunctions01/Texturing/UVCropping.uexp" 1184
"../../../Engine/Content/MaterialTemplates/Chromakeying/MF_Chromakeyer.uasset" 1185
"../../../Engine/Content/MaterialTemplates/Chromakeying/MF_Chromakeyer.uexp" 1186
"../../../Engine/Plugins/Media/MediaFrameworkUtilities/Content/T_DefaultMedia.uasset" 1187
"../../../Engine/Plugins/Media/MediaFrameworkUtilities/Content/T_DefaultMedia.uexp" 1188
"../../../Engine/Plugins/Media/MediaFrameworkUtilities/Content/M_DefaultMedia.uasset" 1189
"../../../Engine/Plugins/Media/MediaFrameworkUtilities/Content/M_DefaultMedia.uexp" 1190
"../../../Engine/Plugins/Media/MediaFrameworkUtilities/Content/BP_MediaBundle_Plane_16-9.uasset" 1191
"../../../Engine/Plugins/Media/MediaFrameworkUtilities/Content/BP_MediaBundle_Plane_16-9.uexp" 1192
"../../../Engine/Plugins/Media/MediaFrameworkUtilities/Content/T_DefaultBundle.uasset" 1193
"../../../Engine/Plugins/Media/MediaFrameworkUtilities/Content/T_DefaultBundle.uexp" 1194
"../../../Engine/Plugins/Media/MediaFrameworkUtilities/Content/M_BaseMediaBundle.uasset" 1195
"../../../Engine/Plugins/Media/MediaFrameworkUtilities/Content/M_BaseMediaBundle.uexp" 1196
"../../../Engine/Plugins/Media/MediaPlate/Content/SM_MediaPlateScreen.ubulk" 1197
"../../../Engine/Plugins/Media/MediaPlate/Content/SM_MediaPlateScreen.uasset" 1198
"../../../Engine/Plugins/Media/MediaPlate/Content/SM_MediaPlateScreen.uexp" 1199
"../../../Engine/Plugins/NNE/NNEDenoiser/Content/NNEDIM_ColorAlbedoNormal_Alpha.uasset" 1200
"../../../Engine/Plugins/NNE/NNEDenoiser/Content/NNEDIM_ColorAlbedoNormal_Alpha.uexp" 1201
"../../../Engine/Plugins/NNE/NNEDenoiser/Content/NNEDIM_ColorAlbedoNormal_Default.uasset" 1202
"../../../Engine/Plugins/NNE/NNEDenoiser/Content/NNEDIM_ColorAlbedoNormal_Default.uexp" 1203
"../../../Engine/Plugins/NNE/NNEDenoiser/Content/NNEDIM_HighQuality_Alpha.uasset" 1204
"../../../Engine/Plugins/NNE/NNEDenoiser/Content/NNEDIM_HighQuality_Alpha.uexp" 1205
"../../../Engine/Plugins/NNE/NNEDenoiser/Content/NNEDIM_HighQuality_Default.uasset" 1206
"../../../Engine/Plugins/NNE/NNEDenoiser/Content/NNEDIM_HighQuality_Default.uexp" 1207
"../../../Engine/Plugins/NNE/NNEDenoiser/Content/NNEDOM_Output_Alpha.uasset" 1208
"../../../Engine/Plugins/NNE/NNEDenoiser/Content/NNEDOM_Output_Alpha.uexp" 1209
"../../../Engine/Plugins/NNE/NNEDenoiser/Content/NNEDOM_Output_Default.uasset" 1210
"../../../Engine/Plugins/NNE/NNEDenoiser/Content/NNEDOM_Output_Default.uexp" 1211
"../../../Engine/Plugins/NNE/NNEDenoiser/Content/NNEDTIM_ColorAlbedoNormal_Alpha.uasset" 1212
"../../../Engine/Plugins/NNE/NNEDenoiser/Content/NNEDTIM_ColorAlbedoNormal_Alpha.uexp" 1213
"../../../Engine/Plugins/NNE/NNEDenoiser/Content/NNEDTIM_ColorAlbedoNormal_Default.uasset" 1214
"../../../Engine/Plugins/NNE/NNEDenoiser/Content/NNEDTIM_ColorAlbedoNormal_Default.uexp" 1215
"../../../Engine/Plugins/NNE/NNEDenoiser/Content/NNEDTOM_Output_Alpha.uasset" 1216
"../../../Engine/Plugins/NNE/NNEDenoiser/Content/NNEDTOM_Output_Alpha.uexp" 1217
"../../../Engine/Plugins/NNE/NNEDenoiser/Content/NNEDTOM_Output_Default.uasset" 1218
"../../../Engine/Plugins/NNE/NNEDenoiser/Content/NNEDTOM_Output_Default.uexp" 1219
"../../../Engine/Plugins/NNE/NNEDenoiser/Content/NNEDT_Oidn2-3_Balanced.uasset" 1220
"../../../Engine/Plugins/NNE/NNEDenoiser/Content/NNEDT_Oidn2-3_Balanced.uexp" 1221
"../../../Engine/Plugins/NNE/NNEDenoiser/Content/NNEDT_Oidn2-3_Balanced_Alpha.uasset" 1222
"../../../Engine/Plugins/NNE/NNEDenoiser/Content/NNEDT_Oidn2-3_Balanced_Alpha.uexp" 1223
"../../../Engine/Plugins/NNE/NNEDenoiser/Content/NNED_Oidn2-3_Balanced.uasset" 1224
"../../../Engine/Plugins/NNE/NNEDenoiser/Content/NNED_Oidn2-3_Balanced.uexp" 1225
"../../../Engine/Plugins/NNE/NNEDenoiser/Content/NNED_Oidn2-3_Balanced_Alpha.uasset" 1226
"../../../Engine/Plugins/NNE/NNEDenoiser/Content/NNED_Oidn2-3_Balanced_Alpha.uexp" 1227
"../../../Engine/Plugins/NNE/NNEDenoiser/Content/NNED_Oidn2-3_Fast.uasset" 1228
"../../../Engine/Plugins/NNE/NNEDenoiser/Content/NNED_Oidn2-3_Fast.uexp" 1229
"../../../Engine/Plugins/NNE/NNEDenoiser/Content/NNED_Oidn2-3_Fast_Alpha.uasset" 1230
"../../../Engine/Plugins/NNE/NNEDenoiser/Content/NNED_Oidn2-3_Fast_Alpha.uexp" 1231
"../../../Engine/Plugins/NNE/NNEDenoiser/Content/NNED_Oidn2-3_HighQuality.uasset" 1232
"../../../Engine/Plugins/NNE/NNEDenoiser/Content/NNED_Oidn2-3_HighQuality.uexp" 1233
"../../../Engine/Plugins/NNE/NNEDenoiser/Content/NNED_Oidn2-3_HighQuality_Alpha.uasset" 1234
"../../../Engine/Plugins/NNE/NNEDenoiser/Content/NNED_Oidn2-3_HighQuality_Alpha.uexp" 1235
"../../../Engine/Plugins/NNE/NNEDenoiser/Content/NNE_oidn2-3-0_rt_hdr_alb_nrm_small__dyn__fp16_opset11_DenoiseAlpha.uasset" 1236
"../../../Engine/Plugins/NNE/NNEDenoiser/Content/NNE_oidn2-3-0_rt_hdr_alb_nrm_small__dyn__fp16_opset11_DenoiseAlpha.uexp" 1237
"../../../Engine/Plugins/NNE/NNEDenoiser/Content/NNE_oidn2-3-0_rt_hdr_alb_nrm_small__dyn__fp16_opset11_ForwardAlpha.uasset" 1238
"../../../Engine/Plugins/NNE/NNEDenoiser/Content/NNE_oidn2-3-0_rt_hdr_alb_nrm_small__dyn__fp16_opset11_ForwardAlpha.uexp" 1239
"../../../Engine/Plugins/NNE/NNEDenoiser/Content/NNE_oidn2-3-0_rt_hdr_alb_nrm__dyn__fp16_opset11_DenoiseAlpha.uasset" 1240
"../../../Engine/Plugins/NNE/NNEDenoiser/Content/NNE_oidn2-3-0_rt_hdr_alb_nrm__dyn__fp16_opset11_DenoiseAlpha.uexp" 1241
"../../../Engine/Plugins/NNE/NNEDenoiser/Content/NNE_oidn2-3-0_rt_hdr_alb_nrm__dyn__fp16_opset11_ForwardAlpha.uasset" 1242
"../../../Engine/Plugins/NNE/NNEDenoiser/Content/NNE_oidn2-3-0_rt_hdr_alb_nrm__dyn__fp16_opset11_ForwardAlpha.uexp" 1243
"../../../Engine/Plugins/NNE/NNEDenoiser/Content/NNE_oidn2-3-0_rt_hdr_calb_cnrm_large__dyn__fp16_opset11_DenoiseAlpha.uasset" 1244
"../../../Engine/Plugins/NNE/NNEDenoiser/Content/NNE_oidn2-3-0_rt_hdr_calb_cnrm_large__dyn__fp16_opset11_DenoiseAlpha.uexp" 1245
"../../../Engine/Plugins/NNE/NNEDenoiser/Content/NNE_oidn2-3-0_rt_hdr_calb_cnrm_large__dyn__fp16_opset11_ForwardAlpha.uasset" 1246
"../../../Engine/Plugins/NNE/NNEDenoiser/Content/NNE_oidn2-3-0_rt_hdr_calb_cnrm_large__dyn__fp16_opset11_ForwardAlpha.uexp" 1247
"../../../Engine/Plugins/Runtime/AR/AppleAR/AppleARKit/Content/M_OcclusionOverlay.uasset" 1248
"../../../Engine/Plugins/Runtime/AR/AppleAR/AppleARKit/Content/M_OcclusionOverlay.uexp" 1249
"../../../Engine/Plugins/Runtime/AR/AppleAR/AppleARKit/Content/MI_DepthOcclusionOverlay.uasset" 1250
"../../../Engine/Plugins/Runtime/AR/AppleAR/AppleARKit/Content/MI_DepthOcclusionOverlay.uexp" 1251
"../../../Engine/Plugins/Runtime/AR/AppleAR/AppleARKit/Content/MI_MatteOcclusionOverlay.uasset" 1252
"../../../Engine/Plugins/Runtime/AR/AppleAR/AppleARKit/Content/MI_MatteOcclusionOverlay.uexp" 1253
"../../../Engine/Plugins/Runtime/AR/AppleAR/AppleARKit/Content/M_SceneDepthOcclusion.uasset" 1254
"../../../Engine/Plugins/Runtime/AR/AppleAR/AppleARKit/Content/M_SceneDepthOcclusion.uexp" 1255
"../../../Engine/Content/Maps/Entry_BuiltData.uasset" 1256
"../../../Engine/Content/Maps/Entry_BuiltData.uexp" 1257
"../../../Engine/Content/Maps/Entry.uexp" 1258
"../../../Engine/Content/Maps/Entry.umap" 1259
"../../../Engine/Content/EngineMaterials/Widget3DPassThrough_Translucent.uasset" 1260
"../../../Engine/Content/EngineMaterials/Widget3DPassThrough_Translucent.uexp" 1261
"../../../Engine/Content/EngineMaterials/Widget3DPassThrough_Translucent_OneSided.uasset" 1262
"../../../Engine/Content/EngineMaterials/Widget3DPassThrough_Translucent_OneSided.uexp" 1263
"../../../Engine/Content/Animation/DefaultAnimCurveCompressionSettings.uasset" 1264
"../../../Engine/Content/Animation/DefaultAnimCurveCompressionSettings.uexp" 1265
"../../../Engine/Content/Animation/DefaultRecorderBoneCompression.uasset" 1266
"../../../Engine/Content/Animation/DefaultRecorderBoneCompression.uexp" 1267
"C:/Users/sina/Desktop/dev/DuyguUE/Content/Characters/MannequinsXR/Meshes/SK_MannequinsXR.uasset" 1268
"C:/Users/sina/Desktop/dev/DuyguUE/Content/Characters/MannequinsXR/Meshes/SK_MannequinsXR.uexp" 1269
"C:/Users/sina/Desktop/dev/DuyguUE/Content/Characters/MannequinsXR/Animations/A_MannequinsXR_Grasp_Right.uasset" 1270
"C:/Users/sina/Desktop/dev/DuyguUE/Content/Characters/MannequinsXR/Animations/A_MannequinsXR_Grasp_Right.uexp" 1271
"C:/Users/sina/Desktop/dev/DuyguUE/Content/Characters/MannequinsXR/Animations/A_MannequinsXR_Idle_Right.uasset" 1272
"C:/Users/sina/Desktop/dev/DuyguUE/Content/Characters/MannequinsXR/Animations/A_MannequinsXR_Idle_Right.uexp" 1273
"C:/Users/sina/Desktop/dev/DuyguUE/Content/Characters/MannequinsXR/Animations/A_MannequinsXR_IndexCurl_Right.uasset" 1274
"C:/Users/sina/Desktop/dev/DuyguUE/Content/Characters/MannequinsXR/Animations/A_MannequinsXR_IndexCurl_Right.uexp" 1275
"C:/Users/sina/Desktop/dev/DuyguUE/Content/Characters/MannequinsXR/Animations/A_MannequinsXR_Point_Right.uasset" 1276
"C:/Users/sina/Desktop/dev/DuyguUE/Content/Characters/MannequinsXR/Animations/A_MannequinsXR_Point_Right.uexp" 1277
"C:/Users/sina/Desktop/dev/DuyguUE/Content/Characters/MannequinsXR/Animations/A_MannequinsXR_ThumbUp_Right.uasset" 1278
"C:/Users/sina/Desktop/dev/DuyguUE/Content/Characters/MannequinsXR/Animations/A_MannequinsXR_ThumbUp_Right.uexp" 1279
"C:/Users/sina/Desktop/dev/DuyguUE/Content/Characters/MannequinsXR/Animations/MDT_MannequinsXR.uasset" 1280
"C:/Users/sina/Desktop/dev/DuyguUE/Content/Characters/MannequinsXR/Animations/MDT_MannequinsXR.uexp" 1281
"C:/Users/sina/Desktop/dev/DuyguUE/Content/Characters/MannequinsXR/Meshes/ABP_MannequinsXR.uasset" 1282
"C:/Users/sina/Desktop/dev/DuyguUE/Content/Characters/MannequinsXR/Meshes/ABP_MannequinsXR.uexp" 1283
"C:/Users/sina/Desktop/dev/DuyguUE/Content/Characters/MannequinsXR/Textures/Manny/T_Manny_02_ASAOPMASK_MSK.ubulk" 1284
"C:/Users/sina/Desktop/dev/DuyguUE/Content/Characters/MannequinsXR/Textures/Manny/T_Manny_02_ASAOPMASK_MSK.uasset" 1285
"C:/Users/sina/Desktop/dev/DuyguUE/Content/Characters/MannequinsXR/Textures/Manny/T_Manny_02_ASAOPMASK_MSK.uexp" 1286
"C:/Users/sina/Desktop/dev/DuyguUE/Content/Characters/MannequinsXR/Textures/Manny/T_Manny_02_BN.ubulk" 1287
"C:/Users/sina/Desktop/dev/DuyguUE/Content/Characters/MannequinsXR/Textures/Manny/T_Manny_02_BN.uasset" 1288
"C:/Users/sina/Desktop/dev/DuyguUE/Content/Characters/MannequinsXR/Textures/Manny/T_Manny_02_BN.uexp" 1289
"C:/Users/sina/Desktop/dev/DuyguUE/Content/Characters/MannequinsXR/Textures/Manny/T_Manny_02_CCRCCPlastic_MSK.ubulk" 1290
"C:/Users/sina/Desktop/dev/DuyguUE/Content/Characters/MannequinsXR/Textures/Manny/T_Manny_02_CCRCCPlastic_MSK.uasset" 1291
"C:/Users/sina/Desktop/dev/DuyguUE/Content/Characters/MannequinsXR/Textures/Manny/T_Manny_02_CCRCCPlastic_MSK.uexp" 1292
"C:/Users/sina/Desktop/dev/DuyguUE/Content/Characters/MannequinsXR/Textures/Manny/T_Manny_02_D.ubulk" 1293
"C:/Users/sina/Desktop/dev/DuyguUE/Content/Characters/MannequinsXR/Textures/Manny/T_Manny_02_D.uasset" 1294
"C:/Users/sina/Desktop/dev/DuyguUE/Content/Characters/MannequinsXR/Textures/Manny/T_Manny_02_D.uexp" 1295
"C:/Users/sina/Desktop/dev/DuyguUE/Content/Characters/MannequinsXR/Textures/Manny/T_Manny_02_MSR_MSK.ubulk" 1296
"C:/Users/sina/Desktop/dev/DuyguUE/Content/Characters/MannequinsXR/Textures/Manny/T_Manny_02_MSR_MSK.uasset" 1297
"C:/Users/sina/Desktop/dev/DuyguUE/Content/Characters/MannequinsXR/Textures/Manny/T_Manny_02_MSR_MSK.uexp" 1298
"C:/Users/sina/Desktop/dev/DuyguUE/Content/Characters/MannequinsXR/Textures/Manny/T_Manny_02_N.ubulk" 1299
"C:/Users/sina/Desktop/dev/DuyguUE/Content/Characters/MannequinsXR/Textures/Manny/T_Manny_02_N.uasset" 1300
"C:/Users/sina/Desktop/dev/DuyguUE/Content/Characters/MannequinsXR/Textures/Manny/T_Manny_02_N.uexp" 1301
"C:/Users/sina/Desktop/dev/DuyguUE/Content/Characters/MannequinsXR/Textures/Manny/T_Manny_02_Tan.ubulk" 1302
"C:/Users/sina/Desktop/dev/DuyguUE/Content/Characters/MannequinsXR/Textures/Manny/T_Manny_02_Tan.uasset" 1303
"C:/Users/sina/Desktop/dev/DuyguUE/Content/Characters/MannequinsXR/Textures/Manny/T_Manny_02_Tan.uexp" 1304
"C:/Users/sina/Desktop/dev/DuyguUE/Content/Characters/MannequinsXR/Materials/Functions/ChromaticCurve.uasset" 1305
"C:/Users/sina/Desktop/dev/DuyguUE/Content/Characters/MannequinsXR/Materials/Functions/ChromaticCurve.uexp" 1306
"C:/Users/sina/Desktop/dev/DuyguUE/Content/Characters/MannequinsXR/Materials/Functions/CA_Mannequin.uasset" 1307
"C:/Users/sina/Desktop/dev/DuyguUE/Content/Characters/MannequinsXR/Materials/Functions/CA_Mannequin.uexp" 1308
"C:/Users/sina/Desktop/dev/DuyguUE/Content/Characters/MannequinsXR/Materials/Functions/MF_Diffraction.uasset" 1309
"C:/Users/sina/Desktop/dev/DuyguUE/Content/Characters/MannequinsXR/Materials/Functions/MF_Diffraction.uexp" 1310
"C:/Users/sina/Desktop/dev/DuyguUE/Content/Characters/MannequinsXR/Textures/Shared/T_UE_Logo_M.uasset" 1311
"C:/Users/sina/Desktop/dev/DuyguUE/Content/Characters/MannequinsXR/Textures/Shared/T_UE_Logo_M.uexp" 1312
"C:/Users/sina/Desktop/dev/DuyguUE/Content/Characters/MannequinsXR/Materials/Functions/MF_logo3layers.uasset" 1313
"C:/Users/sina/Desktop/dev/DuyguUE/Content/Characters/MannequinsXR/Materials/Functions/MF_logo3layers.uexp" 1314
"C:/Users/sina/Desktop/dev/DuyguUE/Content/Characters/MannequinsXR/Materials/Functions/ML_BaseColorFallOff.uasset" 1315
"C:/Users/sina/Desktop/dev/DuyguUE/Content/Characters/MannequinsXR/Materials/Functions/ML_BaseColorFallOff.uexp" 1316
"C:/Users/sina/Desktop/dev/DuyguUE/Content/Characters/MannequinsXR/Textures/Manny/T_Manny_01_ASAOPMASK_MSK.ubulk" 1317
"C:/Users/sina/Desktop/dev/DuyguUE/Content/Characters/MannequinsXR/Textures/Manny/T_Manny_01_ASAOPMASK_MSK.uasset" 1318
"C:/Users/sina/Desktop/dev/DuyguUE/Content/Characters/MannequinsXR/Textures/Manny/T_Manny_01_ASAOPMASK_MSK.uexp" 1319
"C:/Users/sina/Desktop/dev/DuyguUE/Content/Characters/MannequinsXR/Textures/Manny/T_Manny_01_BN.ubulk" 1320
"C:/Users/sina/Desktop/dev/DuyguUE/Content/Characters/MannequinsXR/Textures/Manny/T_Manny_01_BN.uasset" 1321
"C:/Users/sina/Desktop/dev/DuyguUE/Content/Characters/MannequinsXR/Textures/Manny/T_Manny_01_BN.uexp" 1322
"C:/Users/sina/Desktop/dev/DuyguUE/Content/Characters/MannequinsXR/Textures/Manny/T_Manny_01_CCRCCPlastic_MSK.ubulk" 1323
"C:/Users/sina/Desktop/dev/DuyguUE/Content/Characters/MannequinsXR/Textures/Manny/T_Manny_01_CCRCCPlastic_MSK.uasset" 1324
"C:/Users/sina/Desktop/dev/DuyguUE/Content/Characters/MannequinsXR/Textures/Manny/T_Manny_01_CCRCCPlastic_MSK.uexp" 1325
"C:/Users/sina/Desktop/dev/DuyguUE/Content/Characters/MannequinsXR/Textures/Manny/T_Manny_01_D.ubulk" 1326
"C:/Users/sina/Desktop/dev/DuyguUE/Content/Characters/MannequinsXR/Textures/Manny/T_Manny_01_D.uasset" 1327
"C:/Users/sina/Desktop/dev/DuyguUE/Content/Characters/MannequinsXR/Textures/Manny/T_Manny_01_D.uexp" 1328
"C:/Users/sina/Desktop/dev/DuyguUE/Content/Characters/MannequinsXR/Textures/Manny/T_Manny_01_MSR_MSK.ubulk" 1329
"C:/Users/sina/Desktop/dev/DuyguUE/Content/Characters/MannequinsXR/Textures/Manny/T_Manny_01_MSR_MSK.uasset" 1330
"C:/Users/sina/Desktop/dev/DuyguUE/Content/Characters/MannequinsXR/Textures/Manny/T_Manny_01_MSR_MSK.uexp" 1331
"C:/Users/sina/Desktop/dev/DuyguUE/Content/Characters/MannequinsXR/Textures/Manny/T_Manny_01_N.ubulk" 1332
"C:/Users/sina/Desktop/dev/DuyguUE/Content/Characters/MannequinsXR/Textures/Manny/T_Manny_01_N.uasset" 1333
"C:/Users/sina/Desktop/dev/DuyguUE/Content/Characters/MannequinsXR/Textures/Manny/T_Manny_01_N.uexp" 1334
"C:/Users/sina/Desktop/dev/DuyguUE/Content/Characters/MannequinsXR/Textures/Manny/T_Manny_01_Tan.ubulk" 1335
"C:/Users/sina/Desktop/dev/DuyguUE/Content/Characters/MannequinsXR/Textures/Manny/T_Manny_01_Tan.uasset" 1336
"C:/Users/sina/Desktop/dev/DuyguUE/Content/Characters/MannequinsXR/Textures/Manny/T_Manny_01_Tan.uexp" 1337
"C:/Users/sina/Desktop/dev/DuyguUE/Content/Characters/MannequinsXR/Materials/M_Mannequin.uasset" 1338
"C:/Users/sina/Desktop/dev/DuyguUE/Content/Characters/MannequinsXR/Materials/M_Mannequin.uexp" 1339
"C:/Users/sina/Desktop/dev/DuyguUE/Content/Characters/MannequinsXR/Materials/Instances/Manny/MI_Manny_01.uasset" 1340
"C:/Users/sina/Desktop/dev/DuyguUE/Content/Characters/MannequinsXR/Materials/Instances/Manny/MI_Manny_01.uexp" 1341
"C:/Users/sina/Desktop/dev/DuyguUE/Content/Characters/MannequinsXR/Materials/Instances/Manny/MI_Manny_02.uasset" 1342
"C:/Users/sina/Desktop/dev/DuyguUE/Content/Characters/MannequinsXR/Materials/Instances/Manny/MI_Manny_02.uexp" 1343
"C:/Users/sina/Desktop/dev/DuyguUE/Content/Characters/MannequinsXR/Meshes/SKM_MannyXR_left.uasset" 1344
"C:/Users/sina/Desktop/dev/DuyguUE/Content/Characters/MannequinsXR/Meshes/SKM_MannyXR_left.uexp" 1345
"C:/Users/sina/Desktop/dev/DuyguUE/Content/Characters/MannequinsXR/B_MannequinsXR.uasset" 1346
"C:/Users/sina/Desktop/dev/DuyguUE/Content/Characters/MannequinsXR/B_MannequinsXR.uexp" 1347
"../../../Engine/Content/EditorBlueprintResources/StandardMacros.uasset" 1348
"../../../Engine/Content/EditorBlueprintResources/StandardMacros.uexp" 1349
"C:/Users/sina/Desktop/dev/DuyguUE/Content/Oculus/IA_SpeakButton.uasset" 1350
"C:/Users/sina/Desktop/dev/DuyguUE/Content/Oculus/IA_SpeakButton.uexp" 1351
"C:/Users/sina/Desktop/dev/DuyguUE/Content/Core/API/E_APIStatus.uasset" 1352
"C:/Users/sina/Desktop/dev/DuyguUE/Content/Core/API/E_APIStatus.uexp" 1353
"C:/Users/sina/Desktop/dev/DuyguUE/Content/Core/API/MP_DefaultMediaPlayer.uasset" 1354
"C:/Users/sina/Desktop/dev/DuyguUE/Content/Core/API/MP_DefaultMediaPlayer.uexp" 1355
"C:/Users/sina/Desktop/dev/DuyguUE/Content/Core/API/SoundAt.uasset" 1356
"C:/Users/sina/Desktop/dev/DuyguUE/Content/Core/API/SoundAt.uexp" 1357
"C:/Users/sina/Desktop/dev/DuyguUE/Content/Core/API/SubmixName.uasset" 1358
"C:/Users/sina/Desktop/dev/DuyguUE/Content/Core/API/SubmixName.uexp" 1359
"C:/Users/sina/Desktop/dev/DuyguUE/Content/Core/API/SS_AudioMix.uasset" 1360
"C:/Users/sina/Desktop/dev/DuyguUE/Content/Core/API/SS_AudioMix.uexp" 1361
"C:/Users/sina/Desktop/dev/DuyguUE/Content/Core/API/TerapistFunctions.uasset" 1362
"C:/Users/sina/Desktop/dev/DuyguUE/Content/Core/API/TerapistFunctions.uexp" 1363
"C:/Users/sina/Desktop/dev/DuyguUE/Content/Core/Audios/hiQ5ZAjn.ubulk" 1364
"C:/Users/sina/Desktop/dev/DuyguUE/Content/Core/Audios/hiQ5ZAjn.uasset" 1365
"C:/Users/sina/Desktop/dev/DuyguUE/Content/Core/Audios/hiQ5ZAjn.uexp" 1366
"C:/Users/sina/Desktop/dev/DuyguUE/Content/Core/UMG/Assets/360_F_141001178_pZT8OizQ6IC75X9fOfWxiN3fOVCUl1PR.uasset" 1367
"C:/Users/sina/Desktop/dev/DuyguUE/Content/Core/UMG/Assets/360_F_141001178_pZT8OizQ6IC75X9fOfWxiN3fOVCUl1PR.uexp" 1368
"C:/Users/sina/Desktop/dev/DuyguUE/Content/Core/UMG/Assets/M_DoorIcon.uasset" 1369
"C:/Users/sina/Desktop/dev/DuyguUE/Content/Core/UMG/Assets/M_DoorIcon.uexp" 1370
"C:/Users/sina/Desktop/dev/DuyguUE/Content/Core/UMG/Assets/CircleButton_Hovered.uasset" 1371
"C:/Users/sina/Desktop/dev/DuyguUE/Content/Core/UMG/Assets/CircleButton_Hovered.uexp" 1372
"C:/Users/sina/Desktop/dev/DuyguUE/Content/Core/UMG/Assets/CircleButton_Normal.uasset" 1373
"C:/Users/sina/Desktop/dev/DuyguUE/Content/Core/UMG/Assets/CircleButton_Normal.uexp" 1374
"C:/Users/sina/Desktop/dev/DuyguUE/Content/Core/UMG/Assets/envato-labs-image-edit_2_.uasset" 1375
"C:/Users/sina/Desktop/dev/DuyguUE/Content/Core/UMG/Assets/envato-labs-image-edit_2_.uexp" 1376
"C:/Users/sina/Desktop/dev/DuyguUE/Content/Core/UMG/W_SpecialButton.uasset" 1377
"C:/Users/sina/Desktop/dev/DuyguUE/Content/Core/UMG/W_SpecialButton.uexp" 1378
"../../../Engine/Content/Functions/Engine_MaterialFunctions01/Density/ExponentialDensity.uasset" 1379
"../../../Engine/Content/Functions/Engine_MaterialFunctions01/Density/ExponentialDensity.uexp" 1380
"../../../Engine/Content/Functions/Engine_MaterialFunctions01/Gradient/RadialGradientExponential.uasset" 1381
"../../../Engine/Content/Functions/Engine_MaterialFunctions01/Gradient/RadialGradientExponential.uexp" 1382
"C:/Users/sina/Desktop/dev/DuyguUE/Content/Procedural/Textures/T_Noise_HU85k.ubulk" 1383
"C:/Users/sina/Desktop/dev/DuyguUE/Content/Procedural/Textures/T_Noise_HU85k.uasset" 1384
"C:/Users/sina/Desktop/dev/DuyguUE/Content/Procedural/Textures/T_Noise_HU85k.uexp" 1385
"C:/Users/sina/Desktop/dev/DuyguUE/Content/Procedural/Textures/T_VFX_NoiseF1_Mat.uasset" 1386
"C:/Users/sina/Desktop/dev/DuyguUE/Content/Procedural/Textures/T_VFX_NoiseF1_Mat.uexp" 1387
"C:/Users/sina/Desktop/dev/DuyguUE/Content/Core/UMG/Assets/powerOffIcon.uasset" 1388
"C:/Users/sina/Desktop/dev/DuyguUE/Content/Core/UMG/Assets/powerOffIcon.uexp" 1389
"C:/Users/sina/Desktop/dev/DuyguUE/Content/Core/UMG/MainWidget.uasset" 1390
"C:/Users/sina/Desktop/dev/DuyguUE/Content/Core/UMG/MainWidget.uexp" 1391
"C:/Users/sina/Desktop/dev/DuyguUE/Content/Core/UMG/WidgetActor.uasset" 1392
"C:/Users/sina/Desktop/dev/DuyguUE/Content/Core/UMG/WidgetActor.uexp" 1393
"../../../Engine/Content/VREditor/Devices/Generic/GenericHMDMaterial.uasset" 1394
"../../../Engine/Content/VREditor/Devices/Generic/GenericHMDMaterial.uexp" 1395
"../../../Engine/Content/VREditor/Devices/Generic/GenericHMD.ubulk" 1396
"../../../Engine/Content/VREditor/Devices/Generic/GenericHMD.uasset" 1397
"../../../Engine/Content/VREditor/Devices/Generic/GenericHMD.uexp" 1398
"C:/Users/sina/Desktop/dev/DuyguUE/Content/Oculus/IA_MenuSelect_Left.uasset" 1399
"C:/Users/sina/Desktop/dev/DuyguUE/Content/Oculus/IA_MenuSelect_Left.uexp" 1400
"C:/Users/sina/Desktop/dev/DuyguUE/Content/Oculus/IA_MenuSelect_Right.uasset" 1401
"C:/Users/sina/Desktop/dev/DuyguUE/Content/Oculus/IA_MenuSelect_Right.uexp" 1402
"C:/Users/sina/Desktop/dev/DuyguUE/Content/VRTemplate/Input/Actions/IA_StopAgentTalk.uasset" 1403
"C:/Users/sina/Desktop/dev/DuyguUE/Content/VRTemplate/Input/Actions/IA_StopAgentTalk.uexp" 1404
"C:/Users/sina/Desktop/dev/DuyguUE/Content/VRTemplate/Input/Actions/IA_StartApi.uasset" 1405
"C:/Users/sina/Desktop/dev/DuyguUE/Content/VRTemplate/Input/Actions/IA_StartApi.uexp" 1406
"C:/Users/sina/Desktop/dev/DuyguUE/Content/VRTemplate/Input/Actions/IA_Grab_Left.uasset" 1407
"C:/Users/sina/Desktop/dev/DuyguUE/Content/VRTemplate/Input/Actions/IA_Grab_Left.uexp" 1408
"C:/Users/sina/Desktop/dev/DuyguUE/Content/VRTemplate/Input/Actions/IA_Grab_Right.uasset" 1409
"C:/Users/sina/Desktop/dev/DuyguUE/Content/VRTemplate/Input/Actions/IA_Grab_Right.uexp" 1410
"C:/Users/sina/Desktop/dev/DuyguUE/Content/VRTemplate/Input/B_InputModifier_XAxisPositiveOnly.uasset" 1411
"C:/Users/sina/Desktop/dev/DuyguUE/Content/VRTemplate/Input/B_InputModifier_XAxisPositiveOnly.uexp" 1412
"C:/Users/sina/Desktop/dev/DuyguUE/Content/VRTemplate/Input/Actions/IA_Move.uasset" 1413
"C:/Users/sina/Desktop/dev/DuyguUE/Content/VRTemplate/Input/Actions/IA_Move.uexp" 1414
"C:/Users/sina/Desktop/dev/DuyguUE/Content/VRTemplate/Input/Actions/IA_Turn.uasset" 1415
"C:/Users/sina/Desktop/dev/DuyguUE/Content/VRTemplate/Input/Actions/IA_Turn.uexp" 1416
"C:/Users/sina/Desktop/dev/DuyguUE/Content/VRTemplate/Input/Actions/IA_ChangeCamera.uasset" 1417
"C:/Users/sina/Desktop/dev/DuyguUE/Content/VRTemplate/Input/Actions/IA_ChangeCamera.uexp" 1418
"C:/Users/sina/Desktop/dev/DuyguUE/Content/VRTemplate/Input/Actions/IA_Menu_Toggle_Left.uasset" 1419
"C:/Users/sina/Desktop/dev/DuyguUE/Content/VRTemplate/Input/Actions/IA_Menu_Toggle_Left.uexp" 1420
"C:/Users/sina/Desktop/dev/DuyguUE/Content/VRTemplate/Input/Actions/IA_Menu_Toggle_Right.uasset" 1421
"C:/Users/sina/Desktop/dev/DuyguUE/Content/VRTemplate/Input/Actions/IA_Menu_Toggle_Right.uexp" 1422
"C:/Users/sina/Desktop/dev/DuyguUE/Content/VRTemplate/Input/IMC_Default.uasset" 1423
"C:/Users/sina/Desktop/dev/DuyguUE/Content/VRTemplate/Input/IMC_Default.uexp" 1424
"C:/Users/sina/Desktop/dev/DuyguUE/Content/VRTemplate/Input/Actions/Hands/IA_Hand_Grasp_Left.uasset" 1425
"C:/Users/sina/Desktop/dev/DuyguUE/Content/VRTemplate/Input/Actions/Hands/IA_Hand_Grasp_Left.uexp" 1426
"C:/Users/sina/Desktop/dev/DuyguUE/Content/VRTemplate/Input/Actions/Hands/IA_Hand_Grasp_Right.uasset" 1427
"C:/Users/sina/Desktop/dev/DuyguUE/Content/VRTemplate/Input/Actions/Hands/IA_Hand_Grasp_Right.uexp" 1428
"C:/Users/sina/Desktop/dev/DuyguUE/Content/VRTemplate/Input/Actions/Hands/IA_Hand_IndexCurl_Left.uasset" 1429
"C:/Users/sina/Desktop/dev/DuyguUE/Content/VRTemplate/Input/Actions/Hands/IA_Hand_IndexCurl_Left.uexp" 1430
"C:/Users/sina/Desktop/dev/DuyguUE/Content/VRTemplate/Input/Actions/Hands/IA_Hand_IndexCurl_Right.uasset" 1431
"C:/Users/sina/Desktop/dev/DuyguUE/Content/VRTemplate/Input/Actions/Hands/IA_Hand_IndexCurl_Right.uexp" 1432
"C:/Users/sina/Desktop/dev/DuyguUE/Content/VRTemplate/Input/Actions/Hands/IA_Hand_Point_Left.uasset" 1433
"C:/Users/sina/Desktop/dev/DuyguUE/Content/VRTemplate/Input/Actions/Hands/IA_Hand_Point_Left.uexp" 1434
"C:/Users/sina/Desktop/dev/DuyguUE/Content/VRTemplate/Input/Actions/Hands/IA_Hand_Point_Right.uasset" 1435
"C:/Users/sina/Desktop/dev/DuyguUE/Content/VRTemplate/Input/Actions/Hands/IA_Hand_Point_Right.uexp" 1436
"C:/Users/sina/Desktop/dev/DuyguUE/Content/VRTemplate/Input/Actions/Hands/IA_Hand_ThumbUp_Left.uasset" 1437
"C:/Users/sina/Desktop/dev/DuyguUE/Content/VRTemplate/Input/Actions/Hands/IA_Hand_ThumbUp_Left.uexp" 1438
"C:/Users/sina/Desktop/dev/DuyguUE/Content/VRTemplate/Input/Actions/Hands/IA_Hand_ThumbUp_Right.uasset" 1439
"C:/Users/sina/Desktop/dev/DuyguUE/Content/VRTemplate/Input/Actions/Hands/IA_Hand_ThumbUp_Right.uexp" 1440
"C:/Users/sina/Desktop/dev/DuyguUE/Content/VRTemplate/Input/IMC_Hands.uasset" 1441
"C:/Users/sina/Desktop/dev/DuyguUE/Content/VRTemplate/Input/IMC_Hands.uexp" 1442
"C:/Users/sina/Desktop/dev/DuyguUE/Content/Core/UMG/Assets/load-icon-png-27.uasset" 1443
"C:/Users/sina/Desktop/dev/DuyguUE/Content/Core/UMG/Assets/load-icon-png-27.uexp" 1444
"C:/Users/sina/Desktop/dev/DuyguUE/Content/Core/UMG/Assets/M_Loading.uasset" 1445
"C:/Users/sina/Desktop/dev/DuyguUE/Content/Core/UMG/Assets/M_Loading.uexp" 1446
"../../../Engine/Content/Functions/Engine_MaterialFunctions02/Utility/VectorToRadialValue.uasset" 1447
"../../../Engine/Content/Functions/Engine_MaterialFunctions02/Utility/VectorToRadialValue.uexp" 1448
"C:/Users/sina/Desktop/dev/DuyguUE/Content/Procedural/Textures/Noise_Grid.ubulk" 1449
"C:/Users/sina/Desktop/dev/DuyguUE/Content/Procedural/Textures/Noise_Grid.uasset" 1450
"C:/Users/sina/Desktop/dev/DuyguUE/Content/Procedural/Textures/Noise_Grid.uexp" 1451
"C:/Users/sina/Desktop/dev/DuyguUE/Content/Core/UMG/Assets/MicrofonListening.ubulk" 1452
"C:/Users/sina/Desktop/dev/DuyguUE/Content/Core/UMG/Assets/MicrofonListening.uasset" 1453
"C:/Users/sina/Desktop/dev/DuyguUE/Content/Core/UMG/Assets/MicrofonListening.uexp" 1454
"C:/Users/sina/Desktop/dev/DuyguUE/Content/Core/UMG/Assets/MicrofonLoading.ubulk" 1455
"C:/Users/sina/Desktop/dev/DuyguUE/Content/Core/UMG/Assets/MicrofonLoading.uasset" 1456
"C:/Users/sina/Desktop/dev/DuyguUE/Content/Core/UMG/Assets/MicrofonLoading.uexp" 1457
"C:/Users/sina/Desktop/dev/DuyguUE/Content/Core/UMG/Assets/MicrofonNotListening.ubulk" 1458
"C:/Users/sina/Desktop/dev/DuyguUE/Content/Core/UMG/Assets/MicrofonNotListening.uasset" 1459
"C:/Users/sina/Desktop/dev/DuyguUE/Content/Core/UMG/Assets/MicrofonNotListening.uexp" 1460
"C:/Users/sina/Desktop/dev/DuyguUE/Content/Core/UMG/Assets/M_Microfon.uasset" 1461
"C:/Users/sina/Desktop/dev/DuyguUE/Content/Core/UMG/Assets/M_Microfon.uexp" 1462
"C:/Users/sina/Desktop/dev/DuyguUE/Content/Core/UMG/Assets/T_XboxKey_RB.uasset" 1463
"C:/Users/sina/Desktop/dev/DuyguUE/Content/Core/UMG/Assets/T_XboxKey_RB.uexp" 1464
"C:/Users/sina/Desktop/dev/DuyguUE/Content/Core/UMG/Assets/T_XboxKey_RightStickPress.uasset" 1465
"C:/Users/sina/Desktop/dev/DuyguUE/Content/Core/UMG/Assets/T_XboxKey_RightStickPress.uexp" 1466
"C:/Users/sina/Desktop/dev/DuyguUE/Content/Core/UMG/Assets/WiiU_B.uasset" 1467
"C:/Users/sina/Desktop/dev/DuyguUE/Content/Core/UMG/Assets/WiiU_B.uexp" 1468
"C:/Users/sina/Desktop/dev/DuyguUE/Content/Core/UMG/W_ScreenWidget.uasset" 1469
"C:/Users/sina/Desktop/dev/DuyguUE/Content/Core/UMG/W_ScreenWidget.uexp" 1470
"C:/Users/sina/Desktop/dev/DuyguUE/Content/Oculus/Tools/Mats/Textures/batteryIndicatorTexture32.ubulk" 1471
"C:/Users/sina/Desktop/dev/DuyguUE/Content/Oculus/Tools/Mats/Textures/batteryIndicatorTexture32.uasset" 1472
"C:/Users/sina/Desktop/dev/DuyguUE/Content/Oculus/Tools/Mats/Textures/batteryIndicatorTexture32.uexp" 1473
"C:/Users/sina/Desktop/dev/DuyguUE/Content/Oculus/Tools/Mats/M_Controller_Battery.uasset" 1474
"C:/Users/sina/Desktop/dev/DuyguUE/Content/Oculus/Tools/Mats/M_Controller_Battery.uexp" 1475
"C:/Users/sina/Desktop/dev/DuyguUE/Content/Oculus/Tools/MetaQuestTouchPro_Right_Skeleton.uasset" 1476
"C:/Users/sina/Desktop/dev/DuyguUE/Content/Oculus/Tools/MetaQuestTouchPro_Right_Skeleton.uexp" 1477
"C:/Users/sina/Desktop/dev/DuyguUE/Content/Oculus/Tools/Mats/Textures/controller_r_lo_BaseColor.ubulk" 1478
"C:/Users/sina/Desktop/dev/DuyguUE/Content/Oculus/Tools/Mats/Textures/controller_r_lo_BaseColor.uasset" 1479
"C:/Users/sina/Desktop/dev/DuyguUE/Content/Oculus/Tools/Mats/Textures/controller_r_lo_BaseColor.uexp" 1480
"C:/Users/sina/Desktop/dev/DuyguUE/Content/Oculus/Tools/Mats/Textures/controller_r_lo_Normal.ubulk" 1481
"C:/Users/sina/Desktop/dev/DuyguUE/Content/Oculus/Tools/Mats/Textures/controller_r_lo_Normal.uasset" 1482
"C:/Users/sina/Desktop/dev/DuyguUE/Content/Oculus/Tools/Mats/Textures/controller_r_lo_Normal.uexp" 1483
"C:/Users/sina/Desktop/dev/DuyguUE/Content/Oculus/Tools/Mats/M_Controller_R.uasset" 1484
"C:/Users/sina/Desktop/dev/DuyguUE/Content/Oculus/Tools/Mats/M_Controller_R.uexp" 1485
"C:/Users/sina/Desktop/dev/DuyguUE/Content/Oculus/Tools/MetaQuestTouchPro_Right.uasset" 1486
"C:/Users/sina/Desktop/dev/DuyguUE/Content/Oculus/Tools/MetaQuestTouchPro_Right.uexp" 1487
"C:/Users/sina/Desktop/dev/DuyguUE/Content/Oculus/Tools/MetaQuestTouchPro_Left_Skeleton.uasset" 1488
"C:/Users/sina/Desktop/dev/DuyguUE/Content/Oculus/Tools/MetaQuestTouchPro_Left_Skeleton.uexp" 1489
"C:/Users/sina/Desktop/dev/DuyguUE/Content/Oculus/Tools/Mats/Textures/controller_l_lo_BaseColor.ubulk" 1490
"C:/Users/sina/Desktop/dev/DuyguUE/Content/Oculus/Tools/Mats/Textures/controller_l_lo_BaseColor.uasset" 1491
"C:/Users/sina/Desktop/dev/DuyguUE/Content/Oculus/Tools/Mats/Textures/controller_l_lo_BaseColor.uexp" 1492
"C:/Users/sina/Desktop/dev/DuyguUE/Content/Oculus/Tools/Mats/Textures/controller_l_lo_Normal.ubulk" 1493
"C:/Users/sina/Desktop/dev/DuyguUE/Content/Oculus/Tools/Mats/Textures/controller_l_lo_Normal.uasset" 1494
"C:/Users/sina/Desktop/dev/DuyguUE/Content/Oculus/Tools/Mats/Textures/controller_l_lo_Normal.uexp" 1495
"C:/Users/sina/Desktop/dev/DuyguUE/Content/Oculus/Tools/Mats/M_Controller_L.uasset" 1496
"C:/Users/sina/Desktop/dev/DuyguUE/Content/Oculus/Tools/Mats/M_Controller_L.uexp" 1497
"C:/Users/sina/Desktop/dev/DuyguUE/Content/Oculus/Tools/MetaQuestTouchPro_Left.uasset" 1498
"C:/Users/sina/Desktop/dev/DuyguUE/Content/Oculus/Tools/MetaQuestTouchPro_Left.uexp" 1499
"C:/Users/sina/Desktop/dev/DuyguUE/Content/VRTemplate/Blueprints/GrabType.uasset" 1500
"C:/Users/sina/Desktop/dev/DuyguUE/Content/VRTemplate/Blueprints/GrabType.uexp" 1501
"C:/Users/sina/Desktop/dev/DuyguUE/Content/VRTemplate/Haptics/GrabHapticEffect.uasset" 1502
"C:/Users/sina/Desktop/dev/DuyguUE/Content/VRTemplate/Haptics/GrabHapticEffect.uexp" 1503
"C:/Users/sina/Desktop/dev/DuyguUE/Content/VRTemplate/Blueprints/GrabComponent.uasset" 1504
"C:/Users/sina/Desktop/dev/DuyguUE/Content/VRTemplate/Blueprints/GrabComponent.uexp" 1505
"../../../Engine/Content/BasicShapes/Sphere.ubulk" 1506
"../../../Engine/Content/BasicShapes/Sphere.uasset" 1507
"../../../Engine/Content/BasicShapes/Sphere.uexp" 1508
"C:/Users/sina/Desktop/dev/DuyguUE/Content/VRTemplate/Blueprints/WidgetMenu.uasset" 1509
"C:/Users/sina/Desktop/dev/DuyguUE/Content/VRTemplate/Blueprints/WidgetMenu.uexp" 1510
"C:/Users/sina/Desktop/dev/DuyguUE/Content/VRTemplate/Input/Actions/IA_Menu_Cursor_Left.uasset" 1511
"C:/Users/sina/Desktop/dev/DuyguUE/Content/VRTemplate/Input/Actions/IA_Menu_Cursor_Left.uexp" 1512
"C:/Users/sina/Desktop/dev/DuyguUE/Content/VRTemplate/Input/Actions/IA_Menu_Cursor_Right.uasset" 1513
"C:/Users/sina/Desktop/dev/DuyguUE/Content/VRTemplate/Input/Actions/IA_Menu_Cursor_Right.uexp" 1514
"C:/Users/sina/Desktop/dev/DuyguUE/Content/VRTemplate/Input/Actions/IA_Menu_Interact_Left.uasset" 1515
"C:/Users/sina/Desktop/dev/DuyguUE/Content/VRTemplate/Input/Actions/IA_Menu_Interact_Left.uexp" 1516
"C:/Users/sina/Desktop/dev/DuyguUE/Content/VRTemplate/Input/Actions/IA_Menu_Interact_Right.uasset" 1517
"C:/Users/sina/Desktop/dev/DuyguUE/Content/VRTemplate/Input/Actions/IA_Menu_Interact_Right.uexp" 1518
"C:/Users/sina/Desktop/dev/DuyguUE/Content/VRTemplate/Input/IMC_Menu.uasset" 1519
"C:/Users/sina/Desktop/dev/DuyguUE/Content/VRTemplate/Input/IMC_Menu.uexp" 1520
"C:/Users/sina/Desktop/dev/DuyguUE/Content/VRTemplate/Materials/M_VRCursor.uasset" 1521
"C:/Users/sina/Desktop/dev/DuyguUE/Content/VRTemplate/Materials/M_VRCursor.uexp" 1522
"C:/Users/sina/Desktop/dev/DuyguUE/Content/VRTemplate/Materials/DefaultRibbonMaterial_NoGradient.uasset" 1523
"C:/Users/sina/Desktop/dev/DuyguUE/Content/VRTemplate/Materials/DefaultRibbonMaterial_NoGradient.uexp" 1524
"C:/Users/sina/Desktop/dev/DuyguUE/Content/VRTemplate/VFX/NS_MenuLaser.uasset" 1525
"C:/Users/sina/Desktop/dev/DuyguUE/Content/VRTemplate/VFX/NS_MenuLaser.uexp" 1526
"C:/Users/sina/Desktop/dev/DuyguUE/Content/VRTemplate/Blueprints/Menu.uasset" 1527
"C:/Users/sina/Desktop/dev/DuyguUE/Content/VRTemplate/Blueprints/Menu.uexp" 1528
"C:/Users/sina/Desktop/dev/DuyguUE/Content/VRTemplate/VFX/NPC_VRTemplate.uasset" 1529
"C:/Users/sina/Desktop/dev/DuyguUE/Content/VRTemplate/VFX/NPC_VRTemplate.uexp" 1530
"C:/Users/sina/Desktop/dev/DuyguUE/Content/VRTemplate/VFX/NS_TeleportTrace.uasset" 1531
"C:/Users/sina/Desktop/dev/DuyguUE/Content/VRTemplate/VFX/NS_TeleportTrace.uexp" 1532
"C:/Users/sina/Desktop/dev/DuyguUE/Content/Characters/MannequinsXR/Meshes/SKM_MannyXR_right.uasset" 1533
"C:/Users/sina/Desktop/dev/DuyguUE/Content/Characters/MannequinsXR/Meshes/SKM_MannyXR_right.uexp" 1534
"../../../Engine/Content/Functions/Engine_MaterialFunctions02/Utility/DepthFromWorldPosition.uasset" 1535
"../../../Engine/Content/Functions/Engine_MaterialFunctions02/Utility/DepthFromWorldPosition.uexp" 1536
"C:/Users/sina/Desktop/dev/DuyguUE/Content/VRTemplate/Materials/Functions/MF_OccludedPixels.uasset" 1537
"C:/Users/sina/Desktop/dev/DuyguUE/Content/VRTemplate/Materials/Functions/MF_OccludedPixels.uexp" 1538
"C:/Users/sina/Desktop/dev/DuyguUE/Content/VRTemplate/Materials/M_TeleportNoise.uasset" 1539
"C:/Users/sina/Desktop/dev/DuyguUE/Content/VRTemplate/Materials/M_TeleportNoise.uexp" 1540
"C:/Users/sina/Desktop/dev/DuyguUE/Content/VRTemplate/VFX/NS_PlayAreaBounds.uasset" 1541
"C:/Users/sina/Desktop/dev/DuyguUE/Content/VRTemplate/VFX/NS_PlayAreaBounds.uexp" 1542
"C:/Users/sina/Desktop/dev/DuyguUE/Content/VRTemplate/Materials/M_TeleportCylinder.uasset" 1543
"C:/Users/sina/Desktop/dev/DuyguUE/Content/VRTemplate/Materials/M_TeleportCylinder.uexp" 1544
"C:/Users/sina/Desktop/dev/DuyguUE/Content/VRTemplate/VFX/NS_TeleportRing.uasset" 1545
"C:/Users/sina/Desktop/dev/DuyguUE/Content/VRTemplate/VFX/NS_TeleportRing.uexp" 1546
"C:/Users/sina/Desktop/dev/DuyguUE/Content/VRTemplate/Blueprints/VRTeleportVisualizer.uasset" 1547
"C:/Users/sina/Desktop/dev/DuyguUE/Content/VRTemplate/Blueprints/VRTeleportVisualizer.uexp" 1548
"C:/Users/sina/Desktop/dev/DuyguUE/Content/VRTemplate/Blueprints/VRPawn.uasset" 1549
"C:/Users/sina/Desktop/dev/DuyguUE/Content/VRTemplate/Blueprints/VRPawn.uexp" 1550
"C:/Users/sina/Desktop/dev/DuyguUE/Content/Procedural/Decals/StylizedDecals/M_StylizedDecal.uasset" 1551
"C:/Users/sina/Desktop/dev/DuyguUE/Content/Procedural/Decals/StylizedDecals/M_StylizedDecal.uexp" 1552
"../../../Engine/Plugins/Animation/ACLPlugin/Content/ACLAnimBoneCompressionSettings.uasset" 1553
"../../../Engine/Plugins/Animation/ACLPlugin/Content/ACLAnimBoneCompressionSettings.uexp" 1554
"../../../Engine/Plugins/Animation/ACLPlugin/Content/ACLAnimCurveCompressionSettings.uasset" 1555
"../../../Engine/Plugins/Animation/ACLPlugin/Content/ACLAnimCurveCompressionSettings.uexp" 1556
"../../../Engine/Content/Animation/DefaultVariableFrameStrippingSettings.uasset" 1557
"../../../Engine/Content/Animation/DefaultVariableFrameStrippingSettings.uexp" 1558
"C:/Users/sina/Desktop/dev/DuyguUE/Content/Oculus/Tools/MetaQuest_RightController_HoldGrip.uasset" 1559
"C:/Users/sina/Desktop/dev/DuyguUE/Content/Oculus/Tools/MetaQuest_RightController_HoldGrip.uexp" 1560
"C:/Users/sina/Desktop/dev/DuyguUE/Content/Core/Sequencers/Sequencer_MicUsage.uasset" 1561
"C:/Users/sina/Desktop/dev/DuyguUE/Content/Core/Sequencers/Sequencer_MicUsage.uexp" 1562
"C:/Users/sina/Desktop/dev/DuyguUE/Content/Core/Audios/X26dp_nK.ubulk" 1563
"C:/Users/sina/Desktop/dev/DuyguUE/Content/Core/Audios/X26dp_nK.uasset" 1564
"C:/Users/sina/Desktop/dev/DuyguUE/Content/Core/Audios/X26dp_nK.uexp" 1565
"C:/Users/sina/Desktop/dev/DuyguUE/Content/Characters/MetaChar/MHC_Meta/AS_MHC_MerhabaBenYapayZeka.uasset" 1566
"C:/Users/sina/Desktop/dev/DuyguUE/Content/Characters/MetaChar/MHC_Meta/AS_MHC_MerhabaBenYapayZeka.uexp" 1567
"C:/Users/sina/Desktop/dev/DuyguUE/Content/Characters/MetaChar/MHC_Meta/AS_MHC_MerhabaBenYapayZeka_Montage.uasset" 1568
"C:/Users/sina/Desktop/dev/DuyguUE/Content/Characters/MetaChar/MHC_Meta/AS_MHC_MerhabaBenYapayZeka_Montage.uexp" 1569
"C:/Users/sina/Desktop/dev/DuyguUE/Content/Characters/MetaChar/MHC_Meta/A_TalkLoopRoot_A_TalkLoop.uasset" 1570
"C:/Users/sina/Desktop/dev/DuyguUE/Content/Characters/MetaChar/MHC_Meta/A_TalkLoopRoot_A_TalkLoop.uexp" 1571
"C:/Users/sina/Desktop/dev/DuyguUE/Content/Characters/MetaChar/MHC_Meta/A_TalkLoopRoot_A_TalkLoop_Montage.uasset" 1572
"C:/Users/sina/Desktop/dev/DuyguUE/Content/Characters/MetaChar/MHC_Meta/A_TalkLoopRoot_A_TalkLoop_Montage.uexp" 1573
"C:/Users/sina/Desktop/dev/DuyguUE/Content/Characters/MetaChar/MHC_Meta/Untitled.uasset" 1574
"C:/Users/sina/Desktop/dev/DuyguUE/Content/Characters/MetaChar/MHC_Meta/Untitled.uexp" 1575
"C:/Users/sina/Desktop/dev/DuyguUE/Content/Characters/MetaChar/MHC_Meta/Untitled_Montage.uasset" 1576
"C:/Users/sina/Desktop/dev/DuyguUE/Content/Characters/MetaChar/MHC_Meta/Untitled_Montage.uexp" 1577
"C:/Users/sina/Desktop/dev/DuyguUE/Content/MetaHumans/Common/Face/ARKit/PA_MetaHuman_ARKit_Mapping.uasset" 1578
"C:/Users/sina/Desktop/dev/DuyguUE/Content/MetaHumans/Common/Face/ARKit/PA_MetaHuman_ARKit_Mapping.uexp" 1579
"C:/Users/sina/Desktop/dev/DuyguUE/Content/MetaHumans/Common/Animation/ABP_MH_LiveLink.uasset" 1580
"C:/Users/sina/Desktop/dev/DuyguUE/Content/MetaHumans/Common/Animation/ABP_MH_LiveLink.uexp" 1581
"C:/Users/sina/Desktop/dev/DuyguUE/Content/MetaHumans/Common/Face/LookDown.uasset" 1582
"C:/Users/sina/Desktop/dev/DuyguUE/Content/MetaHumans/Common/Face/LookDown.uexp" 1583
"C:/Users/sina/Desktop/dev/DuyguUE/Content/MetaHumans/Common/Face/LookL.uasset" 1584
"C:/Users/sina/Desktop/dev/DuyguUE/Content/MetaHumans/Common/Face/LookL.uexp" 1585
"C:/Users/sina/Desktop/dev/DuyguUE/Content/MetaHumans/Common/Face/LookR.uasset" 1586
"C:/Users/sina/Desktop/dev/DuyguUE/Content/MetaHumans/Common/Face/LookR.uexp" 1587
"C:/Users/sina/Desktop/dev/DuyguUE/Content/MetaHumans/Common/Face/LookUp.uasset" 1588
"C:/Users/sina/Desktop/dev/DuyguUE/Content/MetaHumans/Common/Face/LookUp.uexp" 1589
"C:/Users/sina/Desktop/dev/DuyguUE/Content/MetaHumans/Common/Face/ABP_Face.uasset" 1590
"C:/Users/sina/Desktop/dev/DuyguUE/Content/MetaHumans/Common/Face/ABP_Face.uexp" 1591
"../../../Engine/Content/EngineMaterials/BlendFunc_DefBase.uasset" 1592
"../../../Engine/Content/EngineMaterials/BlendFunc_DefBase.uexp" 1593
"../../../Engine/Content/EngineMaterials/BlendFunc_DefBlend.uasset" 1594
"../../../Engine/Content/EngineMaterials/BlendFunc_DefBlend.uexp" 1595
"../../../Engine/Content/Functions/Engine_MaterialFunctions02/Math/TimeWithSpeedVariable.uasset" 1596
"../../../Engine/Content/Functions/Engine_MaterialFunctions02/Math/TimeWithSpeedVariable.uexp" 1597
"../../../Engine/Content/Functions/Engine_MaterialFunctions02/Lerp_Multiple_Float.uasset" 1598
"../../../Engine/Content/Functions/Engine_MaterialFunctions02/Lerp_Multiple_Float.uexp" 1599
"../../../Engine/Content/Functions/Engine_MaterialFunctions03/Blends/Blend_Overlay.uasset" 1600
"../../../Engine/Content/Functions/Engine_MaterialFunctions03/Blends/Blend_Overlay.uexp" 1601
"../../../Engine/Content/Functions/Engine_MaterialFunctions01/Shading/MetallicShading.uasset" 1602
"../../../Engine/Content/Functions/Engine_MaterialFunctions01/Shading/MetallicShading.uexp" 1603
"../../../Engine/Content/Functions/Engine_MaterialFunctions03/Blends/Blend_Lighten.uasset" 1604
"../../../Engine/Content/Functions/Engine_MaterialFunctions03/Blends/Blend_Lighten.uexp" 1605
"C:/Users/sina/Desktop/dev/DuyguUE/Content/MetaHumans/Common/Materials/MF_Passthrough.uasset" 1606
"C:/Users/sina/Desktop/dev/DuyguUE/Content/MetaHumans/Common/Materials/MF_Passthrough.uexp" 1607
"C:/Users/sina/Desktop/dev/DuyguUE/Content/MetaHumans/Common/Materials/Textures/Clothing/clothing_AO.ubulk" 1608
"C:/Users/sina/Desktop/dev/DuyguUE/Content/MetaHumans/Common/Materials/Textures/Clothing/clothing_AO.uasset" 1609
"C:/Users/sina/Desktop/dev/DuyguUE/Content/MetaHumans/Common/Materials/Textures/Clothing/clothing_AO.uexp" 1610
"C:/Users/sina/Desktop/dev/DuyguUE/Content/MetaHumans/Common/Materials/Textures/Clothing/clothing_N.ubulk" 1611
"C:/Users/sina/Desktop/dev/DuyguUE/Content/MetaHumans/Common/Materials/Textures/Clothing/clothing_N.uasset" 1612
"C:/Users/sina/Desktop/dev/DuyguUE/Content/MetaHumans/Common/Materials/Textures/Clothing/clothing_N.uexp" 1613
"C:/Users/sina/Desktop/dev/DuyguUE/Content/MetaHumans/Common/Materials/Textures/Clothing/DefaultMaps/black_masks.uasset" 1614
"C:/Users/sina/Desktop/dev/DuyguUE/Content/MetaHumans/Common/Materials/Textures/Clothing/DefaultMaps/black_masks.uexp" 1615
"C:/Users/sina/Desktop/dev/DuyguUE/Content/MetaHumans/Common/Materials/Textures/Clothing/DefaultMaps/Clothing_Default_Mask.ubulk" 1616
"C:/Users/sina/Desktop/dev/DuyguUE/Content/MetaHumans/Common/Materials/Textures/Clothing/DefaultMaps/Clothing_Default_Mask.uasset" 1617
"C:/Users/sina/Desktop/dev/DuyguUE/Content/MetaHumans/Common/Materials/Textures/Clothing/DefaultMaps/Clothing_Default_Mask.uexp" 1618
"C:/Users/sina/Desktop/dev/DuyguUE/Content/MetaHumans/Common/Materials/Textures/Clothing/DefaultMaps/color_spectrum.ubulk" 1619
"C:/Users/sina/Desktop/dev/DuyguUE/Content/MetaHumans/Common/Materials/Textures/Clothing/DefaultMaps/color_spectrum.uasset" 1620
"C:/Users/sina/Desktop/dev/DuyguUE/Content/MetaHumans/Common/Materials/Textures/Clothing/DefaultMaps/color_spectrum.uexp" 1621
"C:/Users/sina/Desktop/dev/DuyguUE/Content/MetaHumans/Common/Materials/Textures/Clothing/DefaultMaps/WhiteSquareTexture.uasset" 1622
"C:/Users/sina/Desktop/dev/DuyguUE/Content/MetaHumans/Common/Materials/Textures/Clothing/DefaultMaps/WhiteSquareTexture.uexp" 1623
"C:/Users/sina/Desktop/dev/DuyguUE/Content/MetaHumans/Common/Materials/Textures/Clothing/Macros/macro_linen_rbess3s_4K.ubulk" 1624
"C:/Users/sina/Desktop/dev/DuyguUE/Content/MetaHumans/Common/Materials/Textures/Clothing/Macros/macro_linen_rbess3s_4K.uasset" 1625
"C:/Users/sina/Desktop/dev/DuyguUE/Content/MetaHumans/Common/Materials/Textures/Clothing/Macros/macro_linen_rbess3s_4K.uexp" 1626
"C:/Users/sina/Desktop/dev/DuyguUE/Content/MetaHumans/Common/Materials/Textures/Clothing/Macros/macro_pilling_A.ubulk" 1627
"C:/Users/sina/Desktop/dev/DuyguUE/Content/MetaHumans/Common/Materials/Textures/Clothing/Macros/macro_pilling_A.uasset" 1628
"C:/Users/sina/Desktop/dev/DuyguUE/Content/MetaHumans/Common/Materials/Textures/Clothing/Macros/macro_pilling_A.uexp" 1629
"C:/Users/sina/Desktop/dev/DuyguUE/Content/MetaHumans/Common/Materials/Textures/Clothing/Macros/macro_pilling_N.ubulk" 1630
"C:/Users/sina/Desktop/dev/DuyguUE/Content/MetaHumans/Common/Materials/Textures/Clothing/Macros/macro_pilling_N.uasset" 1631
"C:/Users/sina/Desktop/dev/DuyguUE/Content/MetaHumans/Common/Materials/Textures/Clothing/Macros/macro_pilling_N.uexp" 1632
"C:/Users/sina/Desktop/dev/DuyguUE/Content/MetaHumans/Common/Materials/Textures/Clothing/MaterialFunction/MatLayerBlend_Aniso.uasset" 1633
"C:/Users/sina/Desktop/dev/DuyguUE/Content/MetaHumans/Common/Materials/Textures/Clothing/MaterialFunction/MatLayerBlend_Aniso.uexp" 1634
"C:/Users/sina/Desktop/dev/DuyguUE/Content/MetaHumans/Common/Materials/Textures/Clothing/MaterialFunction/MF_AvgColorReplace.uasset" 1635
"C:/Users/sina/Desktop/dev/DuyguUE/Content/MetaHumans/Common/Materials/Textures/Clothing/MaterialFunction/MF_AvgColorReplace.uexp" 1636
"C:/Users/sina/Desktop/dev/DuyguUE/Content/MetaHumans/Common/Materials/Textures/Clothing/MaterialFunction/MF_PowerVariation.uasset" 1637
"C:/Users/sina/Desktop/dev/DuyguUE/Content/MetaHumans/Common/Materials/Textures/Clothing/MaterialFunction/MF_PowerVariation.uexp" 1638
"C:/Users/sina/Desktop/dev/DuyguUE/Content/MetaHumans/Common/Materials/Textures/Clothing/MaterialFunction/MF_PrintGraphic.uasset" 1639
"C:/Users/sina/Desktop/dev/DuyguUE/Content/MetaHumans/Common/Materials/Textures/Clothing/MaterialFunction/MF_PrintGraphic.uexp" 1640
"C:/Users/sina/Desktop/dev/DuyguUE/Content/MetaHumans/Common/Materials/Textures/Clothing/MaterialFunction/MF_PrintRepeats.uasset" 1641
"C:/Users/sina/Desktop/dev/DuyguUE/Content/MetaHumans/Common/Materials/Textures/Clothing/MaterialFunction/MF_PrintRepeats.uexp" 1642
"C:/Users/sina/Desktop/dev/DuyguUE/Content/MetaHumans/Common/Materials/Textures/Clothing/Micros/micro_weave_denim_diffuse.ubulk" 1643
"C:/Users/sina/Desktop/dev/DuyguUE/Content/MetaHumans/Common/Materials/Textures/Clothing/Micros/micro_weave_denim_diffuse.uasset" 1644
"C:/Users/sina/Desktop/dev/DuyguUE/Content/MetaHumans/Common/Materials/Textures/Clothing/Micros/micro_weave_denim_diffuse.uexp" 1645
"C:/Users/sina/Desktop/dev/DuyguUE/Content/MetaHumans/Common/Materials/Textures/Clothing/Micros/micro_weave_denim_N.ubulk" 1646
"C:/Users/sina/Desktop/dev/DuyguUE/Content/MetaHumans/Common/Materials/Textures/Clothing/Micros/micro_weave_denim_N.uasset" 1647
"C:/Users/sina/Desktop/dev/DuyguUE/Content/MetaHumans/Common/Materials/Textures/Clothing/Micros/micro_weave_denim_N.uexp" 1648
"C:/Users/sina/Desktop/dev/DuyguUE/Content/MetaHumans/Common/Materials/Textures/Clothing/upresTest/MF_NormalStrength.uasset" 1649
"C:/Users/sina/Desktop/dev/DuyguUE/Content/MetaHumans/Common/Materials/Textures/Clothing/upresTest/MF_NormalStrength.uexp" 1650
"C:/Users/sina/Desktop/dev/DuyguUE/Content/MetaHumans/Common/Materials/Textures/Clothing/Wrinkles/memory_wrinkles_normal.ubulk" 1651
"C:/Users/sina/Desktop/dev/DuyguUE/Content/MetaHumans/Common/Materials/Textures/Clothing/Wrinkles/memory_wrinkles_normal.uasset" 1652
"C:/Users/sina/Desktop/dev/DuyguUE/Content/MetaHumans/Common/Materials/Textures/Clothing/Wrinkles/memory_wrinkles_normal.uexp" 1653
"C:/Users/sina/Desktop/dev/DuyguUE/Content/MetaHumans/Common/Materials/M_fabric_simpler.uasset" 1654
"C:/Users/sina/Desktop/dev/DuyguUE/Content/MetaHumans/Common/Materials/M_fabric_simpler.uexp" 1655
"C:/Users/sina/Desktop/dev/DuyguUE/Content/MetaHumans/Common/Materials/Shirt/Male/m_top_shirt_AO.ubulk" 1656
"C:/Users/sina/Desktop/dev/DuyguUE/Content/MetaHumans/Common/Materials/Shirt/Male/m_top_shirt_AO.uasset" 1657
"C:/Users/sina/Desktop/dev/DuyguUE/Content/MetaHumans/Common/Materials/Shirt/Male/m_top_shirt_AO.uexp" 1658
"C:/Users/sina/Desktop/dev/DuyguUE/Content/MetaHumans/Common/Materials/Shirt/Male/m_top_shirt_custom_stitch.ubulk" 1659
"C:/Users/sina/Desktop/dev/DuyguUE/Content/MetaHumans/Common/Materials/Shirt/Male/m_top_shirt_custom_stitch.uasset" 1660
"C:/Users/sina/Desktop/dev/DuyguUE/Content/MetaHumans/Common/Materials/Shirt/Male/m_top_shirt_custom_stitch.uexp" 1661
"C:/Users/sina/Desktop/dev/DuyguUE/Content/MetaHumans/Common/Materials/Shirt/Male/m_top_shirt_Mask.ubulk" 1662
"C:/Users/sina/Desktop/dev/DuyguUE/Content/MetaHumans/Common/Materials/Shirt/Male/m_top_shirt_Mask.uasset" 1663
"C:/Users/sina/Desktop/dev/DuyguUE/Content/MetaHumans/Common/Materials/Shirt/Male/m_top_shirt_Mask.uexp" 1664
"C:/Users/sina/Desktop/dev/DuyguUE/Content/MetaHumans/Common/Materials/Shirt/Male/m_top_shirt_N.ubulk" 1665
"C:/Users/sina/Desktop/dev/DuyguUE/Content/MetaHumans/Common/Materials/Shirt/Male/m_top_shirt_N.uasset" 1666
"C:/Users/sina/Desktop/dev/DuyguUE/Content/MetaHumans/Common/Materials/Shirt/Male/m_top_shirt_N.uexp" 1667
"C:/Users/sina/Desktop/dev/DuyguUE/Content/MetaHumans/Common/Materials/Textures/Clothing/Micros/micro_chambray_D.ubulk" 1668
"C:/Users/sina/Desktop/dev/DuyguUE/Content/MetaHumans/Common/Materials/Textures/Clothing/Micros/micro_chambray_D.uasset" 1669
"C:/Users/sina/Desktop/dev/DuyguUE/Content/MetaHumans/Common/Materials/Textures/Clothing/Micros/micro_chambray_D.uexp" 1670
"C:/Users/sina/Desktop/dev/DuyguUE/Content/MetaHumans/Common/Materials/Textures/Clothing/Micros/micro_chambray_height.ubulk" 1671
"C:/Users/sina/Desktop/dev/DuyguUE/Content/MetaHumans/Common/Materials/Textures/Clothing/Micros/micro_chambray_height.uasset" 1672
"C:/Users/sina/Desktop/dev/DuyguUE/Content/MetaHumans/Common/Materials/Textures/Clothing/Micros/micro_chambray_height.uexp" 1673
"C:/Users/sina/Desktop/dev/DuyguUE/Content/MetaHumans/Common/Materials/Textures/Clothing/Micros/micro_chambray_N.ubulk" 1674
"C:/Users/sina/Desktop/dev/DuyguUE/Content/MetaHumans/Common/Materials/Textures/Clothing/Micros/micro_chambray_N.uasset" 1675
"C:/Users/sina/Desktop/dev/DuyguUE/Content/MetaHumans/Common/Materials/Textures/Clothing/Micros/micro_chambray_N.uexp" 1676
"C:/Users/sina/Desktop/dev/DuyguUE/Content/MetaHumans/Common/Materials/Textures/Clothing/Wrinkles/crease_a_tileable_N.ubulk" 1677
"C:/Users/sina/Desktop/dev/DuyguUE/Content/MetaHumans/Common/Materials/Textures/Clothing/Wrinkles/crease_a_tileable_N.uasset" 1678
"C:/Users/sina/Desktop/dev/DuyguUE/Content/MetaHumans/Common/Materials/Textures/Clothing/Wrinkles/crease_a_tileable_N.uexp" 1679
"C:/Users/sina/Desktop/dev/DuyguUE/Content/MetaHumans/Common/Materials/Shirt/Male/M_m_top_shirt.uasset" 1680
"C:/Users/sina/Desktop/dev/DuyguUE/Content/MetaHumans/Common/Materials/Shirt/Male/M_m_top_shirt.uexp" 1681
"C:/Users/sina/Desktop/dev/DuyguUE/Content/MetaHumans/Common/Male/Medium/NormalWeight/Tops/Shirt/m_med_nrw_top_shirt_nrm_PhysicsAsset.uasset" 1682
"C:/Users/sina/Desktop/dev/DuyguUE/Content/MetaHumans/Common/Male/Medium/NormalWeight/Tops/Shirt/m_med_nrw_top_shirt_nrm_PhysicsAsset.uexp" 1683
"C:/Users/sina/Desktop/dev/DuyguUE/Content/MetaHumans/Common/Male/Medium/NormalWeight/Tops/Shirt/m_med_nrw_top_shirt_nrm_Skeleton.uasset" 1684
"C:/Users/sina/Desktop/dev/DuyguUE/Content/MetaHumans/Common/Male/Medium/NormalWeight/Tops/Shirt/m_med_nrw_top_shirt_nrm_Skeleton.uexp" 1685
"C:/Users/sina/Desktop/dev/DuyguUE/Content/MetaHumans/Common/Male/Medium/NormalWeight/Tops/Shirt/m_med_nrw_top_shirt_nrm_Cinematic.uasset" 1686
"C:/Users/sina/Desktop/dev/DuyguUE/Content/MetaHumans/Common/Male/Medium/NormalWeight/Tops/Shirt/m_med_nrw_top_shirt_nrm_Cinematic.uexp" 1687
"C:/Users/sina/Desktop/dev/DuyguUE/Content/MetaHumans/Common/Common/Mocap/mh_arkit_mapping_pose.uasset" 1688
"C:/Users/sina/Desktop/dev/DuyguUE/Content/MetaHumans/Common/Common/Mocap/mh_arkit_mapping_pose.uexp" 1689
"C:/Users/sina/Desktop/dev/DuyguUE/Content/MetaHumans/Common/Face/Face_AnimBP.uasset" 1690
"C:/Users/sina/Desktop/dev/DuyguUE/Content/MetaHumans/Common/Face/Face_AnimBP.uexp" 1691
"C:/Users/sina/Desktop/dev/DuyguUE/Content/MetaHumans/Common/Materials/DefaultTexture_LinearColor.ubulk" 1692
"C:/Users/sina/Desktop/dev/DuyguUE/Content/MetaHumans/Common/Materials/DefaultTexture_LinearColor.uasset" 1693
"C:/Users/sina/Desktop/dev/DuyguUE/Content/MetaHumans/Common/Materials/DefaultTexture_LinearColor.uexp" 1694
"C:/Users/sina/Desktop/dev/DuyguUE/Content/MetaHumans/Common/Face/SubsurfaceProfiles/SSP_Head.uasset" 1695
"C:/Users/sina/Desktop/dev/DuyguUE/Content/MetaHumans/Common/Face/SubsurfaceProfiles/SSP_Head.uexp" 1696
"C:/Users/sina/Desktop/dev/DuyguUE/Content/MetaHumans/Common/Textures/DefaultTexture_VT.ubulk" 1697
"C:/Users/sina/Desktop/dev/DuyguUE/Content/MetaHumans/Common/Textures/DefaultTexture_VT.uasset" 1698
"C:/Users/sina/Desktop/dev/DuyguUE/Content/MetaHumans/Common/Textures/DefaultTexture_VT.uexp" 1699
"C:/Users/sina/Desktop/dev/DuyguUE/Content/MetaHumans/Common/Textures/T_FlatNormal.ubulk" 1700
"C:/Users/sina/Desktop/dev/DuyguUE/Content/MetaHumans/Common/Textures/T_FlatNormal.uasset" 1701
"C:/Users/sina/Desktop/dev/DuyguUE/Content/MetaHumans/Common/Textures/T_FlatNormal.uexp" 1702
"C:/Users/sina/Desktop/dev/DuyguUE/Content/MetaHumans/Common/Materials/Textures/T_SkinMicroNormal.ubulk" 1703
"C:/Users/sina/Desktop/dev/DuyguUE/Content/MetaHumans/Common/Materials/Textures/T_SkinMicroNormal.uasset" 1704
"C:/Users/sina/Desktop/dev/DuyguUE/Content/MetaHumans/Common/Materials/Textures/T_SkinMicroNormal.uexp" 1705
"C:/Users/sina/Desktop/dev/DuyguUE/Content/MetaHumans/Common/Textures/T_BodyHideMask.ubulk" 1706
"C:/Users/sina/Desktop/dev/DuyguUE/Content/MetaHumans/Common/Textures/T_BodyHideMask.uasset" 1707
"C:/Users/sina/Desktop/dev/DuyguUE/Content/MetaHumans/Common/Textures/T_BodyHideMask.uexp" 1708
"C:/Users/sina/Desktop/dev/DuyguUE/Content/MetaHumans/Common/Materials/M_BodySkin.uasset" 1709
"C:/Users/sina/Desktop/dev/DuyguUE/Content/MetaHumans/Common/Materials/M_BodySkin.uexp" 1710
"C:/Users/sina/Desktop/dev/DuyguUE/Content/MetaHumans/Common/Materials/MI_BodySynthesized.uasset" 1711
"C:/Users/sina/Desktop/dev/DuyguUE/Content/MetaHumans/Common/Materials/MI_BodySynthesized.uexp" 1712
"C:/Users/sina/Desktop/dev/DuyguUE/Content/MetaHumans/Gavin/Body/BodyBaseColor.ubulk" 1713
"C:/Users/sina/Desktop/dev/DuyguUE/Content/MetaHumans/Gavin/Body/BodyBaseColor.uasset" 1714
"C:/Users/sina/Desktop/dev/DuyguUE/Content/MetaHumans/Gavin/Body/BodyBaseColor.uexp" 1715
"C:/Users/sina/Desktop/dev/DuyguUE/Content/MetaHumans/Common/Male/Textures/male_001/8K/male_body_cavity_map.uexp" 1716
"C:/Users/sina/Desktop/dev/DuyguUE/Content/MetaHumans/Common/Male/Textures/male_001/8K/male_body_cavity_map.ubulk" 1717
"C:/Users/sina/Desktop/dev/DuyguUE/Content/MetaHumans/Common/Male/Textures/male_001/8K/male_body_cavity_map.uasset" 1718
"C:/Users/sina/Desktop/dev/DuyguUE/Content/MetaHumans/Common/Male/Textures/male_001/8K/male_body_cavity_map.uptnl" 1719
"C:/Users/sina/Desktop/dev/DuyguUE/Content/MetaHumans/Common/Male/Textures/male_001/8K/male_body_normal_map.uexp" 1720
"C:/Users/sina/Desktop/dev/DuyguUE/Content/MetaHumans/Common/Male/Textures/male_001/8K/male_body_normal_map.ubulk" 1721
"C:/Users/sina/Desktop/dev/DuyguUE/Content/MetaHumans/Common/Male/Textures/male_001/8K/male_body_normal_map.uasset" 1722
"C:/Users/sina/Desktop/dev/DuyguUE/Content/MetaHumans/Common/Male/Textures/male_001/8K/male_body_normal_map.uptnl" 1723
"C:/Users/sina/Desktop/dev/DuyguUE/Content/MetaHumans/Common/Male/Textures/male_001/8K/male_body_roughness_map.uexp" 1724
"C:/Users/sina/Desktop/dev/DuyguUE/Content/MetaHumans/Common/Male/Textures/male_001/8K/male_body_roughness_map.ubulk" 1725
"C:/Users/sina/Desktop/dev/DuyguUE/Content/MetaHumans/Common/Male/Textures/male_001/8K/male_body_roughness_map.uasset" 1726
"C:/Users/sina/Desktop/dev/DuyguUE/Content/MetaHumans/Common/Male/Textures/male_001/8K/male_body_roughness_map.uptnl" 1727
"C:/Users/sina/Desktop/dev/DuyguUE/Content/MetaHumans/Common/Male/Textures/Shared/8K/male_body_mask_map.uexp" 1728
"C:/Users/sina/Desktop/dev/DuyguUE/Content/MetaHumans/Common/Male/Textures/Shared/8K/male_body_mask_map.ubulk" 1729
"C:/Users/sina/Desktop/dev/DuyguUE/Content/MetaHumans/Common/Male/Textures/Shared/8K/male_body_mask_map.uasset" 1730
"C:/Users/sina/Desktop/dev/DuyguUE/Content/MetaHumans/Common/Male/Textures/Shared/8K/male_body_mask_map.uptnl" 1731
"C:/Users/sina/Desktop/dev/DuyguUE/Content/MetaHumans/Common/Male/Textures/Shared/8K/male_underwear_color_map.uexp" 1732
"C:/Users/sina/Desktop/dev/DuyguUE/Content/MetaHumans/Common/Male/Textures/Shared/8K/male_underwear_color_map.ubulk" 1733
"C:/Users/sina/Desktop/dev/DuyguUE/Content/MetaHumans/Common/Male/Textures/Shared/8K/male_underwear_color_map.uasset" 1734
"C:/Users/sina/Desktop/dev/DuyguUE/Content/MetaHumans/Common/Male/Textures/Shared/8K/male_underwear_color_map.uptnl" 1735
"C:/Users/sina/Desktop/dev/DuyguUE/Content/MetaHumans/Gavin/Materials/MI_BodySynthesized.uasset" 1736
"C:/Users/sina/Desktop/dev/DuyguUE/Content/MetaHumans/Gavin/Materials/MI_BodySynthesized.uexp" 1737
"C:/Users/sina/Desktop/dev/DuyguUE/Content/MetaHumans/Common/Common/metahuman_proc_ControlRig.uasset" 1738
"C:/Users/sina/Desktop/dev/DuyguUE/Content/MetaHumans/Common/Common/metahuman_proc_ControlRig.uexp" 1739
"C:/Users/sina/Desktop/dev/DuyguUE/Content/MetaHumans/Common/Controls/MHGizmoLibrary.uasset" 1740
"C:/Users/sina/Desktop/dev/DuyguUE/Content/MetaHumans/Common/Controls/MHGizmoLibrary.uexp" 1741
"C:/Users/sina/Desktop/dev/DuyguUE/Content/MetaHumans/Common/Face/HeadMovementIK_Proc_CtrlRig.uasset" 1742
"C:/Users/sina/Desktop/dev/DuyguUE/Content/MetaHumans/Common/Face/HeadMovementIK_Proc_CtrlRig.uexp" 1743
"C:/Users/sina/Desktop/dev/DuyguUE/Content/MetaHumans/Common/Male/Medium/NormalWeight/Poses/m_med_nrw_calf_l_pose.uasset" 1744
"C:/Users/sina/Desktop/dev/DuyguUE/Content/MetaHumans/Common/Male/Medium/NormalWeight/Poses/m_med_nrw_calf_l_pose.uexp" 1745
"C:/Users/sina/Desktop/dev/DuyguUE/Content/MetaHumans/Common/Male/Medium/NormalWeight/Poses/m_med_nrw_calf_r_pose.uasset" 1746
"C:/Users/sina/Desktop/dev/DuyguUE/Content/MetaHumans/Common/Male/Medium/NormalWeight/Poses/m_med_nrw_calf_r_pose.uexp" 1747
"C:/Users/sina/Desktop/dev/DuyguUE/Content/MetaHumans/Common/Male/Medium/NormalWeight/Poses/m_med_nrw_clavicle_l_pose.uasset" 1748
"C:/Users/sina/Desktop/dev/DuyguUE/Content/MetaHumans/Common/Male/Medium/NormalWeight/Poses/m_med_nrw_clavicle_l_pose.uexp" 1749
"C:/Users/sina/Desktop/dev/DuyguUE/Content/MetaHumans/Common/Male/Medium/NormalWeight/Poses/m_med_nrw_clavicle_r_pose.uasset" 1750
"C:/Users/sina/Desktop/dev/DuyguUE/Content/MetaHumans/Common/Male/Medium/NormalWeight/Poses/m_med_nrw_clavicle_r_pose.uexp" 1751
"C:/Users/sina/Desktop/dev/DuyguUE/Content/MetaHumans/Common/Male/Medium/NormalWeight/Poses/m_med_nrw_foot_l_pose.uasset" 1752
"C:/Users/sina/Desktop/dev/DuyguUE/Content/MetaHumans/Common/Male/Medium/NormalWeight/Poses/m_med_nrw_foot_l_pose.uexp" 1753
"C:/Users/sina/Desktop/dev/DuyguUE/Content/MetaHumans/Common/Male/Medium/NormalWeight/Poses/m_med_nrw_foot_r_pose.uasset" 1754
"C:/Users/sina/Desktop/dev/DuyguUE/Content/MetaHumans/Common/Male/Medium/NormalWeight/Poses/m_med_nrw_foot_r_pose.uexp" 1755
"C:/Users/sina/Desktop/dev/DuyguUE/Content/MetaHumans/Common/Male/Medium/NormalWeight/Poses/m_med_nrw_hand_l_pose.uasset" 1756
"C:/Users/sina/Desktop/dev/DuyguUE/Content/MetaHumans/Common/Male/Medium/NormalWeight/Poses/m_med_nrw_hand_l_pose.uexp" 1757
"C:/Users/sina/Desktop/dev/DuyguUE/Content/MetaHumans/Common/Male/Medium/NormalWeight/Poses/m_med_nrw_hand_r_pose.uasset" 1758
"C:/Users/sina/Desktop/dev/DuyguUE/Content/MetaHumans/Common/Male/Medium/NormalWeight/Poses/m_med_nrw_hand_r_pose.uexp" 1759
"C:/Users/sina/Desktop/dev/DuyguUE/Content/MetaHumans/Common/Male/Medium/NormalWeight/Poses/m_med_nrw_index_01_l_pose.uasset" 1760
"C:/Users/sina/Desktop/dev/DuyguUE/Content/MetaHumans/Common/Male/Medium/NormalWeight/Poses/m_med_nrw_index_01_l_pose.uexp" 1761
"C:/Users/sina/Desktop/dev/DuyguUE/Content/MetaHumans/Common/Male/Medium/NormalWeight/Poses/m_med_nrw_index_01_r_pose.uasset" 1762
"C:/Users/sina/Desktop/dev/DuyguUE/Content/MetaHumans/Common/Male/Medium/NormalWeight/Poses/m_med_nrw_index_01_r_pose.uexp" 1763
"C:/Users/sina/Desktop/dev/DuyguUE/Content/MetaHumans/Common/Male/Medium/NormalWeight/Poses/m_med_nrw_index_02_l_pose.uasset" 1764
"C:/Users/sina/Desktop/dev/DuyguUE/Content/MetaHumans/Common/Male/Medium/NormalWeight/Poses/m_med_nrw_index_02_l_pose.uexp" 1765
"C:/Users/sina/Desktop/dev/DuyguUE/Content/MetaHumans/Common/Male/Medium/NormalWeight/Poses/m_med_nrw_index_02_r_pose.uasset" 1766
"C:/Users/sina/Desktop/dev/DuyguUE/Content/MetaHumans/Common/Male/Medium/NormalWeight/Poses/m_med_nrw_index_02_r_pose.uexp" 1767
"C:/Users/sina/Desktop/dev/DuyguUE/Content/MetaHumans/Common/Male/Medium/NormalWeight/Poses/m_med_nrw_index_03_l_pose.uasset" 1768
"C:/Users/sina/Desktop/dev/DuyguUE/Content/MetaHumans/Common/Male/Medium/NormalWeight/Poses/m_med_nrw_index_03_l_pose.uexp" 1769
"C:/Users/sina/Desktop/dev/DuyguUE/Content/MetaHumans/Common/Male/Medium/NormalWeight/Poses/m_med_nrw_index_03_r_pose.uasset" 1770
"C:/Users/sina/Desktop/dev/DuyguUE/Content/MetaHumans/Common/Male/Medium/NormalWeight/Poses/m_med_nrw_index_03_r_pose.uexp" 1771
"C:/Users/sina/Desktop/dev/DuyguUE/Content/MetaHumans/Common/Male/Medium/NormalWeight/Poses/m_med_nrw_lowerarm_l_pose.uasset" 1772
"C:/Users/sina/Desktop/dev/DuyguUE/Content/MetaHumans/Common/Male/Medium/NormalWeight/Poses/m_med_nrw_lowerarm_l_pose.uexp" 1773
"C:/Users/sina/Desktop/dev/DuyguUE/Content/MetaHumans/Common/Male/Medium/NormalWeight/Poses/m_med_nrw_lowerarm_r_pose.uasset" 1774
"C:/Users/sina/Desktop/dev/DuyguUE/Content/MetaHumans/Common/Male/Medium/NormalWeight/Poses/m_med_nrw_lowerarm_r_pose.uexp" 1775
"C:/Users/sina/Desktop/dev/DuyguUE/Content/MetaHumans/Common/Male/Medium/NormalWeight/Poses/m_med_nrw_middle_01_l_pose.uasset" 1776
"C:/Users/sina/Desktop/dev/DuyguUE/Content/MetaHumans/Common/Male/Medium/NormalWeight/Poses/m_med_nrw_middle_01_l_pose.uexp" 1777
"C:/Users/sina/Desktop/dev/DuyguUE/Content/MetaHumans/Common/Male/Medium/NormalWeight/Poses/m_med_nrw_middle_01_r_pose.uasset" 1778
"C:/Users/sina/Desktop/dev/DuyguUE/Content/MetaHumans/Common/Male/Medium/NormalWeight/Poses/m_med_nrw_middle_01_r_pose.uexp" 1779
"C:/Users/sina/Desktop/dev/DuyguUE/Content/MetaHumans/Common/Male/Medium/NormalWeight/Poses/m_med_nrw_middle_02_l_pose.uasset" 1780
"C:/Users/sina/Desktop/dev/DuyguUE/Content/MetaHumans/Common/Male/Medium/NormalWeight/Poses/m_med_nrw_middle_02_l_pose.uexp" 1781
"C:/Users/sina/Desktop/dev/DuyguUE/Content/MetaHumans/Common/Male/Medium/NormalWeight/Poses/m_med_nrw_middle_02_r_pose.uasset" 1782
"C:/Users/sina/Desktop/dev/DuyguUE/Content/MetaHumans/Common/Male/Medium/NormalWeight/Poses/m_med_nrw_middle_02_r_pose.uexp" 1783
"C:/Users/sina/Desktop/dev/DuyguUE/Content/MetaHumans/Common/Male/Medium/NormalWeight/Poses/m_med_nrw_middle_03_l_pose.uasset" 1784
"C:/Users/sina/Desktop/dev/DuyguUE/Content/MetaHumans/Common/Male/Medium/NormalWeight/Poses/m_med_nrw_middle_03_l_pose.uexp" 1785
"C:/Users/sina/Desktop/dev/DuyguUE/Content/MetaHumans/Common/Male/Medium/NormalWeight/Poses/m_med_nrw_middle_03_r_pose.uasset" 1786
"C:/Users/sina/Desktop/dev/DuyguUE/Content/MetaHumans/Common/Male/Medium/NormalWeight/Poses/m_med_nrw_middle_03_r_pose.uexp" 1787
"C:/Users/sina/Desktop/dev/DuyguUE/Content/MetaHumans/Common/Male/Medium/NormalWeight/Poses/m_med_nrw_pinky_01_l_pose.uasset" 1788
"C:/Users/sina/Desktop/dev/DuyguUE/Content/MetaHumans/Common/Male/Medium/NormalWeight/Poses/m_med_nrw_pinky_01_l_pose.uexp" 1789
"C:/Users/sina/Desktop/dev/DuyguUE/Content/MetaHumans/Common/Male/Medium/NormalWeight/Poses/m_med_nrw_pinky_01_r_pose.uasset" 1790
"C:/Users/sina/Desktop/dev/DuyguUE/Content/MetaHumans/Common/Male/Medium/NormalWeight/Poses/m_med_nrw_pinky_01_r_pose.uexp" 1791
"C:/Users/sina/Desktop/dev/DuyguUE/Content/MetaHumans/Common/Male/Medium/NormalWeight/Poses/m_med_nrw_pinky_02_l_pose.uasset" 1792
"C:/Users/sina/Desktop/dev/DuyguUE/Content/MetaHumans/Common/Male/Medium/NormalWeight/Poses/m_med_nrw_pinky_02_l_pose.uexp" 1793
"C:/Users/sina/Desktop/dev/DuyguUE/Content/MetaHumans/Common/Male/Medium/NormalWeight/Poses/m_med_nrw_pinky_02_r_pose.uasset" 1794
"C:/Users/sina/Desktop/dev/DuyguUE/Content/MetaHumans/Common/Male/Medium/NormalWeight/Poses/m_med_nrw_pinky_02_r_pose.uexp" 1795
"C:/Users/sina/Desktop/dev/DuyguUE/Content/MetaHumans/Common/Male/Medium/NormalWeight/Poses/m_med_nrw_pinky_03_l_pose.uasset" 1796
"C:/Users/sina/Desktop/dev/DuyguUE/Content/MetaHumans/Common/Male/Medium/NormalWeight/Poses/m_med_nrw_pinky_03_l_pose.uexp" 1797
"C:/Users/sina/Desktop/dev/DuyguUE/Content/MetaHumans/Common/Male/Medium/NormalWeight/Poses/m_med_nrw_pinky_03_r_pose.uasset" 1798
"C:/Users/sina/Desktop/dev/DuyguUE/Content/MetaHumans/Common/Male/Medium/NormalWeight/Poses/m_med_nrw_pinky_03_r_pose.uexp" 1799
"C:/Users/sina/Desktop/dev/DuyguUE/Content/MetaHumans/Common/Male/Medium/NormalWeight/Poses/m_med_nrw_ring_01_l_pose.uasset" 1800
"C:/Users/sina/Desktop/dev/DuyguUE/Content/MetaHumans/Common/Male/Medium/NormalWeight/Poses/m_med_nrw_ring_01_l_pose.uexp" 1801
"C:/Users/sina/Desktop/dev/DuyguUE/Content/MetaHumans/Common/Male/Medium/NormalWeight/Poses/m_med_nrw_ring_01_r_pose.uasset" 1802
"C:/Users/sina/Desktop/dev/DuyguUE/Content/MetaHumans/Common/Male/Medium/NormalWeight/Poses/m_med_nrw_ring_01_r_pose.uexp" 1803
"C:/Users/sina/Desktop/dev/DuyguUE/Content/MetaHumans/Common/Male/Medium/NormalWeight/Poses/m_med_nrw_ring_02_l_pose.uasset" 1804
"C:/Users/sina/Desktop/dev/DuyguUE/Content/MetaHumans/Common/Male/Medium/NormalWeight/Poses/m_med_nrw_ring_02_l_pose.uexp" 1805
"C:/Users/sina/Desktop/dev/DuyguUE/Content/MetaHumans/Common/Male/Medium/NormalWeight/Poses/m_med_nrw_ring_02_r_pose.uasset" 1806
"C:/Users/sina/Desktop/dev/DuyguUE/Content/MetaHumans/Common/Male/Medium/NormalWeight/Poses/m_med_nrw_ring_02_r_pose.uexp" 1807
"C:/Users/sina/Desktop/dev/DuyguUE/Content/MetaHumans/Common/Male/Medium/NormalWeight/Poses/m_med_nrw_ring_03_l_pose.uasset" 1808
"C:/Users/sina/Desktop/dev/DuyguUE/Content/MetaHumans/Common/Male/Medium/NormalWeight/Poses/m_med_nrw_ring_03_l_pose.uexp" 1809
"C:/Users/sina/Desktop/dev/DuyguUE/Content/MetaHumans/Common/Male/Medium/NormalWeight/Poses/m_med_nrw_ring_03_r_pose.uasset" 1810
"C:/Users/sina/Desktop/dev/DuyguUE/Content/MetaHumans/Common/Male/Medium/NormalWeight/Poses/m_med_nrw_ring_03_r_pose.uexp" 1811
"C:/Users/sina/Desktop/dev/DuyguUE/Content/MetaHumans/Common/Male/Medium/NormalWeight/Poses/m_med_nrw_thigh_l_pose.uasset" 1812
"C:/Users/sina/Desktop/dev/DuyguUE/Content/MetaHumans/Common/Male/Medium/NormalWeight/Poses/m_med_nrw_thigh_l_pose.uexp" 1813
"C:/Users/sina/Desktop/dev/DuyguUE/Content/MetaHumans/Common/Male/Medium/NormalWeight/Poses/m_med_nrw_thigh_r_pose.uasset" 1814
"C:/Users/sina/Desktop/dev/DuyguUE/Content/MetaHumans/Common/Male/Medium/NormalWeight/Poses/m_med_nrw_thigh_r_pose.uexp" 1815
"C:/Users/sina/Desktop/dev/DuyguUE/Content/MetaHumans/Common/Male/Medium/NormalWeight/Poses/m_med_nrw_thumb_01_l_pose.uasset" 1816
"C:/Users/sina/Desktop/dev/DuyguUE/Content/MetaHumans/Common/Male/Medium/NormalWeight/Poses/m_med_nrw_thumb_01_l_pose.uexp" 1817
"C:/Users/sina/Desktop/dev/DuyguUE/Content/MetaHumans/Common/Male/Medium/NormalWeight/Poses/m_med_nrw_thumb_01_r_pose.uasset" 1818
"C:/Users/sina/Desktop/dev/DuyguUE/Content/MetaHumans/Common/Male/Medium/NormalWeight/Poses/m_med_nrw_thumb_01_r_pose.uexp" 1819
"C:/Users/sina/Desktop/dev/DuyguUE/Content/MetaHumans/Common/Male/Medium/NormalWeight/Poses/m_med_nrw_thumb_02_l_pose.uasset" 1820
"C:/Users/sina/Desktop/dev/DuyguUE/Content/MetaHumans/Common/Male/Medium/NormalWeight/Poses/m_med_nrw_thumb_02_l_pose.uexp" 1821
"C:/Users/sina/Desktop/dev/DuyguUE/Content/MetaHumans/Common/Male/Medium/NormalWeight/Poses/m_med_nrw_thumb_02_r_pose.uasset" 1822
"C:/Users/sina/Desktop/dev/DuyguUE/Content/MetaHumans/Common/Male/Medium/NormalWeight/Poses/m_med_nrw_thumb_02_r_pose.uexp" 1823
"C:/Users/sina/Desktop/dev/DuyguUE/Content/MetaHumans/Common/Male/Medium/NormalWeight/Poses/m_med_nrw_thumb_03_l_pose.uasset" 1824
"C:/Users/sina/Desktop/dev/DuyguUE/Content/MetaHumans/Common/Male/Medium/NormalWeight/Poses/m_med_nrw_thumb_03_l_pose.uexp" 1825
"C:/Users/sina/Desktop/dev/DuyguUE/Content/MetaHumans/Common/Male/Medium/NormalWeight/Poses/m_med_nrw_thumb_03_r_pose.uasset" 1826
"C:/Users/sina/Desktop/dev/DuyguUE/Content/MetaHumans/Common/Male/Medium/NormalWeight/Poses/m_med_nrw_thumb_03_r_pose.uexp" 1827
"C:/Users/sina/Desktop/dev/DuyguUE/Content/MetaHumans/Common/Male/Medium/NormalWeight/Poses/m_med_nrw_upperarm_l_pose.uasset" 1828
"C:/Users/sina/Desktop/dev/DuyguUE/Content/MetaHumans/Common/Male/Medium/NormalWeight/Poses/m_med_nrw_upperarm_l_pose.uexp" 1829
"C:/Users/sina/Desktop/dev/DuyguUE/Content/MetaHumans/Common/Male/Medium/NormalWeight/Poses/m_med_nrw_upperarm_r_pose.uasset" 1830
"C:/Users/sina/Desktop/dev/DuyguUE/Content/MetaHumans/Common/Male/Medium/NormalWeight/Poses/m_med_nrw_upperarm_r_pose.uexp" 1831
"C:/Users/sina/Desktop/dev/DuyguUE/Content/MetaHumans/Common/Male/Medium/NormalWeight/Body/m_med_nrw_animbp_Cinematic.uasset" 1832
"C:/Users/sina/Desktop/dev/DuyguUE/Content/MetaHumans/Common/Male/Medium/NormalWeight/Body/m_med_nrw_animbp_Cinematic.uexp" 1833
"C:/Users/sina/Desktop/dev/DuyguUE/Content/MetaHumans/Common/Male/Medium/NormalWeight/Body/m_med_nrw_body_Physics.uasset" 1834
"C:/Users/sina/Desktop/dev/DuyguUE/Content/MetaHumans/Common/Male/Medium/NormalWeight/Body/m_med_nrw_body_Physics.uexp" 1835
"C:/Users/sina/Desktop/dev/DuyguUE/Content/MetaHumans/Gavin/Body/m_med_nrw_body.uasset" 1836
"C:/Users/sina/Desktop/dev/DuyguUE/Content/MetaHumans/Gavin/Body/m_med_nrw_body.uexp" 1837
"C:/Users/sina/Desktop/dev/DuyguUE/Content/MetaHumans/Common/Materials/MF_RGB2YCbCr.uasset" 1838
"C:/Users/sina/Desktop/dev/DuyguUE/Content/MetaHumans/Common/Materials/MF_RGB2YCbCr.uexp" 1839
"C:/Users/sina/Desktop/dev/DuyguUE/Content/MetaHumans/Common/Materials/MF_YCbCr2RGB.uasset" 1840
"C:/Users/sina/Desktop/dev/DuyguUE/Content/MetaHumans/Common/Materials/MF_YCbCr2RGB.uexp" 1841
"C:/Users/sina/Desktop/dev/DuyguUE/Content/MetaHumans/Common/Materials/MF_YCbCrAdjustments_BoostRedness.uasset" 1842
"C:/Users/sina/Desktop/dev/DuyguUE/Content/MetaHumans/Common/Materials/MF_YCbCrAdjustments_BoostRedness.uexp" 1843
"C:/Users/sina/Desktop/dev/DuyguUE/Content/MetaHumans/Common/Materials/MF_RedHairBoost.uasset" 1844
"C:/Users/sina/Desktop/dev/DuyguUE/Content/MetaHumans/Common/Materials/MF_RedHairBoost.uexp" 1845
"C:/Users/sina/Desktop/dev/DuyguUE/Content/MetaHumans/Common/Materials/T_Black_Linear.uasset" 1846
"C:/Users/sina/Desktop/dev/DuyguUE/Content/MetaHumans/Common/Materials/T_Black_Linear.uexp" 1847
"C:/Users/sina/Desktop/dev/DuyguUE/Content/MetaHumans/Common/Materials/M_Eyelashes_Cards.uasset" 1848
"C:/Users/sina/Desktop/dev/DuyguUE/Content/MetaHumans/Common/Materials/M_Eyelashes_Cards.uexp" 1849
"C:/Users/sina/Desktop/dev/DuyguUE/Content/MetaHumans/Common/Materials/M_EyelashLowerLODs_Inst.uasset" 1850
"C:/Users/sina/Desktop/dev/DuyguUE/Content/MetaHumans/Common/Materials/M_EyelashLowerLODs_Inst.uexp" 1851
"C:/Users/sina/Desktop/dev/DuyguUE/Content/MetaHumans/Common/MaleHair/Textures/Eyelashes_S_Sparse_Coverage.ubulk" 1852
"C:/Users/sina/Desktop/dev/DuyguUE/Content/MetaHumans/Common/MaleHair/Textures/Eyelashes_S_Sparse_Coverage.uasset" 1853
"C:/Users/sina/Desktop/dev/DuyguUE/Content/MetaHumans/Common/MaleHair/Textures/Eyelashes_S_Sparse_Coverage.uexp" 1854
"C:/Users/sina/Desktop/dev/DuyguUE/Content/MetaHumans/Gavin/Materials/M_EyelashLowerLODs_Inst.uasset" 1855
"C:/Users/sina/Desktop/dev/DuyguUE/Content/MetaHumans/Gavin/Materials/M_EyelashLowerLODs_Inst.uexp" 1856
"C:/Users/sina/Desktop/dev/DuyguUE/Content/MetaHumans/Common/Materials/M_EyeLash_HigherLODs_Inst.uasset" 1857
"C:/Users/sina/Desktop/dev/DuyguUE/Content/MetaHumans/Common/Materials/M_EyeLash_HigherLODs_Inst.uexp" 1858
"C:/Users/sina/Desktop/dev/DuyguUE/Content/MetaHumans/Gavin/Materials/M_EyeLash_HigherLODs_Inst.uasset" 1859
"C:/Users/sina/Desktop/dev/DuyguUE/Content/MetaHumans/Gavin/Materials/M_EyeLash_HigherLODs_Inst.uexp" 1860
"C:/Users/sina/Desktop/dev/DuyguUE/Content/MetaHumans/Gavin/Face/FaceBakedGroomAttributeMap.ubulk" 1861
"C:/Users/sina/Desktop/dev/DuyguUE/Content/MetaHumans/Gavin/Face/FaceBakedGroomAttributeMap.uasset" 1862
"C:/Users/sina/Desktop/dev/DuyguUE/Content/MetaHumans/Gavin/Face/FaceBakedGroomAttributeMap.uexp" 1863
"C:/Users/sina/Desktop/dev/DuyguUE/Content/MetaHumans/Gavin/Face/FaceBakedGroomRootTipGradientRegionMasks.ubulk" 1864
"C:/Users/sina/Desktop/dev/DuyguUE/Content/MetaHumans/Gavin/Face/FaceBakedGroomRootTipGradientRegionMasks.uasset" 1865
"C:/Users/sina/Desktop/dev/DuyguUE/Content/MetaHumans/Gavin/Face/FaceBakedGroomRootTipGradientRegionMasks.uexp" 1866
"C:/Users/sina/Desktop/dev/DuyguUE/Content/MetaHumans/Gavin/Face/FaceCavity_MAIN.uexp" 1867
"C:/Users/sina/Desktop/dev/DuyguUE/Content/MetaHumans/Gavin/Face/FaceCavity_MAIN.ubulk" 1868
"C:/Users/sina/Desktop/dev/DuyguUE/Content/MetaHumans/Gavin/Face/FaceCavity_MAIN.uasset" 1869
"C:/Users/sina/Desktop/dev/DuyguUE/Content/MetaHumans/Gavin/Face/FaceCavity_MAIN.uptnl" 1870
"C:/Users/sina/Desktop/dev/DuyguUE/Content/MetaHumans/Gavin/Face/FaceColor_CM1.ubulk" 1871
"C:/Users/sina/Desktop/dev/DuyguUE/Content/MetaHumans/Gavin/Face/FaceColor_CM1.uasset" 1872
"C:/Users/sina/Desktop/dev/DuyguUE/Content/MetaHumans/Gavin/Face/FaceColor_CM1.uexp" 1873
"C:/Users/sina/Desktop/dev/DuyguUE/Content/MetaHumans/Gavin/Face/FaceColor_CM2.ubulk" 1874
"C:/Users/sina/Desktop/dev/DuyguUE/Content/MetaHumans/Gavin/Face/FaceColor_CM2.uasset" 1875
"C:/Users/sina/Desktop/dev/DuyguUE/Content/MetaHumans/Gavin/Face/FaceColor_CM2.uexp" 1876
"C:/Users/sina/Desktop/dev/DuyguUE/Content/MetaHumans/Gavin/Face/FaceColor_CM3.ubulk" 1877
"C:/Users/sina/Desktop/dev/DuyguUE/Content/MetaHumans/Gavin/Face/FaceColor_CM3.uasset" 1878
"C:/Users/sina/Desktop/dev/DuyguUE/Content/MetaHumans/Gavin/Face/FaceColor_CM3.uexp" 1879
"C:/Users/sina/Desktop/dev/DuyguUE/Content/MetaHumans/Gavin/Face/FaceColor_MAIN.ubulk" 1880
"C:/Users/sina/Desktop/dev/DuyguUE/Content/MetaHumans/Gavin/Face/FaceColor_MAIN.uasset" 1881
"C:/Users/sina/Desktop/dev/DuyguUE/Content/MetaHumans/Gavin/Face/FaceColor_MAIN.uexp" 1882
"C:/Users/sina/Desktop/dev/DuyguUE/Content/MetaHumans/Gavin/Face/FaceEyeLipstickMask.ubulk" 1883
"C:/Users/sina/Desktop/dev/DuyguUE/Content/MetaHumans/Gavin/Face/FaceEyeLipstickMask.uasset" 1884
"C:/Users/sina/Desktop/dev/DuyguUE/Content/MetaHumans/Gavin/Face/FaceEyeLipstickMask.uexp" 1885
"C:/Users/sina/Desktop/dev/DuyguUE/Content/MetaHumans/Gavin/Face/FaceFoundationBlusherMask.ubulk" 1886
"C:/Users/sina/Desktop/dev/DuyguUE/Content/MetaHumans/Gavin/Face/FaceFoundationBlusherMask.uasset" 1887
"C:/Users/sina/Desktop/dev/DuyguUE/Content/MetaHumans/Gavin/Face/FaceFoundationBlusherMask.uexp" 1888
"C:/Users/sina/Desktop/dev/DuyguUE/Content/MetaHumans/Gavin/Face/FaceNormal_MAIN.uexp" 1889
"C:/Users/sina/Desktop/dev/DuyguUE/Content/MetaHumans/Gavin/Face/FaceNormal_MAIN.ubulk" 1890
"C:/Users/sina/Desktop/dev/DuyguUE/Content/MetaHumans/Gavin/Face/FaceNormal_MAIN.uasset" 1891
"C:/Users/sina/Desktop/dev/DuyguUE/Content/MetaHumans/Gavin/Face/FaceNormal_MAIN.uptnl" 1892
"C:/Users/sina/Desktop/dev/DuyguUE/Content/MetaHumans/Gavin/Face/FaceNormal_WM1.uexp" 1893
"C:/Users/sina/Desktop/dev/DuyguUE/Content/MetaHumans/Gavin/Face/FaceNormal_WM1.ubulk" 1894
"C:/Users/sina/Desktop/dev/DuyguUE/Content/MetaHumans/Gavin/Face/FaceNormal_WM1.uasset" 1895
"C:/Users/sina/Desktop/dev/DuyguUE/Content/MetaHumans/Gavin/Face/FaceNormal_WM1.uptnl" 1896
"C:/Users/sina/Desktop/dev/DuyguUE/Content/MetaHumans/Gavin/Face/FaceNormal_WM2.uexp" 1897
"C:/Users/sina/Desktop/dev/DuyguUE/Content/MetaHumans/Gavin/Face/FaceNormal_WM2.ubulk" 1898
"C:/Users/sina/Desktop/dev/DuyguUE/Content/MetaHumans/Gavin/Face/FaceNormal_WM2.uasset" 1899
"C:/Users/sina/Desktop/dev/DuyguUE/Content/MetaHumans/Gavin/Face/FaceNormal_WM2.uptnl" 1900
"C:/Users/sina/Desktop/dev/DuyguUE/Content/MetaHumans/Gavin/Face/FaceNormal_WM3.uexp" 1901
"C:/Users/sina/Desktop/dev/DuyguUE/Content/MetaHumans/Gavin/Face/FaceNormal_WM3.ubulk" 1902
"C:/Users/sina/Desktop/dev/DuyguUE/Content/MetaHumans/Gavin/Face/FaceNormal_WM3.uasset" 1903
"C:/Users/sina/Desktop/dev/DuyguUE/Content/MetaHumans/Gavin/Face/FaceNormal_WM3.uptnl" 1904
"C:/Users/sina/Desktop/dev/DuyguUE/Content/MetaHumans/Gavin/Face/FaceRoughness_MAIN.ubulk" 1905
"C:/Users/sina/Desktop/dev/DuyguUE/Content/MetaHumans/Gavin/Face/FaceRoughness_MAIN.uasset" 1906
"C:/Users/sina/Desktop/dev/DuyguUE/Content/MetaHumans/Gavin/Face/FaceRoughness_MAIN.uexp" 1907
"C:/Users/sina/Desktop/dev/DuyguUE/Content/MetaHumans/Common/Materials/HighlightsTextures/HighlightMask_thin.ubulk" 1908
"C:/Users/sina/Desktop/dev/DuyguUE/Content/MetaHumans/Common/Materials/HighlightsTextures/HighlightMask_thin.uasset" 1909
"C:/Users/sina/Desktop/dev/DuyguUE/Content/MetaHumans/Common/Materials/HighlightsTextures/HighlightMask_thin.uexp" 1910
"C:/Users/sina/Desktop/dev/DuyguUE/Content/MetaHumans/Common/Face/Textures/Default_SecColors.uasset" 1911
"C:/Users/sina/Desktop/dev/DuyguUE/Content/MetaHumans/Common/Face/Textures/Default_SecColors.uexp" 1912
"../../../Engine/Content/Functions/Engine_MaterialFunctions02/Utility/MakeFloat4.uasset" 1913
"../../../Engine/Content/Functions/Engine_MaterialFunctions02/Utility/MakeFloat4.uexp" 1914
"../../../Engine/Content/Functions/Engine_MaterialFunctions01/Gradient/LinearGradient.uasset" 1915
"../../../Engine/Content/Functions/Engine_MaterialFunctions01/Gradient/LinearGradient.uexp" 1916
"../../../Engine/Content/Functions/Engine_MaterialFunctions01/ImageAdjustment/CheapContrast.uasset" 1917
"../../../Engine/Content/Functions/Engine_MaterialFunctions01/ImageAdjustment/CheapContrast.uexp" 1918
"C:/Users/sina/Desktop/dev/DuyguUE/Content/MetaHumans/Common/Materials/MF_Variation.uasset" 1919
"C:/Users/sina/Desktop/dev/DuyguUE/Content/MetaHumans/Common/Materials/MF_Variation.uexp" 1920
"C:/Users/sina/Desktop/dev/DuyguUE/Content/MetaHumans/Common/Materials/MF_Hair_Color.uasset" 1921
"C:/Users/sina/Desktop/dev/DuyguUE/Content/MetaHumans/Common/Materials/MF_Hair_Color.uexp" 1922
"C:/Users/sina/Desktop/dev/DuyguUE/Content/MetaHumans/Common/Materials/MF_Hair_ColorBlending.uasset" 1923
"C:/Users/sina/Desktop/dev/DuyguUE/Content/MetaHumans/Common/Materials/MF_Hair_ColorBlending.uexp" 1924
"C:/Users/sina/Desktop/dev/DuyguUE/Content/MetaHumans/Common/Materials/MF_Hair_SaltAndPeper.uasset" 1925
"C:/Users/sina/Desktop/dev/DuyguUE/Content/MetaHumans/Common/Materials/MF_Hair_SaltAndPeper.uexp" 1926
"C:/Users/sina/Desktop/dev/DuyguUE/Content/MetaHumans/Common/Materials/MF_Hair_SecondaryColors.uasset" 1927
"C:/Users/sina/Desktop/dev/DuyguUE/Content/MetaHumans/Common/Materials/MF_Hair_SecondaryColors.uexp" 1928
"C:/Users/sina/Desktop/dev/DuyguUE/Content/MetaHumans/Common/Face/Textures/Utilities/AnimMasks/T_head_wm13_msk_01.ubulk" 1929
"C:/Users/sina/Desktop/dev/DuyguUE/Content/MetaHumans/Common/Face/Textures/Utilities/AnimMasks/T_head_wm13_msk_01.uasset" 1930
"C:/Users/sina/Desktop/dev/DuyguUE/Content/MetaHumans/Common/Face/Textures/Utilities/AnimMasks/T_head_wm13_msk_01.uexp" 1931
"C:/Users/sina/Desktop/dev/DuyguUE/Content/MetaHumans/Common/Face/Textures/Utilities/AnimMasks/T_head_wm1_msk_01.ubulk" 1932
"C:/Users/sina/Desktop/dev/DuyguUE/Content/MetaHumans/Common/Face/Textures/Utilities/AnimMasks/T_head_wm1_msk_01.uasset" 1933
"C:/Users/sina/Desktop/dev/DuyguUE/Content/MetaHumans/Common/Face/Textures/Utilities/AnimMasks/T_head_wm1_msk_01.uexp" 1934
"C:/Users/sina/Desktop/dev/DuyguUE/Content/MetaHumans/Common/Face/Textures/Utilities/AnimMasks/T_head_wm1_msk_02.ubulk" 1935
"C:/Users/sina/Desktop/dev/DuyguUE/Content/MetaHumans/Common/Face/Textures/Utilities/AnimMasks/T_head_wm1_msk_02.uasset" 1936
"C:/Users/sina/Desktop/dev/DuyguUE/Content/MetaHumans/Common/Face/Textures/Utilities/AnimMasks/T_head_wm1_msk_02.uexp" 1937
"C:/Users/sina/Desktop/dev/DuyguUE/Content/MetaHumans/Common/Face/Textures/Utilities/AnimMasks/T_head_wm1_msk_03.ubulk" 1938
"C:/Users/sina/Desktop/dev/DuyguUE/Content/MetaHumans/Common/Face/Textures/Utilities/AnimMasks/T_head_wm1_msk_03.uasset" 1939
"C:/Users/sina/Desktop/dev/DuyguUE/Content/MetaHumans/Common/Face/Textures/Utilities/AnimMasks/T_head_wm1_msk_03.uexp" 1940
"C:/Users/sina/Desktop/dev/DuyguUE/Content/MetaHumans/Common/Face/Textures/Utilities/AnimMasks/T_head_wm1_msk_04.ubulk" 1941
"C:/Users/sina/Desktop/dev/DuyguUE/Content/MetaHumans/Common/Face/Textures/Utilities/AnimMasks/T_head_wm1_msk_04.uasset" 1942
"C:/Users/sina/Desktop/dev/DuyguUE/Content/MetaHumans/Common/Face/Textures/Utilities/AnimMasks/T_head_wm1_msk_04.uexp" 1943
"C:/Users/sina/Desktop/dev/DuyguUE/Content/MetaHumans/Common/Face/MaterialFunctions/Head/MF_HeadMask_01.uasset" 1944
"C:/Users/sina/Desktop/dev/DuyguUE/Content/MetaHumans/Common/Face/MaterialFunctions/Head/MF_HeadMask_01.uexp" 1945
"C:/Users/sina/Desktop/dev/DuyguUE/Content/MetaHumans/Common/Face/Textures/Utilities/AnimMasks/T_head_wm2_msk_01.ubulk" 1946
"C:/Users/sina/Desktop/dev/DuyguUE/Content/MetaHumans/Common/Face/Textures/Utilities/AnimMasks/T_head_wm2_msk_01.uasset" 1947
"C:/Users/sina/Desktop/dev/DuyguUE/Content/MetaHumans/Common/Face/Textures/Utilities/AnimMasks/T_head_wm2_msk_01.uexp" 1948
"C:/Users/sina/Desktop/dev/DuyguUE/Content/MetaHumans/Common/Face/Textures/Utilities/AnimMasks/T_head_wm2_msk_02.ubulk" 1949
"C:/Users/sina/Desktop/dev/DuyguUE/Content/MetaHumans/Common/Face/Textures/Utilities/AnimMasks/T_head_wm2_msk_02.uasset" 1950
"C:/Users/sina/Desktop/dev/DuyguUE/Content/MetaHumans/Common/Face/Textures/Utilities/AnimMasks/T_head_wm2_msk_02.uexp" 1951
"C:/Users/sina/Desktop/dev/DuyguUE/Content/MetaHumans/Common/Face/Textures/Utilities/AnimMasks/T_head_wm3_msk_01.ubulk" 1952
"C:/Users/sina/Desktop/dev/DuyguUE/Content/MetaHumans/Common/Face/Textures/Utilities/AnimMasks/T_head_wm3_msk_01.uasset" 1953
"C:/Users/sina/Desktop/dev/DuyguUE/Content/MetaHumans/Common/Face/Textures/Utilities/AnimMasks/T_head_wm3_msk_01.uexp" 1954
"C:/Users/sina/Desktop/dev/DuyguUE/Content/MetaHumans/Common/Face/Textures/Utilities/AnimMasks/T_head_wm3_msk_02.ubulk" 1955
"C:/Users/sina/Desktop/dev/DuyguUE/Content/MetaHumans/Common/Face/Textures/Utilities/AnimMasks/T_head_wm3_msk_02.uasset" 1956
"C:/Users/sina/Desktop/dev/DuyguUE/Content/MetaHumans/Common/Face/Textures/Utilities/AnimMasks/T_head_wm3_msk_02.uexp" 1957
"C:/Users/sina/Desktop/dev/DuyguUE/Content/MetaHumans/Common/Face/Textures/Utilities/AnimMasks/T_head_wm_msk_Array.uasset" 1958
"C:/Users/sina/Desktop/dev/DuyguUE/Content/MetaHumans/Common/Face/Textures/Utilities/AnimMasks/T_head_wm_msk_Array.uexp" 1959
"C:/Users/sina/Desktop/dev/DuyguUE/Content/MetaHumans/Common/Face/MaterialFunctions/Head/MF_HeadMask_TexArraySample.uasset" 1960
"C:/Users/sina/Desktop/dev/DuyguUE/Content/MetaHumans/Common/Face/MaterialFunctions/Head/MF_HeadMask_TexArraySample.uexp" 1961
"C:/Users/sina/Desktop/dev/DuyguUE/Content/MetaHumans/Common/Face/MaterialFunctions/Head/MF_HeadMask_01A.uasset" 1962
"C:/Users/sina/Desktop/dev/DuyguUE/Content/MetaHumans/Common/Face/MaterialFunctions/Head/MF_HeadMask_01A.uexp" 1963
"C:/Users/sina/Desktop/dev/DuyguUE/Content/MetaHumans/Common/Face/Textures/Utilities/AnimMasks/T_head_wm2_msk_03.ubulk" 1964
"C:/Users/sina/Desktop/dev/DuyguUE/Content/MetaHumans/Common/Face/Textures/Utilities/AnimMasks/T_head_wm2_msk_03.uasset" 1965
"C:/Users/sina/Desktop/dev/DuyguUE/Content/MetaHumans/Common/Face/Textures/Utilities/AnimMasks/T_head_wm2_msk_03.uexp" 1966
"C:/Users/sina/Desktop/dev/DuyguUE/Content/MetaHumans/Common/Face/MaterialFunctions/Head/MF_HeadMask_02.uasset" 1967
"C:/Users/sina/Desktop/dev/DuyguUE/Content/MetaHumans/Common/Face/MaterialFunctions/Head/MF_HeadMask_02.uexp" 1968
"C:/Users/sina/Desktop/dev/DuyguUE/Content/MetaHumans/Common/Face/MaterialFunctions/Head/MF_HeadMask_02A.uasset" 1969
"C:/Users/sina/Desktop/dev/DuyguUE/Content/MetaHumans/Common/Face/MaterialFunctions/Head/MF_HeadMask_02A.uexp" 1970
"C:/Users/sina/Desktop/dev/DuyguUE/Content/MetaHumans/Common/Face/MaterialFunctions/Head/MF_HeadMask_03.uasset" 1971
"C:/Users/sina/Desktop/dev/DuyguUE/Content/MetaHumans/Common/Face/MaterialFunctions/Head/MF_HeadMask_03.uexp" 1972
"C:/Users/sina/Desktop/dev/DuyguUE/Content/MetaHumans/Common/Face/MaterialFunctions/Head/MF_HeadMask_03A.uasset" 1973
"C:/Users/sina/Desktop/dev/DuyguUE/Content/MetaHumans/Common/Face/MaterialFunctions/Head/MF_HeadMask_03A.uexp" 1974
"C:/Users/sina/Desktop/dev/DuyguUE/Content/MetaHumans/Common/Face/MaterialFunctions/MF_AnimatedMaps.uasset" 1975
"C:/Users/sina/Desktop/dev/DuyguUE/Content/MetaHumans/Common/Face/MaterialFunctions/MF_AnimatedMaps.uexp" 1976
"C:/Users/sina/Desktop/dev/DuyguUE/Content/MetaHumans/Common/Face/Textures/T_1x1_BakedGroomTextureBase.uasset" 1977
"C:/Users/sina/Desktop/dev/DuyguUE/Content/MetaHumans/Common/Face/Textures/T_1x1_BakedGroomTextureBase.uexp" 1978
"C:/Users/sina/Desktop/dev/DuyguUE/Content/MetaHumans/Common/Face/Textures/T_DefaultTextureLinear.ubulk" 1979
"C:/Users/sina/Desktop/dev/DuyguUE/Content/MetaHumans/Common/Face/Textures/T_DefaultTextureLinear.uasset" 1980
"C:/Users/sina/Desktop/dev/DuyguUE/Content/MetaHumans/Common/Face/Textures/T_DefaultTextureLinear.uexp" 1981
"C:/Users/sina/Desktop/dev/DuyguUE/Content/MetaHumans/Common/Face/Textures/T_MH_BentNormal_AO.ubulk" 1982
"C:/Users/sina/Desktop/dev/DuyguUE/Content/MetaHumans/Common/Face/Textures/T_MH_BentNormal_AO.uasset" 1983
"C:/Users/sina/Desktop/dev/DuyguUE/Content/MetaHumans/Common/Face/Textures/T_MH_BentNormal_AO.uexp" 1984
"C:/Users/sina/Desktop/dev/DuyguUE/Content/MetaHumans/Common/Face/ArtistDelights/SkinAccents/T_SkinAccentRegions_002.ubulk" 1985
"C:/Users/sina/Desktop/dev/DuyguUE/Content/MetaHumans/Common/Face/ArtistDelights/SkinAccents/T_SkinAccentRegions_002.uasset" 1986
"C:/Users/sina/Desktop/dev/DuyguUE/Content/MetaHumans/Common/Face/ArtistDelights/SkinAccents/T_SkinAccentRegions_002.uexp" 1987
"C:/Users/sina/Desktop/dev/DuyguUE/Content/MetaHumans/Common/Face/MaterialFunctions/Grooms/MF_BakedGroomTexturesCombined.uasset" 1988
"C:/Users/sina/Desktop/dev/DuyguUE/Content/MetaHumans/Common/Face/MaterialFunctions/Grooms/MF_BakedGroomTexturesCombined.uexp" 1989
"C:/Users/sina/Desktop/dev/DuyguUE/Content/MetaHumans/Common/Face/Textures/RoughnessRegionsMasks/T_RoughnessRegions_001.uasset" 1990
"C:/Users/sina/Desktop/dev/DuyguUE/Content/MetaHumans/Common/Face/Textures/RoughnessRegionsMasks/T_RoughnessRegions_001.uexp" 1991
"C:/Users/sina/Desktop/dev/DuyguUE/Content/MetaHumans/Common/Face/Textures/RoughnessRegionsMasks/T_RoughnessRegions_002.uasset" 1992
"C:/Users/sina/Desktop/dev/DuyguUE/Content/MetaHumans/Common/Face/Textures/RoughnessRegionsMasks/T_RoughnessRegions_002.uexp" 1993
"C:/Users/sina/Desktop/dev/DuyguUE/Content/MetaHumans/Common/Face/Textures/RoughnessRegionsMasks/T_RoughnessRegions_003.uasset" 1994
"C:/Users/sina/Desktop/dev/DuyguUE/Content/MetaHumans/Common/Face/Textures/RoughnessRegionsMasks/T_RoughnessRegions_003.uexp" 1995
"C:/Users/sina/Desktop/dev/DuyguUE/Content/MetaHumans/Common/Face/Textures/RoughnessRegionsMasks/T_RoughnessRegions_004.uasset" 1996
"C:/Users/sina/Desktop/dev/DuyguUE/Content/MetaHumans/Common/Face/Textures/RoughnessRegionsMasks/T_RoughnessRegions_004.uexp" 1997
"C:/Users/sina/Desktop/dev/DuyguUE/Content/MetaHumans/Common/Face/Textures/RoughnessRegionsMasks/T_RoughnessRegions_005.uasset" 1998
"C:/Users/sina/Desktop/dev/DuyguUE/Content/MetaHumans/Common/Face/Textures/RoughnessRegionsMasks/T_RoughnessRegions_005.uexp" 1999
"C:/Users/sina/Desktop/dev/DuyguUE/Content/MetaHumans/Common/Face/Textures/RoughnessRegionsMasks/T_RoughnessRegions_006.uasset" 2000
"C:/Users/sina/Desktop/dev/DuyguUE/Content/MetaHumans/Common/Face/Textures/RoughnessRegionsMasks/T_RoughnessRegions_006.uexp" 2001
"C:/Users/sina/Desktop/dev/DuyguUE/Content/MetaHumans/Common/Face/Textures/RoughnessRegionsMasks/T_RoughnessRegions_007.uasset" 2002
"C:/Users/sina/Desktop/dev/DuyguUE/Content/MetaHumans/Common/Face/Textures/RoughnessRegionsMasks/T_RoughnessRegions_007.uexp" 2003
"C:/Users/sina/Desktop/dev/DuyguUE/Content/MetaHumans/Common/Face/MaterialFunctions/Head/MF_RoughnessMult.uasset" 2004
"C:/Users/sina/Desktop/dev/DuyguUE/Content/MetaHumans/Common/Face/MaterialFunctions/Head/MF_RoughnessMult.uexp" 2005
"C:/Users/sina/Desktop/dev/DuyguUE/Content/MetaHumans/Common/Face/Materials/Baked/M_Head_Baked.uasset" 2006
"C:/Users/sina/Desktop/dev/DuyguUE/Content/MetaHumans/Common/Face/Materials/Baked/M_Head_Baked.uexp" 2007
"C:/Users/sina/Desktop/dev/DuyguUE/Content/MetaHumans/Common/Face/Materials/Baked/MI_HeadSynthesized_Baked.uasset" 2008
"C:/Users/sina/Desktop/dev/DuyguUE/Content/MetaHumans/Common/Face/Materials/Baked/MI_HeadSynthesized_Baked.uexp" 2009
"C:/Users/sina/Desktop/dev/DuyguUE/Content/MetaHumans/Gavin/Face/Materials/Baked/MI_HeadSynthesized_Baked.uasset" 2010
"C:/Users/sina/Desktop/dev/DuyguUE/Content/MetaHumans/Gavin/Face/Materials/Baked/MI_HeadSynthesized_Baked.uexp" 2011
"C:/Users/sina/Desktop/dev/DuyguUE/Content/MetaHumans/Gavin/Face/Materials/Baked/MI_HeadSynthesized_Baked_LOD1.uasset" 2012
"C:/Users/sina/Desktop/dev/DuyguUE/Content/MetaHumans/Gavin/Face/Materials/Baked/MI_HeadSynthesized_Baked_LOD1.uexp" 2013
"C:/Users/sina/Desktop/dev/DuyguUE/Content/MetaHumans/Gavin/Face/FaceBakedGroomAttributeMap_LOD.ubulk" 2014
"C:/Users/sina/Desktop/dev/DuyguUE/Content/MetaHumans/Gavin/Face/FaceBakedGroomAttributeMap_LOD.uasset" 2015
"C:/Users/sina/Desktop/dev/DuyguUE/Content/MetaHumans/Gavin/Face/FaceBakedGroomAttributeMap_LOD.uexp" 2016
"C:/Users/sina/Desktop/dev/DuyguUE/Content/MetaHumans/Gavin/Face/FaceBakedGroomRootTipGradientRegionMasks_LOD.ubulk" 2017
"C:/Users/sina/Desktop/dev/DuyguUE/Content/MetaHumans/Gavin/Face/FaceBakedGroomRootTipGradientRegionMasks_LOD.uasset" 2018
"C:/Users/sina/Desktop/dev/DuyguUE/Content/MetaHumans/Gavin/Face/FaceBakedGroomRootTipGradientRegionMasks_LOD.uexp" 2019
"C:/Users/sina/Desktop/dev/DuyguUE/Content/MetaHumans/Gavin/Face/FaceColor_MAIN_LOD.ubulk" 2020
"C:/Users/sina/Desktop/dev/DuyguUE/Content/MetaHumans/Gavin/Face/FaceColor_MAIN_LOD.uasset" 2021
"C:/Users/sina/Desktop/dev/DuyguUE/Content/MetaHumans/Gavin/Face/FaceColor_MAIN_LOD.uexp" 2022
"C:/Users/sina/Desktop/dev/DuyguUE/Content/MetaHumans/Gavin/Face/FaceNormal_MAIN_LOD.uexp" 2023
"C:/Users/sina/Desktop/dev/DuyguUE/Content/MetaHumans/Gavin/Face/FaceNormal_MAIN_LOD.ubulk" 2024
"C:/Users/sina/Desktop/dev/DuyguUE/Content/MetaHumans/Gavin/Face/FaceNormal_MAIN_LOD.uasset" 2025
"C:/Users/sina/Desktop/dev/DuyguUE/Content/MetaHumans/Gavin/Face/FaceNormal_MAIN_LOD.uptnl" 2026
"C:/Users/sina/Desktop/dev/DuyguUE/Content/MetaHumans/Gavin/Face/FaceRoughness_MAIN_LOD.ubulk" 2027
"C:/Users/sina/Desktop/dev/DuyguUE/Content/MetaHumans/Gavin/Face/FaceRoughness_MAIN_LOD.uasset" 2028
"C:/Users/sina/Desktop/dev/DuyguUE/Content/MetaHumans/Gavin/Face/FaceRoughness_MAIN_LOD.uexp" 2029
"C:/Users/sina/Desktop/dev/DuyguUE/Content/MetaHumans/Gavin/Face/Materials/Baked/MI_HeadSynthesized_Baked_LOD2.uasset" 2030
"C:/Users/sina/Desktop/dev/DuyguUE/Content/MetaHumans/Gavin/Face/Materials/Baked/MI_HeadSynthesized_Baked_LOD2.uexp" 2031
"C:/Users/sina/Desktop/dev/DuyguUE/Content/MetaHumans/Gavin/Face/T_BakedNormal_LOD3.ubulk" 2032
"C:/Users/sina/Desktop/dev/DuyguUE/Content/MetaHumans/Gavin/Face/T_BakedNormal_LOD3.uasset" 2033
"C:/Users/sina/Desktop/dev/DuyguUE/Content/MetaHumans/Gavin/Face/T_BakedNormal_LOD3.uexp" 2034
"C:/Users/sina/Desktop/dev/DuyguUE/Content/MetaHumans/Gavin/Face/Materials/Baked/MI_HeadSynthesized_Baked_LOD3.uasset" 2035
"C:/Users/sina/Desktop/dev/DuyguUE/Content/MetaHumans/Gavin/Face/Materials/Baked/MI_HeadSynthesized_Baked_LOD3.uexp" 2036
"C:/Users/sina/Desktop/dev/DuyguUE/Content/MetaHumans/Gavin/Face/T_BakedNormal_LOD4.ubulk" 2037
"C:/Users/sina/Desktop/dev/DuyguUE/Content/MetaHumans/Gavin/Face/T_BakedNormal_LOD4.uasset" 2038
"C:/Users/sina/Desktop/dev/DuyguUE/Content/MetaHumans/Gavin/Face/T_BakedNormal_LOD4.uexp" 2039
"C:/Users/sina/Desktop/dev/DuyguUE/Content/MetaHumans/Gavin/Face/Materials/Baked/MI_HeadSynthesized_Baked_LOD4.uasset" 2040
"C:/Users/sina/Desktop/dev/DuyguUE/Content/MetaHumans/Gavin/Face/Materials/Baked/MI_HeadSynthesized_Baked_LOD4.uexp" 2041
"C:/Users/sina/Desktop/dev/DuyguUE/Content/MetaHumans/Gavin/Face/FaceBakedGroomAttributeMap_LOD1.ubulk" 2042
"C:/Users/sina/Desktop/dev/DuyguUE/Content/MetaHumans/Gavin/Face/FaceBakedGroomAttributeMap_LOD1.uasset" 2043
"C:/Users/sina/Desktop/dev/DuyguUE/Content/MetaHumans/Gavin/Face/FaceBakedGroomAttributeMap_LOD1.uexp" 2044
"C:/Users/sina/Desktop/dev/DuyguUE/Content/MetaHumans/Gavin/Face/FaceBakedGroomRootTipGradientRegionMasks_LOD1.ubulk" 2045
"C:/Users/sina/Desktop/dev/DuyguUE/Content/MetaHumans/Gavin/Face/FaceBakedGroomRootTipGradientRegionMasks_LOD1.uasset" 2046
"C:/Users/sina/Desktop/dev/DuyguUE/Content/MetaHumans/Gavin/Face/FaceBakedGroomRootTipGradientRegionMasks_LOD1.uexp" 2047
"C:/Users/sina/Desktop/dev/DuyguUE/Content/MetaHumans/Gavin/Face/FaceColor_MAIN_LOD1.ubulk" 2048
"C:/Users/sina/Desktop/dev/DuyguUE/Content/MetaHumans/Gavin/Face/FaceColor_MAIN_LOD1.uasset" 2049
"C:/Users/sina/Desktop/dev/DuyguUE/Content/MetaHumans/Gavin/Face/FaceColor_MAIN_LOD1.uexp" 2050
"C:/Users/sina/Desktop/dev/DuyguUE/Content/MetaHumans/Gavin/Face/FaceNormal_MAIN_LOD1.uexp" 2051
"C:/Users/sina/Desktop/dev/DuyguUE/Content/MetaHumans/Gavin/Face/FaceNormal_MAIN_LOD1.ubulk" 2052
"C:/Users/sina/Desktop/dev/DuyguUE/Content/MetaHumans/Gavin/Face/FaceNormal_MAIN_LOD1.uasset" 2053
"C:/Users/sina/Desktop/dev/DuyguUE/Content/MetaHumans/Gavin/Face/FaceNormal_MAIN_LOD1.uptnl" 2054
"C:/Users/sina/Desktop/dev/DuyguUE/Content/MetaHumans/Gavin/Face/FaceRoughness_MAIN_LOD1.ubulk" 2055
"C:/Users/sina/Desktop/dev/DuyguUE/Content/MetaHumans/Gavin/Face/FaceRoughness_MAIN_LOD1.uasset" 2056
"C:/Users/sina/Desktop/dev/DuyguUE/Content/MetaHumans/Gavin/Face/FaceRoughness_MAIN_LOD1.uexp" 2057
"C:/Users/sina/Desktop/dev/DuyguUE/Content/MetaHumans/Gavin/Face/T_BakedNormal_LOD5.ubulk" 2058
"C:/Users/sina/Desktop/dev/DuyguUE/Content/MetaHumans/Gavin/Face/T_BakedNormal_LOD5.uasset" 2059
"C:/Users/sina/Desktop/dev/DuyguUE/Content/MetaHumans/Gavin/Face/T_BakedNormal_LOD5.uexp" 2060
"C:/Users/sina/Desktop/dev/DuyguUE/Content/MetaHumans/Gavin/Face/Materials/Baked/MI_HeadSynthesized_Baked_LOD5.uasset" 2061
"C:/Users/sina/Desktop/dev/DuyguUE/Content/MetaHumans/Gavin/Face/Materials/Baked/MI_HeadSynthesized_Baked_LOD5.uexp" 2062
"../../../Engine/Plugins/Animation/ControlRig/Content/Controls/DefaultGizmoLibrary.uasset" 2063
"../../../Engine/Plugins/Animation/ControlRig/Content/Controls/DefaultGizmoLibrary.uexp" 2064
"C:/Users/sina/Desktop/dev/DuyguUE/Content/MetaHumans/Common/Controls/CRSL_MetaHuman_Gizmo.uasset" 2065
"C:/Users/sina/Desktop/dev/DuyguUE/Content/MetaHumans/Common/Controls/CRSL_MetaHuman_Gizmo.uexp" 2066
"C:/Users/sina/Desktop/dev/DuyguUE/Content/MetaHumans/Common/Face/CR_MetaHuman_HeadMovement_IK_Proc.uasset" 2067
"C:/Users/sina/Desktop/dev/DuyguUE/Content/MetaHumans/Common/Face/CR_MetaHuman_HeadMovement_IK_Proc.uexp" 2068
"C:/Users/sina/Desktop/dev/DuyguUE/Content/MetaHumans/Common/Face/ABP_Face_PostProcess.uasset" 2069
"C:/Users/sina/Desktop/dev/DuyguUE/Content/MetaHumans/Common/Face/ABP_Face_PostProcess.uexp" 2070
"C:/Users/sina/Desktop/dev/DuyguUE/Content/MetaHumans/Common/Face/Face_Archetype_Physics.uasset" 2071
"C:/Users/sina/Desktop/dev/DuyguUE/Content/MetaHumans/Common/Face/Face_Archetype_Physics.uexp" 2072
"C:/Users/sina/Desktop/dev/DuyguUE/Content/MetaHumans/Common/Face/MaterialFunctions/MF_PathTracingQualitySwitch.uasset" 2073
"C:/Users/sina/Desktop/dev/DuyguUE/Content/MetaHumans/Common/Face/MaterialFunctions/MF_PathTracingQualitySwitch.uexp" 2074
"C:/Users/sina/Desktop/dev/DuyguUE/Content/MetaHumans/Common/Face/Materials/M_EyeOcclusion.uasset" 2075
"C:/Users/sina/Desktop/dev/DuyguUE/Content/MetaHumans/Common/Face/Materials/M_EyeOcclusion.uexp" 2076
"C:/Users/sina/Desktop/dev/DuyguUE/Content/MetaHumans/Common/Face/Materials/MI_EyeOcclusion_Inst.uasset" 2077
"C:/Users/sina/Desktop/dev/DuyguUE/Content/MetaHumans/Common/Face/Materials/MI_EyeOcclusion_Inst.uexp" 2078
"../../../Engine/Content/Functions/Engine_MaterialFunctions02/SmoothStep.uasset" 2079
"../../../Engine/Content/Functions/Engine_MaterialFunctions02/SmoothStep.uexp" 2080
"C:/Users/sina/Desktop/dev/DuyguUE/Content/MetaHumans/Common/Face/Textures/T_lacrimal_n.ubulk" 2081
"C:/Users/sina/Desktop/dev/DuyguUE/Content/MetaHumans/Common/Face/Textures/T_lacrimal_n.uasset" 2082
"C:/Users/sina/Desktop/dev/DuyguUE/Content/MetaHumans/Common/Face/Textures/T_lacrimal_n.uexp" 2083
"C:/Users/sina/Desktop/dev/DuyguUE/Content/MetaHumans/Common/Face/Textures/T_lacrimal_h.ubulk" 2084
"C:/Users/sina/Desktop/dev/DuyguUE/Content/MetaHumans/Common/Face/Textures/T_lacrimal_h.uasset" 2085
"C:/Users/sina/Desktop/dev/DuyguUE/Content/MetaHumans/Common/Face/Textures/T_lacrimal_h.uexp" 2086
"C:/Users/sina/Desktop/dev/DuyguUE/Content/MetaHumans/Common/Face/Materials/M_lacrimal_fluid.uasset" 2087
"C:/Users/sina/Desktop/dev/DuyguUE/Content/MetaHumans/Common/Face/Materials/M_lacrimal_fluid.uexp" 2088
"C:/Users/sina/Desktop/dev/DuyguUE/Content/MetaHumans/Common/Face/Materials/MI_lacrimal_fluid_Inst.uasset" 2089
"C:/Users/sina/Desktop/dev/DuyguUE/Content/MetaHumans/Common/Face/Materials/MI_lacrimal_fluid_Inst.uexp" 2090
"../../../Engine/Content/Functions/Engine_MaterialFunctions02/Utility/CustomReflectionVector.uasset" 2091
"../../../Engine/Content/Functions/Engine_MaterialFunctions02/Utility/CustomReflectionVector.uexp" 2092
"../../../Engine/Content/Functions/Engine_MaterialFunctions02/Masking/ThresholdWithRange.uasset" 2093
"../../../Engine/Content/Functions/Engine_MaterialFunctions02/Masking/ThresholdWithRange.uexp" 2094
"C:/Users/sina/Desktop/dev/DuyguUE/Content/MetaHumans/Common/Materials/SP_TeethCharacterCreator.uasset" 2095
"C:/Users/sina/Desktop/dev/DuyguUE/Content/MetaHumans/Common/Materials/SP_TeethCharacterCreator.uexp" 2096
"C:/Users/sina/Desktop/dev/DuyguUE/Content/MetaHumans/Common/Materials/Textures/gums_color_picker.ubulk" 2097
"C:/Users/sina/Desktop/dev/DuyguUE/Content/MetaHumans/Common/Materials/Textures/gums_color_picker.uasset" 2098
"C:/Users/sina/Desktop/dev/DuyguUE/Content/MetaHumans/Common/Materials/Textures/gums_color_picker.uexp" 2099
"C:/Users/sina/Desktop/dev/DuyguUE/Content/MetaHumans/Common/Materials/Textures/gums_div_001.ubulk" 2100
"C:/Users/sina/Desktop/dev/DuyguUE/Content/MetaHumans/Common/Materials/Textures/gums_div_001.uasset" 2101
"C:/Users/sina/Desktop/dev/DuyguUE/Content/MetaHumans/Common/Materials/Textures/gums_div_001.uexp" 2102
"C:/Users/sina/Desktop/dev/DuyguUE/Content/MetaHumans/Common/Materials/Textures/plaque_color_picker.ubulk" 2103
"C:/Users/sina/Desktop/dev/DuyguUE/Content/MetaHumans/Common/Materials/Textures/plaque_color_picker.uasset" 2104
"C:/Users/sina/Desktop/dev/DuyguUE/Content/MetaHumans/Common/Materials/Textures/plaque_color_picker.uexp" 2105
"C:/Users/sina/Desktop/dev/DuyguUE/Content/MetaHumans/Common/Materials/Textures/skin_n.uasset" 2106
"C:/Users/sina/Desktop/dev/DuyguUE/Content/MetaHumans/Common/Materials/Textures/skin_n.uexp" 2107
"C:/Users/sina/Desktop/dev/DuyguUE/Content/MetaHumans/Common/Materials/Textures/TeethGumsNormal.ubulk" 2108
"C:/Users/sina/Desktop/dev/DuyguUE/Content/MetaHumans/Common/Materials/Textures/TeethGumsNormal.uasset" 2109
"C:/Users/sina/Desktop/dev/DuyguUE/Content/MetaHumans/Common/Materials/Textures/TeethGumsNormal.uexp" 2110
"C:/Users/sina/Desktop/dev/DuyguUE/Content/MetaHumans/Common/Materials/Textures/teeth_color_map_001.ubulk" 2111
"C:/Users/sina/Desktop/dev/DuyguUE/Content/MetaHumans/Common/Materials/Textures/teeth_color_map_001.uasset" 2112
"C:/Users/sina/Desktop/dev/DuyguUE/Content/MetaHumans/Common/Materials/Textures/teeth_color_map_001.uexp" 2113
"C:/Users/sina/Desktop/dev/DuyguUE/Content/MetaHumans/Common/Materials/Textures/teeth_color_picker_001.ubulk" 2114
"C:/Users/sina/Desktop/dev/DuyguUE/Content/MetaHumans/Common/Materials/Textures/teeth_color_picker_001.uasset" 2115
"C:/Users/sina/Desktop/dev/DuyguUE/Content/MetaHumans/Common/Materials/Textures/teeth_color_picker_001.uexp" 2116
"C:/Users/sina/Desktop/dev/DuyguUE/Content/MetaHumans/Common/Materials/Textures/teeth_masks_001.ubulk" 2117
"C:/Users/sina/Desktop/dev/DuyguUE/Content/MetaHumans/Common/Materials/Textures/teeth_masks_001.uasset" 2118
"C:/Users/sina/Desktop/dev/DuyguUE/Content/MetaHumans/Common/Materials/Textures/teeth_masks_001.uexp" 2119
"C:/Users/sina/Desktop/dev/DuyguUE/Content/MetaHumans/Common/Materials/Textures/teeth_normal_map.ubulk" 2120
"C:/Users/sina/Desktop/dev/DuyguUE/Content/MetaHumans/Common/Materials/Textures/teeth_normal_map.uasset" 2121
"C:/Users/sina/Desktop/dev/DuyguUE/Content/MetaHumans/Common/Materials/Textures/teeth_normal_map.uexp" 2122
"C:/Users/sina/Desktop/dev/DuyguUE/Content/MetaHumans/Common/Materials/Textures/teeth_sharpNormal_map.ubulk" 2123
"C:/Users/sina/Desktop/dev/DuyguUE/Content/MetaHumans/Common/Materials/Textures/teeth_sharpNormal_map.uasset" 2124
"C:/Users/sina/Desktop/dev/DuyguUE/Content/MetaHumans/Common/Materials/Textures/teeth_sharpNormal_map.uexp" 2125
"C:/Users/sina/Desktop/dev/DuyguUE/Content/MetaHumans/Common/Materials/Textures/T_Teeth_mouthOcc.ubulk" 2126
"C:/Users/sina/Desktop/dev/DuyguUE/Content/MetaHumans/Common/Materials/Textures/T_Teeth_mouthOcc.uasset" 2127
"C:/Users/sina/Desktop/dev/DuyguUE/Content/MetaHumans/Common/Materials/Textures/T_Teeth_mouthOcc.uexp" 2128
"C:/Users/sina/Desktop/dev/DuyguUE/Content/MetaHumans/Common/Materials/M_Teeth.uasset" 2129
"C:/Users/sina/Desktop/dev/DuyguUE/Content/MetaHumans/Common/Materials/M_Teeth.uexp" 2130
"C:/Users/sina/Desktop/dev/DuyguUE/Content/MetaHumans/Common/Materials/M_TeethCharacterCreator_Inst.uasset" 2131
"C:/Users/sina/Desktop/dev/DuyguUE/Content/MetaHumans/Common/Materials/M_TeethCharacterCreator_Inst.uexp" 2132
"C:/Users/sina/Desktop/dev/DuyguUE/Content/MetaHumans/Gavin/Materials/M_TeethCharacterCreator_Inst.uasset" 2133
"C:/Users/sina/Desktop/dev/DuyguUE/Content/MetaHumans/Gavin/Materials/M_TeethCharacterCreator_Inst.uexp" 2134
"C:/Users/sina/Desktop/dev/DuyguUE/Content/MetaHumans/Common/Face/Materials/M_Cartilage.uasset" 2135
"C:/Users/sina/Desktop/dev/DuyguUE/Content/MetaHumans/Common/Face/Materials/M_Cartilage.uexp" 2136
"../../../Engine/Content/Functions/Engine_MaterialFunctions02/Math/CreateThirdOrthogonalVector.uasset" 2137
"../../../Engine/Content/Functions/Engine_MaterialFunctions02/Math/CreateThirdOrthogonalVector.uexp" 2138
"../../../Engine/Content/Functions/Engine_MaterialFunctions02/Lerp_3Color.uasset" 2139
"../../../Engine/Content/Functions/Engine_MaterialFunctions02/Lerp_3Color.uexp" 2140
"../../../Engine/Content/Functions/Engine_MaterialFunctions02/Math/InverseTransformMatrix.uasset" 2141
"../../../Engine/Content/Functions/Engine_MaterialFunctions02/Math/InverseTransformMatrix.uexp" 2142
"../../../Engine/Content/Functions/Engine_MaterialFunctions02/TangentBasis.uasset" 2143
"../../../Engine/Content/Functions/Engine_MaterialFunctions02/TangentBasis.uexp" 2144
"../../../Engine/Content/EngineVolumetrics/Fogsheet/Materials/T_EV_BlankWhite_01.uasset" 2145
"../../../Engine/Content/EngineVolumetrics/Fogsheet/Materials/T_EV_BlankWhite_01.uexp" 2146
"../../../Engine/Content/Functions/Engine_MaterialFunctions02/Math/TransformToZVector.uasset" 2147
"../../../Engine/Content/Functions/Engine_MaterialFunctions02/Math/TransformToZVector.uexp" 2148
"C:/Users/sina/Desktop/dev/DuyguUE/Content/MetaHumans/Common/Face/SubsurfaceProfiles/SSP_Eye_Inner.uasset" 2149
"C:/Users/sina/Desktop/dev/DuyguUE/Content/MetaHumans/Common/Face/SubsurfaceProfiles/SSP_Eye_Inner.uexp" 2150
"C:/Users/sina/Desktop/dev/DuyguUE/Content/MetaHumans/Common/Face/Textures/T_Eye_N.ubulk" 2151
"C:/Users/sina/Desktop/dev/DuyguUE/Content/MetaHumans/Common/Face/Textures/T_Eye_N.uasset" 2152
"C:/Users/sina/Desktop/dev/DuyguUE/Content/MetaHumans/Common/Face/Textures/T_Eye_N.uexp" 2153
"C:/Users/sina/Desktop/dev/DuyguUE/Content/MetaHumans/Common/Face/Textures/T_Sclera_D.ubulk" 2154
"C:/Users/sina/Desktop/dev/DuyguUE/Content/MetaHumans/Common/Face/Textures/T_Sclera_D.uasset" 2155
"C:/Users/sina/Desktop/dev/DuyguUE/Content/MetaHumans/Common/Face/Textures/T_Sclera_D.uexp" 2156
"C:/Users/sina/Desktop/dev/DuyguUE/Content/MetaHumans/Common/Face/Textures/T_Sclera_N.ubulk" 2157
"C:/Users/sina/Desktop/dev/DuyguUE/Content/MetaHumans/Common/Face/Textures/T_Sclera_N.uasset" 2158
"C:/Users/sina/Desktop/dev/DuyguUE/Content/MetaHumans/Common/Face/Textures/T_Sclera_N.uexp" 2159
"C:/Users/sina/Desktop/dev/DuyguUE/Content/MetaHumans/Common/Face/Textures/T_TilingNoise_001.ubulk" 2160
"C:/Users/sina/Desktop/dev/DuyguUE/Content/MetaHumans/Common/Face/Textures/T_TilingNoise_001.uasset" 2161
"C:/Users/sina/Desktop/dev/DuyguUE/Content/MetaHumans/Common/Face/Textures/T_TilingNoise_001.uexp" 2162
"C:/Users/sina/Desktop/dev/DuyguUE/Content/MetaHumans/Common/Face/Textures/T_Veins_D.ubulk" 2163
"C:/Users/sina/Desktop/dev/DuyguUE/Content/MetaHumans/Common/Face/Textures/T_Veins_D.uasset" 2164
"C:/Users/sina/Desktop/dev/DuyguUE/Content/MetaHumans/Common/Face/Textures/T_Veins_D.uexp" 2165
"C:/Users/sina/Desktop/dev/DuyguUE/Content/MetaHumans/Common/Face/Textures/T_EyeMidPlaneDisplacement.ubulk" 2166
"C:/Users/sina/Desktop/dev/DuyguUE/Content/MetaHumans/Common/Face/Textures/T_EyeMidPlaneDisplacement.uasset" 2167
"C:/Users/sina/Desktop/dev/DuyguUE/Content/MetaHumans/Common/Face/Textures/T_EyeMidPlaneDisplacement.uexp" 2168
"C:/Users/sina/Desktop/dev/DuyguUE/Content/MetaHumans/Common/Face/Textures/T_iris_color_picker.ubulk" 2169
"C:/Users/sina/Desktop/dev/DuyguUE/Content/MetaHumans/Common/Face/Textures/T_iris_color_picker.uasset" 2170
"C:/Users/sina/Desktop/dev/DuyguUE/Content/MetaHumans/Common/Face/Textures/T_iris_color_picker.uexp" 2171
"C:/Users/sina/Desktop/dev/DuyguUE/Content/MetaHumans/Common/Face/Textures/T_sclera_tint_picker.ubulk" 2172
"C:/Users/sina/Desktop/dev/DuyguUE/Content/MetaHumans/Common/Face/Textures/T_sclera_tint_picker.uasset" 2173
"C:/Users/sina/Desktop/dev/DuyguUE/Content/MetaHumans/Common/Face/Textures/T_sclera_tint_picker.uexp" 2174
"C:/Users/sina/Desktop/dev/DuyguUE/Content/MetaHumans/Common/Face/MaterialFunctions/Eye/MF_IrisUVMask.uasset" 2175
"C:/Users/sina/Desktop/dev/DuyguUE/Content/MetaHumans/Common/Face/MaterialFunctions/Eye/MF_IrisUVMask.uexp" 2176
"C:/Users/sina/Desktop/dev/DuyguUE/Content/MetaHumans/Common/Face/MaterialFunctions/Eye/MF_RefractionDirection.uasset" 2177
"C:/Users/sina/Desktop/dev/DuyguUE/Content/MetaHumans/Common/Face/MaterialFunctions/Eye/MF_RefractionDirection.uexp" 2178
"C:/Users/sina/Desktop/dev/DuyguUE/Content/MetaHumans/Common/Face/MaterialFunctions/Eye/MF_EyeRefraction.uasset" 2179
"C:/Users/sina/Desktop/dev/DuyguUE/Content/MetaHumans/Common/Face/MaterialFunctions/Eye/MF_EyeRefraction.uexp" 2180
"C:/Users/sina/Desktop/dev/DuyguUE/Content/MetaHumans/Common/Face/Textures/IrisTextures/iris_001/T_Iris_A_M.ubulk" 2181
"C:/Users/sina/Desktop/dev/DuyguUE/Content/MetaHumans/Common/Face/Textures/IrisTextures/iris_001/T_Iris_A_M.uasset" 2182
"C:/Users/sina/Desktop/dev/DuyguUE/Content/MetaHumans/Common/Face/Textures/IrisTextures/iris_001/T_Iris_A_M.uexp" 2183
"C:/Users/sina/Desktop/dev/DuyguUE/Content/MetaHumans/Common/Face/MaterialFunctions/Eye/MF_IrisGenerator.uasset" 2184
"C:/Users/sina/Desktop/dev/DuyguUE/Content/MetaHumans/Common/Face/MaterialFunctions/Eye/MF_IrisGenerator.uexp" 2185
"C:/Users/sina/Desktop/dev/DuyguUE/Content/MetaHumans/Common/Face/MaterialFunctions/Eye/MF_ParallaxOcclusionMappingEye.uasset" 2186
"C:/Users/sina/Desktop/dev/DuyguUE/Content/MetaHumans/Common/Face/MaterialFunctions/Eye/MF_ParallaxOcclusionMappingEye.uexp" 2187
"C:/Users/sina/Desktop/dev/DuyguUE/Content/MetaHumans/Common/Face/Textures/IrisTextures/iris_001/T_Iris_A_H.ubulk" 2188
"C:/Users/sina/Desktop/dev/DuyguUE/Content/MetaHumans/Common/Face/Textures/IrisTextures/iris_001/T_Iris_A_H.uasset" 2189
"C:/Users/sina/Desktop/dev/DuyguUE/Content/MetaHumans/Common/Face/Textures/IrisTextures/iris_001/T_Iris_A_H.uexp" 2190
"C:/Users/sina/Desktop/dev/DuyguUE/Content/MetaHumans/Common/Face/Materials/M_EyeRefractive.uasset" 2191
"C:/Users/sina/Desktop/dev/DuyguUE/Content/MetaHumans/Common/Face/Materials/M_EyeRefractive.uexp" 2192
"C:/Users/sina/Desktop/dev/DuyguUE/Content/MetaHumans/Common/Face/Materials/MI_EyeRefractive_Inst_L.uasset" 2193
"C:/Users/sina/Desktop/dev/DuyguUE/Content/MetaHumans/Common/Face/Materials/MI_EyeRefractive_Inst_L.uexp" 2194
"C:/Users/sina/Desktop/dev/DuyguUE/Content/MetaHumans/Common/Face/Textures/IrisTextures/iris_008/T_Iris_A_H.ubulk" 2195
"C:/Users/sina/Desktop/dev/DuyguUE/Content/MetaHumans/Common/Face/Textures/IrisTextures/iris_008/T_Iris_A_H.uasset" 2196
"C:/Users/sina/Desktop/dev/DuyguUE/Content/MetaHumans/Common/Face/Textures/IrisTextures/iris_008/T_Iris_A_H.uexp" 2197
"C:/Users/sina/Desktop/dev/DuyguUE/Content/MetaHumans/Common/Face/Textures/IrisTextures/iris_008/T_Iris_A_M.ubulk" 2198
"C:/Users/sina/Desktop/dev/DuyguUE/Content/MetaHumans/Common/Face/Textures/IrisTextures/iris_008/T_Iris_A_M.uasset" 2199
"C:/Users/sina/Desktop/dev/DuyguUE/Content/MetaHumans/Common/Face/Textures/IrisTextures/iris_008/T_Iris_A_M.uexp" 2200
"C:/Users/sina/Desktop/dev/DuyguUE/Content/MetaHumans/Gavin/Face/Materials/MI_EyeRefractive_Inst_L.uasset" 2201
"C:/Users/sina/Desktop/dev/DuyguUE/Content/MetaHumans/Gavin/Face/Materials/MI_EyeRefractive_Inst_L.uexp" 2202
"C:/Users/sina/Desktop/dev/DuyguUE/Content/MetaHumans/Common/Face/Materials/MI_EyeRefractive_Inst_R.uasset" 2203
"C:/Users/sina/Desktop/dev/DuyguUE/Content/MetaHumans/Common/Face/Materials/MI_EyeRefractive_Inst_R.uexp" 2204
"C:/Users/sina/Desktop/dev/DuyguUE/Content/MetaHumans/Gavin/Face/Materials/MI_EyeRefractive_Inst_R.uasset" 2205
"C:/Users/sina/Desktop/dev/DuyguUE/Content/MetaHumans/Gavin/Face/Materials/MI_EyeRefractive_Inst_R.uexp" 2206
"C:/Users/sina/Desktop/dev/DuyguUE/Content/MetaHumans/Gavin/Face/Gavin_FaceMesh.uasset" 2207
"C:/Users/sina/Desktop/dev/DuyguUE/Content/MetaHumans/Gavin/Face/Gavin_FaceMesh.uexp" 2208
"../../../Engine/Content/Functions/Engine_MaterialFunctions02/Utility/DitherTemporalAA.uasset" 2209
"../../../Engine/Content/Functions/Engine_MaterialFunctions02/Utility/DitherTemporalAA.uexp" 2210
"../../../Engine/Content/Functions/Engine_MaterialFunctions02/Math/Pi.uasset" 2211
"../../../Engine/Content/Functions/Engine_MaterialFunctions02/Math/Pi.uexp" 2212
"../../../Engine/Content/Functions/Engine_MaterialFunctions01/Coordinates/WorldUnitsInPixel.uasset" 2213
"../../../Engine/Content/Functions/Engine_MaterialFunctions01/Coordinates/WorldUnitsInPixel.uexp" 2214
"C:/Users/sina/Desktop/dev/DuyguUE/Content/MetaHumans/Common/Textures/T_TilingNoise_005.ubulk" 2215
"C:/Users/sina/Desktop/dev/DuyguUE/Content/MetaHumans/Common/Textures/T_TilingNoise_005.uasset" 2216
"C:/Users/sina/Desktop/dev/DuyguUE/Content/MetaHumans/Common/Textures/T_TilingNoise_005.uexp" 2217
"C:/Users/sina/Desktop/dev/DuyguUE/Content/MetaHumans/Common/Materials/MF_HairAnisotropic.uasset" 2218
"C:/Users/sina/Desktop/dev/DuyguUE/Content/MetaHumans/Common/Materials/MF_HairAnisotropic.uexp" 2219
"C:/Users/sina/Desktop/dev/DuyguUE/Content/MetaHumans/Common/Textures/T_Black_Linear.uasset" 2220
"C:/Users/sina/Desktop/dev/DuyguUE/Content/MetaHumans/Common/Textures/T_Black_Linear.uexp" 2221
"C:/Users/sina/Desktop/dev/DuyguUE/Content/MetaHumans/Common/Materials/M_Facial_Hair.uasset" 2222
"C:/Users/sina/Desktop/dev/DuyguUE/Content/MetaHumans/Common/Materials/M_Facial_Hair.uexp" 2223
"C:/Users/sina/Desktop/dev/DuyguUE/Content/MetaHumans/Common/Materials/MI_Facial_Hair.uasset" 2224
"C:/Users/sina/Desktop/dev/DuyguUE/Content/MetaHumans/Common/Materials/MI_Facial_Hair.uexp" 2225
"C:/Users/sina/Desktop/dev/DuyguUE/Content/MetaHumans/Gavin/Materials/MI_Facial_Hair.uasset" 2226
"C:/Users/sina/Desktop/dev/DuyguUE/Content/MetaHumans/Gavin/Materials/MI_Facial_Hair.uexp" 2227
"C:/Users/sina/Desktop/dev/DuyguUE/Content/MetaHumans/Common/Materials/M_hair_v4.uasset" 2228
"C:/Users/sina/Desktop/dev/DuyguUE/Content/MetaHumans/Common/Materials/M_hair_v4.uexp" 2229
"C:/Users/sina/Desktop/dev/DuyguUE/Content/MetaHumans/Common/Materials/MI_Hair.uasset" 2230
"C:/Users/sina/Desktop/dev/DuyguUE/Content/MetaHumans/Common/Materials/MI_Hair.uexp" 2231
"C:/Users/sina/Desktop/dev/DuyguUE/Content/MetaHumans/Gavin/Materials/MI_Hair.uasset" 2232
"C:/Users/sina/Desktop/dev/DuyguUE/Content/MetaHumans/Gavin/Materials/MI_Hair.uexp" 2233
"C:/Users/sina/Desktop/dev/DuyguUE/Content/MetaHumans/Gavin/Materials/MI_Hair1.uasset" 2234
"C:/Users/sina/Desktop/dev/DuyguUE/Content/MetaHumans/Gavin/Materials/MI_Hair1.uexp" 2235
"C:/Users/sina/Desktop/dev/DuyguUE/Content/MetaHumans/Gavin/Materials/MI_Hair2.uasset" 2236
"C:/Users/sina/Desktop/dev/DuyguUE/Content/MetaHumans/Gavin/Materials/MI_Hair2.uexp" 2237
"C:/Users/sina/Desktop/dev/DuyguUE/Content/MetaHumans/Common/Materials/MI_Hair_Cards.uasset" 2238
"C:/Users/sina/Desktop/dev/DuyguUE/Content/MetaHumans/Common/Materials/MI_Hair_Cards.uexp" 2239
"C:/Users/sina/Desktop/dev/DuyguUE/Content/MetaHumans/Gavin/Materials/MI_Hair_Cards.uasset" 2240
"C:/Users/sina/Desktop/dev/DuyguUE/Content/MetaHumans/Gavin/Materials/MI_Hair_Cards.uexp" 2241
"C:/Users/sina/Desktop/dev/DuyguUE/Content/MetaHumans/Common/Materials/MI_Hair_Helmet.uasset" 2242
"C:/Users/sina/Desktop/dev/DuyguUE/Content/MetaHumans/Common/Materials/MI_Hair_Helmet.uexp" 2243
"C:/Users/sina/Desktop/dev/DuyguUE/Content/MetaHumans/Gavin/Materials/MI_Hair_Helmet.uasset" 2244
"C:/Users/sina/Desktop/dev/DuyguUE/Content/MetaHumans/Gavin/Materials/MI_Hair_Helmet.uexp" 2245
"C:/Users/sina/Desktop/dev/DuyguUE/Content/MetaHumans/Common/Materials/Slacks/btm_slacks_AO.ubulk" 2246
"C:/Users/sina/Desktop/dev/DuyguUE/Content/MetaHumans/Common/Materials/Slacks/btm_slacks_AO.uasset" 2247
"C:/Users/sina/Desktop/dev/DuyguUE/Content/MetaHumans/Common/Materials/Slacks/btm_slacks_AO.uexp" 2248
"C:/Users/sina/Desktop/dev/DuyguUE/Content/MetaHumans/Common/Materials/Slacks/btm_slacks_Mask.ubulk" 2249
"C:/Users/sina/Desktop/dev/DuyguUE/Content/MetaHumans/Common/Materials/Slacks/btm_slacks_Mask.uasset" 2250
"C:/Users/sina/Desktop/dev/DuyguUE/Content/MetaHumans/Common/Materials/Slacks/btm_slacks_Mask.uexp" 2251
"C:/Users/sina/Desktop/dev/DuyguUE/Content/MetaHumans/Common/Materials/Slacks/btm_slacks_N.uexp" 2252
"C:/Users/sina/Desktop/dev/DuyguUE/Content/MetaHumans/Common/Materials/Slacks/btm_slacks_N.ubulk" 2253
"C:/Users/sina/Desktop/dev/DuyguUE/Content/MetaHumans/Common/Materials/Slacks/btm_slacks_N.uasset" 2254
"C:/Users/sina/Desktop/dev/DuyguUE/Content/MetaHumans/Common/Materials/Slacks/btm_slacks_N.uptnl" 2255
"C:/Users/sina/Desktop/dev/DuyguUE/Content/MetaHumans/Common/Materials/Slacks/f_med_nrw_btm_slacks_nrm_custom_stitch.ubulk" 2256
"C:/Users/sina/Desktop/dev/DuyguUE/Content/MetaHumans/Common/Materials/Slacks/f_med_nrw_btm_slacks_nrm_custom_stitch.uasset" 2257
"C:/Users/sina/Desktop/dev/DuyguUE/Content/MetaHumans/Common/Materials/Slacks/f_med_nrw_btm_slacks_nrm_custom_stitch.uexp" 2258
"C:/Users/sina/Desktop/dev/DuyguUE/Content/MetaHumans/Common/Materials/Textures/Clothing/Macros/macro_heather_04_Vertical.ubulk" 2259
"C:/Users/sina/Desktop/dev/DuyguUE/Content/MetaHumans/Common/Materials/Textures/Clothing/Macros/macro_heather_04_Vertical.uasset" 2260
"C:/Users/sina/Desktop/dev/DuyguUE/Content/MetaHumans/Common/Materials/Textures/Clothing/Macros/macro_heather_04_Vertical.uexp" 2261
"C:/Users/sina/Desktop/dev/DuyguUE/Content/MetaHumans/Common/Materials/Textures/Clothing/Micros/micro_knit_front_H.ubulk" 2262
"C:/Users/sina/Desktop/dev/DuyguUE/Content/MetaHumans/Common/Materials/Textures/Clothing/Micros/micro_knit_front_H.uasset" 2263
"C:/Users/sina/Desktop/dev/DuyguUE/Content/MetaHumans/Common/Materials/Textures/Clothing/Micros/micro_knit_front_H.uexp" 2264
"C:/Users/sina/Desktop/dev/DuyguUE/Content/MetaHumans/Common/Materials/Textures/Clothing/Micros/micro_knit_front_N.ubulk" 2265
"C:/Users/sina/Desktop/dev/DuyguUE/Content/MetaHumans/Common/Materials/Textures/Clothing/Micros/micro_knit_front_N.uasset" 2266
"C:/Users/sina/Desktop/dev/DuyguUE/Content/MetaHumans/Common/Materials/Textures/Clothing/Micros/micro_knit_front_N.uexp" 2267
"C:/Users/sina/Desktop/dev/DuyguUE/Content/MetaHumans/Common/Materials/Slacks/M_btm_slacks.uasset" 2268
"C:/Users/sina/Desktop/dev/DuyguUE/Content/MetaHumans/Common/Materials/Slacks/M_btm_slacks.uexp" 2269
"C:/Users/sina/Desktop/dev/DuyguUE/Content/MetaHumans/Common/Materials/Slacks/Male/m_btm_slacks_AO.ubulk" 2270
"C:/Users/sina/Desktop/dev/DuyguUE/Content/MetaHumans/Common/Materials/Slacks/Male/m_btm_slacks_AO.uasset" 2271
"C:/Users/sina/Desktop/dev/DuyguUE/Content/MetaHumans/Common/Materials/Slacks/Male/m_btm_slacks_AO.uexp" 2272
"C:/Users/sina/Desktop/dev/DuyguUE/Content/MetaHumans/Common/Materials/Slacks/Male/m_btm_slacks_custom_stitch.ubulk" 2273
"C:/Users/sina/Desktop/dev/DuyguUE/Content/MetaHumans/Common/Materials/Slacks/Male/m_btm_slacks_custom_stitch.uasset" 2274
"C:/Users/sina/Desktop/dev/DuyguUE/Content/MetaHumans/Common/Materials/Slacks/Male/m_btm_slacks_custom_stitch.uexp" 2275
"C:/Users/sina/Desktop/dev/DuyguUE/Content/MetaHumans/Common/Materials/Slacks/Male/m_btm_slacks_N.ubulk" 2276
"C:/Users/sina/Desktop/dev/DuyguUE/Content/MetaHumans/Common/Materials/Slacks/Male/m_btm_slacks_N.uasset" 2277
"C:/Users/sina/Desktop/dev/DuyguUE/Content/MetaHumans/Common/Materials/Slacks/Male/m_btm_slacks_N.uexp" 2278
"C:/Users/sina/Desktop/dev/DuyguUE/Content/MetaHumans/Common/Materials/Slacks/Male/M_m_btm_slacks.uasset" 2279
"C:/Users/sina/Desktop/dev/DuyguUE/Content/MetaHumans/Common/Materials/Slacks/Male/M_m_btm_slacks.uexp" 2280
"C:/Users/sina/Desktop/dev/DuyguUE/Content/MetaHumans/Common/Male/Medium/NormalWeight/Bottoms/Slacks/m_med_nrw_btm_slacks_nrm_Cinematic.uasset" 2281
"C:/Users/sina/Desktop/dev/DuyguUE/Content/MetaHumans/Common/Male/Medium/NormalWeight/Bottoms/Slacks/m_med_nrw_btm_slacks_nrm_Cinematic.uexp" 2282
"C:/Users/sina/Desktop/dev/DuyguUE/Content/MetaHumans/Common/Materials/Oxfords/T_Unisex_tal_nrw_dressOxford_laces.ubulk" 2283
"C:/Users/sina/Desktop/dev/DuyguUE/Content/MetaHumans/Common/Materials/Oxfords/T_Unisex_tal_nrw_dressOxford_laces.uasset" 2284
"C:/Users/sina/Desktop/dev/DuyguUE/Content/MetaHumans/Common/Materials/Oxfords/T_Unisex_tal_nrw_dressOxford_laces.uexp" 2285
"C:/Users/sina/Desktop/dev/DuyguUE/Content/MetaHumans/Common/Materials/Oxfords/T_Unisex_tal_nrw_dressOxford_N.ubulk" 2286
"C:/Users/sina/Desktop/dev/DuyguUE/Content/MetaHumans/Common/Materials/Oxfords/T_Unisex_tal_nrw_dressOxford_N.uasset" 2287
"C:/Users/sina/Desktop/dev/DuyguUE/Content/MetaHumans/Common/Materials/Oxfords/T_Unisex_tal_nrw_dressOxford_N.uexp" 2288
"C:/Users/sina/Desktop/dev/DuyguUE/Content/MetaHumans/Common/Materials/Oxfords/T_Unisex_tal_nrw_dressOxford_PackedA.ubulk" 2289
"C:/Users/sina/Desktop/dev/DuyguUE/Content/MetaHumans/Common/Materials/Oxfords/T_Unisex_tal_nrw_dressOxford_PackedA.uasset" 2290
"C:/Users/sina/Desktop/dev/DuyguUE/Content/MetaHumans/Common/Materials/Oxfords/T_Unisex_tal_nrw_dressOxford_PackedA.uexp" 2291
"C:/Users/sina/Desktop/dev/DuyguUE/Content/MetaHumans/Common/Materials/Oxfords/T_Unisex_tal_nrw_dressOxford_PackedB.ubulk" 2292
"C:/Users/sina/Desktop/dev/DuyguUE/Content/MetaHumans/Common/Materials/Oxfords/T_Unisex_tal_nrw_dressOxford_PackedB.uasset" 2293
"C:/Users/sina/Desktop/dev/DuyguUE/Content/MetaHumans/Common/Materials/Oxfords/T_Unisex_tal_nrw_dressOxford_PackedB.uexp" 2294
"C:/Users/sina/Desktop/dev/DuyguUE/Content/MetaHumans/Common/Materials/Textures/Clothing/Macros/macro_heather_04.ubulk" 2295
"C:/Users/sina/Desktop/dev/DuyguUE/Content/MetaHumans/Common/Materials/Textures/Clothing/Macros/macro_heather_04.uasset" 2296
"C:/Users/sina/Desktop/dev/DuyguUE/Content/MetaHumans/Common/Materials/Textures/Clothing/Macros/macro_heather_04.uexp" 2297
"C:/Users/sina/Desktop/dev/DuyguUE/Content/MetaHumans/Common/Materials/Textures/Clothing/Macros/macro_heather_04_normal.ubulk" 2298
"C:/Users/sina/Desktop/dev/DuyguUE/Content/MetaHumans/Common/Materials/Textures/Clothing/Macros/macro_heather_04_normal.uasset" 2299
"C:/Users/sina/Desktop/dev/DuyguUE/Content/MetaHumans/Common/Materials/Textures/Clothing/Macros/macro_heather_04_normal.uexp" 2300
"C:/Users/sina/Desktop/dev/DuyguUE/Content/MetaHumans/Common/Materials/Textures/Clothing/Micros/micro_leather_Color.ubulk" 2301
"C:/Users/sina/Desktop/dev/DuyguUE/Content/MetaHumans/Common/Materials/Textures/Clothing/Micros/micro_leather_Color.uasset" 2302
"C:/Users/sina/Desktop/dev/DuyguUE/Content/MetaHumans/Common/Materials/Textures/Clothing/Micros/micro_leather_Color.uexp" 2303
"C:/Users/sina/Desktop/dev/DuyguUE/Content/MetaHumans/Common/Materials/Textures/Clothing/Micros/micro_leather_Mask.ubulk" 2304
"C:/Users/sina/Desktop/dev/DuyguUE/Content/MetaHumans/Common/Materials/Textures/Clothing/Micros/micro_leather_Mask.uasset" 2305
"C:/Users/sina/Desktop/dev/DuyguUE/Content/MetaHumans/Common/Materials/Textures/Clothing/Micros/micro_leather_Mask.uexp" 2306
"C:/Users/sina/Desktop/dev/DuyguUE/Content/MetaHumans/Common/Materials/Oxfords/M_shs_oxfords.uasset" 2307
"C:/Users/sina/Desktop/dev/DuyguUE/Content/MetaHumans/Common/Materials/Oxfords/M_shs_oxfords.uexp" 2308
"C:/Users/sina/Desktop/dev/DuyguUE/Content/MetaHumans/Common/Male/Medium/NormalWeight/Shoes/Oxfords/m_med_nrw_shs_oxfords_Cinematic.uasset" 2309
"C:/Users/sina/Desktop/dev/DuyguUE/Content/MetaHumans/Common/Male/Medium/NormalWeight/Shoes/Oxfords/m_med_nrw_shs_oxfords_Cinematic.uexp" 2310
"C:/Users/sina/Desktop/dev/DuyguUE/Content/MetaHumans/Common/MaleHair/Textures/Eyebrows_M_FlatThick_CardsAtlas_Attribute.ubulk" 2311
"C:/Users/sina/Desktop/dev/DuyguUE/Content/MetaHumans/Common/MaleHair/Textures/Eyebrows_M_FlatThick_CardsAtlas_Attribute.uasset" 2312
"C:/Users/sina/Desktop/dev/DuyguUE/Content/MetaHumans/Common/MaleHair/Textures/Eyebrows_M_FlatThick_CardsAtlas_Attribute.uexp" 2313
"C:/Users/sina/Desktop/dev/DuyguUE/Content/MetaHumans/Common/MaleHair/Textures/Eyebrows_M_FlatThick_CardsAtlas_Tangent.ubulk" 2314
"C:/Users/sina/Desktop/dev/DuyguUE/Content/MetaHumans/Common/MaleHair/Textures/Eyebrows_M_FlatThick_CardsAtlas_Tangent.uasset" 2315
"C:/Users/sina/Desktop/dev/DuyguUE/Content/MetaHumans/Common/MaleHair/Textures/Eyebrows_M_FlatThick_CardsAtlas_Tangent.uexp" 2316
"C:/Users/sina/Desktop/dev/DuyguUE/Content/MetaHumans/Gavin/MaleHair/Hair/Eyebrows_M_FlatThick_CardsMesh_Group0_LOD0.ubulk" 2317
"C:/Users/sina/Desktop/dev/DuyguUE/Content/MetaHumans/Gavin/MaleHair/Hair/Eyebrows_M_FlatThick_CardsMesh_Group0_LOD0.uasset" 2318
"C:/Users/sina/Desktop/dev/DuyguUE/Content/MetaHumans/Gavin/MaleHair/Hair/Eyebrows_M_FlatThick_CardsMesh_Group0_LOD0.uexp" 2319
"C:/Users/sina/Desktop/dev/DuyguUE/Content/MetaHumans/Gavin/MaleHair/Hair/Eyebrows_M_FlatThick_CardsMesh_Group0_LOD1.ubulk" 2320
"C:/Users/sina/Desktop/dev/DuyguUE/Content/MetaHumans/Gavin/MaleHair/Hair/Eyebrows_M_FlatThick_CardsMesh_Group0_LOD1.uasset" 2321
"C:/Users/sina/Desktop/dev/DuyguUE/Content/MetaHumans/Gavin/MaleHair/Hair/Eyebrows_M_FlatThick_CardsMesh_Group0_LOD1.uexp" 2322
"C:/Users/sina/Desktop/dev/DuyguUE/Content/MetaHumans/Gavin/MaleHair/Hair/Eyebrows_M_FlatThick_CardsMesh_Group0_LOD2.ubulk" 2323
"C:/Users/sina/Desktop/dev/DuyguUE/Content/MetaHumans/Gavin/MaleHair/Hair/Eyebrows_M_FlatThick_CardsMesh_Group0_LOD2.uasset" 2324
"C:/Users/sina/Desktop/dev/DuyguUE/Content/MetaHumans/Gavin/MaleHair/Hair/Eyebrows_M_FlatThick_CardsMesh_Group0_LOD2.uexp" 2325
"C:/Users/sina/Desktop/dev/DuyguUE/Content/MetaHumans/Gavin/MaleHair/Hair/Eyebrows_M_FlatThick_CardsMesh_Group0_LOD3.ubulk" 2326
"C:/Users/sina/Desktop/dev/DuyguUE/Content/MetaHumans/Gavin/MaleHair/Hair/Eyebrows_M_FlatThick_CardsMesh_Group0_LOD3.uasset" 2327
"C:/Users/sina/Desktop/dev/DuyguUE/Content/MetaHumans/Gavin/MaleHair/Hair/Eyebrows_M_FlatThick_CardsMesh_Group0_LOD3.uexp" 2328
"C:/Users/sina/Desktop/dev/DuyguUE/Content/MetaHumans/Gavin/MaleHair/Hair/Eyebrows_M_FlatThick_CardsMesh_Group0_LOD4.ubulk" 2329
"C:/Users/sina/Desktop/dev/DuyguUE/Content/MetaHumans/Gavin/MaleHair/Hair/Eyebrows_M_FlatThick_CardsMesh_Group0_LOD4.uasset" 2330
"C:/Users/sina/Desktop/dev/DuyguUE/Content/MetaHumans/Gavin/MaleHair/Hair/Eyebrows_M_FlatThick_CardsMesh_Group0_LOD4.uexp" 2331
"C:/Users/sina/Desktop/dev/DuyguUE/Content/MetaHumans/Gavin/MaleHair/Hair/Eyebrows_M_FlatThick.ubulk" 2332
"C:/Users/sina/Desktop/dev/DuyguUE/Content/MetaHumans/Gavin/MaleHair/Hair/Eyebrows_M_FlatThick.uasset" 2333
"C:/Users/sina/Desktop/dev/DuyguUE/Content/MetaHumans/Gavin/MaleHair/Hair/Eyebrows_M_FlatThick.uexp" 2334
"C:/Users/sina/Desktop/dev/DuyguUE/Content/MetaHumans/Gavin/MaleHair/GroomBinding/Eyebrows_M_FlatThick_Binding.ubulk" 2335
"C:/Users/sina/Desktop/dev/DuyguUE/Content/MetaHumans/Gavin/MaleHair/GroomBinding/Eyebrows_M_FlatThick_Binding.uasset" 2336
"C:/Users/sina/Desktop/dev/DuyguUE/Content/MetaHumans/Gavin/MaleHair/GroomBinding/Eyebrows_M_FlatThick_Binding.uexp" 2337
"C:/Users/sina/Desktop/dev/DuyguUE/Content/MetaHumans/Gavin/MaleHair/Hair/Eyelashes_S_Sparse.ubulk" 2338
"C:/Users/sina/Desktop/dev/DuyguUE/Content/MetaHumans/Gavin/MaleHair/Hair/Eyelashes_S_Sparse.uasset" 2339
"C:/Users/sina/Desktop/dev/DuyguUE/Content/MetaHumans/Gavin/MaleHair/Hair/Eyelashes_S_Sparse.uexp" 2340
"C:/Users/sina/Desktop/dev/DuyguUE/Content/MetaHumans/Gavin/MaleHair/GroomBinding/Eyelashes_S_Sparse_Binding.ubulk" 2341
"C:/Users/sina/Desktop/dev/DuyguUE/Content/MetaHumans/Gavin/MaleHair/GroomBinding/Eyelashes_S_Sparse_Binding.uasset" 2342
"C:/Users/sina/Desktop/dev/DuyguUE/Content/MetaHumans/Gavin/MaleHair/GroomBinding/Eyelashes_S_Sparse_Binding.uexp" 2343
"C:/Users/sina/Desktop/dev/DuyguUE/Content/MetaHumans/Common/MaleHair/Textures/Hair_S_Messy_CardsAtlas_Attribute.ubulk" 2344
"C:/Users/sina/Desktop/dev/DuyguUE/Content/MetaHumans/Common/MaleHair/Textures/Hair_S_Messy_CardsAtlas_Attribute.uasset" 2345
"C:/Users/sina/Desktop/dev/DuyguUE/Content/MetaHumans/Common/MaleHair/Textures/Hair_S_Messy_CardsAtlas_Attribute.uexp" 2346
"C:/Users/sina/Desktop/dev/DuyguUE/Content/MetaHumans/Common/MaleHair/Textures/Hair_S_Messy_CardsAtlas_Tangent.ubulk" 2347
"C:/Users/sina/Desktop/dev/DuyguUE/Content/MetaHumans/Common/MaleHair/Textures/Hair_S_Messy_CardsAtlas_Tangent.uasset" 2348
"C:/Users/sina/Desktop/dev/DuyguUE/Content/MetaHumans/Common/MaleHair/Textures/Hair_S_Messy_CardsAtlas_Tangent.uexp" 2349
"C:/Users/sina/Desktop/dev/DuyguUE/Content/MetaHumans/Gavin/MaleHair/Hair/Hair_S_Messy_CardsMesh_Group0_LOD0.ubulk" 2350
"C:/Users/sina/Desktop/dev/DuyguUE/Content/MetaHumans/Gavin/MaleHair/Hair/Hair_S_Messy_CardsMesh_Group0_LOD0.uasset" 2351
"C:/Users/sina/Desktop/dev/DuyguUE/Content/MetaHumans/Gavin/MaleHair/Hair/Hair_S_Messy_CardsMesh_Group0_LOD0.uexp" 2352
"C:/Users/sina/Desktop/dev/DuyguUE/Content/MetaHumans/Gavin/MaleHair/Hair/Hair_S_Messy_CardsMesh_Group0_LOD1.ubulk" 2353
"C:/Users/sina/Desktop/dev/DuyguUE/Content/MetaHumans/Gavin/MaleHair/Hair/Hair_S_Messy_CardsMesh_Group0_LOD1.uasset" 2354
"C:/Users/sina/Desktop/dev/DuyguUE/Content/MetaHumans/Gavin/MaleHair/Hair/Hair_S_Messy_CardsMesh_Group0_LOD1.uexp" 2355
"C:/Users/sina/Desktop/dev/DuyguUE/Content/MetaHumans/Gavin/MaleHair/Hair/Hair_S_Messy_CardsMesh_Group0_LOD2.ubulk" 2356
"C:/Users/sina/Desktop/dev/DuyguUE/Content/MetaHumans/Gavin/MaleHair/Hair/Hair_S_Messy_CardsMesh_Group0_LOD2.uasset" 2357
"C:/Users/sina/Desktop/dev/DuyguUE/Content/MetaHumans/Gavin/MaleHair/Hair/Hair_S_Messy_CardsMesh_Group0_LOD2.uexp" 2358
"C:/Users/sina/Desktop/dev/DuyguUE/Content/MetaHumans/Gavin/MaleHair/Hair/Hair_S_Messy_CardsMesh_Group0_LOD3.ubulk" 2359
"C:/Users/sina/Desktop/dev/DuyguUE/Content/MetaHumans/Gavin/MaleHair/Hair/Hair_S_Messy_CardsMesh_Group0_LOD3.uasset" 2360
"C:/Users/sina/Desktop/dev/DuyguUE/Content/MetaHumans/Gavin/MaleHair/Hair/Hair_S_Messy_CardsMesh_Group0_LOD3.uexp" 2361
"C:/Users/sina/Desktop/dev/DuyguUE/Content/MetaHumans/Gavin/MaleHair/Hair/Hair_S_Messy_CardsMesh_Group0_LOD4.ubulk" 2362
"C:/Users/sina/Desktop/dev/DuyguUE/Content/MetaHumans/Gavin/MaleHair/Hair/Hair_S_Messy_CardsMesh_Group0_LOD4.uasset" 2363
"C:/Users/sina/Desktop/dev/DuyguUE/Content/MetaHumans/Gavin/MaleHair/Hair/Hair_S_Messy_CardsMesh_Group0_LOD4.uexp" 2364
"C:/Users/sina/Desktop/dev/DuyguUE/Content/MetaHumans/Gavin/MaleHair/Helmets/Hair_S_Messy_HelmetLOD5.ubulk" 2365
"C:/Users/sina/Desktop/dev/DuyguUE/Content/MetaHumans/Gavin/MaleHair/Helmets/Hair_S_Messy_HelmetLOD5.uasset" 2366
"C:/Users/sina/Desktop/dev/DuyguUE/Content/MetaHumans/Gavin/MaleHair/Helmets/Hair_S_Messy_HelmetLOD5.uexp" 2367
"C:/Users/sina/Desktop/dev/DuyguUE/Content/MetaHumans/Gavin/MaleHair/Helmets/Hair_S_Messy_HelmetLOD6.ubulk" 2368
"C:/Users/sina/Desktop/dev/DuyguUE/Content/MetaHumans/Gavin/MaleHair/Helmets/Hair_S_Messy_HelmetLOD6.uasset" 2369
"C:/Users/sina/Desktop/dev/DuyguUE/Content/MetaHumans/Gavin/MaleHair/Helmets/Hair_S_Messy_HelmetLOD6.uexp" 2370
"C:/Users/sina/Desktop/dev/DuyguUE/Content/MetaHumans/Gavin/MaleHair/Helmets/Hair_S_Messy_HelmetLOD7.ubulk" 2371
"C:/Users/sina/Desktop/dev/DuyguUE/Content/MetaHumans/Gavin/MaleHair/Helmets/Hair_S_Messy_HelmetLOD7.uasset" 2372
"C:/Users/sina/Desktop/dev/DuyguUE/Content/MetaHumans/Gavin/MaleHair/Helmets/Hair_S_Messy_HelmetLOD7.uexp" 2373
"C:/Users/sina/Desktop/dev/DuyguUE/Content/MetaHumans/Common/MaleHair/Textures/Helmets/Hair_S_Messy_ColorXYDepthGroupID.ubulk" 2374
"C:/Users/sina/Desktop/dev/DuyguUE/Content/MetaHumans/Common/MaleHair/Textures/Helmets/Hair_S_Messy_ColorXYDepthGroupID.uasset" 2375
"C:/Users/sina/Desktop/dev/DuyguUE/Content/MetaHumans/Common/MaleHair/Textures/Helmets/Hair_S_Messy_ColorXYDepthGroupID.uexp" 2376
"C:/Users/sina/Desktop/dev/DuyguUE/Content/MetaHumans/Common/MaleHair/Textures/Helmets/Hair_S_Messy_RootUVSeedCoverage.ubulk" 2377
"C:/Users/sina/Desktop/dev/DuyguUE/Content/MetaHumans/Common/MaleHair/Textures/Helmets/Hair_S_Messy_RootUVSeedCoverage.uasset" 2378
"C:/Users/sina/Desktop/dev/DuyguUE/Content/MetaHumans/Common/MaleHair/Textures/Helmets/Hair_S_Messy_RootUVSeedCoverage.uexp" 2379
"C:/Users/sina/Desktop/dev/DuyguUE/Content/MetaHumans/Common/MaleHair/Textures/Helmets/Hair_S_Messy_TangentStrandU.ubulk" 2380
"C:/Users/sina/Desktop/dev/DuyguUE/Content/MetaHumans/Common/MaleHair/Textures/Helmets/Hair_S_Messy_TangentStrandU.uasset" 2381
"C:/Users/sina/Desktop/dev/DuyguUE/Content/MetaHumans/Common/MaleHair/Textures/Helmets/Hair_S_Messy_TangentStrandU.uexp" 2382
"C:/Users/sina/Desktop/dev/DuyguUE/Content/MetaHumans/Gavin/MaleHair/Hair/Hair_S_Messy.ubulk" 2383
"C:/Users/sina/Desktop/dev/DuyguUE/Content/MetaHumans/Gavin/MaleHair/Hair/Hair_S_Messy.uasset" 2384
"C:/Users/sina/Desktop/dev/DuyguUE/Content/MetaHumans/Gavin/MaleHair/Hair/Hair_S_Messy.uexp" 2385
"C:/Users/sina/Desktop/dev/DuyguUE/Content/MetaHumans/Gavin/MaleHair/GroomBinding/Hair_S_Messy_Binding.ubulk" 2386
"C:/Users/sina/Desktop/dev/DuyguUE/Content/MetaHumans/Gavin/MaleHair/GroomBinding/Hair_S_Messy_Binding.uasset" 2387
"C:/Users/sina/Desktop/dev/DuyguUE/Content/MetaHumans/Gavin/MaleHair/GroomBinding/Hair_S_Messy_Binding.uexp" 2388
"C:/Users/sina/Desktop/dev/DuyguUE/Content/MetaHumans/Gavin/Materials/Oxfords/M_shs_oxfords.uasset" 2389
"C:/Users/sina/Desktop/dev/DuyguUE/Content/MetaHumans/Gavin/Materials/Oxfords/M_shs_oxfords.uexp" 2390
"C:/Users/sina/Desktop/dev/DuyguUE/Content/MetaHumans/Gavin/Materials/Shirt/Male/M_m_top_shirt.uasset" 2391
"C:/Users/sina/Desktop/dev/DuyguUE/Content/MetaHumans/Gavin/Materials/Shirt/Male/M_m_top_shirt.uexp" 2392
"C:/Users/sina/Desktop/dev/DuyguUE/Content/MetaHumans/Gavin/Materials/Slacks/Male/M_m_btm_slacks.uasset" 2393
"C:/Users/sina/Desktop/dev/DuyguUE/Content/MetaHumans/Gavin/Materials/Slacks/Male/M_m_btm_slacks.uexp" 2394
"C:/Users/sina/Desktop/dev/DuyguUE/Content/MetaHumans/Gavin/BP_Gavin.uasset" 2395
"C:/Users/sina/Desktop/dev/DuyguUE/Content/MetaHumans/Gavin/BP_Gavin.uexp" 2396
"C:/Users/sina/Desktop/dev/DuyguUE/Content/Core/API/TerapistAPI.uasset" 2397
"C:/Users/sina/Desktop/dev/DuyguUE/Content/Core/API/TerapistAPI.uexp" 2398
"C:/Users/sina/Desktop/dev/DuyguUE/Content/Core/Audios/Silent_Poets_-_Asylum_For_The_Feeling__R2t8pHCbVFc_.ubulk" 2399
"C:/Users/sina/Desktop/dev/DuyguUE/Content/Core/Audios/Silent_Poets_-_Asylum_For_The_Feeling__R2t8pHCbVFc_.uasset" 2400
"C:/Users/sina/Desktop/dev/DuyguUE/Content/Core/Audios/Silent_Poets_-_Asylum_For_The_Feeling__R2t8pHCbVFc_.uexp" 2401
"C:/Users/sina/Desktop/dev/DuyguUE/Content/FreeFurniturePack/Textures/T_Classic_Commode_A.ubulk" 2402
"C:/Users/sina/Desktop/dev/DuyguUE/Content/FreeFurniturePack/Textures/T_Classic_Commode_A.uasset" 2403
"C:/Users/sina/Desktop/dev/DuyguUE/Content/FreeFurniturePack/Textures/T_Classic_Commode_A.uexp" 2404
"C:/Users/sina/Desktop/dev/DuyguUE/Content/FreeFurniturePack/Textures/T_Classic_Commode_M_R_AO.ubulk" 2405
"C:/Users/sina/Desktop/dev/DuyguUE/Content/FreeFurniturePack/Textures/T_Classic_Commode_M_R_AO.uasset" 2406
"C:/Users/sina/Desktop/dev/DuyguUE/Content/FreeFurniturePack/Textures/T_Classic_Commode_M_R_AO.uexp" 2407
"C:/Users/sina/Desktop/dev/DuyguUE/Content/FreeFurniturePack/Textures/T_Classic_Commode_N.ubulk" 2408
"C:/Users/sina/Desktop/dev/DuyguUE/Content/FreeFurniturePack/Textures/T_Classic_Commode_N.uasset" 2409
"C:/Users/sina/Desktop/dev/DuyguUE/Content/FreeFurniturePack/Textures/T_Classic_Commode_N.uexp" 2410
"C:/Users/sina/Desktop/dev/DuyguUE/Content/FreeFurniturePack/Materials/M_Classic_Commode.uasset" 2411
"C:/Users/sina/Desktop/dev/DuyguUE/Content/FreeFurniturePack/Materials/M_Classic_Commode.uexp" 2412
"C:/Users/sina/Desktop/dev/DuyguUE/Content/FreeFurniturePack/Meshes/SM_Classic_Commode.ubulk" 2413
"C:/Users/sina/Desktop/dev/DuyguUE/Content/FreeFurniturePack/Meshes/SM_Classic_Commode.uasset" 2414
"C:/Users/sina/Desktop/dev/DuyguUE/Content/FreeFurniturePack/Meshes/SM_Classic_Commode.uexp" 2415
"C:/Users/sina/Desktop/dev/DuyguUE/Content/FreeFurniturePack/Meshes/SM_Classic_Commode_2.ubulk" 2416
"C:/Users/sina/Desktop/dev/DuyguUE/Content/FreeFurniturePack/Meshes/SM_Classic_Commode_2.uasset" 2417
"C:/Users/sina/Desktop/dev/DuyguUE/Content/FreeFurniturePack/Meshes/SM_Classic_Commode_2.uexp" 2418
"C:/Users/sina/Desktop/dev/DuyguUE/Content/FreeFurniturePack/Textures/T_Classic_chair_a.ubulk" 2419
"C:/Users/sina/Desktop/dev/DuyguUE/Content/FreeFurniturePack/Textures/T_Classic_chair_a.uasset" 2420
"C:/Users/sina/Desktop/dev/DuyguUE/Content/FreeFurniturePack/Textures/T_Classic_chair_a.uexp" 2421
"C:/Users/sina/Desktop/dev/DuyguUE/Content/FreeFurniturePack/Textures/T_Classic_chair_m_r_ao.ubulk" 2422
"C:/Users/sina/Desktop/dev/DuyguUE/Content/FreeFurniturePack/Textures/T_Classic_chair_m_r_ao.uasset" 2423
"C:/Users/sina/Desktop/dev/DuyguUE/Content/FreeFurniturePack/Textures/T_Classic_chair_m_r_ao.uexp" 2424
"C:/Users/sina/Desktop/dev/DuyguUE/Content/FreeFurniturePack/Textures/T_Classic_chair_n.ubulk" 2425
"C:/Users/sina/Desktop/dev/DuyguUE/Content/FreeFurniturePack/Textures/T_Classic_chair_n.uasset" 2426
"C:/Users/sina/Desktop/dev/DuyguUE/Content/FreeFurniturePack/Textures/T_Classic_chair_n.uexp" 2427
"C:/Users/sina/Desktop/dev/DuyguUE/Content/FreeFurniturePack/Materials/M_Classic_chair.uasset" 2428
"C:/Users/sina/Desktop/dev/DuyguUE/Content/FreeFurniturePack/Materials/M_Classic_chair.uexp" 2429
"C:/Users/sina/Desktop/dev/DuyguUE/Content/FreeFurniturePack/Meshes/SM_Classic_chair.ubulk" 2430
"C:/Users/sina/Desktop/dev/DuyguUE/Content/FreeFurniturePack/Meshes/SM_Classic_chair.uasset" 2431
"C:/Users/sina/Desktop/dev/DuyguUE/Content/FreeFurniturePack/Meshes/SM_Classic_chair.uexp" 2432
"../../../Engine/Content/Functions/Engine_MaterialFunctions01/Texturing/DetailTexturing.uasset" 2433
"../../../Engine/Content/Functions/Engine_MaterialFunctions01/Texturing/DetailTexturing.uexp" 2434
"C:/Users/sina/Desktop/dev/DuyguUE/Content/FreeFurniturePack/Textures/T_Leather_N.ubulk" 2435
"C:/Users/sina/Desktop/dev/DuyguUE/Content/FreeFurniturePack/Textures/T_Leather_N.uasset" 2436
"C:/Users/sina/Desktop/dev/DuyguUE/Content/FreeFurniturePack/Textures/T_Leather_N.uexp" 2437
"C:/Users/sina/Desktop/dev/DuyguUE/Content/FreeFurniturePack/Textures/T_Classic_Leather_sofa_2_a.ubulk" 2438
"C:/Users/sina/Desktop/dev/DuyguUE/Content/FreeFurniturePack/Textures/T_Classic_Leather_sofa_2_a.uasset" 2439
"C:/Users/sina/Desktop/dev/DuyguUE/Content/FreeFurniturePack/Textures/T_Classic_Leather_sofa_2_a.uexp" 2440
"C:/Users/sina/Desktop/dev/DuyguUE/Content/FreeFurniturePack/Textures/T_Classic_Leather_Sofa_2_M_R_AO.ubulk" 2441
"C:/Users/sina/Desktop/dev/DuyguUE/Content/FreeFurniturePack/Textures/T_Classic_Leather_Sofa_2_M_R_AO.uasset" 2442
"C:/Users/sina/Desktop/dev/DuyguUE/Content/FreeFurniturePack/Textures/T_Classic_Leather_Sofa_2_M_R_AO.uexp" 2443
"C:/Users/sina/Desktop/dev/DuyguUE/Content/FreeFurniturePack/Textures/T_Classic_Leather_sofa_2_n.ubulk" 2444
"C:/Users/sina/Desktop/dev/DuyguUE/Content/FreeFurniturePack/Textures/T_Classic_Leather_sofa_2_n.uasset" 2445
"C:/Users/sina/Desktop/dev/DuyguUE/Content/FreeFurniturePack/Textures/T_Classic_Leather_sofa_2_n.uexp" 2446
"C:/Users/sina/Desktop/dev/DuyguUE/Content/FreeFurniturePack/Materials/M_Classic_Leather_sofa_2.uasset" 2447
"C:/Users/sina/Desktop/dev/DuyguUE/Content/FreeFurniturePack/Materials/M_Classic_Leather_sofa_2.uexp" 2448
"C:/Users/sina/Desktop/dev/DuyguUE/Content/FreeFurniturePack/Meshes/SM_Classic_Leather_sofa_2.ubulk" 2449
"C:/Users/sina/Desktop/dev/DuyguUE/Content/FreeFurniturePack/Meshes/SM_Classic_Leather_sofa_2.uasset" 2450
"C:/Users/sina/Desktop/dev/DuyguUE/Content/FreeFurniturePack/Meshes/SM_Classic_Leather_sofa_2.uexp" 2451
"C:/Users/sina/Desktop/dev/DuyguUE/Content/FreeFurniturePack/Textures/T_Art_2.ubulk" 2452
"C:/Users/sina/Desktop/dev/DuyguUE/Content/FreeFurniturePack/Textures/T_Art_2.uasset" 2453
"C:/Users/sina/Desktop/dev/DuyguUE/Content/FreeFurniturePack/Textures/T_Art_2.uexp" 2454
"C:/Users/sina/Desktop/dev/DuyguUE/Content/FreeFurniturePack/Materials/M_Art_2.uasset" 2455
"C:/Users/sina/Desktop/dev/DuyguUE/Content/FreeFurniturePack/Materials/M_Art_2.uexp" 2456
"C:/Users/sina/Desktop/dev/DuyguUE/Content/FreeFurniturePack/Textures/T_Classic_Picture_A.ubulk" 2457
"C:/Users/sina/Desktop/dev/DuyguUE/Content/FreeFurniturePack/Textures/T_Classic_Picture_A.uasset" 2458
"C:/Users/sina/Desktop/dev/DuyguUE/Content/FreeFurniturePack/Textures/T_Classic_Picture_A.uexp" 2459
"C:/Users/sina/Desktop/dev/DuyguUE/Content/FreeFurniturePack/Textures/T_Classic_Picture_M_R_AO.ubulk" 2460
"C:/Users/sina/Desktop/dev/DuyguUE/Content/FreeFurniturePack/Textures/T_Classic_Picture_M_R_AO.uasset" 2461
"C:/Users/sina/Desktop/dev/DuyguUE/Content/FreeFurniturePack/Textures/T_Classic_Picture_M_R_AO.uexp" 2462
"C:/Users/sina/Desktop/dev/DuyguUE/Content/FreeFurniturePack/Textures/T_Classic_Picture_n.ubulk" 2463
"C:/Users/sina/Desktop/dev/DuyguUE/Content/FreeFurniturePack/Textures/T_Classic_Picture_n.uasset" 2464
"C:/Users/sina/Desktop/dev/DuyguUE/Content/FreeFurniturePack/Textures/T_Classic_Picture_n.uexp" 2465
"C:/Users/sina/Desktop/dev/DuyguUE/Content/FreeFurniturePack/Materials/M_Classic_Picture.uasset" 2466
"C:/Users/sina/Desktop/dev/DuyguUE/Content/FreeFurniturePack/Materials/M_Classic_Picture.uexp" 2467
"C:/Users/sina/Desktop/dev/DuyguUE/Content/FreeFurniturePack/Meshes/SM_Classic_Picture.ubulk" 2468
"C:/Users/sina/Desktop/dev/DuyguUE/Content/FreeFurniturePack/Meshes/SM_Classic_Picture.uasset" 2469
"C:/Users/sina/Desktop/dev/DuyguUE/Content/FreeFurniturePack/Meshes/SM_Classic_Picture.uexp" 2470
"C:/Users/sina/Desktop/dev/DuyguUE/Content/FreeFurniturePack/Textures/T_Round_table_a.ubulk" 2471
"C:/Users/sina/Desktop/dev/DuyguUE/Content/FreeFurniturePack/Textures/T_Round_table_a.uasset" 2472
"C:/Users/sina/Desktop/dev/DuyguUE/Content/FreeFurniturePack/Textures/T_Round_table_a.uexp" 2473
"C:/Users/sina/Desktop/dev/DuyguUE/Content/FreeFurniturePack/Textures/T_Round_table_m_r_ao.ubulk" 2474
"C:/Users/sina/Desktop/dev/DuyguUE/Content/FreeFurniturePack/Textures/T_Round_table_m_r_ao.uasset" 2475
"C:/Users/sina/Desktop/dev/DuyguUE/Content/FreeFurniturePack/Textures/T_Round_table_m_r_ao.uexp" 2476
"C:/Users/sina/Desktop/dev/DuyguUE/Content/FreeFurniturePack/Textures/T_Round_table_n.ubulk" 2477
"C:/Users/sina/Desktop/dev/DuyguUE/Content/FreeFurniturePack/Textures/T_Round_table_n.uasset" 2478
"C:/Users/sina/Desktop/dev/DuyguUE/Content/FreeFurniturePack/Textures/T_Round_table_n.uexp" 2479
"C:/Users/sina/Desktop/dev/DuyguUE/Content/FreeFurniturePack/Materials/M_Round_table.uasset" 2480
"C:/Users/sina/Desktop/dev/DuyguUE/Content/FreeFurniturePack/Materials/M_Round_table.uexp" 2481
"C:/Users/sina/Desktop/dev/DuyguUE/Content/FreeFurniturePack/Meshes/SM_Classic_Round_Table.ubulk" 2482
"C:/Users/sina/Desktop/dev/DuyguUE/Content/FreeFurniturePack/Meshes/SM_Classic_Round_Table.uasset" 2483
"C:/Users/sina/Desktop/dev/DuyguUE/Content/FreeFurniturePack/Meshes/SM_Classic_Round_Table.uexp" 2484
"C:/Users/sina/Desktop/dev/DuyguUE/Content/FreeFurniturePack/Textures/T_Old_Table_a.ubulk" 2485
"C:/Users/sina/Desktop/dev/DuyguUE/Content/FreeFurniturePack/Textures/T_Old_Table_a.uasset" 2486
"C:/Users/sina/Desktop/dev/DuyguUE/Content/FreeFurniturePack/Textures/T_Old_Table_a.uexp" 2487
"C:/Users/sina/Desktop/dev/DuyguUE/Content/FreeFurniturePack/Textures/T_Old_table_m_r_ao.ubulk" 2488
"C:/Users/sina/Desktop/dev/DuyguUE/Content/FreeFurniturePack/Textures/T_Old_table_m_r_ao.uasset" 2489
"C:/Users/sina/Desktop/dev/DuyguUE/Content/FreeFurniturePack/Textures/T_Old_table_m_r_ao.uexp" 2490
"C:/Users/sina/Desktop/dev/DuyguUE/Content/FreeFurniturePack/Textures/T_Old_Table_n.ubulk" 2491
"C:/Users/sina/Desktop/dev/DuyguUE/Content/FreeFurniturePack/Textures/T_Old_Table_n.uasset" 2492
"C:/Users/sina/Desktop/dev/DuyguUE/Content/FreeFurniturePack/Textures/T_Old_Table_n.uexp" 2493
"C:/Users/sina/Desktop/dev/DuyguUE/Content/FreeFurniturePack/Materials/M_Old_Table.uasset" 2494
"C:/Users/sina/Desktop/dev/DuyguUE/Content/FreeFurniturePack/Materials/M_Old_Table.uexp" 2495
"C:/Users/sina/Desktop/dev/DuyguUE/Content/FreeFurniturePack/Meshes/SM_Old_Table.ubulk" 2496
"C:/Users/sina/Desktop/dev/DuyguUE/Content/FreeFurniturePack/Meshes/SM_Old_Table.uasset" 2497
"C:/Users/sina/Desktop/dev/DuyguUE/Content/FreeFurniturePack/Meshes/SM_Old_Table.uexp" 2498
"C:/Users/sina/Desktop/dev/DuyguUE/Content/VintageRoom/Materials/MF_Channel_Masks.uasset" 2499
"C:/Users/sina/Desktop/dev/DuyguUE/Content/VintageRoom/Materials/MF_Channel_Masks.uexp" 2500
"C:/Users/sina/Desktop/dev/DuyguUE/Content/VintageRoom/Materials/MF_Channel_Masks_Emission.uasset" 2501
"C:/Users/sina/Desktop/dev/DuyguUE/Content/VintageRoom/Materials/MF_Channel_Masks_Emission.uexp" 2502
"C:/Users/sina/Desktop/dev/DuyguUE/Content/VintageRoom/Materials/MF_RemapValues.uasset" 2503
"C:/Users/sina/Desktop/dev/DuyguUE/Content/VintageRoom/Materials/MF_RemapValues.uexp" 2504
"C:/Users/sina/Desktop/dev/DuyguUE/Content/VintageRoom/Textures/T_F_B.uasset" 2505
"C:/Users/sina/Desktop/dev/DuyguUE/Content/VintageRoom/Textures/T_F_B.uexp" 2506
"C:/Users/sina/Desktop/dev/DuyguUE/Content/VintageRoom/Textures/T_F_N.uasset" 2507
"C:/Users/sina/Desktop/dev/DuyguUE/Content/VintageRoom/Textures/T_F_N.uexp" 2508
"C:/Users/sina/Desktop/dev/DuyguUE/Content/VintageRoom/Textures/T_F_ORM.uasset" 2509
"C:/Users/sina/Desktop/dev/DuyguUE/Content/VintageRoom/Textures/T_F_ORM.uexp" 2510
"C:/Users/sina/Desktop/dev/DuyguUE/Content/VintageRoom/Textures/T_RGB_Mask.uasset" 2511
"C:/Users/sina/Desktop/dev/DuyguUE/Content/VintageRoom/Textures/T_RGB_Mask.uexp" 2512
"C:/Users/sina/Desktop/dev/DuyguUE/Content/VintageRoom/Textures/T_Mask.uasset" 2513
"C:/Users/sina/Desktop/dev/DuyguUE/Content/VintageRoom/Textures/T_Mask.uexp" 2514
"C:/Users/sina/Desktop/dev/DuyguUE/Content/VintageRoom/Materials/MM_Basic_PBR.uasset" 2515
"C:/Users/sina/Desktop/dev/DuyguUE/Content/VintageRoom/Materials/MM_Basic_PBR.uexp" 2516
"C:/Users/sina/Desktop/dev/DuyguUE/Content/VintageRoom/Textures/T_Door_Parts_2K_B.ubulk" 2517
"C:/Users/sina/Desktop/dev/DuyguUE/Content/VintageRoom/Textures/T_Door_Parts_2K_B.uasset" 2518
"C:/Users/sina/Desktop/dev/DuyguUE/Content/VintageRoom/Textures/T_Door_Parts_2K_B.uexp" 2519
"C:/Users/sina/Desktop/dev/DuyguUE/Content/VintageRoom/Textures/T_Door_Parts_2K_N.ubulk" 2520
"C:/Users/sina/Desktop/dev/DuyguUE/Content/VintageRoom/Textures/T_Door_Parts_2K_N.uasset" 2521
"C:/Users/sina/Desktop/dev/DuyguUE/Content/VintageRoom/Textures/T_Door_Parts_2K_N.uexp" 2522
"C:/Users/sina/Desktop/dev/DuyguUE/Content/VintageRoom/Textures/T_Door_Parts_2K_ORM.ubulk" 2523
"C:/Users/sina/Desktop/dev/DuyguUE/Content/VintageRoom/Textures/T_Door_Parts_2K_ORM.uasset" 2524
"C:/Users/sina/Desktop/dev/DuyguUE/Content/VintageRoom/Textures/T_Door_Parts_2K_ORM.uexp" 2525
"C:/Users/sina/Desktop/dev/DuyguUE/Content/VintageRoom/Materials/MI_Vintage_Door_Wooden_Parts.uasset" 2526
"C:/Users/sina/Desktop/dev/DuyguUE/Content/VintageRoom/Materials/MI_Vintage_Door_Wooden_Parts.uexp" 2527
"C:/Users/sina/Desktop/dev/DuyguUE/Content/VintageRoom/Meshes/SM_Vintage_Door01.ubulk" 2528
"C:/Users/sina/Desktop/dev/DuyguUE/Content/VintageRoom/Meshes/SM_Vintage_Door01.uasset" 2529
"C:/Users/sina/Desktop/dev/DuyguUE/Content/VintageRoom/Meshes/SM_Vintage_Door01.uexp" 2530
"C:/Users/sina/Desktop/dev/DuyguUE/Content/VintageRoom/Textures/T_WallPaper_2K_B.ubulk" 2531
"C:/Users/sina/Desktop/dev/DuyguUE/Content/VintageRoom/Textures/T_WallPaper_2K_B.uasset" 2532
"C:/Users/sina/Desktop/dev/DuyguUE/Content/VintageRoom/Textures/T_WallPaper_2K_B.uexp" 2533
"C:/Users/sina/Desktop/dev/DuyguUE/Content/VintageRoom/Textures/T_WallPaper_2K_N.ubulk" 2534
"C:/Users/sina/Desktop/dev/DuyguUE/Content/VintageRoom/Textures/T_WallPaper_2K_N.uasset" 2535
"C:/Users/sina/Desktop/dev/DuyguUE/Content/VintageRoom/Textures/T_WallPaper_2K_N.uexp" 2536
"C:/Users/sina/Desktop/dev/DuyguUE/Content/VintageRoom/Textures/T_WallPaper_2K_ORM.ubulk" 2537
"C:/Users/sina/Desktop/dev/DuyguUE/Content/VintageRoom/Textures/T_WallPaper_2K_ORM.uasset" 2538
"C:/Users/sina/Desktop/dev/DuyguUE/Content/VintageRoom/Textures/T_WallPaper_2K_ORM.uexp" 2539
"C:/Users/sina/Desktop/dev/DuyguUE/Content/VintageRoom/Materials/MI_Vintage_WallPaper01.uasset" 2540
"C:/Users/sina/Desktop/dev/DuyguUE/Content/VintageRoom/Materials/MI_Vintage_WallPaper01.uexp" 2541
"C:/Users/sina/Desktop/dev/DuyguUE/Content/VintageRoom/Textures/T_Outer_Wall_2K_B.ubulk" 2542
"C:/Users/sina/Desktop/dev/DuyguUE/Content/VintageRoom/Textures/T_Outer_Wall_2K_B.uasset" 2543
"C:/Users/sina/Desktop/dev/DuyguUE/Content/VintageRoom/Textures/T_Outer_Wall_2K_B.uexp" 2544
"C:/Users/sina/Desktop/dev/DuyguUE/Content/VintageRoom/Textures/T_Outer_Wall_2K_N.ubulk" 2545
"C:/Users/sina/Desktop/dev/DuyguUE/Content/VintageRoom/Textures/T_Outer_Wall_2K_N.uasset" 2546
"C:/Users/sina/Desktop/dev/DuyguUE/Content/VintageRoom/Textures/T_Outer_Wall_2K_N.uexp" 2547
"C:/Users/sina/Desktop/dev/DuyguUE/Content/VintageRoom/Textures/T_Outer_Wall_2K_ORM.ubulk" 2548
"C:/Users/sina/Desktop/dev/DuyguUE/Content/VintageRoom/Textures/T_Outer_Wall_2K_ORM.uasset" 2549
"C:/Users/sina/Desktop/dev/DuyguUE/Content/VintageRoom/Textures/T_Outer_Wall_2K_ORM.uexp" 2550
"C:/Users/sina/Desktop/dev/DuyguUE/Content/VintageRoom/Materials/MI_Vintage_OuterWall.uasset" 2551
"C:/Users/sina/Desktop/dev/DuyguUE/Content/VintageRoom/Materials/MI_Vintage_OuterWall.uexp" 2552
"C:/Users/sina/Desktop/dev/DuyguUE/Content/VintageRoom/Textures/T_Wall_CrossSections_2K_B.ubulk" 2553
"C:/Users/sina/Desktop/dev/DuyguUE/Content/VintageRoom/Textures/T_Wall_CrossSections_2K_B.uasset" 2554
"C:/Users/sina/Desktop/dev/DuyguUE/Content/VintageRoom/Textures/T_Wall_CrossSections_2K_B.uexp" 2555
"C:/Users/sina/Desktop/dev/DuyguUE/Content/VintageRoom/Textures/T_Wall_CrossSections_2K_N.ubulk" 2556
"C:/Users/sina/Desktop/dev/DuyguUE/Content/VintageRoom/Textures/T_Wall_CrossSections_2K_N.uasset" 2557
"C:/Users/sina/Desktop/dev/DuyguUE/Content/VintageRoom/Textures/T_Wall_CrossSections_2K_N.uexp" 2558
"C:/Users/sina/Desktop/dev/DuyguUE/Content/VintageRoom/Textures/T_Wall_CrossSections_2K_O.ubulk" 2559
"C:/Users/sina/Desktop/dev/DuyguUE/Content/VintageRoom/Textures/T_Wall_CrossSections_2K_O.uasset" 2560
"C:/Users/sina/Desktop/dev/DuyguUE/Content/VintageRoom/Textures/T_Wall_CrossSections_2K_O.uexp" 2561
"C:/Users/sina/Desktop/dev/DuyguUE/Content/VintageRoom/Textures/T_Wall_CrossSections_2K_ORM.ubulk" 2562
"C:/Users/sina/Desktop/dev/DuyguUE/Content/VintageRoom/Textures/T_Wall_CrossSections_2K_ORM.uasset" 2563
"C:/Users/sina/Desktop/dev/DuyguUE/Content/VintageRoom/Textures/T_Wall_CrossSections_2K_ORM.uexp" 2564
"C:/Users/sina/Desktop/dev/DuyguUE/Content/VintageRoom/Materials/MI_Vintage_OuterWall_Skirting.uasset" 2565
"C:/Users/sina/Desktop/dev/DuyguUE/Content/VintageRoom/Materials/MI_Vintage_OuterWall_Skirting.uexp" 2566
"C:/Users/sina/Desktop/dev/DuyguUE/Content/VintageRoom/Textures/T_Wall_Wooden_Parts_2K_B.ubulk" 2567
"C:/Users/sina/Desktop/dev/DuyguUE/Content/VintageRoom/Textures/T_Wall_Wooden_Parts_2K_B.uasset" 2568
"C:/Users/sina/Desktop/dev/DuyguUE/Content/VintageRoom/Textures/T_Wall_Wooden_Parts_2K_B.uexp" 2569
"C:/Users/sina/Desktop/dev/DuyguUE/Content/VintageRoom/Textures/T_Wall_Wooden_Parts_2K_N.ubulk" 2570
"C:/Users/sina/Desktop/dev/DuyguUE/Content/VintageRoom/Textures/T_Wall_Wooden_Parts_2K_N.uasset" 2571
"C:/Users/sina/Desktop/dev/DuyguUE/Content/VintageRoom/Textures/T_Wall_Wooden_Parts_2K_N.uexp" 2572
"C:/Users/sina/Desktop/dev/DuyguUE/Content/VintageRoom/Textures/T_Wall_Wooden_Parts_2K_ORM.ubulk" 2573
"C:/Users/sina/Desktop/dev/DuyguUE/Content/VintageRoom/Textures/T_Wall_Wooden_Parts_2K_ORM.uasset" 2574
"C:/Users/sina/Desktop/dev/DuyguUE/Content/VintageRoom/Textures/T_Wall_Wooden_Parts_2K_ORM.uexp" 2575
"C:/Users/sina/Desktop/dev/DuyguUE/Content/VintageRoom/Materials/MI_Vintage_Wall_Wooden_Parts.uasset" 2576
"C:/Users/sina/Desktop/dev/DuyguUE/Content/VintageRoom/Materials/MI_Vintage_Wall_Wooden_Parts.uexp" 2577
"C:/Users/sina/Desktop/dev/DuyguUE/Content/VintageRoom/Meshes/SM_Vintage_Wall_Module_Door01_1_5x3.ubulk" 2578
"C:/Users/sina/Desktop/dev/DuyguUE/Content/VintageRoom/Meshes/SM_Vintage_Wall_Module_Door01_1_5x3.uasset" 2579
"C:/Users/sina/Desktop/dev/DuyguUE/Content/VintageRoom/Meshes/SM_Vintage_Wall_Module_Door01_1_5x3.uexp" 2580
"C:/Users/sina/Desktop/dev/DuyguUE/Content/VintageRoom/Textures/T_Books_01a_2048_B.ubulk" 2581
"C:/Users/sina/Desktop/dev/DuyguUE/Content/VintageRoom/Textures/T_Books_01a_2048_B.uasset" 2582
"C:/Users/sina/Desktop/dev/DuyguUE/Content/VintageRoom/Textures/T_Books_01a_2048_B.uexp" 2583
"C:/Users/sina/Desktop/dev/DuyguUE/Content/VintageRoom/Textures/T_Books_01a_2048_N.ubulk" 2584
"C:/Users/sina/Desktop/dev/DuyguUE/Content/VintageRoom/Textures/T_Books_01a_2048_N.uasset" 2585
"C:/Users/sina/Desktop/dev/DuyguUE/Content/VintageRoom/Textures/T_Books_01a_2048_N.uexp" 2586
"C:/Users/sina/Desktop/dev/DuyguUE/Content/VintageRoom/Textures/T_Books_01a_2048_ORM.ubulk" 2587
"C:/Users/sina/Desktop/dev/DuyguUE/Content/VintageRoom/Textures/T_Books_01a_2048_ORM.uasset" 2588
"C:/Users/sina/Desktop/dev/DuyguUE/Content/VintageRoom/Textures/T_Books_01a_2048_ORM.uexp" 2589
"C:/Users/sina/Desktop/dev/DuyguUE/Content/VintageRoom/Materials/MI_Book03.uasset" 2590
"C:/Users/sina/Desktop/dev/DuyguUE/Content/VintageRoom/Materials/MI_Book03.uexp" 2591
"C:/Users/sina/Desktop/dev/DuyguUE/Content/VintageRoom/Meshes/SM_Books_01a.ubulk" 2592
"C:/Users/sina/Desktop/dev/DuyguUE/Content/VintageRoom/Meshes/SM_Books_01a.uasset" 2593
"C:/Users/sina/Desktop/dev/DuyguUE/Content/VintageRoom/Meshes/SM_Books_01a.uexp" 2594
"C:/Users/sina/Desktop/dev/DuyguUE/Content/VintageRoom/Meshes/SM_Books_01c.ubulk" 2595
"C:/Users/sina/Desktop/dev/DuyguUE/Content/VintageRoom/Meshes/SM_Books_01c.uasset" 2596
"C:/Users/sina/Desktop/dev/DuyguUE/Content/VintageRoom/Meshes/SM_Books_01c.uexp" 2597
"C:/Users/sina/Desktop/dev/DuyguUE/Content/VintageRoom/Textures/T_Carpet_01_4096_B.ubulk" 2598
"C:/Users/sina/Desktop/dev/DuyguUE/Content/VintageRoom/Textures/T_Carpet_01_4096_B.uasset" 2599
"C:/Users/sina/Desktop/dev/DuyguUE/Content/VintageRoom/Textures/T_Carpet_01_4096_B.uexp" 2600
"C:/Users/sina/Desktop/dev/DuyguUE/Content/VintageRoom/Textures/T_Carpet_01_4096_N.ubulk" 2601
"C:/Users/sina/Desktop/dev/DuyguUE/Content/VintageRoom/Textures/T_Carpet_01_4096_N.uasset" 2602
"C:/Users/sina/Desktop/dev/DuyguUE/Content/VintageRoom/Textures/T_Carpet_01_4096_N.uexp" 2603
"C:/Users/sina/Desktop/dev/DuyguUE/Content/VintageRoom/Textures/T_Carpet_01_4096_ORM.ubulk" 2604
"C:/Users/sina/Desktop/dev/DuyguUE/Content/VintageRoom/Textures/T_Carpet_01_4096_ORM.uasset" 2605
"C:/Users/sina/Desktop/dev/DuyguUE/Content/VintageRoom/Textures/T_Carpet_01_4096_ORM.uexp" 2606
"C:/Users/sina/Desktop/dev/DuyguUE/Content/VintageRoom/Materials/MI_Carpet.uasset" 2607
"C:/Users/sina/Desktop/dev/DuyguUE/Content/VintageRoom/Materials/MI_Carpet.uexp" 2608
"C:/Users/sina/Desktop/dev/DuyguUE/Content/VintageRoom/Meshes/SM_Carpet_01.ubulk" 2609
"C:/Users/sina/Desktop/dev/DuyguUE/Content/VintageRoom/Meshes/SM_Carpet_01.uasset" 2610
"C:/Users/sina/Desktop/dev/DuyguUE/Content/VintageRoom/Meshes/SM_Carpet_01.uexp" 2611
"C:/Users/sina/Desktop/dev/DuyguUE/Content/VintageRoom/Textures/T_SM_Chair_Vintage_02a_4096_B.ubulk" 2612
"C:/Users/sina/Desktop/dev/DuyguUE/Content/VintageRoom/Textures/T_SM_Chair_Vintage_02a_4096_B.uasset" 2613
"C:/Users/sina/Desktop/dev/DuyguUE/Content/VintageRoom/Textures/T_SM_Chair_Vintage_02a_4096_B.uexp" 2614
"C:/Users/sina/Desktop/dev/DuyguUE/Content/VintageRoom/Textures/T_SM_Chair_Vintage_02a_4096_N.ubulk" 2615
"C:/Users/sina/Desktop/dev/DuyguUE/Content/VintageRoom/Textures/T_SM_Chair_Vintage_02a_4096_N.uasset" 2616
"C:/Users/sina/Desktop/dev/DuyguUE/Content/VintageRoom/Textures/T_SM_Chair_Vintage_02a_4096_N.uexp" 2617
"C:/Users/sina/Desktop/dev/DuyguUE/Content/VintageRoom/Textures/T_SM_Chair_Vintage_02a_4096_ORM.ubulk" 2618
"C:/Users/sina/Desktop/dev/DuyguUE/Content/VintageRoom/Textures/T_SM_Chair_Vintage_02a_4096_ORM.uasset" 2619
"C:/Users/sina/Desktop/dev/DuyguUE/Content/VintageRoom/Textures/T_SM_Chair_Vintage_02a_4096_ORM.uexp" 2620
"C:/Users/sina/Desktop/dev/DuyguUE/Content/VintageRoom/Materials/MI_Chair.uasset" 2621
"C:/Users/sina/Desktop/dev/DuyguUE/Content/VintageRoom/Materials/MI_Chair.uexp" 2622
"C:/Users/sina/Desktop/dev/DuyguUE/Content/VintageRoom/Meshes/SM_ChairVintage.ubulk" 2623
"C:/Users/sina/Desktop/dev/DuyguUE/Content/VintageRoom/Meshes/SM_ChairVintage.uasset" 2624
"C:/Users/sina/Desktop/dev/DuyguUE/Content/VintageRoom/Meshes/SM_ChairVintage.uexp" 2625
"C:/Users/sina/Desktop/dev/DuyguUE/Content/VintageRoom/Textures/T_Chandelier_01a_1024_E.ubulk" 2626
"C:/Users/sina/Desktop/dev/DuyguUE/Content/VintageRoom/Textures/T_Chandelier_01a_1024_E.uasset" 2627
"C:/Users/sina/Desktop/dev/DuyguUE/Content/VintageRoom/Textures/T_Chandelier_01a_1024_E.uexp" 2628
"C:/Users/sina/Desktop/dev/DuyguUE/Content/VintageRoom/Textures/T_Chandelier_01a_4096_B.ubulk" 2629
"C:/Users/sina/Desktop/dev/DuyguUE/Content/VintageRoom/Textures/T_Chandelier_01a_4096_B.uasset" 2630
"C:/Users/sina/Desktop/dev/DuyguUE/Content/VintageRoom/Textures/T_Chandelier_01a_4096_B.uexp" 2631
"C:/Users/sina/Desktop/dev/DuyguUE/Content/VintageRoom/Textures/T_Chandelier_01a_4096_N.ubulk" 2632
"C:/Users/sina/Desktop/dev/DuyguUE/Content/VintageRoom/Textures/T_Chandelier_01a_4096_N.uasset" 2633
"C:/Users/sina/Desktop/dev/DuyguUE/Content/VintageRoom/Textures/T_Chandelier_01a_4096_N.uexp" 2634
"C:/Users/sina/Desktop/dev/DuyguUE/Content/VintageRoom/Textures/T_Chandelier_01a_4096_ORM.ubulk" 2635
"C:/Users/sina/Desktop/dev/DuyguUE/Content/VintageRoom/Textures/T_Chandelier_01a_4096_ORM.uasset" 2636
"C:/Users/sina/Desktop/dev/DuyguUE/Content/VintageRoom/Textures/T_Chandelier_01a_4096_ORM.uexp" 2637
"C:/Users/sina/Desktop/dev/DuyguUE/Content/VintageRoom/Materials/MI_Chandelier.uasset" 2638
"C:/Users/sina/Desktop/dev/DuyguUE/Content/VintageRoom/Materials/MI_Chandelier.uexp" 2639
"C:/Users/sina/Desktop/dev/DuyguUE/Content/VintageRoom/Meshes/SM_Chandelier_01a.ubulk" 2640
"C:/Users/sina/Desktop/dev/DuyguUE/Content/VintageRoom/Meshes/SM_Chandelier_01a.uasset" 2641
"C:/Users/sina/Desktop/dev/DuyguUE/Content/VintageRoom/Meshes/SM_Chandelier_01a.uexp" 2642
"C:/Users/sina/Desktop/dev/DuyguUE/Content/VintageRoom/Textures/T_MAT_DESK01a_4096_B.ubulk" 2643
"C:/Users/sina/Desktop/dev/DuyguUE/Content/VintageRoom/Textures/T_MAT_DESK01a_4096_B.uasset" 2644
"C:/Users/sina/Desktop/dev/DuyguUE/Content/VintageRoom/Textures/T_MAT_DESK01a_4096_B.uexp" 2645
"C:/Users/sina/Desktop/dev/DuyguUE/Content/VintageRoom/Textures/T_MAT_DESK01a_4096_N.ubulk" 2646
"C:/Users/sina/Desktop/dev/DuyguUE/Content/VintageRoom/Textures/T_MAT_DESK01a_4096_N.uasset" 2647
"C:/Users/sina/Desktop/dev/DuyguUE/Content/VintageRoom/Textures/T_MAT_DESK01a_4096_N.uexp" 2648
"C:/Users/sina/Desktop/dev/DuyguUE/Content/VintageRoom/Textures/T_MAT_DESK01a_4096_ORM.ubulk" 2649
"C:/Users/sina/Desktop/dev/DuyguUE/Content/VintageRoom/Textures/T_MAT_DESK01a_4096_ORM.uasset" 2650
"C:/Users/sina/Desktop/dev/DuyguUE/Content/VintageRoom/Textures/T_MAT_DESK01a_4096_ORM.uexp" 2651
"C:/Users/sina/Desktop/dev/DuyguUE/Content/VintageRoom/Materials/MI_Desk.uasset" 2652
"C:/Users/sina/Desktop/dev/DuyguUE/Content/VintageRoom/Materials/MI_Desk.uexp" 2653
"C:/Users/sina/Desktop/dev/DuyguUE/Content/VintageRoom/Meshes/SM_Desk_01a.ubulk" 2654
"C:/Users/sina/Desktop/dev/DuyguUE/Content/VintageRoom/Meshes/SM_Desk_01a.uasset" 2655
"C:/Users/sina/Desktop/dev/DuyguUE/Content/VintageRoom/Meshes/SM_Desk_01a.uexp" 2656
"C:/Users/sina/Desktop/dev/DuyguUE/Content/VintageRoom/Textures/T_Floor_Lamp_01a_4096_B.ubulk" 2657
"C:/Users/sina/Desktop/dev/DuyguUE/Content/VintageRoom/Textures/T_Floor_Lamp_01a_4096_B.uasset" 2658
"C:/Users/sina/Desktop/dev/DuyguUE/Content/VintageRoom/Textures/T_Floor_Lamp_01a_4096_B.uexp" 2659
"C:/Users/sina/Desktop/dev/DuyguUE/Content/VintageRoom/Textures/T_Floor_Lamp_01a_4096_N.ubulk" 2660
"C:/Users/sina/Desktop/dev/DuyguUE/Content/VintageRoom/Textures/T_Floor_Lamp_01a_4096_N.uasset" 2661
"C:/Users/sina/Desktop/dev/DuyguUE/Content/VintageRoom/Textures/T_Floor_Lamp_01a_4096_N.uexp" 2662
"C:/Users/sina/Desktop/dev/DuyguUE/Content/VintageRoom/Textures/T_Floor_Lamp_01a_4096_ORM.ubulk" 2663
"C:/Users/sina/Desktop/dev/DuyguUE/Content/VintageRoom/Textures/T_Floor_Lamp_01a_4096_ORM.uasset" 2664
"C:/Users/sina/Desktop/dev/DuyguUE/Content/VintageRoom/Textures/T_Floor_Lamp_01a_4096_ORM.uexp" 2665
"C:/Users/sina/Desktop/dev/DuyguUE/Content/VintageRoom/Materials/MI_FloorLamp.uasset" 2666
"C:/Users/sina/Desktop/dev/DuyguUE/Content/VintageRoom/Materials/MI_FloorLamp.uexp" 2667
"C:/Users/sina/Desktop/dev/DuyguUE/Content/VintageRoom/Meshes/SM_FloorLamp_01a.ubulk" 2668
"C:/Users/sina/Desktop/dev/DuyguUE/Content/VintageRoom/Meshes/SM_FloorLamp_01a.uasset" 2669
"C:/Users/sina/Desktop/dev/DuyguUE/Content/VintageRoom/Meshes/SM_FloorLamp_01a.uexp" 2670
"C:/Users/sina/Desktop/dev/DuyguUE/Content/VintageRoom/Textures/T_SM_Globe_01a_Mat_4096_B.ubulk" 2671
"C:/Users/sina/Desktop/dev/DuyguUE/Content/VintageRoom/Textures/T_SM_Globe_01a_Mat_4096_B.uasset" 2672
"C:/Users/sina/Desktop/dev/DuyguUE/Content/VintageRoom/Textures/T_SM_Globe_01a_Mat_4096_B.uexp" 2673
"C:/Users/sina/Desktop/dev/DuyguUE/Content/VintageRoom/Textures/T_SM_Globe_01b_Mat_4096_N.ubulk" 2674
"C:/Users/sina/Desktop/dev/DuyguUE/Content/VintageRoom/Textures/T_SM_Globe_01b_Mat_4096_N.uasset" 2675
"C:/Users/sina/Desktop/dev/DuyguUE/Content/VintageRoom/Textures/T_SM_Globe_01b_Mat_4096_N.uexp" 2676
"C:/Users/sina/Desktop/dev/DuyguUE/Content/VintageRoom/Textures/T_SM_Globe_01b_Mat_4096_ORM.ubulk" 2677
"C:/Users/sina/Desktop/dev/DuyguUE/Content/VintageRoom/Textures/T_SM_Globe_01b_Mat_4096_ORM.uasset" 2678
"C:/Users/sina/Desktop/dev/DuyguUE/Content/VintageRoom/Textures/T_SM_Globe_01b_Mat_4096_ORM.uexp" 2679
"C:/Users/sina/Desktop/dev/DuyguUE/Content/VintageRoom/Materials/MI_Globe.uasset" 2680
"C:/Users/sina/Desktop/dev/DuyguUE/Content/VintageRoom/Materials/MI_Globe.uexp" 2681
"C:/Users/sina/Desktop/dev/DuyguUE/Content/VintageRoom/Meshes/SM_Globe.ubulk" 2682
"C:/Users/sina/Desktop/dev/DuyguUE/Content/VintageRoom/Meshes/SM_Globe.uasset" 2683
"C:/Users/sina/Desktop/dev/DuyguUE/Content/VintageRoom/Meshes/SM_Globe.uexp" 2684
"C:/Users/sina/Desktop/dev/DuyguUE/Content/VintageRoom/Textures/T_Record_Player_01a_4096_B.ubulk" 2685
"C:/Users/sina/Desktop/dev/DuyguUE/Content/VintageRoom/Textures/T_Record_Player_01a_4096_B.uasset" 2686
"C:/Users/sina/Desktop/dev/DuyguUE/Content/VintageRoom/Textures/T_Record_Player_01a_4096_B.uexp" 2687
"C:/Users/sina/Desktop/dev/DuyguUE/Content/VintageRoom/Textures/T_Record_Player_01a_4096_N.ubulk" 2688
"C:/Users/sina/Desktop/dev/DuyguUE/Content/VintageRoom/Textures/T_Record_Player_01a_4096_N.uasset" 2689
"C:/Users/sina/Desktop/dev/DuyguUE/Content/VintageRoom/Textures/T_Record_Player_01a_4096_N.uexp" 2690
"C:/Users/sina/Desktop/dev/DuyguUE/Content/VintageRoom/Textures/T_Record_Player_01a_4096_ORM.ubulk" 2691
"C:/Users/sina/Desktop/dev/DuyguUE/Content/VintageRoom/Textures/T_Record_Player_01a_4096_ORM.uasset" 2692
"C:/Users/sina/Desktop/dev/DuyguUE/Content/VintageRoom/Textures/T_Record_Player_01a_4096_ORM.uexp" 2693
"C:/Users/sina/Desktop/dev/DuyguUE/Content/VintageRoom/Materials/MI_RecordPlayer.uasset" 2694
"C:/Users/sina/Desktop/dev/DuyguUE/Content/VintageRoom/Materials/MI_RecordPlayer.uexp" 2695
"C:/Users/sina/Desktop/dev/DuyguUE/Content/VintageRoom/Meshes/SM_RecordPlayer.ubulk" 2696
"C:/Users/sina/Desktop/dev/DuyguUE/Content/VintageRoom/Meshes/SM_RecordPlayer.uasset" 2697
"C:/Users/sina/Desktop/dev/DuyguUE/Content/VintageRoom/Meshes/SM_RecordPlayer.uexp" 2698
"C:/Users/sina/Desktop/dev/DuyguUE/Content/VintageRoom/Textures/T_Suitcase_01a_4096_B.ubulk" 2699
"C:/Users/sina/Desktop/dev/DuyguUE/Content/VintageRoom/Textures/T_Suitcase_01a_4096_B.uasset" 2700
"C:/Users/sina/Desktop/dev/DuyguUE/Content/VintageRoom/Textures/T_Suitcase_01a_4096_B.uexp" 2701
"C:/Users/sina/Desktop/dev/DuyguUE/Content/VintageRoom/Textures/T_Suitcase_01a_4096_N.ubulk" 2702
"C:/Users/sina/Desktop/dev/DuyguUE/Content/VintageRoom/Textures/T_Suitcase_01a_4096_N.uasset" 2703
"C:/Users/sina/Desktop/dev/DuyguUE/Content/VintageRoom/Textures/T_Suitcase_01a_4096_N.uexp" 2704
"C:/Users/sina/Desktop/dev/DuyguUE/Content/VintageRoom/Textures/T_Suitcase_01a_4096_O.ubulk" 2705
"C:/Users/sina/Desktop/dev/DuyguUE/Content/VintageRoom/Textures/T_Suitcase_01a_4096_O.uasset" 2706
"C:/Users/sina/Desktop/dev/DuyguUE/Content/VintageRoom/Textures/T_Suitcase_01a_4096_O.uexp" 2707
"C:/Users/sina/Desktop/dev/DuyguUE/Content/VintageRoom/Textures/T_Suitcase_01a_4096_ORM.ubulk" 2708
"C:/Users/sina/Desktop/dev/DuyguUE/Content/VintageRoom/Textures/T_Suitcase_01a_4096_ORM.uasset" 2709
"C:/Users/sina/Desktop/dev/DuyguUE/Content/VintageRoom/Textures/T_Suitcase_01a_4096_ORM.uexp" 2710
"C:/Users/sina/Desktop/dev/DuyguUE/Content/VintageRoom/Materials/MI_Suitcase.uasset" 2711
"C:/Users/sina/Desktop/dev/DuyguUE/Content/VintageRoom/Materials/MI_Suitcase.uexp" 2712
"C:/Users/sina/Desktop/dev/DuyguUE/Content/VintageRoom/Meshes/SM_Suitcase.ubulk" 2713
"C:/Users/sina/Desktop/dev/DuyguUE/Content/VintageRoom/Meshes/SM_Suitcase.uasset" 2714
"C:/Users/sina/Desktop/dev/DuyguUE/Content/VintageRoom/Meshes/SM_Suitcase.uexp" 2715
"C:/Users/sina/Desktop/dev/DuyguUE/Content/VintageRoom/Meshes/SM_Suitcase_01a.ubulk" 2716
"C:/Users/sina/Desktop/dev/DuyguUE/Content/VintageRoom/Meshes/SM_Suitcase_01a.uasset" 2717
"C:/Users/sina/Desktop/dev/DuyguUE/Content/VintageRoom/Meshes/SM_Suitcase_01a.uexp" 2718
"C:/Users/sina/Desktop/dev/DuyguUE/Content/VintageRoom/Textures/T_SM_Television_01a_4096_B.ubulk" 2719
"C:/Users/sina/Desktop/dev/DuyguUE/Content/VintageRoom/Textures/T_SM_Television_01a_4096_B.uasset" 2720
"C:/Users/sina/Desktop/dev/DuyguUE/Content/VintageRoom/Textures/T_SM_Television_01a_4096_B.uexp" 2721
"C:/Users/sina/Desktop/dev/DuyguUE/Content/VintageRoom/Textures/T_SM_Television_01a_4096_N.ubulk" 2722
"C:/Users/sina/Desktop/dev/DuyguUE/Content/VintageRoom/Textures/T_SM_Television_01a_4096_N.uasset" 2723
"C:/Users/sina/Desktop/dev/DuyguUE/Content/VintageRoom/Textures/T_SM_Television_01a_4096_N.uexp" 2724
"C:/Users/sina/Desktop/dev/DuyguUE/Content/VintageRoom/Textures/T_SM_Television_01a_4096_ORM.ubulk" 2725
"C:/Users/sina/Desktop/dev/DuyguUE/Content/VintageRoom/Textures/T_SM_Television_01a_4096_ORM.uasset" 2726
"C:/Users/sina/Desktop/dev/DuyguUE/Content/VintageRoom/Textures/T_SM_Television_01a_4096_ORM.uexp" 2727
"C:/Users/sina/Desktop/dev/DuyguUE/Content/VintageRoom/Materials/MI_Television.uasset" 2728
"C:/Users/sina/Desktop/dev/DuyguUE/Content/VintageRoom/Materials/MI_Television.uexp" 2729
"C:/Users/sina/Desktop/dev/DuyguUE/Content/VintageRoom/Meshes/SM_Television_01a.ubulk" 2730
"C:/Users/sina/Desktop/dev/DuyguUE/Content/VintageRoom/Meshes/SM_Television_01a.uasset" 2731
"C:/Users/sina/Desktop/dev/DuyguUE/Content/VintageRoom/Meshes/SM_Television_01a.uexp" 2732
"C:/Users/sina/Desktop/dev/DuyguUE/Content/VintageRoom/Textures/T_TV_Stand_01_4K_B.ubulk" 2733
"C:/Users/sina/Desktop/dev/DuyguUE/Content/VintageRoom/Textures/T_TV_Stand_01_4K_B.uasset" 2734
"C:/Users/sina/Desktop/dev/DuyguUE/Content/VintageRoom/Textures/T_TV_Stand_01_4K_B.uexp" 2735
"C:/Users/sina/Desktop/dev/DuyguUE/Content/VintageRoom/Textures/T_TV_Stand_01_4K_N.ubulk" 2736
"C:/Users/sina/Desktop/dev/DuyguUE/Content/VintageRoom/Textures/T_TV_Stand_01_4K_N.uasset" 2737
"C:/Users/sina/Desktop/dev/DuyguUE/Content/VintageRoom/Textures/T_TV_Stand_01_4K_N.uexp" 2738
"C:/Users/sina/Desktop/dev/DuyguUE/Content/VintageRoom/Textures/T_TV_Stand_01_4K_ORM.ubulk" 2739
"C:/Users/sina/Desktop/dev/DuyguUE/Content/VintageRoom/Textures/T_TV_Stand_01_4K_ORM.uasset" 2740
"C:/Users/sina/Desktop/dev/DuyguUE/Content/VintageRoom/Textures/T_TV_Stand_01_4K_ORM.uexp" 2741
"C:/Users/sina/Desktop/dev/DuyguUE/Content/VintageRoom/Materials/MI_TVstand.uasset" 2742
"C:/Users/sina/Desktop/dev/DuyguUE/Content/VintageRoom/Materials/MI_TVstand.uexp" 2743
"C:/Users/sina/Desktop/dev/DuyguUE/Content/VintageRoom/Meshes/SM_TVstand.ubulk" 2744
"C:/Users/sina/Desktop/dev/DuyguUE/Content/VintageRoom/Meshes/SM_TVstand.uasset" 2745
"C:/Users/sina/Desktop/dev/DuyguUE/Content/VintageRoom/Meshes/SM_TVstand.uexp" 2746
"C:/Users/sina/Desktop/dev/DuyguUE/Content/VintageRoom/Meshes/SM_TV_Stand_01.ubulk" 2747
"C:/Users/sina/Desktop/dev/DuyguUE/Content/VintageRoom/Meshes/SM_TV_Stand_01.uasset" 2748
"C:/Users/sina/Desktop/dev/DuyguUE/Content/VintageRoom/Meshes/SM_TV_Stand_01.uexp" 2749
"C:/Users/sina/Desktop/dev/DuyguUE/Content/VintageRoom/Textures/T_Ceiling_Plaster_2K_B.ubulk" 2750
"C:/Users/sina/Desktop/dev/DuyguUE/Content/VintageRoom/Textures/T_Ceiling_Plaster_2K_B.uasset" 2751
"C:/Users/sina/Desktop/dev/DuyguUE/Content/VintageRoom/Textures/T_Ceiling_Plaster_2K_B.uexp" 2752
"C:/Users/sina/Desktop/dev/DuyguUE/Content/VintageRoom/Textures/T_Ceiling_Plaster_2K_N.ubulk" 2753
"C:/Users/sina/Desktop/dev/DuyguUE/Content/VintageRoom/Textures/T_Ceiling_Plaster_2K_N.uasset" 2754
"C:/Users/sina/Desktop/dev/DuyguUE/Content/VintageRoom/Textures/T_Ceiling_Plaster_2K_N.uexp" 2755
"C:/Users/sina/Desktop/dev/DuyguUE/Content/VintageRoom/Textures/T_Ceiling_Plaster_2K_ORM.ubulk" 2756
"C:/Users/sina/Desktop/dev/DuyguUE/Content/VintageRoom/Textures/T_Ceiling_Plaster_2K_ORM.uasset" 2757
"C:/Users/sina/Desktop/dev/DuyguUE/Content/VintageRoom/Textures/T_Ceiling_Plaster_2K_ORM.uexp" 2758
"C:/Users/sina/Desktop/dev/DuyguUE/Content/VintageRoom/Materials/MI_Vintage_Ceiling_Plaster.uasset" 2759
"C:/Users/sina/Desktop/dev/DuyguUE/Content/VintageRoom/Materials/MI_Vintage_Ceiling_Plaster.uexp" 2760
"C:/Users/sina/Desktop/dev/DuyguUE/Content/VintageRoom/Meshes/SM_Vintage_Celing_Module_3x3.ubulk" 2761
"C:/Users/sina/Desktop/dev/DuyguUE/Content/VintageRoom/Meshes/SM_Vintage_Celing_Module_3x3.uasset" 2762
"C:/Users/sina/Desktop/dev/DuyguUE/Content/VintageRoom/Meshes/SM_Vintage_Celing_Module_3x3.uexp" 2763
"C:/Users/sina/Desktop/dev/DuyguUE/Content/VintageRoom/Textures/T_Plank_Floor_2K_B.ubulk" 2764
"C:/Users/sina/Desktop/dev/DuyguUE/Content/VintageRoom/Textures/T_Plank_Floor_2K_B.uasset" 2765
"C:/Users/sina/Desktop/dev/DuyguUE/Content/VintageRoom/Textures/T_Plank_Floor_2K_B.uexp" 2766
"C:/Users/sina/Desktop/dev/DuyguUE/Content/VintageRoom/Textures/T_Plank_Floor_2K_N.ubulk" 2767
"C:/Users/sina/Desktop/dev/DuyguUE/Content/VintageRoom/Textures/T_Plank_Floor_2K_N.uasset" 2768
"C:/Users/sina/Desktop/dev/DuyguUE/Content/VintageRoom/Textures/T_Plank_Floor_2K_N.uexp" 2769
"C:/Users/sina/Desktop/dev/DuyguUE/Content/VintageRoom/Textures/T_Plank_Floor_2K_ORM.ubulk" 2770
"C:/Users/sina/Desktop/dev/DuyguUE/Content/VintageRoom/Textures/T_Plank_Floor_2K_ORM.uasset" 2771
"C:/Users/sina/Desktop/dev/DuyguUE/Content/VintageRoom/Textures/T_Plank_Floor_2K_ORM.uexp" 2772
"C:/Users/sina/Desktop/dev/DuyguUE/Content/VintageRoom/Materials/MI_Vintage_Floor01.uasset" 2773
"C:/Users/sina/Desktop/dev/DuyguUE/Content/VintageRoom/Materials/MI_Vintage_Floor01.uexp" 2774
"C:/Users/sina/Desktop/dev/DuyguUE/Content/VintageRoom/Meshes/SM_Vintage_Floor_Module_3x3.ubulk" 2775
"C:/Users/sina/Desktop/dev/DuyguUE/Content/VintageRoom/Meshes/SM_Vintage_Floor_Module_3x3.uasset" 2776
"C:/Users/sina/Desktop/dev/DuyguUE/Content/VintageRoom/Meshes/SM_Vintage_Floor_Module_3x3.uexp" 2777
"C:/Users/sina/Desktop/dev/DuyguUE/Content/VintageRoom/Meshes/SM_Vintage_Interior_Module_Pillar.ubulk" 2778
"C:/Users/sina/Desktop/dev/DuyguUE/Content/VintageRoom/Meshes/SM_Vintage_Interior_Module_Pillar.uasset" 2779
"C:/Users/sina/Desktop/dev/DuyguUE/Content/VintageRoom/Meshes/SM_Vintage_Interior_Module_Pillar.uexp" 2780
"C:/Users/sina/Desktop/dev/DuyguUE/Content/VintageRoom/Meshes/SM_Vintage_Wall_Module_1_5x3.ubulk" 2781
"C:/Users/sina/Desktop/dev/DuyguUE/Content/VintageRoom/Meshes/SM_Vintage_Wall_Module_1_5x3.uasset" 2782
"C:/Users/sina/Desktop/dev/DuyguUE/Content/VintageRoom/Meshes/SM_Vintage_Wall_Module_1_5x3.uexp" 2783
"C:/Users/sina/Desktop/dev/DuyguUE/Content/VintageRoom/Meshes/SM_Vintage_Wall_Module_3x3.ubulk" 2784
"C:/Users/sina/Desktop/dev/DuyguUE/Content/VintageRoom/Meshes/SM_Vintage_Wall_Module_3x3.uasset" 2785
"C:/Users/sina/Desktop/dev/DuyguUE/Content/VintageRoom/Meshes/SM_Vintage_Wall_Module_3x3.uexp" 2786
"C:/Users/sina/Desktop/dev/DuyguUE/Content/VintageRoom/Materials/MM_Basic_PBR_Translucency.uasset" 2787
"C:/Users/sina/Desktop/dev/DuyguUE/Content/VintageRoom/Materials/MM_Basic_PBR_Translucency.uexp" 2788
"C:/Users/sina/Desktop/dev/DuyguUE/Content/VintageRoom/Textures/T_Windows_2K_B.ubulk" 2789
"C:/Users/sina/Desktop/dev/DuyguUE/Content/VintageRoom/Textures/T_Windows_2K_B.uasset" 2790
"C:/Users/sina/Desktop/dev/DuyguUE/Content/VintageRoom/Textures/T_Windows_2K_B.uexp" 2791
"C:/Users/sina/Desktop/dev/DuyguUE/Content/VintageRoom/Textures/T_Windows_2K_N.ubulk" 2792
"C:/Users/sina/Desktop/dev/DuyguUE/Content/VintageRoom/Textures/T_Windows_2K_N.uasset" 2793
"C:/Users/sina/Desktop/dev/DuyguUE/Content/VintageRoom/Textures/T_Windows_2K_N.uexp" 2794
"C:/Users/sina/Desktop/dev/DuyguUE/Content/VintageRoom/Textures/T_Windows_2K_O.ubulk" 2795
"C:/Users/sina/Desktop/dev/DuyguUE/Content/VintageRoom/Textures/T_Windows_2K_O.uasset" 2796
"C:/Users/sina/Desktop/dev/DuyguUE/Content/VintageRoom/Textures/T_Windows_2K_O.uexp" 2797
"C:/Users/sina/Desktop/dev/DuyguUE/Content/VintageRoom/Textures/T_Windows_2K_ORM.ubulk" 2798
"C:/Users/sina/Desktop/dev/DuyguUE/Content/VintageRoom/Textures/T_Windows_2K_ORM.uasset" 2799
"C:/Users/sina/Desktop/dev/DuyguUE/Content/VintageRoom/Textures/T_Windows_2K_ORM.uexp" 2800
"C:/Users/sina/Desktop/dev/DuyguUE/Content/VintageRoom/Materials/MI_Vintage_Wall_WindowGlass.uasset" 2801
"C:/Users/sina/Desktop/dev/DuyguUE/Content/VintageRoom/Materials/MI_Vintage_Wall_WindowGlass.uexp" 2802
"C:/Users/sina/Desktop/dev/DuyguUE/Content/VintageRoom/Meshes/SM_Vintage_Wall_Module_Window01_1_5x3.ubulk" 2803
"C:/Users/sina/Desktop/dev/DuyguUE/Content/VintageRoom/Meshes/SM_Vintage_Wall_Module_Window01_1_5x3.uasset" 2804
"C:/Users/sina/Desktop/dev/DuyguUE/Content/VintageRoom/Meshes/SM_Vintage_Wall_Module_Window01_1_5x3.uexp" 2805
"C:/Users/sina/Desktop/dev/DuyguUE/Content/VintageRoom/Textures/T_Wall_Painting_01a_2048_B.ubulk" 2806
"C:/Users/sina/Desktop/dev/DuyguUE/Content/VintageRoom/Textures/T_Wall_Painting_01a_2048_B.uasset" 2807
"C:/Users/sina/Desktop/dev/DuyguUE/Content/VintageRoom/Textures/T_Wall_Painting_01a_2048_B.uexp" 2808
"C:/Users/sina/Desktop/dev/DuyguUE/Content/VintageRoom/Textures/T_Wall_Painting_01a_2048_N.ubulk" 2809
"C:/Users/sina/Desktop/dev/DuyguUE/Content/VintageRoom/Textures/T_Wall_Painting_01a_2048_N.uasset" 2810
"C:/Users/sina/Desktop/dev/DuyguUE/Content/VintageRoom/Textures/T_Wall_Painting_01a_2048_N.uexp" 2811
"C:/Users/sina/Desktop/dev/DuyguUE/Content/VintageRoom/Textures/T_Wall_Painting_01a_2048_ORM.ubulk" 2812
"C:/Users/sina/Desktop/dev/DuyguUE/Content/VintageRoom/Textures/T_Wall_Painting_01a_2048_ORM.uasset" 2813
"C:/Users/sina/Desktop/dev/DuyguUE/Content/VintageRoom/Textures/T_Wall_Painting_01a_2048_ORM.uexp" 2814
"C:/Users/sina/Desktop/dev/DuyguUE/Content/VintageRoom/Materials/MI_WallPainting.uasset" 2815
"C:/Users/sina/Desktop/dev/DuyguUE/Content/VintageRoom/Materials/MI_WallPainting.uexp" 2816
"C:/Users/sina/Desktop/dev/DuyguUE/Content/VintageRoom/Meshes/SM_Wall_Painting_01a.ubulk" 2817
"C:/Users/sina/Desktop/dev/DuyguUE/Content/VintageRoom/Meshes/SM_Wall_Painting_01a.uasset" 2818
"C:/Users/sina/Desktop/dev/DuyguUE/Content/VintageRoom/Meshes/SM_Wall_Painting_01a.uexp" 2819
"C:/Users/sina/Desktop/dev/DuyguUE/Content/VintageRoom/Textures/T_Curtain_01_4096_B.ubulk" 2820
"C:/Users/sina/Desktop/dev/DuyguUE/Content/VintageRoom/Textures/T_Curtain_01_4096_B.uasset" 2821
"C:/Users/sina/Desktop/dev/DuyguUE/Content/VintageRoom/Textures/T_Curtain_01_4096_B.uexp" 2822
"C:/Users/sina/Desktop/dev/DuyguUE/Content/VintageRoom/Textures/T_Curtain_01_4096_N.ubulk" 2823
"C:/Users/sina/Desktop/dev/DuyguUE/Content/VintageRoom/Textures/T_Curtain_01_4096_N.uasset" 2824
"C:/Users/sina/Desktop/dev/DuyguUE/Content/VintageRoom/Textures/T_Curtain_01_4096_N.uexp" 2825
"C:/Users/sina/Desktop/dev/DuyguUE/Content/VintageRoom/Textures/T_Curtain_01_4096_ORM.ubulk" 2826
"C:/Users/sina/Desktop/dev/DuyguUE/Content/VintageRoom/Textures/T_Curtain_01_4096_ORM.uasset" 2827
"C:/Users/sina/Desktop/dev/DuyguUE/Content/VintageRoom/Textures/T_Curtain_01_4096_ORM.uexp" 2828
"C:/Users/sina/Desktop/dev/DuyguUE/Content/VintageRoom/Materials/MI_Curtain01.uasset" 2829
"C:/Users/sina/Desktop/dev/DuyguUE/Content/VintageRoom/Materials/MI_Curtain01.uexp" 2830
"C:/Users/sina/Desktop/dev/DuyguUE/Content/VintageRoom/Textures/T_Curtain_01_Cloth_4096_B.ubulk" 2831
"C:/Users/sina/Desktop/dev/DuyguUE/Content/VintageRoom/Textures/T_Curtain_01_Cloth_4096_B.uasset" 2832
"C:/Users/sina/Desktop/dev/DuyguUE/Content/VintageRoom/Textures/T_Curtain_01_Cloth_4096_B.uexp" 2833
"C:/Users/sina/Desktop/dev/DuyguUE/Content/VintageRoom/Textures/T_Curtain_01_Cloth_4096_N.ubulk" 2834
"C:/Users/sina/Desktop/dev/DuyguUE/Content/VintageRoom/Textures/T_Curtain_01_Cloth_4096_N.uasset" 2835
"C:/Users/sina/Desktop/dev/DuyguUE/Content/VintageRoom/Textures/T_Curtain_01_Cloth_4096_N.uexp" 2836
"C:/Users/sina/Desktop/dev/DuyguUE/Content/VintageRoom/Textures/T_Curtain_01_Cloth_4096_ORM.ubulk" 2837
"C:/Users/sina/Desktop/dev/DuyguUE/Content/VintageRoom/Textures/T_Curtain_01_Cloth_4096_ORM.uasset" 2838
"C:/Users/sina/Desktop/dev/DuyguUE/Content/VintageRoom/Textures/T_Curtain_01_Cloth_4096_ORM.uexp" 2839
"C:/Users/sina/Desktop/dev/DuyguUE/Content/VintageRoom/Materials/MI_Curtain03.uasset" 2840
"C:/Users/sina/Desktop/dev/DuyguUE/Content/VintageRoom/Materials/MI_Curtain03.uexp" 2841
"C:/Users/sina/Desktop/dev/DuyguUE/Content/VintageRoom/Meshes/SM_Curtain_Open_01.ubulk" 2842
"C:/Users/sina/Desktop/dev/DuyguUE/Content/VintageRoom/Meshes/SM_Curtain_Open_01.uasset" 2843
"C:/Users/sina/Desktop/dev/DuyguUE/Content/VintageRoom/Meshes/SM_Curtain_Open_01.uexp" 2844
"C:/Users/sina/Desktop/dev/DuyguUE/Content/VintageRoom/HDRIs/HDR_01.uasset" 2845
"C:/Users/sina/Desktop/dev/DuyguUE/Content/VintageRoom/HDRIs/HDR_01.uexp" 2846
"C:/Users/sina/Desktop/dev/DuyguUE/Content/VintageRoom/Materials/MM_HDR.uasset" 2847
"C:/Users/sina/Desktop/dev/DuyguUE/Content/VintageRoom/Materials/MM_HDR.uexp" 2848
"C:/Users/sina/Desktop/dev/DuyguUE/Content/VintageRoom/Materials/MI_HDR.uasset" 2849
"C:/Users/sina/Desktop/dev/DuyguUE/Content/VintageRoom/Materials/MI_HDR.uexp" 2850
"C:/Users/sina/Desktop/dev/DuyguUE/Content/VintageRoom/Meshes/SM_HDRSphere.ubulk" 2851
"C:/Users/sina/Desktop/dev/DuyguUE/Content/VintageRoom/Meshes/SM_HDRSphere.uasset" 2852
"C:/Users/sina/Desktop/dev/DuyguUE/Content/VintageRoom/Meshes/SM_HDRSphere.uexp" 2853
"C:/Users/sina/Desktop/dev/DuyguUE/Content/VintageRoom/Textures/T_Phone_01a_4096_B.ubulk" 2854
"C:/Users/sina/Desktop/dev/DuyguUE/Content/VintageRoom/Textures/T_Phone_01a_4096_B.uasset" 2855
"C:/Users/sina/Desktop/dev/DuyguUE/Content/VintageRoom/Textures/T_Phone_01a_4096_B.uexp" 2856
"C:/Users/sina/Desktop/dev/DuyguUE/Content/VintageRoom/Textures/T_Phone_01a_4096_N.ubulk" 2857
"C:/Users/sina/Desktop/dev/DuyguUE/Content/VintageRoom/Textures/T_Phone_01a_4096_N.uasset" 2858
"C:/Users/sina/Desktop/dev/DuyguUE/Content/VintageRoom/Textures/T_Phone_01a_4096_N.uexp" 2859
"C:/Users/sina/Desktop/dev/DuyguUE/Content/VintageRoom/Textures/T_Phone_01a_4096_ORM.ubulk" 2860
"C:/Users/sina/Desktop/dev/DuyguUE/Content/VintageRoom/Textures/T_Phone_01a_4096_ORM.uasset" 2861
"C:/Users/sina/Desktop/dev/DuyguUE/Content/VintageRoom/Textures/T_Phone_01a_4096_ORM.uexp" 2862
"C:/Users/sina/Desktop/dev/DuyguUE/Content/VintageRoom/Materials/MI_Phone.uasset" 2863
"C:/Users/sina/Desktop/dev/DuyguUE/Content/VintageRoom/Materials/MI_Phone.uexp" 2864
"C:/Users/sina/Desktop/dev/DuyguUE/Content/VintageRoom/Meshes/SM_Phone_01a.ubulk" 2865
"C:/Users/sina/Desktop/dev/DuyguUE/Content/VintageRoom/Meshes/SM_Phone_01a.uasset" 2866
"C:/Users/sina/Desktop/dev/DuyguUE/Content/VintageRoom/Meshes/SM_Phone_01a.uexp" 2867
"C:/Users/sina/Desktop/dev/DuyguUE/Content/VintageRoom/Textures/T_Side_Table_01_4K_B.ubulk" 2868
"C:/Users/sina/Desktop/dev/DuyguUE/Content/VintageRoom/Textures/T_Side_Table_01_4K_B.uasset" 2869
"C:/Users/sina/Desktop/dev/DuyguUE/Content/VintageRoom/Textures/T_Side_Table_01_4K_B.uexp" 2870
"C:/Users/sina/Desktop/dev/DuyguUE/Content/VintageRoom/Textures/T_Side_Table_01_4K_N.ubulk" 2871
"C:/Users/sina/Desktop/dev/DuyguUE/Content/VintageRoom/Textures/T_Side_Table_01_4K_N.uasset" 2872
"C:/Users/sina/Desktop/dev/DuyguUE/Content/VintageRoom/Textures/T_Side_Table_01_4K_N.uexp" 2873
"C:/Users/sina/Desktop/dev/DuyguUE/Content/VintageRoom/Textures/T_Side_Table_01_4K_ORM.ubulk" 2874
"C:/Users/sina/Desktop/dev/DuyguUE/Content/VintageRoom/Textures/T_Side_Table_01_4K_ORM.uasset" 2875
"C:/Users/sina/Desktop/dev/DuyguUE/Content/VintageRoom/Textures/T_Side_Table_01_4K_ORM.uexp" 2876
"C:/Users/sina/Desktop/dev/DuyguUE/Content/VintageRoom/Materials/MI_SideTable.uasset" 2877
"C:/Users/sina/Desktop/dev/DuyguUE/Content/VintageRoom/Materials/MI_SideTable.uexp" 2878
"C:/Users/sina/Desktop/dev/DuyguUE/Content/VintageRoom/Meshes/SM_Side_Table_01.ubulk" 2879
"C:/Users/sina/Desktop/dev/DuyguUE/Content/VintageRoom/Meshes/SM_Side_Table_01.uasset" 2880
"C:/Users/sina/Desktop/dev/DuyguUE/Content/VintageRoom/Meshes/SM_Side_Table_01.uexp" 2881
"C:/Users/sina/Desktop/dev/DuyguUE/Content/VintageRoom/Meshes/SM_Vintage_Interior_Module_Wall.ubulk" 2882
"C:/Users/sina/Desktop/dev/DuyguUE/Content/VintageRoom/Meshes/SM_Vintage_Interior_Module_Wall.uasset" 2883
"C:/Users/sina/Desktop/dev/DuyguUE/Content/VintageRoom/Meshes/SM_Vintage_Interior_Module_Wall.uexp" 2884
"C:/Users/sina/Desktop/dev/DuyguUE/Content/VintageRoom/Textures/T_SM_Pitcher_01a_1024_B.ubulk" 2885
"C:/Users/sina/Desktop/dev/DuyguUE/Content/VintageRoom/Textures/T_SM_Pitcher_01a_1024_B.uasset" 2886
"C:/Users/sina/Desktop/dev/DuyguUE/Content/VintageRoom/Textures/T_SM_Pitcher_01a_1024_B.uexp" 2887
"C:/Users/sina/Desktop/dev/DuyguUE/Content/VintageRoom/Textures/T_SM_Pitcher_01a_1024_N.ubulk" 2888
"C:/Users/sina/Desktop/dev/DuyguUE/Content/VintageRoom/Textures/T_SM_Pitcher_01a_1024_N.uasset" 2889
"C:/Users/sina/Desktop/dev/DuyguUE/Content/VintageRoom/Textures/T_SM_Pitcher_01a_1024_N.uexp" 2890
"C:/Users/sina/Desktop/dev/DuyguUE/Content/VintageRoom/Textures/T_SM_Pitcher_01a_1024_ORM.ubulk" 2891
"C:/Users/sina/Desktop/dev/DuyguUE/Content/VintageRoom/Textures/T_SM_Pitcher_01a_1024_ORM.uasset" 2892
"C:/Users/sina/Desktop/dev/DuyguUE/Content/VintageRoom/Textures/T_SM_Pitcher_01a_1024_ORM.uexp" 2893
"C:/Users/sina/Desktop/dev/DuyguUE/Content/VintageRoom/Materials/MI_Pitcher.uasset" 2894
"C:/Users/sina/Desktop/dev/DuyguUE/Content/VintageRoom/Materials/MI_Pitcher.uexp" 2895
"C:/Users/sina/Desktop/dev/DuyguUE/Content/VintageRoom/Meshes/SM_Pitcher.ubulk" 2896
"C:/Users/sina/Desktop/dev/DuyguUE/Content/VintageRoom/Meshes/SM_Pitcher.uasset" 2897
"C:/Users/sina/Desktop/dev/DuyguUE/Content/VintageRoom/Meshes/SM_Pitcher.uexp" 2898
"C:/Users/sina/Desktop/dev/DuyguUE/Content/VintageRoom/Meshes/SM_Vintage_Interior_Module_T.ubulk" 2899
"C:/Users/sina/Desktop/dev/DuyguUE/Content/VintageRoom/Meshes/SM_Vintage_Interior_Module_T.uasset" 2900
"C:/Users/sina/Desktop/dev/DuyguUE/Content/VintageRoom/Meshes/SM_Vintage_Interior_Module_T.uexp" 2901
"C:/Users/sina/Desktop/dev/DuyguUE/Content/VRTemplate/Blueprints/VRGameMode.uasset" 2902
"C:/Users/sina/Desktop/dev/DuyguUE/Content/VRTemplate/Blueprints/VRGameMode.uexp" 2903
"C:/Users/sina/Desktop/dev/DuyguUE/Content/VRTemplate/Maps/VRTemplateMap_BuiltData.ubulk" 2904
"C:/Users/sina/Desktop/dev/DuyguUE/Content/VRTemplate/Maps/VRTemplateMap_BuiltData.uasset" 2905
"C:/Users/sina/Desktop/dev/DuyguUE/Content/VRTemplate/Maps/VRTemplateMap_BuiltData.uexp" 2906
"C:/Users/sina/Desktop/dev/DuyguUE/Content/VRTemplate/Maps/VRTemplateMap.uexp" 2907
"C:/Users/sina/Desktop/dev/DuyguUE/Content/VRTemplate/Maps/VRTemplateMap.umap" 2908
