"C:/Users/sina/Desktop/dev/DuyguUE/MyProject.uproject" 1
"../../../../../../Users/sina/Desktop/dev/DuyguUE/Binaries/Win64/UnrealEditor.modules" 2
"../../../Engine/Plugins/AudioGameplay/AudioGameplay.uplugin" 3
"../../../Engine/Plugins/AudioGameplayVolume/AudioGameplayVolume.uplugin" 4
"../../../Engine/Plugins/AudioInsights/AudioInsights.uplugin" 5
"../../../Engine/Plugins/BaseMaterial/BaseMaterial.uplugin" 6
"../../../Engine/Plugins/BlueprintFileUtils/BlueprintFileUtils.uplugin" 7
"../../../Engine/Plugins/Bridge/Bridge.uplugin" 8
"../../../Engine/Plugins/ChaosCloth/ChaosCloth.uplugin" 9
"../../../Engine/Plugins/ChaosClothAsset/ChaosClothAsset.uplugin" 10
"../../../Engine/Plugins/ChaosClothAssetEditor/ChaosClothAssetEditor.uplugin" 11
"../../../Engine/Plugins/ChaosInsights/ChaosInsights.uplugin" 12
"../../../Engine/Plugins/Chooser/Chooser.uplugin" 13
"../../../Engine/Plugins/CmdLinkServer/CmdLinkServer.uplugin" 14
"../../../Engine/Plugins/DiscoveryBeaconReceiver/DiscoveryBeaconReceiver.uplugin" 15
"../../../Engine/Plugins/EnhancedInput/EnhancedInput.uplugin" 16
"../../../Engine/Plugins/Fab/Fab.uplugin" 17
"../../../Engine/Plugins/JsonBlueprintUtilities/JsonBlueprintUtilities.uplugin" 18
"../../../Engine/Plugins/IoStoreInsights/IoStoreInsights.uplugin" 19
"../../../Engine/Plugins/LightWeightInstancesEditor/LightWeightInstancesEditor.uplugin" 20
"../../../Engine/Plugins/MassInsights/MassInsights.uplugin" 21
"../../../Engine/Plugins/FastBuildController/FastBuildController.uplugin" 22
"../../../Engine/Plugins/MemoryUsageQueries/MemoryUsageQueries.uplugin" 23
"../../../Engine/Plugins/MeshPainting/MeshPainting.uplugin" 24
"../../../Engine/Plugins/Mutable/Mutable.uplugin" 25
"../../../Engine/Plugins/PCG/PCG.uplugin" 26
"../../../Engine/Plugins/RenderGraphInsights/RenderGraphInsights.uplugin" 27
"../../../Engine/Plugins/ScriptPlugin/ScriptPlugin.uplugin" 28
"../../../Engine/Plugins/TextureGraph/TextureGraph.uplugin" 29
"../../../Engine/Plugins/TraceUtilities/TraceUtilities.uplugin" 30
"../../../Engine/Plugins/UbaController/UbaController.uplugin" 31
"../../../Engine/Plugins/WorldMetrics/WorldMetrics.uplugin" 32
"../../../Engine/Plugins/XGEController/XGEController.uplugin" 33
"../../../Engine/Plugins/Importers/AlembicHairImporter/AlembicHairImporter.uplugin" 34
"../../../Engine/Plugins/Importers/AlembicImporter/AlembicImporter.uplugin" 35
"../../../Engine/Plugins/Importers/USDImporter/USDImporter.uplugin" 36
"../../../Engine/Plugins/Importers/USDImporterMDL/USDImporterMDL.uplugin" 37
"../../../Engine/Plugins/Importers/USDMultiUser/USDMultiUser.uplugin" 38
"../../../Engine/Plugins/MetaHuman/MetaHumanAnimator/MetaHuman.uplugin" 39
"../../../Engine/Plugins/MetaHuman/MetaHumanCalibrationProcessing/MetaHumanCalibrationProcessing.uplugin" 40
"../../../Engine/Plugins/MetaHuman/MetaHumanCoreTechLib/MetaHumanCoreTech.uplugin" 41
"../../../Engine/Plugins/MetaHuman/MetaHumanCharacter/MetaHumanCharacter.uplugin" 42
"../../../Engine/Plugins/MetaHuman/MetaHumanLiveLink/MetaHumanLiveLink.uplugin" 43
"../../../Engine/Plugins/ChaosVD/ChaosVD.uplugin" 44
"../../../Engine/Plugins/PCGInterops/PCGExternalDataInterop/PCGExternalDataInterop.uplugin" 45
"../../../Engine/Plugins/PCGInterops/PCGGeometryScriptInterop/PCGGeometryScriptInterop.uplugin" 46
"../../../Engine/Plugins/PCGInterops/PCGPythonInterop/PCGPythonInterop.uplugin" 47
"../../../Engine/Plugins/Portal/LauncherChunkInstaller/LauncherChunkInstaller.uplugin" 48
"../../../Engine/Plugins/Runtime/ActorLayerUtilities/ActorLayerUtilities.uplugin" 49
"../../../Engine/Plugins/Runtime/ADM/ADM.uplugin" 50
"../../../Engine/Plugins/Runtime/AndroidDeviceProfileSelector/AndroidDeviceProfileSelector.uplugin" 51
"../../../Engine/Plugins/Runtime/AndroidBackgroundService/AndroidBackgroundService.uplugin" 52
"../../../Engine/Plugins/Runtime/AndroidFileServer/AndroidFileServer.uplugin" 53
"../../../Engine/Plugins/Runtime/AnimationBudgetAllocator/AnimationBudgetAllocator.uplugin" 54
"../../../Engine/Plugins/Runtime/AndroidMoviePlayer/AndroidMoviePlayer.uplugin" 55
"../../../Engine/Plugins/Runtime/ApexDestruction/ApexDestruction.uplugin" 56
"../../../Engine/Plugins/Runtime/AppleImageUtils/AppleImageUtils.uplugin" 57
"../../../Engine/Plugins/MetaHuman/MetaHumanSDK/MetaHumanSDK.uplugin" 58
"../../../Engine/Plugins/Runtime/AppleMoviePlayer/AppleMoviePlayer.uplugin" 59
"../../../Engine/Plugins/Runtime/AndroidPermission/AndroidPermission.uplugin" 60
"../../../Engine/Plugins/Runtime/ArchVisCharacter/ArchVisCharacter.uplugin" 61
"../../../Engine/Plugins/Runtime/AudioModulation/AudioModulation.uplugin" 62
"../../../Engine/Plugins/Runtime/AudioSynesthesia/AudioSynesthesia.uplugin" 63
"../../../Engine/Plugins/Runtime/AssetTags/AssetTags.uplugin" 64
"../../../Engine/Plugins/Runtime/AudioMotorSim/AudioMotorSim.uplugin" 65
"../../../Engine/Plugins/Runtime/AudioWidgets/AudioWidgets.uplugin" 66
"../../../Engine/Plugins/Runtime/AudioCapture/AudioCapture.uplugin" 67
"../../../Engine/Plugins/Runtime/ChunkDownloader/ChunkDownloader.uplugin" 68
"../../../Engine/Plugins/Runtime/CableComponent/CableComponent.uplugin" 69
"../../../Engine/Plugins/Runtime/ComputeFramework/ComputeFramework.uplugin" 70
"../../../Engine/Plugins/Runtime/CommonUI/CommonUI.uplugin" 71
"../../../Engine/Plugins/Runtime/CustomMeshComponent/CustomMeshComponent.uplugin" 72
"../../../Engine/Plugins/Runtime/DataRegistry/DataRegistry.uplugin" 73
"../../../Engine/Plugins/Runtime/ExampleDeviceProfileSelector/ExampleDeviceProfileSelector.uplugin" 74
"../../../Engine/Plugins/Runtime/ExternalGPUStatistics/ExternalGPUStatistics.uplugin" 75
"../../../Engine/Plugins/Runtime/Firebase/Firebase.uplugin" 76
"../../../Engine/Plugins/Runtime/GameInput/GameInput.uplugin" 77
"../../../Engine/Plugins/Runtime/GameplayBehaviorSmartObjects/GameplayBehaviorSmartObjects.uplugin" 78
"../../../Engine/Plugins/Runtime/GameplayInteractions/GameplayInteractions.uplugin" 79
"../../../Engine/Plugins/Runtime/GameFeatures/GameFeatures.uplugin" 80
"../../../Engine/Plugins/Runtime/GameplayStateTree/GameplayStateTree.uplugin" 81
"../../../Engine/Plugins/Runtime/GeometryCache/GeometryCache.uplugin" 82
"../../../Engine/Plugins/Runtime/GeometryProcessing/GeometryProcessing.uplugin" 83
"../../../Engine/Plugins/Runtime/GeometryScripting/GeometryScripting.uplugin" 84
"../../../Engine/Plugins/Runtime/GameplayAbilities/GameplayAbilities.uplugin" 85
"../../../Engine/Plugins/Runtime/GeoReferencing/GeoReferencing.uplugin" 86
"../../../Engine/Plugins/Runtime/HairStrands/HairStrands.uplugin" 87
"../../../Engine/Plugins/Runtime/GoogleCloudMessaging/GoogleCloudMessaging.uplugin" 88
"../../../Engine/Plugins/Runtime/Harmonix/Harmonix.uplugin" 89
"../../../Engine/Plugins/Runtime/GooglePAD/GooglePAD.uplugin" 90
"../../../Engine/Plugins/Runtime/HDRIBackdrop/HDRIBackdrop.uplugin" 91
"../../../Engine/Plugins/Runtime/HTTPChunkInstaller/HTTPChunkInstaller.uplugin" 92
"../../../Engine/Plugins/Runtime/HPMotionController/HPMotionController.uplugin" 93
"../../../Engine/Plugins/Runtime/InstancedActors/InstancedActors.uplugin" 94
"../../../Engine/Plugins/Runtime/InputDebugging/InputDebugging.uplugin" 95
"../../../Engine/Plugins/Runtime/IOSReplayKit/IOSReplayKit.uplugin" 96
"../../../Engine/Plugins/Runtime/LevelStreamingPersistence/LevelStreamingPersistence.uplugin" 97
"../../../Engine/Plugins/Runtime/IOSDeviceProfileSelector/IOSDeviceProfileSelector.uplugin" 98
"../../../Engine/Plugins/Runtime/LinuxDeviceProfileSelector/LinuxDeviceProfileSelector.uplugin" 99
"../../../Engine/Plugins/Runtime/LiveLinkOvernDisplay/LiveLinkOverNDisplay.uplugin" 100
"../../../Engine/Plugins/Runtime/LocationServicesBPLibrary/LocationServicesBPLibrary.uplugin" 101
"../../../Engine/Plugins/Runtime/LocationServicesIOSImpl/LocationServicesIOSImpl.uplugin" 102
"../../../Engine/Plugins/Runtime/MassEntity/MassEntity.uplugin" 103
"../../../Engine/Plugins/Runtime/MassGameplay/MassGameplay.uplugin" 104
"../../../Engine/Plugins/Runtime/MeshModelingToolset/MeshModelingToolset.uplugin" 105
"../../../Engine/Plugins/Runtime/MicrosoftSpatialAudio/MicroSoftSpatialSound.uplugin" 106
"../../../Engine/Plugins/Runtime/Metasound/Metasound.uplugin" 107
"../../../Engine/Plugins/Runtime/LocationServicesAndroidImpl/LocationServicesAndroidImpl.uplugin" 108
"../../../Engine/Plugins/Runtime/MixedRealityCaptureFramework/MixedRealityCaptureFramework.uplugin" 109
"../../../Engine/Plugins/Runtime/MIDIDevice/MIDIDevice.uplugin" 110
"../../../Engine/Plugins/Runtime/ModelViewViewModel/ModelViewViewModel.uplugin" 111
"../../../Engine/Plugins/Runtime/MobilePatchingUtils/MobilePatchingUtils.uplugin" 112
"../../../Engine/Plugins/Runtime/MultiServerReplication/MultiServerReplication.uplugin" 113
"../../../Engine/Plugins/Runtime/MsQuic/MsQuic.uplugin" 114
"../../../Engine/Plugins/Runtime/nDisplay/nDisplay.uplugin" 115
"../../../Engine/Plugins/Runtime/MusicEnvironment/MusicEnvironment.uplugin" 116
"../../../Engine/Plugins/Runtime/NavCorridor/NavCorridor.uplugin" 117
"../../../Engine/Plugins/Runtime/NetworkPrediction/NetworkPrediction.uplugin" 118
"../../../Engine/Plugins/Runtime/NetworkPredictionExtras/NetworkPredictionExtras.uplugin" 119
"../../../Engine/Plugins/Runtime/NetworkPredictionInsights/NetworkPredictionInsights.uplugin" 120
"../../../Engine/Plugins/Runtime/nDisplayModularFeatures/nDisplayModularFeatures.uplugin" 121
"../../../Engine/Plugins/Runtime/OpenCV/OpenCV.uplugin" 122
"../../../Engine/Plugins/Runtime/OpenXREyeTracker/OpenXREyeTracker.uplugin" 123
"../../../Engine/Plugins/Runtime/OpenXRHandTracking/OpenXRHandTracking.uplugin" 124
"../../../Engine/Plugins/Runtime/OpenXRMsftHandInteraction/OpenXRMsftHandInteraction.uplugin" 125
"../../../Engine/Plugins/Runtime/OpenXRViveTracker/OpenXRViveTracker.uplugin" 126
"../../../Engine/Plugins/Runtime/OSC/OSC.uplugin" 127
"../../../Engine/Plugins/Runtime/OpenXR/OpenXR.uplugin" 128
"../../../Engine/Plugins/Runtime/PreLoadScreenMoviePlayer/PreLoadScreenMoviePlayer.uplugin" 129
"../../../Engine/Plugins/Runtime/PropertyAccess/PropertyAccessEditor.uplugin" 130
"../../../Engine/Plugins/Runtime/ProceduralMeshComponent/ProceduralMeshComponent.uplugin" 131
"../../../Engine/Plugins/Runtime/ModularGameplay/ModularGameplay.uplugin" 132
"../../../Engine/Plugins/Runtime/PropertyBindingUtils/PropertyBindingUtils.uplugin" 133
"../../../Engine/Plugins/Runtime/RenderTrace/RenderTrace.uplugin" 134
"../../../Engine/Plugins/Runtime/ResonanceAudio/ResonanceAudio.uplugin" 135
"../../../Engine/Plugins/Runtime/RigVM/RigVM.uplugin" 136
"../../../Engine/Plugins/Runtime/ReplicationSystemTestPlugin/ReplicationSystemTestPlugin.uplugin" 137
"../../../Engine/Plugins/Runtime/SignificanceManager/SignificanceManager.uplugin" 138
"../../../Engine/Plugins/Runtime/ScriptableToolsFramework/ScriptableToolsFramework.uplugin" 139
"../../../Engine/Plugins/Runtime/SkeletalMerging/SkeletalMerging.uplugin" 140
"../../../Engine/Plugins/Runtime/SmartObjects/SmartObjects.uplugin" 141
"../../../Engine/Plugins/Runtime/SoundCueTemplates/SoundCueTemplates.uplugin" 142
"../../../Engine/Plugins/Runtime/SoundMod/SoundMod.uplugin" 143
"../../../Engine/Plugins/Runtime/SoundFields/SoundFields.uplugin" 144
"../../../Engine/Plugins/Runtime/Soundscape/Soundscape.uplugin" 145
"../../../Engine/Plugins/Runtime/Spatialization/Spatialization.uplugin" 146
"../../../Engine/Plugins/Runtime/StateTree/StateTree.uplugin" 147
"../../../Engine/Plugins/Runtime/SoundUtilities/SoundUtilities.uplugin" 148
"../../../Engine/Plugins/Runtime/Synthesis/Synthesis.uplugin" 149
"../../../Engine/Plugins/Runtime/USDCore/USDCore.uplugin" 150
"../../../Engine/Plugins/Runtime/WarpUtils/WarpUtils.uplugin" 151
"../../../Engine/Plugins/Runtime/ReplicationGraph/ReplicationGraph.uplugin" 152
"../../../Engine/Plugins/Runtime/WebBrowserNativeProxy/WebBrowserNativeProxy.uplugin" 153
"../../../Engine/Plugins/Runtime/SunPosition/SunPosition.uplugin" 154
"../../../Engine/Plugins/Runtime/WebBrowserWidget/WebBrowserWidget.uplugin" 155
"../../../Engine/Plugins/Runtime/WebMMoviePlayer/WebMMoviePlayer.uplugin" 156
"../../../Engine/Plugins/Runtime/WaveTable/WaveTable.uplugin" 157
"../../../Engine/Plugins/Runtime/WindowsMoviePlayer/WindowsMoviePlayer.uplugin" 158
"../../../Engine/Plugins/Runtime/WindowsDeviceProfileSelector/WindowsDeviceProfileSelector.uplugin" 159
"../../../Engine/Plugins/Runtime/WorldConditions/WorldConditions.uplugin" 160
"../../../Engine/Plugins/Runtime/XRBase/XRBase.uplugin" 161
"../../../Engine/Plugins/Runtime/ZoneGraph/ZoneGraph.uplugin" 162
"../../../Engine/Plugins/Runtime/ZoneGraphAnnotations/ZoneGraphAnnotations.uplugin" 163
"../../../Engine/Plugins/VirtualProduction/ActorModifier/ActorModifier.uplugin" 164
"../../../Engine/Plugins/VirtualProduction/ActorModifierCore/ActorModifierCore.uplugin" 165
"../../../Engine/Plugins/VirtualProduction/Avalanche/Avalanche.uplugin" 166
"../../../Engine/Plugins/VirtualProduction/AvalancheDataLink/AvalancheDataLink.uplugin" 167
"../../../Engine/Plugins/VirtualProduction/CameraCalibration/CameraCalibration.uplugin" 168
"../../../Engine/Plugins/VirtualProduction/CameraCalibrationCore/CameraCalibrationCore.uplugin" 169
"../../../Engine/Plugins/VirtualProduction/CameraCalibrationML/CameraCalibrationML.uplugin" 170
"../../../Engine/Plugins/VirtualProduction/CinematicAssemblyTools/CinematicAssemblyTools.uplugin" 171
"../../../Engine/Plugins/VirtualProduction/CaptureData/CaptureData.uplugin" 172
"../../../Engine/Plugins/VirtualProduction/ClonerEffector/ClonerEffector.uplugin" 173
"../../../Engine/Plugins/VirtualProduction/CompositePlane/CompositePlane.uplugin" 174
"../../../Engine/Plugins/VirtualProduction/CustomDetailsView/CustomDetailsView.uplugin" 175
"../../../Engine/Plugins/VirtualProduction/DataCharts/DataCharts.uplugin" 176
"../../../Engine/Plugins/VirtualProduction/DataLink/DataLink.uplugin" 177
"../../../Engine/Plugins/VirtualProduction/DynamicMaterial/DynamicMaterial.uplugin" 178
"../../../Engine/Plugins/VirtualProduction/DataLinkOAuth/DataLinkOAuth.uplugin" 179
"../../../Engine/Plugins/VirtualProduction/EpicStageApp/EpicStageApp.uplugin" 180
"../../../Engine/Plugins/VirtualProduction/GeometryMask/GeometryMask.uplugin" 181
"../../../Engine/Plugins/VirtualProduction/ICVFXTesting/ICVFXTesting.uplugin" 182
"../../../Engine/Plugins/VirtualProduction/LensComponent/LensComponent.uplugin" 183
"../../../Engine/Plugins/VirtualProduction/ICVFX/ICVFX.uplugin" 184
"../../../Engine/Plugins/VirtualProduction/LevelSnapshots/LevelSnapshots.uplugin" 185
"../../../Engine/Plugins/VirtualProduction/LiveLinkCamera/LiveLinkCamera.uplugin" 186
"../../../Engine/Plugins/VirtualProduction/LiveLinkFreeD/LiveLinkFreeD.uplugin" 187
"../../../Engine/Plugins/VirtualProduction/LiveLinkLens/LiveLinkLens.uplugin" 188
"../../../Engine/Plugins/VirtualProduction/LiveLinkInputDevice/LiveLinkInputDevice.uplugin" 189
"../../../Engine/Plugins/VirtualProduction/LiveLinkMasterLockit/LiveLinkMasterLockit.uplugin" 190
"../../../Engine/Plugins/VirtualProduction/LiveLinkOpenTrackIO/LiveLinkOpenTrackIO.uplugin" 191
"../../../Engine/Plugins/VirtualProduction/LiveLinkPrestonMDR/LiveLinkPrestonMDR.uplugin" 192
"../../../Engine/Plugins/VirtualProduction/LiveLinkXR/LiveLinkXR.uplugin" 193
"../../../Engine/Plugins/VirtualProduction/LiveLinkVRPN/LiveLinkVRPN.uplugin" 194
"../../../Engine/Plugins/VirtualProduction/MultiUserTakes/MultiUserTakes.uplugin" 195
"../../../Engine/Plugins/VirtualProduction/OperatorStack/OperatorStack.uplugin" 196
"../../../Engine/Plugins/VirtualProduction/PerformanceCaptureWorkflow/PerformanceCaptureWorkflow.uplugin" 197
"../../../Engine/Plugins/VirtualProduction/PropertyAnimator/PropertyAnimator.uplugin" 198
"../../../Engine/Plugins/VirtualProduction/RemoteControl/RemoteControl.uplugin" 199
"../../../Engine/Plugins/VirtualProduction/RemoteControlProtocolDMX/RemoteControlProtocolDMX.uplugin" 200
"../../../Engine/Plugins/VirtualProduction/RemoteControlProtocolMIDI/RemoteControlProtocolMIDI.uplugin" 201
"../../../Engine/Plugins/VirtualProduction/RemoteControlInterception/RemoteControlInterception.uplugin" 202
"../../../Engine/Plugins/VirtualProduction/RemoteControlProtocolOSC/RemoteControlProtocolOSC.uplugin" 203
"../../../Engine/Plugins/VirtualProduction/RemoteControlWebInterface/RemoteControlWebInterface.uplugin" 204
"../../../Engine/Plugins/VirtualProduction/SceneState/SceneState.uplugin" 205
"../../../Engine/Plugins/VirtualProduction/SceneStateDataLink/SceneStateDataLink.uplugin" 206
"../../../Engine/Plugins/VirtualProduction/SequencerPlaylists/SequencerPlaylists.uplugin" 207
"../../../Engine/Plugins/VirtualProduction/PropertyAnimatorCore/PropertyAnimatorCore.uplugin" 208
"../../../Engine/Plugins/VirtualProduction/StageMonitoring/StageMonitoring.uplugin" 209
"../../../Engine/Plugins/VirtualProduction/StormSync/StormSync.uplugin" 210
"../../../Engine/Plugins/VirtualProduction/StormSyncAvalancheBridge/StormSyncAvalancheBridge.uplugin" 211
"../../../Engine/Plugins/VirtualProduction/SVGImporter/SVGImporter.uplugin" 212
"../../../Engine/Plugins/VirtualProduction/Switchboard/Switchboard.uplugin" 213
"../../../Engine/Plugins/VirtualProduction/TextureShare/TextureShare.uplugin" 214
"../../../Engine/Plugins/VirtualProduction/TimedDataMonitor/TimedDataMonitor.uplugin" 215
"../../../Engine/Plugins/VirtualProduction/Takes/Takes.uplugin" 216
"../../../Engine/Plugins/VirtualProduction/Text3D/Text3D.uplugin" 217
"../../../Engine/Plugins/VirtualProduction/VirtualCamera/VirtualCamera.uplugin" 218
"../../../Engine/Plugins/VirtualProduction/VirtualScouting/VirtualScouting.uplugin" 219
"../../../Engine/Plugins/VirtualProduction/VirtualCameraCore/VirtualCameraCore.uplugin" 220
"../../../Engine/Plugins/Web/HttpBlueprint/HttpBlueprint.uplugin" 221
"../../../Engine/Plugins/2D/Paper2D/Paper2D.uplugin" 222
"../../../Engine/Plugins/AI/AISupport/AISupport.uplugin" 223
"../../../Engine/Plugins/AI/EnvironmentQueryEditor/EnvironmentQueryEditor.uplugin" 224
"../../../Engine/Plugins/AI/HTNPlanner/HTNPlanner.uplugin" 225
"../../../Engine/Plugins/AI/MassAI/MassAI.uplugin" 226
"../../../Engine/Plugins/AI/MassCrowd/MassCrowd.uplugin" 227
"../../../Engine/Plugins/AI/MLAdapter/MLAdapter.uplugin" 228
"../../../Engine/Plugins/Animation/ACLPlugin/ACLPlugin.uplugin" 229
"../../../Engine/Plugins/Animation/AnimationData/AnimationData.uplugin" 230
"../../../Engine/Plugins/Animation/AnimationLocomotionLibrary/AnimationLocomotionLibrary.uplugin" 231
"../../../Engine/Plugins/Animation/AnimationModifierLibrary/AnimationModifierLibrary.uplugin" 232
"../../../Engine/Plugins/Animation/AnimationWarping/AnimationWarping.uplugin" 233
"../../../Engine/Plugins/Animation/AnimatorKit/AnimatorKit.uplugin" 234
"../../../Engine/Plugins/Animation/BlendSpaceMotionAnalysis/BlendSpaceMotionAnalysis.uplugin" 235
"../../../Engine/Plugins/Animation/BlendStack/BlendStack.uplugin" 236
"../../../Engine/Plugins/Animation/ControlRig/ControlRig.uplugin" 237
"../../../Engine/Plugins/Animation/ControlRigModules/ControlRigModules.uplugin" 238
"../../../Engine/Plugins/Animation/DeformerGraph/DeformerGraph.uplugin" 239
"../../../Engine/Plugins/Animation/DNACalib/DNACalib.uplugin" 240
"../../../Engine/Plugins/Animation/EaseCurveTool/EaseCurveTool.uplugin" 241
"../../../Engine/Plugins/Animation/GeneSplicer/GeneSplicer.uplugin" 242
"../../../Engine/Plugins/Animation/GameplayInsights/GameplayInsights.uplugin" 243
"../../../Engine/Plugins/Animation/ControlRigSpline/ControlRigSpline.uplugin" 244
"../../../Engine/Plugins/Animation/IKRig/IKRig.uplugin" 245
"../../../Engine/Plugins/Animation/LiveLink/LiveLink.uplugin" 246
"../../../Engine/Plugins/Animation/LiveLinkHub/LiveLinkHub.uplugin" 247
"../../../Engine/Plugins/Animation/LiveLinkUnrealDevice/LiveLinkUnrealDevice.uplugin" 248
"../../../Engine/Plugins/Animation/LiveLinkExampleDevice/LiveLinkExampleDevice.uplugin" 249
"../../../Engine/Plugins/Animation/MotionWarping/MotionWarping.uplugin" 250
"../../../Engine/Plugins/Animation/PerformanceCaptureCore/PerformanceCaptureCore.uplugin" 251
"../../../Engine/Plugins/Animation/PoseSearch/PoseSearch.uplugin" 252
"../../../Engine/Plugins/Animation/RigLogic/RigLogic.uplugin" 253
"../../../Engine/Plugins/Animation/LiveLinkCurveDebugUI/LiveLinkCurveDebugUI.uplugin" 254
"../../../Engine/Plugins/Cameras/GameplayCameras/GameplayCameras.uplugin" 255
"../../../Engine/Plugins/Compositing/Composite/Composite.uplugin" 256
"../../../Engine/Plugins/Compositing/CompositeCore/CompositeCore.uplugin" 257
"../../../Engine/Plugins/Animation/SkeletalMeshModelingTools/SkeletalMeshModelingTools.uplugin" 258
"../../../Engine/Plugins/Compositing/Composure/Composure.uplugin" 259
"../../../Engine/Plugins/Compositing/LensDistortion/LensDistortion.uplugin" 260
"../../../Engine/Plugins/Compositing/HoldoutComposite/HoldoutComposite.uplugin" 261
"../../../Engine/Plugins/Compositing/OpenColorIO/OpenColorIO.uplugin" 262
"../../../Engine/Plugins/Compositing/OpenCVLensDistortion/OpenCVLensDistortion.uplugin" 263
"../../../Engine/Plugins/Animation/LiveLinkDevice/LiveLinkDevice.uplugin" 264
"../../../Engine/Plugins/Developer/AnimationSharing/AnimationSharing.uplugin" 265
"../../../Engine/Plugins/Cameras/EngineCameras/EngineCameras.uplugin" 266
"../../../Engine/Plugins/Developer/CLionSourceCodeAccess/CLionSourceCodeAccess.uplugin" 267
"../../../Engine/Plugins/Compression/OodleNetwork/OodleNetwork.uplugin" 268
"../../../Engine/Plugins/Developer/CodeLiteSourceCodeAccess/CodeLiteSourceCodeAccess.uplugin" 269
"../../../Engine/Plugins/Developer/DirectoryPlaceholder/DirectoryPlaceholder.uplugin" 270
"../../../Engine/Plugins/Developer/DumpGPUServices/DumpGPUServices.uplugin" 271
"../../../Engine/Plugins/Developer/FieldNotificationTrace/FieldNotificationTrace.uplugin" 272
"../../../Engine/Plugins/Animation/TweeningUtils/TweeningUtils.uplugin" 273
"../../../Engine/Plugins/Developer/GPUReshape/GPUReshape.uplugin" 274
"../../../Engine/Plugins/Developer/NamingTokens/NamingTokens.uplugin" 275
"../../../Engine/Plugins/Developer/KDevelopSourceCodeAccess/KDevelopSourceCodeAccess.uplugin" 276
"../../../Engine/Plugins/Developer/N10XSourceCodeAccess/N10XSourceCodeAccess.uplugin" 277
"../../../Engine/Plugins/Developer/NullSourceCodeAccess/NullSourceCodeAccess.uplugin" 278
"../../../Engine/Plugins/Developer/GitSourceControl/GitSourceControl.uplugin" 279
"../../../Engine/Plugins/Developer/OneSkyLocalizationService/OneSkyLocalizationService.uplugin" 280
"../../../Engine/Plugins/Runtime/OptionalMobileFeaturesBPLibrary/OptionalMobileFeaturesBPLibrary.uplugin" 281
"../../../Engine/Plugins/Developer/PixWinPlugin/PixWinPlugin.uplugin" 282
"../../../Engine/Plugins/Developer/PluginUtils/PluginUtils.uplugin" 283
"../../../Engine/Plugins/Developer/ProjectLauncher/ProjectLauncher.uplugin" 284
"../../../Engine/Plugins/Developer/PropertyAccessNode/PropertyAccessNode.uplugin" 285
"../../../Engine/Plugins/Developer/RiderSourceCodeAccess/RiderSourceCodeAccess.uplugin" 286
"../../../Engine/Plugins/Developer/SubversionSourceControl/SubversionSourceControl.uplugin" 287
"../../../Engine/Plugins/Developer/PerforceSourceControl/PerforceSourceControl.uplugin" 288
"../../../Engine/Plugins/Developer/TextureFormatOodle/TextureFormatOodle.uplugin" 289
"../../../Engine/Plugins/Developer/RenderDocPlugin/RenderDocPlugin.uplugin" 290
"../../../Engine/Plugins/Developer/UObjectPlugin/UObjectPlugin.uplugin" 291
"../../../Engine/Plugins/Developer/TraceSourceFiltering/TraceSourceFilters.uplugin" 292
"../../../Engine/Plugins/Developer/VisualStudioSourceCodeAccess/VisualStudioSourceCodeAccess.uplugin" 293
"../../../Engine/Plugins/Developer/XcodeGPUDebuggerPlugin/XcodeGPUDebuggerPlugin.uplugin" 294
"../../../Engine/Plugins/Developer/XCodeSourceCodeAccess/XCodeSourceCodeAccess.uplugin" 295
"../../../Engine/Plugins/Developer/VisualStudioCodeSourceCodeAccess/VisualStudioCodeSourceCodeAccess.uplugin" 296
"../../../Engine/Plugins/Developer/BlankPlugin/BlankPlugin.uplugin" 297
"../../../Engine/Plugins/Editor/AssetReferenceRestrictions/AssetReferenceRestrictions.uplugin" 298
"../../../Engine/Plugins/Editor/AssetManagerEditor/AssetManagerEditor.uplugin" 299
"../../../Engine/Plugins/Editor/AssetRegistryExport/AssetRegistryExport.uplugin" 300
"../../../Engine/Plugins/Editor/BlueprintHeaderView/BlueprintHeaderView.uplugin" 301
"../../../Engine/Plugins/Developer/PlasticSourceControl/PlasticSourceControl.uplugin" 302
"../../../Engine/Plugins/Cameras/CameraShakePreviewer/CameraShakePreviewer.uplugin" 303
"../../../Engine/Plugins/Editor/AssetSearch/AssetSearch.uplugin" 304
"../../../Engine/Plugins/Editor/ChangelistReview/ChangelistReview.uplugin" 305
"../../../Engine/Plugins/Editor/ConsoleVariablesEditor/ConsoleVariables.uplugin" 306
"../../../Engine/Plugins/VirtualProduction/AvalancheSceneState/AvalancheSceneState.uplugin" 307
"../../../Engine/Plugins/Editor/ColorGrading/ColorGrading.uplugin" 308
"../../../Engine/Plugins/Editor/CryptoKeys/CryptoKeys.uplugin" 309
"../../../Engine/Plugins/Editor/CurveEditorTools/CurveEditorTools.uplugin" 310
"../../../Engine/Plugins/Editor/DataValidation/DataValidation.uplugin" 311
"../../../Engine/Plugins/Editor/DisplayClusterLaunch/DisplayClusterLaunch.uplugin" 312
"../../../Engine/Plugins/Editor/EditorDebugTools/EditorDebugTools.uplugin" 313
"../../../Engine/Plugins/Editor/EditorScriptingUtilities/EditorScriptingUtilities.uplugin" 314
"../../../Engine/Plugins/Editor/EditorSysConfigAssistant/EditorSysConfigAssistant.uplugin" 315
"../../../Engine/Plugins/Editor/EngineAssetDefinitions/EngineAssetDefinitions.uplugin" 316
"../../../Engine/Plugins/Editor/FacialAnimation/FacialAnimation.uplugin" 317
"../../../Engine/Plugins/Editor/GameplayTagsEditor/GameplayTagsEditor.uplugin" 318
"../../../Engine/Plugins/Editor/GeometryMode/GeometryMode.uplugin" 319
"../../../Engine/Plugins/Editor/GuidedTutorials/GuidedTutorials.uplugin" 320
"../../../Engine/Plugins/Editor/LiveUpdateForSlate/LiveUpdateForSlate.uplugin" 321
"../../../Engine/Plugins/Editor/MakeCookedEditorAsDLC/MakeCookedEditorAsDLC.uplugin" 322
"../../../Engine/Plugins/Editor/MacGraphicsSwitching/MacGraphicsSwitching.uplugin" 323
"../../../Engine/Plugins/Editor/MeshLODToolset/MeshLODToolset.uplugin" 324
"../../../Engine/Plugins/Editor/MaterialAnalyzer/MaterialAnalyzer.uplugin" 325
"../../../Engine/Plugins/Editor/LandscapePatch/LandscapePatch.uplugin" 326
"../../../Engine/Plugins/Editor/MobileLauncherProfileWizard/MobileLauncherProfileWizard.uplugin" 327
"../../../Engine/Plugins/Editor/ModelingToolsEditorMode/ModelingToolsEditorMode.uplugin" 328
"../../../Engine/Plugins/Editor/PluginBrowser/PluginBrowser.uplugin" 329
"../../../Engine/Plugins/Editor/ModelViewViewModelPreview/ModelViewViewModelPreview.uplugin" 330
"../../../Engine/Plugins/Editor/ProxyLODPlugin/ProxyLODPlugin.uplugin" 331
"../../../Engine/Plugins/Editor/SampleToolsEditorMode/SampleToolsEditorMode.uplugin" 332
"../../../Engine/Plugins/Editor/ScriptableToolsEditorMode/ScriptableToolsEditorMode.uplugin" 333
"../../../Engine/Plugins/Editor/BlueprintMaterialTextureNodes/BlueprintMaterialTextureNodes.uplugin" 334
"../../../Engine/Plugins/Editor/SequencerAnimTools/SequencerAnimTools.uplugin" 335
"../../../Engine/Plugins/Editor/SpeedTreeImporter/SpeedTreeImporter.uplugin" 336
"../../../Engine/Plugins/Editor/StaticMeshEditorModeling/StaticMeshEditorModeling.uplugin" 337
"../../../Engine/Plugins/Editor/UMGWidgetPreview/UMGWidgetPreview.uplugin" 338
"../../../Engine/Plugins/Editor/WaveformEditor/WaveformEditor.uplugin" 339
"../../../Engine/Plugins/Enterprise/AxFImporter/AxFImporter.uplugin" 340
"../../../Engine/Plugins/Editor/WorldPartitionHLODUtilities/WorldPartitionHLODUtilities.uplugin" 341
"../../../Engine/Plugins/Enterprise/DataprepEditor/DataprepEditor.uplugin" 342
"../../../Engine/Plugins/Enterprise/DatasmithC4DImporter/DatasmithC4DImporter.uplugin" 343
"../../../Engine/Plugins/Editor/UVEditor/UVEditor.uplugin" 344
"../../../Engine/Plugins/Enterprise/DatasmithContent/DatasmithContent.uplugin" 345
"../../../Engine/Plugins/Enterprise/DatasmithCADImporter/DatasmithCADImporter.uplugin" 346
"../../../Engine/Plugins/Enterprise/DatasmithFBXImporter/DatasmithFBXImporter.uplugin" 347
"../../../Engine/Plugins/Enterprise/DatasmithImporter/DatasmithImporter.uplugin" 348
"../../../Engine/Plugins/Enterprise/GLTFExporter/GLTFExporter.uplugin" 349
"../../../Engine/Plugins/Enterprise/MDLImporter/MDLImporter.uplugin" 350
"../../../Engine/Plugins/Enterprise/VariantManagerContent/VariantManagerContent.uplugin" 351
"../../../Engine/Plugins/Experimental/ActorPalette/ActorPalette.uplugin" 352
"../../../Engine/Plugins/Experimental/AdvancedRenamer/AdvancedRenamer.uplugin" 353
"../../../Engine/Plugins/Experimental/AbilitySystemGameFeatureActions/AbilitySystemGameFeatureActions.uplugin" 354
"../../../Engine/Plugins/Experimental/AIAssistant/AIAssistant.uplugin" 355
"../../../Engine/Plugins/Enterprise/VariantManager/VariantManager.uplugin" 356
"../../../Engine/Plugins/Experimental/AnimToTexture/AnimToTexture.uplugin" 357
"../../../Engine/Plugins/Experimental/AsyncMessageSystem/AsyncMessageSystem.uplugin" 358
"../../../Engine/Plugins/Enterprise/LidarPointCloud/LidarPointCloud.uplugin" 359
"../../../Engine/Plugins/Experimental/AvalancheDisplayCluster/AvalancheDisplayCluster.uplugin" 360
"../../../Engine/Plugins/Experimental/AsyncMessageSystemTests/AsyncMessageSystemTests.uplugin" 361
"../../../Engine/Plugins/Experimental/AvalancheSequenceNavigator/AvalancheSequenceNavigator.uplugin" 362
"../../../Engine/Plugins/Experimental/BlueprintSnapNodes/BlueprintSnapNodes.uplugin" 363
"../../../Engine/Plugins/Experimental/Buoyancy/Buoyancy.uplugin" 364
"../../../Engine/Plugins/Experimental/BackChannel/BackChannel.uplugin" 365
"../../../Engine/Plugins/Experimental/BlueprintStats/BlueprintStats.uplugin" 366
"../../../Engine/Plugins/Experimental/CelestialVault/CelestialVault.uplugin" 367
"../../../Engine/Plugins/Experimental/AutomationUtils/AutomationUtils.uplugin" 368
"../../../Engine/Plugins/Editor/StylusInput/StylusInput.uplugin" 369
"../../../Engine/Plugins/Experimental/ChaosClothEditor/ChaosClothEditor.uplugin" 370
"../../../Engine/Plugins/Experimental/ChaosCaching/ChaosCaching.uplugin" 371
"../../../Engine/Plugins/Experimental/ChaosEditor/ChaosEditor.uplugin" 372
"../../../Engine/Plugins/Experimental/ChaosModularVehicle/ChaosModularVehicle.uplugin" 373
"../../../Engine/Plugins/Experimental/ChaosFlesh/ChaosFlesh.uplugin" 374
"../../../Engine/Plugins/Experimental/ChaosModularVehicleExamples/ChaosModularVehicleExamples.uplugin" 375
"../../../Engine/Plugins/Experimental/ChaosMover/ChaosMover.uplugin" 376
"../../../Engine/Plugins/Experimental/ChaosNiagara/ChaosNiagara.uplugin" 377
"../../../Engine/Plugins/Experimental/ChaosRigidAsset/ChaosRigidAsset.uplugin" 378
"../../../Engine/Plugins/Experimental/ChaosUserDataPT/ChaosUserDataPT.uplugin" 379
"../../../Engine/Plugins/Experimental/ChaosVehiclesPlugin/ChaosVehiclesPlugin.uplugin" 380
"../../../Engine/Plugins/Experimental/ChaosCachingUSD/ChaosCachingUSD.uplugin" 381
"../../../Engine/Plugins/Experimental/CharacterAI/CharacterAI.uplugin" 382
"../../../Engine/Plugins/Experimental/ChaosOutfitAsset/ChaosOutfitAsset.uplugin" 383
"../../../Engine/Plugins/Experimental/ChaosSolverPlugin/ChaosSolverPlugin.uplugin" 384
"../../../Engine/Plugins/Experimental/CineCameraRigs/CineCameraRigs.uplugin" 385
"../../../Engine/Plugins/Experimental/CineCameraSceneCapture/CineCameraSceneCapture.uplugin" 386
"../../../Engine/Plugins/Experimental/CinematicPrestreaming/CinematicPrestreaming.uplugin" 387
"../../../Engine/Plugins/Experimental/CinematicSequenceNavigator/CinematicSequenceNavigator.uplugin" 388
"../../../Engine/Plugins/Experimental/CodeEditor/CodeEditor.uplugin" 389
"../../../Engine/Plugins/Experimental/CodeView/CodeView.uplugin" 390
"../../../Engine/Plugins/Experimental/ColorCorrectRegions/ColorCorrectRegions.uplugin" 391
"../../../Engine/Plugins/Experimental/ControlRigPhysics/ControlRigPhysics.uplugin" 392
"../../../Engine/Plugins/Experimental/Dataflow/Dataflow.uplugin" 393
"../../../Engine/Plugins/Experimental/ControlFlows/ControlFlows.uplugin" 394
"../../../Engine/Plugins/Experimental/DefaultInstallBundleManager/DefaultInstallBundleManager.uplugin" 395
"../../../Engine/Plugins/Experimental/DaySequence/DaySequence.uplugin" 396
"../../../Engine/Plugins/Experimental/DrawDebugLibrary/DrawDebugLibrary.uplugin" 397
"../../../Engine/Plugins/Experimental/EditorDataStorage/EditorDataStorage.uplugin" 398
"../../../Engine/Plugins/Experimental/DynamicMaterialMediaStreamBridge/DynamicMaterialMediaStreamBridge.uplugin" 399
"../../../Engine/Plugins/Experimental/EditorDataStorageFeatures/EditorDataStorageFeatures.uplugin" 400
"../../../Engine/Plugins/Experimental/CommonConversation/CommonConversation.uplugin" 401
"../../../Engine/Plugins/Experimental/DynamicWind/DynamicWind.uplugin" 402
"../../../Engine/Plugins/Experimental/EditorPerformance/EditorPerformance.uplugin" 403
"../../../Engine/Plugins/Experimental/EditorTelemetry/EditorTelemetry.uplugin" 404
"../../../Engine/Plugins/Experimental/EvaluationNotifies/EvaluationNotifies.uplugin" 405
"../../../Engine/Plugins/Experimental/FastGeoStreaming/FastGeoStreaming.uplugin" 406
"../../../Engine/Plugins/Experimental/FieldSystemPlugin/FieldSystemPlugin.uplugin" 407
"../../../Engine/Plugins/Experimental/GameInputWindows/GameInputWindows.uplugin" 408
"../../../Engine/Plugins/Experimental/FloatingProperties/FloatingProperties.uplugin" 409
"../../../Engine/Plugins/Experimental/Fracture/Fracture.uplugin" 410
"../../../Engine/Plugins/Experimental/FullBodyIK/FullBodyIK.uplugin" 411
"../../../Engine/Plugins/Experimental/GameplayBehaviors/GameplayBehaviors.uplugin" 412
"../../../Engine/Plugins/Experimental/Gauntlet/Gauntlet.uplugin" 413
"../../../Engine/Plugins/Experimental/GeometryCacheAbcFile/GeometryCacheAbcFile.uplugin" 414
"../../../Engine/Plugins/Experimental/GameplayGraph/GameplayGraph.uplugin" 415
"../../../Engine/Plugins/Experimental/GeometryCacheLevelSequenceBaker/GeometryCacheLevelSequenceBaker.uplugin" 416
"../../../Engine/Plugins/Experimental/GeometryCollectionPlugin/GeometryCollectionPlugin.uplugin" 417
"../../../Engine/Plugins/Experimental/GameplayTargetingSystem/TargetingSystem.uplugin" 418
"../../../Engine/Plugins/Experimental/GeometryFlow/GeometryFlow.uplugin" 419
"../../../Engine/Plugins/Experimental/GizmoFramework/GizmoFramework.uplugin" 420
"../../../Engine/Plugins/Experimental/GPULightmass/GPULightmass.uplugin" 421
"../../../Engine/Plugins/Experimental/HairCardGenerator/HairCardGenerator.uplugin" 422
"../../../Engine/Plugins/Experimental/HairModelingToolset/HairModelingToolset.uplugin" 423
"../../../Engine/Plugins/Experimental/HairStrandsMutable/HairStrandsMutable.uplugin" 424
"../../../Engine/Plugins/Experimental/GlobalConfigurationData/GlobalConfigurationData.uplugin" 425
"../../../Engine/Plugins/Experimental/GizmoEdMode/GizmoEdMode.uplugin" 426
"../../../Engine/Plugins/Experimental/ImageWidgets/ImageWidgets.uplugin" 427
"../../../Engine/Plugins/Experimental/ImpostorBaker/ImpostorBaker.uplugin" 428
"../../../Engine/Plugins/Experimental/InEditorDocumentation/InEditorDocumentation.uplugin" 429
"../../../Engine/Plugins/Experimental/InstanceDataObjectFixupTool/InstanceDataObjectFixupTool.uplugin" 430
"../../../Engine/Plugins/Experimental/InlineMaterialInstance/InlineMaterialInstance.uplugin" 431
"../../../Engine/Plugins/Experimental/InteractionInterface/InteractionInterface.uplugin" 432
"../../../Engine/Plugins/Experimental/Iris/Iris.uplugin" 433
"../../../Engine/Plugins/Experimental/JWT/JWT.uplugin" 434
"../../../Engine/Plugins/Experimental/Landmass/Landmass.uplugin" 435
"../../../Engine/Plugins/Experimental/LearningAgents/LearningAgents.uplugin" 436
"../../../Engine/Plugins/Experimental/LevelSequenceNavigatorBridge/LevelSequenceNavigatorBridge.uplugin" 437
"../../../Engine/Plugins/Experimental/LiveLinkControlRig/LiveLinkControlRig.uplugin" 438
"../../../Engine/Plugins/Experimental/LiveLinkOpenVR/LiveLinkOpenVR.uplugin" 439
"../../../Engine/Plugins/Experimental/LiveLinkFaceImporter/LiveLinkFaceImporter.uplugin" 440
"../../../Engine/Plugins/Experimental/LocalizableMessage/LocalizableMessage.uplugin" 441
"../../../Engine/Plugins/Experimental/LowLevelNetTrace/LowLevelNetTrace.uplugin" 442
"../../../Engine/Plugins/Experimental/MediaStream/MediaStream.uplugin" 443
"../../../Engine/Plugins/Experimental/MeshResizing/MeshResizing.uplugin" 444
"../../../Engine/Plugins/Experimental/MeshModelingToolsetExp/MeshModelingToolsetExp.uplugin" 445
"../../../Engine/Plugins/Experimental/MLflow/MLflow.uplugin" 446
"../../../Engine/Plugins/Experimental/MetasoundExperimental/MetasoundExperimental.uplugin" 447
"../../../Engine/Plugins/Experimental/MotorSimOutputMotoSynth/MotorSimOutputMotoSynth.uplugin" 448
"../../../Engine/Plugins/Experimental/MotoSynth/MotoSynth.uplugin" 449
"../../../Engine/Plugins/Experimental/Mover/Mover.uplugin" 450
"../../../Engine/Plugins/Experimental/MoverAnimNext/MoverAnimNext.uplugin" 451
"../../../Engine/Plugins/Experimental/MoverExamples/MoverExamples.uplugin" 452
"../../../Engine/Plugins/Experimental/MoverIntegrations/MoverIntegrations.uplugin" 453
"../../../Engine/Plugins/Experimental/MoverTests/MoverTests.uplugin" 454
"../../../Engine/Plugins/Experimental/MovieSceneAnimMixer/MovieSceneAnimMixer.uplugin" 455
"../../../Engine/Plugins/Experimental/MovieScenePoseSearchTracks/MovieScenePoseSearchTracks.uplugin" 456
"../../../Engine/Plugins/Experimental/MutableClothing/MutableClothing.uplugin" 457
"../../../Engine/Plugins/Experimental/MutableDataflow/MutableDataflow.uplugin" 458
"../../../Engine/Plugins/Experimental/MutablePopulation/MutablePopulation.uplugin" 459
"../../../Engine/Plugins/Experimental/NaniteAssemblyEditorUtils/NaniteAssemblyEditorUtils.uplugin" 460
"../../../Engine/Plugins/Experimental/NaniteDisplacedMesh/NaniteDisplacedMesh.uplugin" 461
"../../../Engine/Plugins/Experimental/NeuralRendering/NeuralRendering.uplugin" 462
"../../../Engine/Plugins/Experimental/NNERuntimeBasicCpu/NNERuntimeBasicCpu.uplugin" 463
"../../../Engine/Plugins/Experimental/NNERuntimeCoreML/NNERuntimeCoreML.uplugin" 464
"../../../Engine/Plugins/Experimental/NNERuntimeIREE/NNERuntimeIREE.uplugin" 465
"../../../Engine/Plugins/Experimental/NNERuntimeRDG/NNERuntimeRDG.uplugin" 466
"../../../Engine/Plugins/Experimental/NFORDenoise/NFORDenoise.uplugin" 467
"../../../Engine/Plugins/Experimental/OpenImageDenoise/OpenImageDenoise.uplugin" 468
"../../../Engine/Plugins/Experimental/OptiXDenoise/OptiXDenoise.uplugin" 469
"../../../Engine/Plugins/Experimental/PanoramicCapture/PanoramicCapture.uplugin" 470
"../../../Engine/Plugins/Experimental/PCGBiomeCore/PCGBiomeCore.uplugin" 471
"../../../Engine/Plugins/Experimental/PCGBiomeSample/PCGBiomeSample.uplugin" 472
"../../../Engine/Plugins/Experimental/PixelStreamingPlayer/PixelStreamingPlayer.uplugin" 473
"../../../Engine/Plugins/Experimental/PhysicsControl/PhysicsControl.uplugin" 474
"../../../Engine/Plugins/Experimental/PlainPropsUObject/PlainPropsUObject.uplugin" 475
"../../../Engine/Plugins/Experimental/PlanarCutPlugin/PlanarCut.uplugin" 476
"../../../Engine/Plugins/Experimental/PlatformCrypto/PlatformCrypto.uplugin" 477
"../../../Engine/Plugins/Experimental/PlainProps/PlainProps.uplugin" 478
"../../../Engine/Plugins/Experimental/PluginAudit/PluginAudit.uplugin" 479
"../../../Engine/Plugins/Experimental/PluginReferenceViewer/PluginReferenceViewer.uplugin" 480
"../../../Engine/Plugins/Experimental/PostProcessMaterialChainGraph/PostProcessMaterialChainGraph.uplugin" 481
"../../../Engine/Plugins/Experimental/ProceduralVegetationEditor/ProceduralVegetationEditor.uplugin" 482
"../../../Engine/Plugins/Experimental/PSDImporter/PSDImporter.uplugin" 483
"../../../Engine/Plugins/Experimental/PSDImporterMaterialDesignerBridge/PSDImporterMaterialDesignerBridge.uplugin" 484
"../../../Engine/Plugins/Experimental/PythonFoundationPackages/PythonFoundationPackages.uplugin" 485
"../../../Engine/Plugins/Experimental/PythonMLPackages/PythonMLPackages.uplugin" 486
"../../../Engine/Plugins/Experimental/PythonScriptPlugin/PythonScriptPlugin.uplugin" 487
"../../../Engine/Plugins/Experimental/PluginTemplateTool/PluginTemplateTool.uplugin" 488
"../../../Engine/Plugins/Experimental/RawInput/RawInput.uplugin" 489
"../../../Engine/Plugins/Experimental/RazerChromaDevices/RazerChromaDevices.uplugin" 490
"../../../Engine/Plugins/Experimental/RemoteControlActorModifierBridge/RemoteControlActorModifierBridge.uplugin" 491
"../../../Engine/Plugins/Experimental/RemoteControlComponents/RemoteControlComponents.uplugin" 492
"../../../Engine/Plugins/Experimental/RemoteSession/RemoteSession.uplugin" 493
"../../../Engine/Plugins/Experimental/RenderGrid/RenderGrid.uplugin" 494
"../../../Engine/Plugins/Experimental/RigLogicMutable/RigLogicMutable.uplugin" 495
"../../../Engine/Plugins/Experimental/RigLogicUAF/RigLogicUAF.uplugin" 496
"../../../Engine/Plugins/Experimental/QuicMessaging/QuicMessaging.uplugin" 497
"../../../Engine/Plugins/Experimental/ScreenReader/ScreenReader.uplugin" 498
"../../../Engine/Plugins/Experimental/SecuritySandbox/SecuritySandbox.uplugin" 499
"../../../Engine/Plugins/Experimental/SequenceNavigator/SequenceNavigator.uplugin" 500
"../../../Engine/Plugins/Experimental/RuntimeTelemetry/RuntimeTelemetry.uplugin" 501
"../../../Engine/Plugins/Experimental/SerializationUtils/SerializationUtils.uplugin" 502
"../../../Engine/Plugins/Experimental/SimpleHMD/SimpleHMD.uplugin" 503
"../../../Engine/Plugins/Experimental/SlateIM/SlateIM.uplugin" 504
"../../../Engine/Plugins/Experimental/SkeletalReduction/SkeletalReduction.uplugin" 505
"../../../Engine/Plugins/Experimental/Shotgrid/Shotgrid.uplugin" 506
"../../../Engine/Plugins/Experimental/SlateModelViewViewModel/SlateModelViewViewModel.uplugin" 507
"../../../Engine/Plugins/Experimental/SpatialReadiness/SpatialReadiness.uplugin" 508
"../../../Engine/Plugins/Experimental/StateGraph/StateGraph.uplugin" 509
"../../../Engine/Plugins/Experimental/StructUtils/StructUtils.uplugin" 510
"../../../Engine/Plugins/Experimental/SlateScreenReader/SlateScreenReader.uplugin" 511
"../../../Engine/Plugins/Experimental/GeometryDataflow/GeometryDataflow.uplugin" 512
"../../../Engine/Plugins/Experimental/SubmitToolEditor/SubmitToolEditor.uplugin" 513
"../../../Engine/Plugins/Experimental/SurfaceEffects/SurfaceEffects.uplugin" 514
"../../../Engine/Plugins/Experimental/TargetDeviceServicesScripting/TargetDeviceServicesScripting.uplugin" 515
"../../../Engine/Plugins/Experimental/TechAudioTools/TechAudioTools.uplugin" 516
"../../../Engine/Plugins/Experimental/Tensorboard/Tensorboard.uplugin" 517
"../../../Engine/Plugins/Experimental/TetMeshing/TetMeshing.uplugin" 518
"../../../Engine/Plugins/Experimental/TextToSpeech/TextToSpeech.uplugin" 519
"../../../Engine/Plugins/Experimental/ToolPresets/ToolPresets.uplugin" 520
"../../../Engine/Plugins/Experimental/UIFramework/UIFramework.uplugin" 521
"../../../Engine/Plugins/Experimental/UserToolBoxBasicCommand/UserToolBoxBasicCommand.uplugin" 522
"../../../Engine/Plugins/Experimental/SubtitlesAndClosedCaptions/SubtitlesAndClosedCaptions.uplugin" 523
"../../../Engine/Plugins/Experimental/UserToolBoxCore/UserToolBoxCore.uplugin" 524
"../../../Engine/Plugins/Experimental/VirtualHeightfieldMesh/VirtualHeightfieldMesh.uplugin" 525
"../../../Engine/Plugins/Experimental/VirtualProductionUtilities/VirtualProductionUtilities.uplugin" 526
"../../../Engine/Plugins/Experimental/Volumetrics/Volumetrics.uplugin" 527
"../../../Engine/Plugins/Experimental/Water/Water.uplugin" 528
"../../../Engine/Plugins/Experimental/WaterAdvanced/WaterAdvanced.uplugin" 529
"../../../Engine/Plugins/Experimental/WaterExtras/WaterExtras.uplugin" 530
"../../../Engine/Plugins/Experimental/WaveFunctionCollapse/WaveFunctionCollapse.uplugin" 531
"../../../Engine/Plugins/Experimental/WebSocketMessaging/WebSocketMessaging.uplugin" 532
"../../../Engine/Plugins/Experimental/WebSocketNetworking/WebSocketNetworking.uplugin" 533
"../../../Engine/Plugins/Experimental/Workspace/Workspace.uplugin" 534
"../../../Engine/Plugins/Experimental/WidgetEditorToolPalette/WidgetEditorToolPalette.uplugin" 535
"../../../Engine/Plugins/Experimental/XRCreativeFramework/XRCreativeFramework.uplugin" 536
"../../../Engine/Plugins/FX/Cascade/Cascade.uplugin" 537
"../../../Engine/Plugins/FX/ExampleCustomDataInterface/ExampleCustomDataInterface.uplugin" 538
"../../../Engine/Plugins/FX/NiagaraFluids/NiagaraFluids.uplugin" 539
"../../../Engine/Plugins/FX/Niagara/Niagara.uplugin" 540
"../../../Engine/Plugins/FX/CascadeToNiagaraConverter/CascadeToNiagaraConverter.uplugin" 541
"../../../Engine/Plugins/FX/NiagaraMRQ/NiagaraMRQ.uplugin" 542
"../../../Engine/Plugins/FX/NiagaraNanite/NiagaraNanite.uplugin" 543
"../../../Engine/Plugins/FX/NiagaraSimCaching/NiagaraSimCaching.uplugin" 544
"../../../Engine/Plugins/Interchange/Editor/InterchangeEditor.uplugin" 545
"../../../Engine/Plugins/Interchange/Runtime/Interchange.uplugin" 546
"../../../Engine/Plugins/Interchange/Assets/InterchangeAssets.uplugin" 547
"../../../Engine/Plugins/Media/AjaMedia/AjaMedia.uplugin" 548
"../../../Engine/Plugins/Media/AndroidMedia/AndroidMedia.uplugin" 549
"../../../Engine/Plugins/Media/AndroidCamera/AndroidCamera.uplugin" 550
"../../../Engine/Plugins/Media/AppleProResDecoderElectra/AppleProResDecoderElectra.uplugin" 551
"../../../Engine/Plugins/Media/AppleProResMedia/AppleProResMedia.uplugin" 552
"../../../Engine/Plugins/Media/AudioCaptureTimecodeProvider/AudioCaptureTimecodeProvider.uplugin" 553
"../../../Engine/Plugins/Media/AvfMedia/AvfMedia.uplugin" 554
"../../../Engine/Plugins/Media/AvidDNxHDDecoderElectra/AvidDNxHDDecoderElectra.uplugin" 555
"../../../Engine/Plugins/Media/AvidDNxMedia/AvidDNxMedia.uplugin" 556
"../../../Engine/Plugins/Media/BinkMedia/BinkMedia.uplugin" 557
"../../../Engine/Plugins/Media/D3D12VideoDecodersElectra/D3D12VideoDecodersElectra.uplugin" 558
"../../../Engine/Plugins/Media/ElectraCDM/ElectraCDM.uplugin" 559
"../../../Engine/Plugins/Media/ElectraPlayer/ElectraPlayer.uplugin" 560
"../../../Engine/Plugins/Media/ElectraCodecs/ElectraCodecs.uplugin" 561
"../../../Engine/Plugins/Media/BlackmagicMedia/BlackmagicMedia.uplugin" 562
"../../../Engine/Plugins/Media/ElectraSubtitles/ElectraSubtitles.uplugin" 563
"../../../Engine/Plugins/Media/ElectraUtil/ElectraUtil.uplugin" 564
"../../../Engine/Plugins/Media/FlacDecoderElectra/FlacDecoderElectra.uplugin" 565
"../../../Engine/Plugins/Media/HAPDecoderElectra/HAPDecoderElectra.uplugin" 566
"../../../Engine/Plugins/Media/HAPMedia/HAPMedia.uplugin" 567
"../../../Engine/Plugins/Media/ImgMedia/ImgMedia.uplugin" 568
"../../../Engine/Plugins/Media/HardwareEncoders/HardwareEncoders.uplugin" 569
"../../../Engine/Plugins/Media/LinearTimecode/LinearTimecode.uplugin" 570
"../../../Engine/Plugins/Media/MediaCompositing/MediaCompositing.uplugin" 571
"../../../Engine/Plugins/Media/MediaFrameworkUtilities/MediaFrameworkUtilities.uplugin" 572
"../../../Engine/Plugins/Media/MediaIOFramework/MediaIOFramework.uplugin" 573
"../../../Engine/Plugins/Media/MediaMovieStreamer/MediaMovieStreamer.uplugin" 574
"../../../Engine/Plugins/Media/MediaPlate/MediaPlate.uplugin" 575
"../../../Engine/Plugins/Media/MediaPlayerEditor/MediaPlayerEditor.uplugin" 576
"../../../Engine/Plugins/Media/MediaViewer/MediaViewer.uplugin" 577
"../../../Engine/Plugins/Media/MfMedia/MfMedia.uplugin" 578
"../../../Engine/Plugins/Experimental/ImagePlate/ImagePlate.uplugin" 579
"../../../Engine/Plugins/Media/MJPEGDecoderElectra/MJPEGDecoderElectra.uplugin" 580
"../../../Engine/Plugins/Media/NDIMedia/NDIMedia.uplugin" 581
"../../../Engine/Plugins/Media/OpusDecoderElectra/OpusDecoderElectra.uplugin" 582
"../../../Engine/Plugins/Media/PixelCapture/PixelCapture.uplugin" 583
"../../../Engine/Plugins/Media/PixelStreaming/PixelStreaming.uplugin" 584
"../../../Engine/Plugins/Media/PixelStreaming2/PixelStreaming2.uplugin" 585
"../../../Engine/Plugins/Media/VPxDecoderElectra/VPxDecoderElectra.uplugin" 586
"../../../Engine/Plugins/Media/TimecodeSynchronizer/TimecodeSynchronizer.uplugin" 587
"../../../Engine/Plugins/Media/WmfMedia/WmfMedia.uplugin" 588
"../../../Engine/Plugins/Messaging/MessagingDebugger/MessagingDebugger.uplugin" 589
"../../../Engine/Plugins/Messaging/TcpMessaging/TcpMessaging.uplugin" 590
"../../../Engine/Plugins/MovieScene/ActorSequence/ActorSequence.uplugin" 591
"../../../Engine/Plugins/Messaging/UdpMessaging/UdpMessaging.uplugin" 592
"../../../Engine/Plugins/MovieScene/CustomizableSequencerTracks/CustomizableSequencerTracks.uplugin" 593
"../../../Engine/Plugins/Media/WebMMedia/WebMMedia.uplugin" 594
"../../../Engine/Plugins/MovieScene/LevelSequenceEditor/LevelSequenceEditor.uplugin" 595
"../../../Engine/Plugins/MovieScene/MoviePipelineMaskRenderPass/MoviePipelineMaskRenderPass.uplugin" 596
"../../../Engine/Plugins/MovieScene/MovieRenderPipeline/MovieRenderPipeline.uplugin" 597
"../../../Engine/Plugins/MovieScene/ReplayTracks/ReplayTracks.uplugin" 598
"../../../Engine/Plugins/MovieScene/MovieSceneTextTrack/MovieSceneTextTrack.uplugin" 599
"../../../Engine/Plugins/MovieScene/SequencerScripting/SequencerScripting.uplugin" 600
"../../../Engine/Plugins/NetcodeUnitTest/NetcodeUnitTest/NetcodeUnitTest.uplugin" 601
"../../../Engine/Plugins/NetcodeUnitTest/NUTUnrealEngine/NUTUnrealEngine.uplugin" 602
"../../../Engine/Plugins/MovieScene/SequenceValidator/SequenceValidator.uplugin" 603
"../../../Engine/Plugins/MovieScene/TemplateSequence/TemplateSequence.uplugin" 604
"../../../Engine/Plugins/NNE/NNEDenoiser/NNEDenoiser.uplugin" 605
"../../../Engine/Plugins/NNE/NNERuntimeORT/NNERuntimeORT.uplugin" 606
"../../../Engine/Plugins/Online/EOSShared/EOSShared.uplugin" 607
"../../../Engine/Plugins/Online/EOSOverlayInputProvider/EOSOverlayInputProvider.uplugin" 608
"../../../Engine/Plugins/Online/OnlineBase/OnlineBase.uplugin" 609
"../../../Engine/Plugins/Online/OnlineFrameworkCommon/OnlineFrameworkCommon.uplugin" 610
"../../../Engine/Plugins/Online/OnlineFramework/OnlineFramework.uplugin" 611
"../../../Engine/Plugins/Online/OnlineServicesEOS/OnlineServicesEOS.uplugin" 612
"../../../Engine/Plugins/Online/OnlineServicesEOSGS/OnlineServicesEOSGS.uplugin" 613
"../../../Engine/Plugins/Online/OnlineServicesEpicCommon/OnlineServicesEpicCommon.uplugin" 614
"../../../Engine/Plugins/FX/NiagaraPreviewContent/NiagaraPreviewContent.uplugin" 615
"../../../Engine/Plugins/Online/OnlineServices/OnlineServices.uplugin" 616
"../../../Engine/Plugins/Online/OnlineServicesOSSAdapter/OnlineServicesOSSAdapter.uplugin" 617
"../../../Engine/Plugins/Online/OnlineServicesNull/OnlineServicesNull.uplugin" 618
"../../../Engine/Plugins/Online/OnlineSubsystem/OnlineSubsystem.uplugin" 619
"../../../Engine/Plugins/Online/OnlineSubsystemEOS/OnlineSubsystemEOS.uplugin" 620
"../../../Engine/Plugins/Online/OnlineSubsystemApple/OnlineSubsystemApple.uplugin" 621
"../../../Engine/Plugins/Online/OnlineSubsystemFacebook/OnlineSubsystemFacebook.uplugin" 622
"../../../Engine/Plugins/Online/OnlineSubsystemGoogle/OnlineSubsystemGoogle.uplugin" 623
"../../../Engine/Plugins/Online/OnlineSubsystemNull/OnlineSubsystemNull.uplugin" 624
"../../../Engine/Plugins/Online/OnlineSubsystemSteam/OnlineSubsystemSteam.uplugin" 625
"../../../Engine/Plugins/Online/OnlineSubsystemTencent/OnlineSubsystemTencent.uplugin" 626
"../../../Engine/Plugins/Online/SocketSubsystemEOS/SocketSubsystemEOS.uplugin" 627
"../../../Engine/Plugins/Online/SocketSubsystemSteamIP/SocketSubsystemSteamIP.uplugin" 628
"../../../Engine/Plugins/Online/OnlineSubsystemUtils/OnlineSubsystemUtils.uplugin" 629
"../../../Engine/Plugins/Online/WebAuth/WebAuth.uplugin" 630
"../../../Engine/Plugins/Performance/AutomatedPerfTesting/AutomatedPerfTesting.uplugin" 631
"../../../Engine/Plugins/Performance/PerformanceMonitor/PerformanceMonitor.uplugin" 632
"../../../Engine/Plugins/Slate/SlateScripting/SlateScripting.uplugin" 633
"../../../Engine/Plugins/Tests/AudioCQTests/AudioCQTests.uplugin" 634
"../../../Engine/Plugins/Slate/SlateInsights/SlateInsights.uplugin" 635
"../../../Engine/Plugins/Protocols/MQTT/MQTT.uplugin" 636
"../../../Engine/Plugins/Tests/AutomationDriverTests/AutomationDriverTests.uplugin" 637
"../../../Engine/Plugins/Tests/CQTestEnhancedInput/CQTestEnhancedInput.uplugin" 638
"../../../Engine/Plugins/Tests/EditorTests/EditorTests.uplugin" 639
"../../../Engine/Plugins/Tests/FunctionalTestingEditor/FunctionalTestingEditor.uplugin" 640
"../../../Engine/Plugins/Tests/CQTest/CQTest.uplugin" 641
"../../../Engine/Plugins/Tests/FbxAutomationTestBuilder/FbxAutomationTestBuilder.uplugin" 642
"../../../Engine/Plugins/Tests/PythonAutomationTest/PythonAutomationTest.uplugin" 643
"../../../Engine/Plugins/Tests/InterchangeTests/InterchangeTests.uplugin" 644
"../../../Engine/Plugins/Tests/RHITests/RHITests.uplugin" 645
"../../../Engine/Plugins/Tests/RuntimeTests/RuntimeTests.uplugin" 646
"../../../Engine/Plugins/Tests/TestFramework/TestFramework.uplugin" 647
"../../../Engine/Plugins/Tests/TestSamples/TestSamples.uplugin" 648
"../../../Engine/Plugins/Tests/CQTestExperimental/CQTestExperimental.uplugin" 649
"../../../Engine/Plugins/Tests/WidgetAutomationTests/WidgetAutomationTests.uplugin" 650
"../../../Engine/Plugins/VirtualProduction/CaptureManager/CaptureManagerApp/CaptureManagerApp.uplugin" 651
"../../../Engine/Plugins/VirtualProduction/CaptureManager/CaptureManagerCore/CaptureManagerCore.uplugin" 652
"../../../Engine/Plugins/VirtualProduction/CaptureManager/CaptureManagerDevices/CaptureManagerDevices.uplugin" 653
"../../../Engine/Plugins/VirtualProduction/CaptureManager/CaptureManagerEditor/CaptureManagerEditor.uplugin" 654
"../../../Engine/Plugins/VirtualProduction/Rivermax/RivermaxCore/RivermaxCore.uplugin" 655
"../../../Engine/Plugins/VirtualProduction/Rivermax/RivermaxSync/RivermaxSync.uplugin" 656
"../../../Engine/Plugins/VirtualProduction/Rivermax/RivermaxMedia/RivermaxMedia.uplugin" 657
"../../../Engine/Plugins/Experimental/PCGInterops/PCGFastGeoInterop/PCGFastGeoInterop.uplugin" 658
"../../../Engine/Plugins/Experimental/PCGInterops/PCGNaniteAssembliesInterop/PCGNaniteAssembliesInterop.uplugin" 659
"../../../Engine/Plugins/Experimental/PCGInterops/PCGInstancedActorsInterop/PCGInstancedActorsInterop.uplugin" 660
"../../../Engine/Plugins/Experimental/PCGInterops/PCGNiagaraInterop/PCGNiagaraInterop.uplugin" 661
"../../../Engine/Plugins/Experimental/PCGInterops/PCGWaterInterop/PCGWaterInterop.uplugin" 662
"../../../Engine/Plugins/Experimental/VirtualProduction/LedWallCalibration/LedWallCalibration.uplugin" 663
"../../../Engine/Plugins/Experimental/VirtualProduction/VPSettings/VPSettings.uplugin" 664
"../../../Engine/Plugins/Experimental/VirtualProduction/VPRoles/VPRoles.uplugin" 665
"../../../Engine/Plugins/Online/OnlineSubsystemAmazon/OnlineSubsystemAmazon.uplugin" 666
"../../../Engine/Plugins/Runtime/AR/ARUtilities/ARUtilities.uplugin" 667
"../../../Engine/Plugins/Runtime/Database/DatabaseSupport/DatabaseSupport.uplugin" 668
"../../../Engine/Plugins/Runtime/Database/ADOSupport/ADOSupport.uplugin" 669
"../../../Engine/Plugins/Runtime/Database/RemoteDatabaseSupport/RemoteDatabaseSupport.uplugin" 670
"../../../Engine/Plugins/Runtime/Database/SQLiteCore/SQLiteCore.uplugin" 671
"../../../Engine/Plugins/Runtime/Database/SQLiteSupport/SQLiteSupport.uplugin" 672
"../../../Engine/Plugins/Runtime/MeshReconstruction/DummyMeshReconstructor/DummyMeshReconstructor.uplugin" 673
"../../../Engine/Plugins/Runtime/Windows/WinDualShock/WinDualShock.uplugin" 674
"../../../Engine/Plugins/Runtime/Windows/XInputDevice/XInputDevice.uplugin" 675
"../../../Engine/Plugins/Developer/Concert/ConcertMain/ConcertMain.uplugin" 676
"../../../Engine/Plugins/Experimental/Enterprise/DataprepGeometryOperations/DataprepGeometryOperations.uplugin" 677
"../../../Engine/Plugins/Experimental/Enterprise/DatasmithInterchange/DatasmithInterchange.uplugin" 678
"../../../Engine/Plugins/Experimental/Enterprise/DatasmithRuntime/DatasmithRuntime.uplugin" 679
"../../../Engine/Plugins/Online/VoiceChat/EOSVoiceChat/EOSVoiceChat.uplugin" 680
"../../../Engine/Plugins/Online/VoiceChat/VoiceChat/VoiceChat.uplugin" 681
"../../../Engine/Plugins/Animation/MLDeformer/ChaosClothGenerator/ChaosClothGenerator.uplugin" 682
"../../../Engine/Plugins/Animation/MLDeformer/ChaosFleshGenerator/ChaosFleshGenerator.uplugin" 683
"../../../Engine/Plugins/Animation/MLDeformer/MLDeformerFramework/MLDeformerFramework.uplugin" 684
"../../../Engine/Plugins/Animation/MLDeformer/NearestNeighborModel/NearestNeighborModel.uplugin" 685
"../../../Engine/Plugins/Animation/MLDeformer/NeuralMorphModel/NeuralMorphModel.uplugin" 686
"../../../Engine/Plugins/Animation/MLDeformer/VertexDeltaModel/VertexDeltaModel.uplugin" 687
"../../../Engine/Plugins/Runtime/Advertising/IOSTapJoy/IOSTapJoy.uplugin" 688
"../../../Engine/Plugins/Runtime/Analytics/Adjust/Adjust.uplugin" 689
"../../../Engine/Plugins/Runtime/Analytics/AnalyticsBlueprintLibrary/AnalyticsBlueprintLibrary.uplugin" 690
"../../../Engine/Plugins/Runtime/Nvidia/GeForceNOWWrapper/GeForceNOWWrapper.uplugin" 691
"../../../Engine/Plugins/Runtime/Analytics/FileLogging/FileLogging.uplugin" 692
"../../../Engine/Plugins/Runtime/Nvidia/Reflex/Reflex.uplugin" 693
"../../../Engine/Plugins/Runtime/PacketHandlers/AESGCMHandlerComponent/AESGCMHandlerComponent.uplugin" 694
"../../../Engine/Plugins/Runtime/PacketHandlers/AESHandlerComponent/AESHandlerComponent.uplugin" 695
"../../../Engine/Plugins/Runtime/PacketHandlers/DTLSHandlerComponent/DTLSHandlerComponent.uplugin" 696
"../../../Engine/Plugins/Runtime/Analytics/AnalyticsMulticast/AnalyticsMulticast.uplugin" 697
"../../../Engine/Plugins/Runtime/Steam/SteamAudio/SteamAudio.uplugin" 698
"../../../Engine/Plugins/Runtime/Steam/SteamController/SteamController.uplugin" 699
"../../../Engine/Plugins/Runtime/Steam/SteamSockets/SteamSockets.uplugin" 700
"../../../Engine/Plugins/Runtime/XR/XRScribe/XRScribe.uplugin" 701
"../../../Engine/Plugins/Runtime/XR/XRVisualization/XRVisualization.uplugin" 702
"../../../Engine/Plugins/VirtualProduction/DMX/DatasmithMVR/DatasmithMVR.uplugin" 703
"../../../Engine/Plugins/VirtualProduction/DMX/DMXDisplayCluster/DMXDisplayCluster.uplugin" 704
"../../../Engine/Plugins/VirtualProduction/DMX/DMXControlConsole/DMXControlConsole.uplugin" 705
"../../../Engine/Plugins/Runtime/Windows/WinVirtualKeyboard/WinVirtualKeyboard.uplugin" 706
"../../../Engine/Plugins/VirtualProduction/DMX/DMXFixtures/DMXFixtures.uplugin" 707
"../../../Engine/Plugins/VirtualProduction/DMX/DMXGDTF/DMXGDTF.uplugin" 708
"../../../Engine/Plugins/VirtualProduction/DMX/DMXModularFeatures/DMXModularFeatures.uplugin" 709
"../../../Engine/Plugins/VirtualProduction/DMX/DMXEngine/DMXEngine.uplugin" 710
"../../../Engine/Plugins/VirtualProduction/DMX/DMXProtocol/DMXProtocol.uplugin" 711
"../../../Engine/Plugins/Runtime/Steam/SteamShared/SteamShared.uplugin" 712
"../../../Engine/Plugins/VirtualProduction/DMX/DMXPixelMapping/DMXPixelMapping.uplugin" 713
"../../../Engine/Plugins/Editor/ContentBrowser/ContentBrowserAssetDataSource/ContentBrowserAssetDataSource.uplugin" 714
"../../../Engine/Plugins/Editor/ContentBrowser/ContentBrowserClassDataSource/ContentBrowserClassDataSource.uplugin" 715
"../../../Engine/Plugins/Editor/ContentBrowser/ContentBrowserAliasDataSource/ContentBrowserAliasDataSource.uplugin" 716
"../../../Engine/Plugins/Editor/ContentBrowser/ContentBrowserFileDataSource/ContentBrowserFileDataSource.uplugin" 717
"../../../Engine/Plugins/Editor/Localization/PortableObjectFileDataSource/PortableObjectFileDataSource.uplugin" 718
"../../../Engine/Plugins/Editor/ObjectMixer/ObjectMixer/ObjectMixer.uplugin" 719
"../../../Engine/Plugins/Editor/ObjectMixer/LightMixer/LightMixer.uplugin" 720
"../../../Engine/Plugins/Experimental/Animation/ContextualAnimation/ContextualAnimation.uplugin" 721
"../../../Engine/Plugins/Experimental/Animation/CurveExpression/CurveExpression.uplugin" 722
"../../../Engine/Plugins/Experimental/Animation/Locomotor/Locomotor.uplugin" 723
"../../../Engine/Plugins/Experimental/Animation/MotionTrajectory/MotionTrajectory.uplugin" 724
"../../../Engine/Plugins/Experimental/Animation/PackedAttributes/PackedAttributes.uplugin" 725
"../../../Engine/Plugins/Experimental/Animation/RelativeIKOp/RelativeIKOp.uplugin" 726
"../../../Engine/Plugins/Experimental/Animation/RigMapper/RigMapper.uplugin" 727
"../../../Engine/Plugins/Experimental/Animation/RigMapperOp/RigMapperOp.uplugin" 728
"../../../Engine/Plugins/Experimental/Animation/TrajectoryTools/TrajectoryTools.uplugin" 729
"../../../Engine/Plugins/Experimental/AVCodecs/AMFCodecs/AMFCodecs.uplugin" 730
"../../../Engine/Plugins/Experimental/Animation/Optimus/Optimus.uplugin" 731
"../../../Engine/Plugins/Experimental/AVCodecs/AVCodecsCore/AVCodecsCore.uplugin" 732
"../../../Engine/Plugins/Experimental/AVCodecs/LibVpxCodecs/LibVpxCodecs.uplugin" 733
"../../../Engine/Plugins/Experimental/AVCodecs/NVCodecs/NVCodecs.uplugin" 734
"../../../Engine/Plugins/Experimental/AVCodecs/VTCodecs/VTCodecs.uplugin" 735
"../../../Engine/Plugins/Experimental/AVCodecs/WMFCodecs/WMFCodecs.uplugin" 736
"../../../Engine/Plugins/Experimental/CharacterFXEditor/BaseCharacterFXEditor/BaseCharacterFXEditor.uplugin" 737
"../../../Engine/Plugins/Experimental/Animation/HierarchyTable/HierarchyTable.uplugin" 738
"../../../Engine/Plugins/Experimental/Animation/SkeletalMeshMorphTargetEditingTools/SkeletalMeshMorphTargetEditingTools.uplugin" 739
"../../../Engine/Plugins/Experimental/MetaHuman/MetaHumanCalibrationDiagnostics/MetaHumanCalibrationDiagnostics.uplugin" 740
"../../../Engine/Plugins/Experimental/MetaHuman/MetaHumanCharacterUAF/MetaHumanCharacterUAF.uplugin" 741
"../../../Engine/Plugins/Experimental/MetaHuman/MetaHumanRuntime/MetaHumanRuntime.uplugin" 742
"../../../Engine/Plugins/Experimental/UAF/UAF/UAF.uplugin" 743
"../../../Engine/Plugins/Experimental/UAF/UAFAnimGraph/UAFAnimGraph.uplugin" 744
"../../../Engine/Plugins/Experimental/UAF/UAFChooser/UAFChooser.uplugin" 745
"../../../Engine/Plugins/Experimental/UAF/UAFControlRig/UAFControlRig.uplugin" 746
"../../../Engine/Plugins/Experimental/UAF/UAFMirroring/UAFMirroring.uplugin" 747
"../../../Engine/Plugins/Experimental/UAF/UAFStateTree/UAFStateTree.uplugin" 748
"../../../Engine/Plugins/Experimental/UAF/UAFPoseSearch/UAFPoseSearch.uplugin" 749
"../../../Engine/Plugins/Experimental/UAF/UAFWarping/UAFWarping.uplugin" 750
"../../../Engine/Plugins/Experimental/Web/WebAPI/WebAPI.uplugin" 751
"../../../Engine/Plugins/Experimental/PlainPropsEngine/PlainPropsEngine.uplugin" 752
"../../../Engine/Plugins/Interchange/Extensions/OpenUSD/InterchangeOpenUSD.uplugin" 753
"../../../Engine/Plugins/Online/Android/AndroidFetchBackgroundDownload/AndroidFetchBackgroundDownload.uplugin" 754
"../../../Engine/Plugins/Online/Android/OnlineSubsystemGooglePlay/OnlineSubsystemGooglePlay.uplugin" 755
"../../../Engine/Plugins/Experimental/UAF/UAFTests/UAFTests.uplugin" 756
"../../../Engine/Plugins/Experimental/Animation/HierarchyTableAnimation/HierarchyTableAnimation.uplugin" 757
"../../../Engine/Plugins/Online/IOS/OnlineSubsystemIOS/OnlineSubsystemIOS.uplugin" 758
"../../../Engine/Plugins/Developer/Concert/ConcertApp/DisasterRecoveryClient/DisasterRecoveryClient.uplugin" 759
"../../../Engine/Plugins/Developer/Concert/ConcertApp/MultiUserClient/MultiUserClient.uplugin" 760
"../../../Engine/Plugins/Interchange/Extensions/OpenVDB/InterchangeOpenVDB.uplugin" 761
"../../../Engine/Plugins/Developer/Concert/ConcertApp/MultiUserServer/MultiUserServer.uplugin" 762
"../../../Engine/Plugins/Developer/Concert/ConcertSync/ConcertSyncClient/ConcertSyncClient.uplugin" 763
"../../../Engine/Plugins/Developer/Concert/ConcertSync/ConcertSyncCore/ConcertSyncCore.uplugin" 764
"../../../Engine/Plugins/Developer/Concert/ConcertSync/ConcertSyncServer/ConcertSyncServer.uplugin" 765
"../../../Engine/Plugins/Developer/Concert/ConcertSync/ConcertSyncTest/ConcertSyncTest.uplugin" 766
"../../../Engine/Plugins/Runtime/AR/AppleAR/AppleARKit/AppleARKit.uplugin" 767
"../../../Engine/Plugins/Runtime/AR/AppleAR/AppleARKitFaceSupport/AppleARKitFaceSupport.uplugin" 768
"../../../Engine/Plugins/Experimental/CharacterFXEditor/ExampleCharacterFXEditor/ExampleCharacterFXEditor.uplugin" 769
"../../../Engine/Plugins/Runtime/AR/Google/GoogleARCore/GoogleARCore.uplugin" 770
"../../../Engine/Plugins/Runtime/AR/Google/GoogleARCoreServices/GoogleARCoreServices.uplugin" 771
"../../../Engine/Plugins/Developer/Concert/ConcertInsights/ConcertInsightsCore/ConcertInsightsCore.uplugin" 772
"../../../Engine/Plugins/Developer/Concert/ConcertInsights/ConcertInsightsClient/ConcertInsightsClient.uplugin" 773
"../../../Engine/Plugins/Developer/Concert/ConcertInsights/ConcertInsightsServer/ConcertInsightsServer.uplugin" 774
"../../../Engine/Plugins/Developer/Concert/ConcertScripting/ConcertReplicationScripting/ConcertReplicationScripting.uplugin" 775
"../../../Engine/Plugins/Developer/Concert/ConcertUI/ConcertClientSharedSlate/ConcertClientSharedSlate.uplugin" 776
"../../../Engine/Plugins/Developer/Concert/ConcertInsights/ConcertInsightsVisualizer/ConcertInsightsVisualizer.uplugin" 777
"../../../Engine/Plugins/Developer/Concert/ConcertUI/ConcertSharedSlate/ConcertSharedSlate.uplugin" 778
"../../../Engine/Plugins/Experimental/Animation/MLDeformer/DetailPoseModel/DetailPoseModel.uplugin" 779
"../../../Engine/Platforms/Android/Plugins/Animation/ACLPlugin/ACLPlugin_Android.uplugin" 780
"../../../Engine/Platforms/Android/Plugins/Animation/RigLogic/RigLogic_Android.uplugin" 781
"../../../Engine/Platforms/IOS/Plugins/Animation/RigLogic/RigLogic_IOS.uplugin" 782
"../../../Engine/Content/Internationalization/icudt64l/cnvalias.icu" 783
"../../../Engine/Content/Internationalization/icudt64l/res_index.res" 784
"../../../Engine/Content/Internationalization/icudt64l/plurals.res" 785
"../../../Engine/Content/Internationalization/icudt64l/lang/tr.res" 786
"../../../Engine/Content/Internationalization/icudt64l/lang/pool.res" 787
"../../../Engine/Content/Internationalization/icudt64l/lang/root.res" 788
"../../../Engine/Content/Internationalization/icudt64l/region/tr.res" 789
"../../../Engine/Content/Internationalization/icudt64l/region/pool.res" 790
"../../../Engine/Content/Internationalization/icudt64l/region/root.res" 791
"../../../Engine/Content/Internationalization/icudt64l/lang/en.res" 792
"../../../Engine/Content/Internationalization/icudt64l/region/en.res" 793
"../../../Engine/Content/Internationalization/icudt64l/windowsZones.res" 794
"../../../Engine/Content/Internationalization/icudt64l/zoneinfo64.res" 795
"../../../Engine/Content/Internationalization/icudt64l/keyTypeData.res" 796
"../../../Engine/Content/Internationalization/icudt64l/timezoneTypes.res" 797
"../../../Engine/Content/Internationalization/icudt64l/likelySubtags.res" 798
"../../../Engine/Content/Internationalization/icudt64l/tr_TR.res" 799
"../../../Engine/Content/Internationalization/icudt64l/pool.res" 800
"../../../Engine/Content/Internationalization/icudt64l/tr.res" 801
"../../../Engine/Content/Internationalization/icudt64l/root.res" 802
"../../../Engine/Content/Internationalization/icudt64l/supplementalData.res" 803
"../../../Engine/Config/ConfigRedirects.ini" 804
"C:/Users/sina/AppData/Local/UnrealEngine/5.7/Saved/Config/WindowsEditor/Manifest.ini" 805
"../../../Engine/Config/BaseEngine.ini" 806
"../../../Engine/Config/Windows/BaseWindowsEngine.ini" 807
"../../../../../../Users/sina/Desktop/dev/DuyguUE/Config/DefaultEngine.ini" 808
"C:/Users/sina/AppData/Local/Unreal Engine/Engine/Config/UserEngine.ini" 809
"../../../Engine/Config/BaseGame.ini" 810
"../../../../../../Users/sina/Desktop/dev/DuyguUE/Config/DefaultGame.ini" 811
"../../../Engine/Config/Windows/WindowsGame.ini" 812
"C:/Users/sina/Desktop/dev/DuyguUE/Saved/Config/WindowsEditor/Game.ini" 813
"../../../Engine/Config/BaseInput.ini" 814
"../../../Engine/Config/Windows/BaseWindowsInput.ini" 815
"../../../../../../Users/sina/Desktop/dev/DuyguUE/Config/DefaultInput.ini" 816
"../../../Engine/Config/Windows/WindowsInput.ini" 817
"C:/Users/sina/Desktop/dev/DuyguUE/Saved/Config/WindowsEditor/Input.ini" 818
"../../../Engine/Config/BaseDeviceProfiles.ini" 819
"../../../Engine/Config/BaseGameUserSettings.ini" 820
"C:/Users/sina/Desktop/dev/DuyguUE/Saved/Config/WindowsEditor/GameUserSettings.ini" 821
"../../../Engine/Config/BaseScalability.ini" 822
"../../../Engine/Config/BaseRuntimeOptions.ini" 823
"../../../Engine/Config/BaseInstallBundle.ini" 824
"../../../Engine/Config/BaseHardware.ini" 825
"../../../Engine/Config/BaseCompat.ini" 826
"../../../Engine/Config/BaseLightmass.ini" 827
"../../../Engine/Config/BaseEditor.ini" 828
"../../../../../../Users/sina/Desktop/dev/DuyguUE/Config/DefaultEditor.ini" 829
"C:/Users/sina/Desktop/dev/DuyguUE/Saved/Config/WindowsEditor/Editor.ini" 830
"../../../Engine/Config/BaseMaterialExpressions.ini" 831
"../../../Engine/Config/BaseEditorPerProjectUserSettings.ini" 832
"../../../../../../Users/sina/Desktop/dev/DuyguUE/Config/DefaultEditorPerProjectUserSettings.ini" 833
"../../../Engine/Config/Windows/WindowsEditorPerProjectUserSettings.ini" 834
"C:/Users/sina/Desktop/dev/DuyguUE/Saved/Config/WindowsEditor/EditorPerProjectUserSettings.ini" 835
"../../../Engine/Config/BaseEditorSettings.ini" 836
"../../../Engine/Config/Windows/WindowsEditorSettings.ini" 837
"C:/Users/sina/AppData/Local/UnrealEngine/5.7/Saved/Config/WindowsEditor/EditorSettings.ini" 838
"../../../Engine/Config/BaseEditorKeyBindings.ini" 839
"C:/Users/sina/AppData/Local/UnrealEngine/5.7/Saved/Config/WindowsEditor/EditorKeyBindings.ini" 840
"C:/Users/sina/AppData/Local/UnrealEngine/5.7/Saved/Config/WindowsEditor/EditorLayout.ini" 841
"../../../Engine/Config/Android/BaseAndroidEngine.ini" 842
"../../../Engine/Config/Android/AndroidEngine.ini" 843
"../../../Engine/Config/Android/BaseAndroidGame.ini" 844
"../../../Engine/Config/Linux/BaseLinuxEngine.ini" 845
"../../../Engine/Config/IOS/BaseIOSEngine.ini" 846
"../../../../../../Users/sina/Desktop/dev/DuyguUE/Binaries/Win64/MyProject-Win64-Shipping.target" 847
"../../../../../../Users/sina/Desktop/dev/DuyguUE/Binaries/Win64/MyProject.target" 848
"../../../../../../Users/sina/Desktop/dev/DuyguUE/Binaries/Win64/MyProjectEditor.target" 849
"../../../../../../Users/sina/Desktop/dev/DuyguUE/Intermediate/CachedAssetRegistryDiscovery.bin" 850
"../../../Engine/Config/Android/BaseAndroidInput.ini" 851
"../../../Engine/Config/Android/AndroidScalability.ini" 852
"../../../Engine/Config/Unix/UnixEngine.ini" 853
"../../../Engine/Config/Linux/LinuxEngine.ini" 854
"../../../Engine/Config/Linux/LinuxGame.ini" 855
"../../../Engine/Config/IOS/BaseIOSGame.ini" 856
"../../../Engine/Config/IOS/IOSGame.ini" 857
"../../../Engine/Config/PluginBase.ini" 858
"../../../Engine/Config/IOS/BaseIOSInput.ini" 859
"../../../Engine/Plugins/ChaosVD/Config/DefaultChaosVD.ini" 860
"../../../Engine/Plugins/EnhancedInput/Config/BaseEnhancedInput.ini" 861
"../../../Engine/Plugins/Fab/Config/BaseFab.ini" 862
"../../../Engine/Plugins/TraceUtilities/Config/BaseTraceUtilities.ini" 863
"../../../Engine/Plugins/MetaHuman/MetaHumanAnimator/Config/BaseMetaHuman.ini" 864
"../../../Engine/Plugins/MetaHuman/MetaHumanSDK/Config/BaseMetaHumanSDK.ini" 865
"../../../Engine/Config/Android/BaseAndroidInstallBundle.ini" 866
"../../../Engine/Plugins/Runtime/AudioModulation/Config/BaseAudioModulation.ini" 867
"../../../Engine/Plugins/Runtime/HairStrands/Config/BaseHairStrands.ini" 868
"../../../Engine/Plugins/Runtime/Metasound/Config/BaseMetasound.ini" 869
"../../../Engine/Plugins/Runtime/Metasound/Config/DefaultMetasound.ini" 870
"../../../Engine/Plugins/Runtime/PropertyBindingUtils/Config/BasePropertyBindingUtils.ini" 871
"../../../Engine/Plugins/Runtime/RigVM/Config/BaseRigVM.ini" 872
"../../../Engine/Plugins/Runtime/StateTree/Config/BaseStateTree.ini" 873
"../../../Engine/Plugins/Runtime/Synthesis/Config/BaseSynthesis.ini" 874
"../../../Engine/Plugins/VirtualProduction/CameraCalibrationCore/Config/BaseCameraCalibrationCore.ini" 875
"../../../Engine/Plugins/VirtualProduction/LensComponent/Config/BaseLensComponent.ini" 876
"../../../Engine/Plugins/VirtualProduction/Takes/Config/BaseTakes.ini" 877
"../../../Engine/Plugins/2D/Paper2D/Config/BasePaper2D.ini" 878
"../../../Engine/Plugins/Animation/ControlRig/Config/BaseControlRig.ini" 879
"../../../Engine/Plugins/Animation/DeformerGraph/Config/BaseDeformerGraph.ini" 880
"../../../Engine/Plugins/Animation/IKRig/Config/BaseIKRig.ini" 881
"../../../Engine/Plugins/Animation/LiveLink/Config/BaseLiveLink.ini" 882
"../../../Engine/Plugins/Cameras/GameplayCameras/Config/BaseGameplayCameras.ini" 883
"../../../Engine/Plugins/Compositing/CompositeCore/Config/BaseCompositeCore.ini" 884
"../../../Engine/Plugins/Compositing/OpenColorIO/Config/BaseOpenColorIO.ini" 885
"../../../Engine/Plugins/Compositing/OpenCVLensDistortion/Config/BaseOpenCVLensDistortion.ini" 886
"../../../Engine/Plugins/Editor/EditorScriptingUtilities/Config/BaseEditorScriptingUtilities.ini" 887
"../../../Engine/Plugins/Enterprise/DatasmithContent/Config/BaseDatasmithContent.ini" 888
"../../../Engine/Plugins/Enterprise/GLTFExporter/Config/BaseGLTFExporter.ini" 889
"../../../Engine/Plugins/Enterprise/GLTFExporter/Config/DefaultGLTFExporter.ini" 890
"../../../Engine/Plugins/Enterprise/VariantManagerContent/Config/BaseVariantManagerContent.ini" 891
"../../../Engine/Plugins/Experimental/FullBodyIK/Config/BaseFullBodyIK.ini" 892
"../../../Engine/Plugins/Experimental/ToolPresets/Config/BaseToolPresets.ini" 893
"../../../Engine/Plugins/FX/Niagara/Config/BaseNiagara.ini" 894
"../../../Engine/Plugins/Interchange/Runtime/Config/BaseInterchange.ini" 895
"../../../Engine/Plugins/Interchange/Assets/Config/BaseInterchangeAssets.ini" 896
"../../../Engine/Plugins/Media/MediaFrameworkUtilities/Config/BaseMediaFrameworkUtilities.ini" 897
"../../../Engine/Plugins/Media/MediaIOFramework/Config/BaseMediaIOFramework.ini" 898
"../../../Engine/Config/Mac/BaseMacEngine.ini" 899
"../../../../../../Users/sina/Desktop/dev/DuyguUE/Config/Mac/MacEngine.ini" 900
"../../../Engine/Config/Mac/MacGame.ini" 901
"../../../Engine/Plugins/Developer/Concert/ConcertSync/ConcertSyncCore/Config/BaseConcertSyncCore.ini" 902
"../../../Engine/Config/Mac/BaseMacInput.ini" 903
"../../../Engine/Config/IOS/IOSScalability.ini" 904
"../../../Engine/Plugins/ChaosVD/Config/Engine.ini" 905
"../../../Engine/Plugins/MetaHuman/MetaHumanAnimator/Config/Engine.ini" 906
"../../../Engine/Plugins/MetaHuman/MetaHumanLiveLink/Config/Engine.ini" 907
"../../../Engine/Plugins/Runtime/OpenXR/Config/Engine.ini" 908
"../../../Engine/Plugins/EnhancedInput/Config/Input.ini" 909
"../../../Engine/Plugins/Runtime/InputDebugging/Config/Input.ini" 910
"../../../Engine/Plugins/Runtime/Windows/XInputDevice/Config/Input.ini" 911
"../../../Engine/Plugins/MetaHuman/MetaHumanLiveLink/Config/Game.ini" 912
"../../../Engine/Config/TVOS/TVOSEngine.ini" 913
"../../../Engine/Plugins/VirtualProduction/CameraCalibrationCore/Config/Game.ini" 914
"../../../Engine/Plugins/NNE/NNEDenoiser/Config/Game.ini" 915
"../../../Engine/Plugins/Runtime/RigVM/Config/Editor.ini" 916
"../../../Engine/Plugins/Online/OnlineSubsystemUtils/Config/Editor.ini" 917
"../../../Engine/Plugins/Runtime/OpenXREyeTracker/Binaries/Win64/UnrealEditor.modules" 918
"../../../Engine/Plugins/Runtime/XRBase/Binaries/Win64/UnrealEditor.modules" 919
"../../../Engine/Plugins/Runtime/OpenXR/Binaries/Win64/UnrealEditor.modules" 920
"../../../Engine/Plugins/EnhancedInput/Binaries/Win64/UnrealEditor.modules" 921
"../../../Engine/Plugins/Editor/DataValidation/Binaries/Win64/UnrealEditor.modules" 922
"../../../Engine/Plugins/Runtime/OpenXRHandTracking/Binaries/Win64/UnrealEditor.modules" 923
"../../../Engine/Plugins/Animation/LiveLink/Binaries/Win64/UnrealEditor.modules" 924
"../../../Engine/Plugins/VirtualProduction/Takes/Binaries/Win64/UnrealEditor.modules" 925
"../../../Engine/Plugins/Developer/Concert/ConcertSync/ConcertSyncClient/Binaries/Win64/UnrealEditor.modules" 926
"../../../Engine/Plugins/Editor/ContentBrowser/ContentBrowserAssetDataSource/Binaries/Win64/UnrealEditor.modules" 927
"../../../Engine/Plugins/Runtime/AudioCapture/Binaries/Win64/UnrealEditor.modules" 928
"../../../Engine/Plugins/MovieScene/LevelSequenceEditor/Binaries/Win64/UnrealEditor.modules" 929
"../../../Engine/Plugins/Developer/NamingTokens/Binaries/Win64/UnrealEditor.modules" 930
"../../../Engine/Plugins/Developer/Concert/ConcertSync/ConcertSyncCore/Binaries/Win64/UnrealEditor.modules" 931
"../../../Engine/Plugins/Developer/Concert/ConcertMain/Binaries/Win64/UnrealEditor.modules" 932
"../../../Engine/Plugins/MovieScene/SequencerScripting/Binaries/Win64/UnrealEditor.modules" 933
"../../../Engine/Plugins/Editor/EngineAssetDefinitions/Binaries/Win64/UnrealEditor.modules" 934
"../../../Engine/Plugins/Runtime/Database/SQLiteCore/Binaries/Win64/UnrealEditor.modules" 935
"../../../Engine/Plugins/Experimental/PythonScriptPlugin/Binaries/Win64/UnrealEditor.modules" 936
"../../../Engine/Plugins/Editor/ContentBrowser/ContentBrowserFileDataSource/Binaries/Win64/UnrealEditor.modules" 937
"../../../Engine/Plugins/Web/HttpBlueprint/Binaries/Win64/UnrealEditor.modules" 938
"../../../Engine/Plugins/JsonBlueprintUtilities/Binaries/Win64/UnrealEditor.modules" 939
"../../../Engine/Plugins/Runtime/HTTPChunkInstaller/Binaries/Win64/UnrealEditor.modules" 940
"../../../Engine/Plugins/Runtime/AudioModulation/Binaries/Win64/UnrealEditor.modules" 941
"../../../Engine/Plugins/Runtime/Metasound/Binaries/Win64/UnrealEditor.modules" 942
"../../../Engine/Plugins/Runtime/WaveTable/Binaries/Win64/UnrealEditor.modules" 943
"../../../Engine/Plugins/AudioInsights/Binaries/Win64/UnrealEditor.modules" 944
"../../../Engine/Plugins/Runtime/AudioWidgets/Binaries/Win64/UnrealEditor.modules" 945
"../../../Engine/Plugins/Runtime/AudioSynesthesia/Binaries/Win64/UnrealEditor.modules" 946
"../../../Engine/Plugins/MetaHuman/MetaHumanSDK/Binaries/Win64/UnrealEditor.modules" 947
"../../../Engine/Plugins/Editor/EditorScriptingUtilities/Binaries/Win64/UnrealEditor.modules" 948
"../../../Engine/Plugins/Animation/ControlRig/Binaries/Win64/UnrealEditor.modules" 949
"../../../Engine/Plugins/Runtime/HairStrands/Binaries/Win64/UnrealEditor.modules" 950
"../../../Engine/Plugins/Animation/RigLogic/Binaries/Win64/UnrealEditor.modules" 951
"../../../Engine/Plugins/Interchange/Runtime/Binaries/Win64/UnrealEditor.modules" 952
"../../../Engine/Plugins/Online/EOSShared/Binaries/Win64/UnrealEditor.modules" 953
"../../../Engine/Plugins/Runtime/RigVM/Binaries/Win64/UnrealEditor.modules" 954
"../../../Engine/Plugins/Runtime/PropertyAccess/Binaries/Win64/UnrealEditor.modules" 955
"../../../Engine/Plugins/Animation/TweeningUtils/Binaries/Win64/UnrealEditor.modules" 956
"../../../Engine/Plugins/FX/Niagara/Binaries/Win64/UnrealEditor.modules" 957
"../../../Engine/Plugins/Runtime/GeometryCache/Binaries/Win64/UnrealEditor.modules" 958
"../../../Engine/Plugins/Animation/DeformerGraph/Binaries/Win64/UnrealEditor.modules" 959
"../../../Engine/Plugins/Experimental/Dataflow/Binaries/Win64/UnrealEditor.modules" 960
"../../../Engine/Plugins/Runtime/ComputeFramework/Binaries/Win64/UnrealEditor.modules" 961
"../../../Engine/Plugins/Runtime/GeometryProcessing/Binaries/Win64/UnrealEditor.modules" 962
"../../../Engine/Plugins/Enterprise/VariantManagerContent/Binaries/Win64/UnrealEditor.modules" 963
"../../../Engine/Plugins/Enterprise/VariantManager/Binaries/Win64/UnrealEditor.modules" 964
"../../../Engine/Plugins/Interchange/Assets/Binaries/Win64/UnrealEditor.modules" 965
"../../../Engine/Plugins/Experimental/CharacterFXEditor/BaseCharacterFXEditor/Binaries/Win64/UnrealEditor.modules" 966
"../../../Engine/Plugins/Runtime/ProceduralMeshComponent/Binaries/Win64/UnrealEditor.modules" 967
"../../../Engine/Plugins/Experimental/MeshModelingToolsetExp/Binaries/Win64/UnrealEditor.modules" 968
"../../../Engine/Plugins/Editor/ModelingToolsEditorMode/Binaries/Win64/UnrealEditor.modules" 969
"../../../Engine/Plugins/Experimental/ChaosCaching/Binaries/Win64/UnrealEditor.modules" 970
"../../../Engine/Plugins/Experimental/EditorDataStorage/Binaries/Win64/UnrealEditor.modules" 971
"../../../Engine/Plugins/Experimental/EditorDataStorageFeatures/Binaries/Win64/UnrealEditor.modules" 972
"../../../Engine/Plugins/Animation/SkeletalMeshModelingTools/Binaries/Win64/UnrealEditor.modules" 973
"../../../Engine/Plugins/Runtime/MeshModelingToolset/Binaries/Win64/UnrealEditor.modules" 974
"../../../Engine/Plugins/Editor/ProxyLODPlugin/Binaries/Win64/UnrealEditor.modules" 975
"../../../Engine/Plugins/Editor/MeshLODToolset/Binaries/Win64/UnrealEditor.modules" 976
"../../../Engine/Plugins/Experimental/ToolPresets/Binaries/Win64/UnrealEditor.modules" 977
"../../../Engine/Plugins/Editor/StylusInput/Binaries/Win64/UnrealEditor.modules" 978
"../../../Engine/Plugins/Experimental/PlanarCutPlugin/Binaries/Win64/UnrealEditor.modules" 979
"../../../Engine/Plugins/Experimental/GeometryFlow/Binaries/Win64/UnrealEditor.modules" 980
"../../../Engine/Plugins/Experimental/LiveLinkControlRig/Binaries/Win64/UnrealEditor.modules" 981
"../../../Engine/Plugins/Runtime/AR/AppleAR/AppleARKitFaceSupport/Binaries/Win64/UnrealEditor.modules" 982
"../../../Engine/Plugins/Runtime/AR/AppleAR/AppleARKit/Binaries/Win64/UnrealEditor.modules" 983
"../../../Engine/Plugins/Runtime/AppleImageUtils/Binaries/Win64/UnrealEditor.modules" 984
"../../../Engine/Plugins/Runtime/AR/ARUtilities/Binaries/Win64/UnrealEditor.modules" 985
"../../../Engine/Plugins/MetaHuman/MetaHumanAnimator/Binaries/Win64/UnrealEditor.modules" 986
"../../../Engine/Plugins/NNE/NNERuntimeORT/Binaries/Win64/UnrealEditor.modules" 987
"../../../Engine/Plugins/Media/ImgMedia/Binaries/Win64/UnrealEditor.modules" 988
"../../../Engine/Config/IOS/BaseIOSInstallBundle.ini" 989
"../../../Engine/Plugins/VirtualProduction/CaptureData/Binaries/Win64/UnrealEditor.modules" 990
"../../../Engine/Plugins/VirtualProduction/CaptureManager/CaptureManagerEditor/Binaries/Win64/UnrealEditor.modules" 991
"../../../Engine/Plugins/Media/MediaCompositing/Binaries/Win64/UnrealEditor.modules" 992
"../../../Engine/Plugins/VirtualProduction/CameraCalibrationCore/Binaries/Win64/UnrealEditor.modules" 993
"../../../Engine/Plugins/VirtualProduction/LensComponent/Binaries/Win64/UnrealEditor.modules" 994
"../../../Engine/Plugins/Media/MediaIOFramework/Binaries/Win64/UnrealEditor.modules" 995
"../../../Engine/Plugins/Experimental/PlatformCrypto/Binaries/Win64/UnrealEditor.modules" 996
"../../../Engine/Plugins/Animation/LiveLinkHub/Binaries/Win64/UnrealEditor.modules" 997
"../../../Engine/Plugins/Animation/DNACalib/Binaries/Win64/UnrealEditor.modules" 998
"../../../Engine/Plugins/MetaHuman/MetaHumanCoreTechLib/Binaries/Win64/UnrealEditor.modules" 999
"../../../Engine/Plugins/Media/MediaPlayerEditor/Binaries/Win64/UnrealEditor.modules" 1000
"../../../Engine/Plugins/VirtualProduction/CaptureManager/CaptureManagerCore/Binaries/Win64/UnrealEditor.modules" 1001
"../../../Engine/Plugins/Cameras/GameplayCameras/Binaries/Win64/UnrealEditor.modules" 1002
"../../../Engine/Plugins/Compositing/OpenColorIO/Binaries/Win64/UnrealEditor.modules" 1003
"../../../Engine/Plugins/Messaging/UdpMessaging/Binaries/Win64/UnrealEditor.modules" 1004
"../../../Engine/Plugins/Runtime/StateTree/Binaries/Win64/UnrealEditor.modules" 1005
"../../../Engine/Plugins/MovieScene/TemplateSequence/Binaries/Win64/UnrealEditor.modules" 1006
"../../../Engine/Plugins/Animation/GameplayInsights/Binaries/Win64/UnrealEditor.modules" 1007
"../../../Engine/Plugins/Runtime/PropertyBindingUtils/Binaries/Win64/UnrealEditor.modules" 1008
"../../../Engine/Plugins/MetaHuman/MetaHumanLiveLink/Binaries/Win64/UnrealEditor.modules" 1009
"../../../Engine/Plugins/Media/MediaFrameworkUtilities/Binaries/Win64/UnrealEditor.modules" 1010
"../../../Engine/Plugins/Compositing/OpenCVLensDistortion/Binaries/Win64/UnrealEditor.modules" 1011
"../../../Engine/Plugins/Runtime/OpenCV/Binaries/Win64/UnrealEditor.modules" 1012
"../../../Engine/Plugins/Bridge/Binaries/Win64/UnrealEditor.modules" 1013
"../../../Engine/Plugins/ChaosCloth/Binaries/Win64/UnrealEditor.modules" 1014
"../../../Engine/Plugins/ChaosInsights/Binaries/Win64/UnrealEditor.modules" 1015
"../../../Engine/Plugins/ChaosVD/Binaries/Win64/UnrealEditor.modules" 1016
"../../../Engine/Plugins/CmdLinkServer/Binaries/Win64/UnrealEditor.modules" 1017
"../../../Engine/Plugins/Fab/Binaries/Win64/UnrealEditor.modules" 1018
"../../../Engine/Plugins/IoStoreInsights/Binaries/Win64/UnrealEditor.modules" 1019
"../../../Engine/Plugins/MassInsights/Binaries/Win64/UnrealEditor.modules" 1020
"../../../Engine/Plugins/MeshPainting/Binaries/Win64/UnrealEditor.modules" 1021
"../../../Engine/Plugins/Interchange/Editor/Binaries/Win64/UnrealEditor.modules" 1022
"../../../Engine/Plugins/RenderGraphInsights/Binaries/Win64/UnrealEditor.modules" 1023
"../../../Engine/Plugins/TraceUtilities/Binaries/Win64/UnrealEditor.modules" 1024
"../../../Engine/Plugins/UbaController/Binaries/Win64/UnrealEditor.modules" 1025
"../../../Engine/Plugins/WorldMetrics/Binaries/Win64/UnrealEditor.modules" 1026
"../../../Engine/Plugins/XGEController/Binaries/Win64/UnrealEditor.modules" 1027
"../../../Engine/Plugins/Importers/AlembicImporter/Binaries/Win64/UnrealEditor.modules" 1028
"../../../Engine/Plugins/Portal/LauncherChunkInstaller/Binaries/Win64/UnrealEditor.modules" 1029
"../../../Engine/Plugins/Runtime/ActorLayerUtilities/Binaries/Win64/UnrealEditor.modules" 1030
"../../../Engine/Plugins/Runtime/AndroidDeviceProfileSelector/Binaries/Win64/UnrealEditor.modules" 1031
"../../../Engine/Plugins/Runtime/AndroidFileServer/Binaries/Win64/UnrealEditor.modules" 1032
"../../../Engine/Plugins/Runtime/AndroidPermission/Binaries/Win64/UnrealEditor.modules" 1033
"../../../Engine/Plugins/Runtime/ArchVisCharacter/Binaries/Win64/UnrealEditor.modules" 1034
"../../../Engine/Plugins/Runtime/AssetTags/Binaries/Win64/UnrealEditor.modules" 1035
"../../../Engine/Plugins/Runtime/ChunkDownloader/Binaries/Win64/UnrealEditor.modules" 1036
"../../../Engine/Plugins/Runtime/CableComponent/Binaries/Win64/UnrealEditor.modules" 1037
"../../../Engine/Plugins/Runtime/CustomMeshComponent/Binaries/Win64/UnrealEditor.modules" 1038
"../../../Engine/Plugins/Runtime/ExampleDeviceProfileSelector/Binaries/Win64/UnrealEditor.modules" 1039
"../../../Engine/Plugins/Runtime/GooglePAD/Binaries/Win64/UnrealEditor.modules" 1040
"../../../Engine/Plugins/Runtime/InputDebugging/Binaries/Win64/UnrealEditor.modules" 1041
"../../../Engine/Plugins/Runtime/LocationServicesBPLibrary/Binaries/Win64/UnrealEditor.modules" 1042
"../../../Engine/Plugins/Runtime/MobilePatchingUtils/Binaries/Win64/UnrealEditor.modules" 1043
"../../../Engine/Plugins/Runtime/MsQuic/Binaries/Win64/UnrealEditor.modules" 1044
"../../../Engine/Plugins/Runtime/ResonanceAudio/Binaries/Win64/UnrealEditor.modules" 1045
"../../../Engine/Plugins/Runtime/SoundFields/Binaries/Win64/UnrealEditor.modules" 1046
"../../../Engine/Plugins/Runtime/Synthesis/Binaries/Win64/UnrealEditor.modules" 1047
"../../../Engine/Plugins/Runtime/WebMMoviePlayer/Binaries/Win64/UnrealEditor.modules" 1048
"../../../Engine/Plugins/Media/WebMMedia/Binaries/Win64/UnrealEditor.modules" 1049
"../../../Engine/Plugins/Runtime/WindowsMoviePlayer/Binaries/Win64/UnrealEditor.modules" 1050
"../../../Engine/Plugins/Runtime/WindowsDeviceProfileSelector/Binaries/Win64/UnrealEditor.modules" 1051
"../../../Engine/Plugins/2D/Paper2D/Binaries/Win64/UnrealEditor.modules" 1052
"../../../Engine/Plugins/AI/AISupport/Binaries/Win64/UnrealEditor.modules" 1053
"../../../Engine/Plugins/AI/EnvironmentQueryEditor/Binaries/Win64/UnrealEditor.modules" 1054
"../../../Engine/Plugins/Animation/ACLPlugin/Binaries/Win64/UnrealEditor.modules" 1055
"../../../Engine/Plugins/Animation/AnimationData/Binaries/Win64/UnrealEditor.modules" 1056
"../../../Engine/Plugins/Animation/AnimationModifierLibrary/Binaries/Win64/UnrealEditor.modules" 1057
"../../../Engine/Plugins/Animation/BlendSpaceMotionAnalysis/Binaries/Win64/UnrealEditor.modules" 1058
"../../../Engine/Plugins/Animation/ControlRigSpline/Binaries/Win64/UnrealEditor.modules" 1059
"../../../Engine/Plugins/Animation/EaseCurveTool/Binaries/Win64/UnrealEditor.modules" 1060
"../../../Engine/Plugins/Animation/IKRig/Binaries/Win64/UnrealEditor.modules" 1061
"../../../Engine/Plugins/Experimental/FullBodyIK/Binaries/Win64/UnrealEditor.modules" 1062
"../../../Engine/Plugins/Cameras/EngineCameras/Binaries/Win64/UnrealEditor.modules" 1063
"../../../Engine/Plugins/Developer/AnimationSharing/Binaries/Win64/UnrealEditor.modules" 1064
"../../../Engine/Plugins/Runtime/SignificanceManager/Binaries/Win64/UnrealEditor.modules" 1065
"../../../Engine/Plugins/Developer/CLionSourceCodeAccess/Binaries/Win64/UnrealEditor.modules" 1066
"../../../Engine/Plugins/Compression/OodleNetwork/Binaries/Win64/UnrealEditor.modules" 1067
"../../../Engine/Plugins/Developer/DumpGPUServices/Binaries/Win64/UnrealEditor.modules" 1068
"../../../Engine/Plugins/Developer/GitSourceControl/Binaries/Win64/UnrealEditor.modules" 1069
"../../../Engine/Plugins/Developer/GPUReshape/Binaries/Win64/UnrealEditor.modules" 1070
"../../../Engine/Plugins/Developer/N10XSourceCodeAccess/Binaries/Win64/UnrealEditor.modules" 1071
"../../../Engine/Plugins/Developer/PerforceSourceControl/Binaries/Win64/UnrealEditor.modules" 1072
"../../../Engine/Plugins/Developer/PixWinPlugin/Binaries/Win64/UnrealEditor.modules" 1073
"../../../Engine/Plugins/Developer/PluginUtils/Binaries/Win64/UnrealEditor.modules" 1074
"../../../Engine/Plugins/Developer/ProjectLauncher/Binaries/Win64/UnrealEditor.modules" 1075
"../../../Engine/Plugins/Developer/PropertyAccessNode/Binaries/Win64/UnrealEditor.modules" 1076
"../../../Engine/Plugins/Developer/RiderSourceCodeAccess/Binaries/Win64/UnrealEditor.modules" 1077
"../../../Engine/Plugins/Developer/SubversionSourceControl/Binaries/Win64/UnrealEditor.modules" 1078
"../../../Engine/Plugins/Developer/TextureFormatOodle/Binaries/Win64/UnrealEditor.modules" 1079
"../../../Engine/Plugins/Developer/RenderDocPlugin/Binaries/Win64/UnrealEditor.modules" 1080
"../../../Engine/Plugins/Developer/UObjectPlugin/Binaries/Win64/UnrealEditor.modules" 1081
"../../../Engine/Plugins/Developer/VisualStudioSourceCodeAccess/Binaries/Win64/UnrealEditor.modules" 1082
"../../../Engine/Plugins/Developer/VisualStudioCodeSourceCodeAccess/Binaries/Win64/UnrealEditor.modules" 1083
"../../../Engine/Plugins/Editor/AssetManagerEditor/Binaries/Win64/UnrealEditor.modules" 1084
"../../../Engine/Plugins/Developer/PlasticSourceControl/Binaries/Win64/UnrealEditor.modules" 1085
"../../../Engine/Plugins/Editor/BlueprintHeaderView/Binaries/Win64/UnrealEditor.modules" 1086
"../../../Engine/Plugins/Cameras/CameraShakePreviewer/Binaries/Win64/UnrealEditor.modules" 1087
"../../../Engine/Plugins/Editor/ChangelistReview/Binaries/Win64/UnrealEditor.modules" 1088
"../../../Engine/Plugins/Editor/ColorGrading/Binaries/Win64/UnrealEditor.modules" 1089
"../../../Engine/Plugins/Editor/ObjectMixer/ObjectMixer/Binaries/Win64/UnrealEditor.modules" 1090
"../../../Engine/Plugins/Editor/CryptoKeys/Binaries/Win64/UnrealEditor.modules" 1091
"../../../Engine/Plugins/Editor/CurveEditorTools/Binaries/Win64/UnrealEditor.modules" 1092
"../../../Engine/Plugins/Editor/EditorDebugTools/Binaries/Win64/UnrealEditor.modules" 1093
"../../../Engine/Plugins/Editor/FacialAnimation/Binaries/Win64/UnrealEditor.modules" 1094
"../../../Engine/Plugins/Editor/GameplayTagsEditor/Binaries/Win64/UnrealEditor.modules" 1095
"../../../Engine/Plugins/Editor/GeometryMode/Binaries/Win64/UnrealEditor.modules" 1096
"../../../Engine/Plugins/Editor/MaterialAnalyzer/Binaries/Win64/UnrealEditor.modules" 1097
"../../../Engine/Plugins/Editor/MobileLauncherProfileWizard/Binaries/Win64/UnrealEditor.modules" 1098
"../../../Engine/Plugins/Editor/PluginBrowser/Binaries/Win64/UnrealEditor.modules" 1099
"../../../Engine/Plugins/Editor/SequencerAnimTools/Binaries/Win64/UnrealEditor.modules" 1100
"../../../Engine/Plugins/Editor/SpeedTreeImporter/Binaries/Win64/UnrealEditor.modules" 1101
"../../../Engine/Plugins/Editor/UMGWidgetPreview/Binaries/Win64/UnrealEditor.modules" 1102
"../../../Engine/Plugins/Editor/WorldPartitionHLODUtilities/Binaries/Win64/UnrealEditor.modules" 1103
"../../../Engine/Plugins/Editor/UVEditor/Binaries/Win64/UnrealEditor.modules" 1104
"../../../Engine/Plugins/Enterprise/DatasmithContent/Binaries/Win64/UnrealEditor.modules" 1105
"../../../Engine/Plugins/Enterprise/GLTFExporter/Binaries/Win64/UnrealEditor.modules" 1106
"../../../Engine/Plugins/Experimental/AdvancedRenamer/Binaries/Win64/UnrealEditor.modules" 1107
"../../../Engine/Plugins/Experimental/BackChannel/Binaries/Win64/UnrealEditor.modules" 1108
"../../../Engine/Plugins/Experimental/AutomationUtils/Binaries/Win64/UnrealEditor.modules" 1109
"../../../Engine/Plugins/Experimental/ChaosEditor/Binaries/Win64/UnrealEditor.modules" 1110
"../../../Engine/Plugins/Experimental/GeometryCollectionPlugin/Binaries/Win64/UnrealEditor.modules" 1111
"../../../Engine/Plugins/Experimental/Fracture/Binaries/Win64/UnrealEditor.modules" 1112
"../../../Engine/Plugins/Experimental/ChaosSolverPlugin/Binaries/Win64/UnrealEditor.modules" 1113
"../../../Engine/Plugins/Experimental/GeometryDataflow/Binaries/Win64/UnrealEditor.modules" 1114
"../../../Engine/Plugins/Experimental/ChaosNiagara/Binaries/Win64/UnrealEditor.modules" 1115
"../../../Engine/Plugins/Experimental/ChaosUserDataPT/Binaries/Win64/UnrealEditor.modules" 1116
"../../../Engine/Plugins/Experimental/CharacterAI/Binaries/Win64/UnrealEditor.modules" 1117
"../../../Engine/Plugins/Experimental/EditorPerformance/Binaries/Win64/UnrealEditor.modules" 1118
"../../../Engine/Plugins/Experimental/EditorTelemetry/Binaries/Win64/UnrealEditor.modules" 1119
"../../../Engine/Plugins/Experimental/GlobalConfigurationData/Binaries/Win64/UnrealEditor.modules" 1120
"../../../Engine/Plugins/Experimental/LevelSequenceNavigatorBridge/Binaries/Win64/UnrealEditor.modules" 1121
"../../../Engine/Plugins/Experimental/SequenceNavigator/Binaries/Win64/UnrealEditor.modules" 1122
"../../../Engine/Plugins/Experimental/LocalizableMessage/Binaries/Win64/UnrealEditor.modules" 1123
"../../../Engine/Plugins/Experimental/NFORDenoise/Binaries/Win64/UnrealEditor.modules" 1124
"../../../Engine/Plugins/Experimental/RuntimeTelemetry/Binaries/Win64/UnrealEditor.modules" 1125
"../../../Engine/Plugins/Experimental/SkeletalReduction/Binaries/Win64/UnrealEditor.modules" 1126
"../../../Engine/Plugins/FX/Cascade/Binaries/Win64/UnrealEditor.modules" 1127
"../../../Engine/Plugins/FX/NiagaraSimCaching/Binaries/Win64/UnrealEditor.modules" 1128
"../../../Engine/Plugins/Media/AndroidMedia/Binaries/Win64/UnrealEditor.modules" 1129
"../../../Engine/Plugins/Media/AvfMedia/Binaries/Win64/UnrealEditor.modules" 1130
"../../../Engine/Plugins/Media/MediaPlate/Binaries/Win64/UnrealEditor.modules" 1131
"../../../Engine/Plugins/Compositing/CompositeCore/Binaries/Win64/UnrealEditor.modules" 1132
"../../../Engine/Plugins/Media/WmfMedia/Binaries/Win64/UnrealEditor.modules" 1133
"../../../Engine/Plugins/Messaging/TcpMessaging/Binaries/Win64/UnrealEditor.modules" 1134
"../../../Engine/Plugins/MovieScene/ActorSequence/Binaries/Win64/UnrealEditor.modules" 1135
"../../../Engine/Plugins/MovieScene/SequenceValidator/Binaries/Win64/UnrealEditor.modules" 1136
"../../../Engine/Plugins/NNE/NNEDenoiser/Binaries/Win64/UnrealEditor.modules" 1137
"../../../Engine/Plugins/Online/OnlineBase/Binaries/Win64/UnrealEditor.modules" 1138
"../../../Engine/Plugins/FX/NiagaraPreviewContent/Binaries/Win64/UnrealEditor.modules" 1139
"../../../Engine/Plugins/Online/OnlineSubsystem/Binaries/Win64/UnrealEditor.modules" 1140
"../../../Engine/Plugins/Online/OnlineSubsystemNull/Binaries/Win64/UnrealEditor.modules" 1141
"../../../Engine/Plugins/Online/OnlineSubsystemUtils/Binaries/Win64/UnrealEditor.modules" 1142
"../../../Engine/Plugins/Online/OnlineServices/Binaries/Win64/UnrealEditor.modules" 1143
"../../../Engine/Plugins/Tests/InterchangeTests/Binaries/Win64/UnrealEditor.modules" 1144
"../../../Engine/Plugins/Runtime/Windows/XInputDevice/Binaries/Win64/UnrealEditor.modules" 1145
"../../../Engine/Plugins/Editor/ContentBrowser/ContentBrowserClassDataSource/Binaries/Win64/UnrealEditor.modules" 1146
"../../../Engine/Plugins/Editor/Localization/PortableObjectFileDataSource/Binaries/Win64/UnrealEditor.modules" 1147
"../../../Engine/Plugins/Editor/ObjectMixer/LightMixer/Binaries/Win64/UnrealEditor.modules" 1148
"../../../Engine/Config/BaseSourceControlSettings.ini" 1149
"../../../Engine/Content/Internationalization/icudt64l/coll/ucadata.icu" 1150
"../../../Engine/Content/Internationalization/icudt64l/coll/tr.res" 1151
"../../../Engine/Content/Internationalization/icudt64l/coll/root.res" 1152
"../../../Engine/Content/Certificates/ThirdParty/cacert.pem" 1153
"../../../Engine/Platforms/VisionOS/Config/BaseVisionOSEngine.ini" 1154
"../../../Engine/Platforms/VisionOS/Config/VisionOSEngine.ini" 1155
"../../../Engine/Config/ConsoleVariables.ini" 1156
"../../../Engine/Binaries/Win64/Android/UnrealEditor.modules" 1157
"../../../Engine/Binaries/Win64/IOS/UnrealEditor.modules" 1158
"../../../Engine/Binaries/Win64/Linux/UnrealEditor.modules" 1159
"../../../Engine/Content/Localization/Editor/en/Editor.locres" 1160
"../../../Engine/Content/Localization/Keywords/en/Keywords.locres" 1161
"../../../Engine/Content/Localization/Category/en/Category.locres" 1162
"../../../Engine/Content/Localization/ToolTips/en/ToolTips.locres" 1163
"../../../Engine/Content/Localization/PropertyNames/en/PropertyNames.locres" 1164
"../../../Engine/Content/Localization/Engine/en/Engine.locres" 1165
"../../../Engine/Plugins/MetaHuman/MetaHumanAnimator/Content/Localization/MetaHuman/en/MetaHuman.locres" 1166
"../../../Engine/Plugins/MetaHuman/MetaHumanAnimator/Content/Localization/MetaHuman_Properties/en/MetaHuman_Properties.locres" 1167
"../../../Engine/Plugins/MetaHuman/MetaHumanAnimator/Content/Localization/MetaHuman_Tooltips/en/MetaHuman_Tooltips.locres" 1168
"../../../Engine/Plugins/MetaHuman/MetaHumanCoreTechLib/Content/Localization/MetaHumanCoreTech/en/MetaHumanCoreTech.locres" 1169
"../../../Engine/Plugins/MetaHuman/MetaHumanCoreTechLib/Content/Localization/MetaHumanCoreTech_Properties/en/MetaHumanCoreTech_Properties.locres" 1170
"../../../Engine/Plugins/MetaHuman/MetaHumanCoreTechLib/Content/Localization/MetaHumanCoreTech_Tooltips/en/MetaHumanCoreTech_Tooltips.locres" 1171
"../../../Engine/Plugins/MetaHuman/MetaHumanLiveLink/Content/Localization/MetaHumanLiveLink/en/MetaHumanLiveLink.locres" 1172
"../../../Engine/Plugins/MetaHuman/MetaHumanLiveLink/Content/Localization/MetaHumanLiveLink_Properties/en/MetaHumanLiveLink_Properties.locres" 1173
"../../../Engine/Plugins/MetaHuman/MetaHumanLiveLink/Content/Localization/MetaHumanLiveLink_Tooltips/en/MetaHumanLiveLink_Tooltips.locres" 1174
"../../../Engine/Plugins/MetaHuman/MetaHumanSDK/Content/Localization/MetaHumanSDK/en/MetaHumanSDK.locres" 1175
"../../../Engine/Plugins/MetaHuman/MetaHumanSDK/Content/Localization/MetaHumanSDK_Properties/en/MetaHumanSDK_Properties.locres" 1176
"../../../Engine/Plugins/MetaHuman/MetaHumanSDK/Content/Localization/MetaHumanSDK_Tooltips/en/MetaHumanSDK_Tooltips.locres" 1177
"../../../Engine/Plugins/Runtime/HTTPChunkInstaller/Content/Localization/HTTPChunkInstaller/en/HTTPChunkInstaller.locres" 1178
"../../../Engine/Plugins/Online/OnlineSubsystem/Content/Localization/OnlineSubsystem/en/OnlineSubsystem.locres" 1179
"../../../Engine/Plugins/Online/OnlineSubsystemUtils/Content/Localization/OnlineSubsystemUtils/en/OnlineSubsystemUtils.locres" 1180
"../../../Engine/Plugins/Online/Android/OnlineSubsystemGooglePlay/Content/Localization/OnlineSubsystemGooglePlay/en/OnlineSubsystemGooglePlay.locres" 1181
"../../../Engine/Plugins/Online/IOS/OnlineSubsystemIOS/Content/Localization/OnlineSubsystemIOS/en/OnlineSubsystemIOS.locres" 1182
"../../../Engine/Content/Internationalization/icudt64l/numberingSystems.res" 1183
"../../../Engine/Content/Internationalization/icudt64l/curr/supplementalData.res" 1184
"../../../Engine/Content/Internationalization/icudt64l/curr/tr.res" 1185
"../../../Engine/Content/Internationalization/icudt64l/curr/pool.res" 1186
"../../../Engine/Content/Internationalization/icudt64l/curr/root.res" 1187
"../../../Engine/Content/Internationalization/icudt64l/lang/af.res" 1188
"../../../Engine/Content/Internationalization/icudt64l/region/af.res" 1189
"../../../Engine/Content/Internationalization/icudt64l/lang/agq.res" 1190
"../../../Engine/Content/Internationalization/icudt64l/region/agq.res" 1191
"../../../Engine/Content/Internationalization/icudt64l/lang/ak.res" 1192
"../../../Engine/Content/Internationalization/icudt64l/region/ak.res" 1193
"../../../Engine/Content/Internationalization/icudt64l/lang/am.res" 1194
"../../../Engine/Content/Internationalization/icudt64l/region/am.res" 1195
"../../../Engine/Content/Internationalization/icudt64l/lang/ar.res" 1196
"../../../Engine/Content/Internationalization/icudt64l/region/ar.res" 1197
"../../../Engine/Content/Internationalization/icudt64l/region/ar_AE.res" 1198
"../../../Engine/Content/Internationalization/icudt64l/lang/ar_EG.res" 1199
"../../../Engine/Content/Internationalization/icudt64l/lang/ar_LY.res" 1200
"../../../Engine/Content/Internationalization/icudt64l/region/ar_LY.res" 1201
"../../../Engine/Content/Internationalization/icudt64l/lang/ar_SA.res" 1202
"../../../Engine/Content/Internationalization/icudt64l/region/ar_SA.res" 1203
"../../../Engine/Content/Internationalization/icudt64l/lang/as.res" 1204
"../../../Engine/Content/Internationalization/icudt64l/region/as.res" 1205
"../../../Engine/Content/Internationalization/icudt64l/lang/asa.res" 1206
"../../../Engine/Content/Internationalization/icudt64l/region/asa.res" 1207
"../../../Engine/Content/Internationalization/icudt64l/lang/ast.res" 1208
"../../../Engine/Content/Internationalization/icudt64l/region/ast.res" 1209
"../../../Engine/Content/Internationalization/icudt64l/lang/az.res" 1210
"../../../Engine/Content/Internationalization/icudt64l/lang/az_Cyrl.res" 1211
"../../../Engine/Content/Internationalization/icudt64l/lang/az_AZ.res" 1212
"../../../Engine/Content/Internationalization/icudt64l/lang/az_Latn_AZ.res" 1213
"../../../Engine/Content/Internationalization/icudt64l/lang/az_Latn.res" 1214
"../../../Engine/Content/Internationalization/icudt64l/region/az_AZ.res" 1215
"../../../Engine/Content/Internationalization/icudt64l/region/az_Latn_AZ.res" 1216
"../../../Engine/Content/Internationalization/icudt64l/region/az_Latn.res" 1217
"../../../Engine/Content/Internationalization/icudt64l/region/az.res" 1218
"../../../Engine/Content/Internationalization/icudt64l/region/az_Cyrl.res" 1219
"../../../Engine/Content/Internationalization/icudt64l/lang/bas.res" 1220
"../../../Engine/Content/Internationalization/icudt64l/region/bas.res" 1221
"../../../Engine/Content/Internationalization/icudt64l/lang/be.res" 1222
"../../../Engine/Content/Internationalization/icudt64l/region/be.res" 1223
"../../../Engine/Content/Internationalization/icudt64l/lang/bem.res" 1224
"../../../Engine/Content/Internationalization/icudt64l/region/bem.res" 1225
"../../../Engine/Content/Internationalization/icudt64l/lang/bez.res" 1226
"../../../Engine/Content/Internationalization/icudt64l/region/bez.res" 1227
"../../../Engine/Content/Internationalization/icudt64l/lang/bg.res" 1228
"../../../Engine/Content/Internationalization/icudt64l/region/bg.res" 1229
"../../../Engine/Content/Internationalization/icudt64l/lang/bm.res" 1230
"../../../Engine/Content/Internationalization/icudt64l/region/bm.res" 1231
"../../../Engine/Content/Internationalization/icudt64l/lang/bn.res" 1232
"../../../Engine/Content/Internationalization/icudt64l/region/bn.res" 1233
"../../../Engine/Content/Internationalization/icudt64l/lang/bn_IN.res" 1234
"../../../Engine/Content/Internationalization/icudt64l/region/bn_IN.res" 1235
"../../../Engine/Content/Internationalization/icudt64l/lang/bo.res" 1236
"../../../Engine/Content/Internationalization/icudt64l/region/bo.res" 1237
"../../../Engine/Content/Internationalization/icudt64l/region/bo_IN.res" 1238
"../../../Engine/Content/Internationalization/icudt64l/lang/br.res" 1239
"../../../Engine/Content/Internationalization/icudt64l/region/br.res" 1240
"../../../Engine/Content/Internationalization/icudt64l/lang/brx.res" 1241
"../../../Engine/Content/Internationalization/icudt64l/region/brx.res" 1242
"../../../Engine/Content/Internationalization/icudt64l/lang/bs.res" 1243
"../../../Engine/Content/Internationalization/icudt64l/lang/bs_Cyrl.res" 1244
"../../../Engine/Content/Internationalization/icudt64l/lang/bs_BA.res" 1245
"../../../Engine/Content/Internationalization/icudt64l/lang/bs_Latn_BA.res" 1246
"../../../Engine/Content/Internationalization/icudt64l/lang/bs_Latn.res" 1247
"../../../Engine/Content/Internationalization/icudt64l/region/bs_BA.res" 1248
"../../../Engine/Content/Internationalization/icudt64l/region/bs_Latn_BA.res" 1249
"../../../Engine/Content/Internationalization/icudt64l/region/bs_Latn.res" 1250
"../../../Engine/Content/Internationalization/icudt64l/region/bs.res" 1251
"../../../Engine/Content/Internationalization/icudt64l/region/bs_Cyrl.res" 1252
"../../../Engine/Content/Internationalization/icudt64l/lang/ca.res" 1253
"../../../Engine/Content/Internationalization/icudt64l/region/ca.res" 1254
"../../../Engine/Content/Internationalization/icudt64l/lang/ccp.res" 1255
"../../../Engine/Content/Internationalization/icudt64l/region/ccp.res" 1256
"../../../Engine/Content/Internationalization/icudt64l/lang/ce.res" 1257
"../../../Engine/Content/Internationalization/icudt64l/region/ce.res" 1258
"../../../Engine/Content/Internationalization/icudt64l/lang/ceb.res" 1259
"../../../Engine/Content/Internationalization/icudt64l/region/ceb.res" 1260
"../../../Engine/Content/Internationalization/icudt64l/lang/cgg.res" 1261
"../../../Engine/Content/Internationalization/icudt64l/region/cgg.res" 1262
"../../../Engine/Content/Internationalization/icudt64l/lang/chr.res" 1263
"../../../Engine/Content/Internationalization/icudt64l/region/chr.res" 1264
"../../../Engine/Content/Internationalization/icudt64l/lang/ckb.res" 1265
"../../../Engine/Content/Internationalization/icudt64l/region/ckb.res" 1266
"../../../Engine/Content/Internationalization/icudt64l/lang/cs.res" 1267
"../../../Engine/Content/Internationalization/icudt64l/region/cs.res" 1268
"../../../Engine/Content/Internationalization/icudt64l/lang/cy.res" 1269
"../../../Engine/Content/Internationalization/icudt64l/region/cy.res" 1270
"../../../Engine/Content/Internationalization/icudt64l/lang/da.res" 1271
"../../../Engine/Content/Internationalization/icudt64l/region/da.res" 1272
"../../../Engine/Content/Internationalization/icudt64l/lang/dav.res" 1273
"../../../Engine/Content/Internationalization/icudt64l/region/dav.res" 1274
"../../../Engine/Content/Internationalization/icudt64l/lang/de.res" 1275
"../../../Engine/Content/Internationalization/icudt64l/lang/de_AT.res" 1276
"../../../Engine/Content/Internationalization/icudt64l/region/de_AT.res" 1277
"../../../Engine/Content/Internationalization/icudt64l/region/de.res" 1278
"../../../Engine/Content/Internationalization/icudt64l/lang/de_CH.res" 1279
"../../../Engine/Content/Internationalization/icudt64l/region/de_CH.res" 1280
"../../../Engine/Content/Internationalization/icudt64l/lang/de_LU.res" 1281
"../../../Engine/Content/Internationalization/icudt64l/lang/dje.res" 1282
"../../../Engine/Content/Internationalization/icudt64l/region/dje.res" 1283
"../../../Engine/Content/Internationalization/icudt64l/lang/dsb.res" 1284
"../../../Engine/Content/Internationalization/icudt64l/region/dsb.res" 1285
"../../../Engine/Content/Internationalization/icudt64l/lang/dua.res" 1286
"../../../Engine/Content/Internationalization/icudt64l/region/dua.res" 1287
"../../../Engine/Content/Internationalization/icudt64l/lang/dyo.res" 1288
"../../../Engine/Content/Internationalization/icudt64l/region/dyo.res" 1289
"../../../Engine/Content/Internationalization/icudt64l/lang/dz.res" 1290
"../../../Engine/Content/Internationalization/icudt64l/region/dz.res" 1291
"../../../Engine/Content/Internationalization/icudt64l/lang/ebu.res" 1292
"../../../Engine/Content/Internationalization/icudt64l/region/ebu.res" 1293
"../../../Engine/Content/Internationalization/icudt64l/lang/ee.res" 1294
"../../../Engine/Content/Internationalization/icudt64l/region/ee.res" 1295
"../../../Engine/Content/Internationalization/icudt64l/lang/el.res" 1296
"../../../Engine/Content/Internationalization/icudt64l/region/el.res" 1297
"../../../Engine/Content/Internationalization/icudt64l/lang/en_001.res" 1298
"../../../Engine/Content/Internationalization/icudt64l/lang/en_150.res" 1299
"../../../Engine/Content/Internationalization/icudt64l/region/en_150.res" 1300
"../../../Engine/Content/Internationalization/icudt64l/lang/en_AG.res" 1301
"../../../Engine/Content/Internationalization/icudt64l/region/en_AG.res" 1302
"../../../Engine/Content/Internationalization/icudt64l/lang/en_AI.res" 1303
"../../../Engine/Content/Internationalization/icudt64l/region/en_AI.res" 1304
"../../../Engine/Content/Internationalization/icudt64l/lang/en_AT.res" 1305
"../../../Engine/Content/Internationalization/icudt64l/region/en_AT.res" 1306
"../../../Engine/Content/Internationalization/icudt64l/lang/en_AU.res" 1307
"../../../Engine/Content/Internationalization/icudt64l/region/en_AU.res" 1308
"../../../Engine/Content/Internationalization/icudt64l/lang/en_BB.res" 1309
"../../../Engine/Content/Internationalization/icudt64l/region/en_BB.res" 1310
"../../../Engine/Content/Internationalization/icudt64l/lang/en_BE.res" 1311
"../../../Engine/Content/Internationalization/icudt64l/region/en_BE.res" 1312
"../../../Engine/Content/Internationalization/icudt64l/lang/en_BM.res" 1313
"../../../Engine/Content/Internationalization/icudt64l/region/en_BM.res" 1314
"../../../Engine/Content/Internationalization/icudt64l/lang/en_BS.res" 1315
"../../../Engine/Content/Internationalization/icudt64l/region/en_BS.res" 1316
"../../../Engine/Content/Internationalization/icudt64l/lang/en_BW.res" 1317
"../../../Engine/Content/Internationalization/icudt64l/region/en_BW.res" 1318
"../../../Engine/Content/Internationalization/icudt64l/lang/en_BZ.res" 1319
"../../../Engine/Content/Internationalization/icudt64l/region/en_BZ.res" 1320
"../../../Engine/Content/Internationalization/icudt64l/lang/en_CA.res" 1321
"../../../Engine/Content/Internationalization/icudt64l/region/en_CA.res" 1322
"../../../Engine/Content/Internationalization/icudt64l/lang/en_CC.res" 1323
"../../../Engine/Content/Internationalization/icudt64l/region/en_CC.res" 1324
"../../../Engine/Content/Internationalization/icudt64l/lang/en_CH.res" 1325
"../../../Engine/Content/Internationalization/icudt64l/region/en_CH.res" 1326
"../../../Engine/Content/Internationalization/icudt64l/lang/en_CK.res" 1327
"../../../Engine/Content/Internationalization/icudt64l/region/en_CK.res" 1328
"../../../Engine/Content/Internationalization/icudt64l/lang/en_CM.res" 1329
"../../../Engine/Content/Internationalization/icudt64l/region/en_CM.res" 1330
"../../../Engine/Content/Internationalization/icudt64l/lang/en_CX.res" 1331
"../../../Engine/Content/Internationalization/icudt64l/region/en_CX.res" 1332
"../../../Engine/Content/Internationalization/icudt64l/lang/en_CY.res" 1333
"../../../Engine/Content/Internationalization/icudt64l/region/en_CY.res" 1334
"../../../Engine/Content/Internationalization/icudt64l/lang/en_DE.res" 1335
"../../../Engine/Content/Internationalization/icudt64l/region/en_DE.res" 1336
"../../../Engine/Content/Internationalization/icudt64l/lang/en_DG.res" 1337
"../../../Engine/Content/Internationalization/icudt64l/region/en_DG.res" 1338
"../../../Engine/Content/Internationalization/icudt64l/lang/en_DK.res" 1339
"../../../Engine/Content/Internationalization/icudt64l/region/en_DK.res" 1340
"../../../Engine/Content/Internationalization/icudt64l/lang/en_DM.res" 1341
"../../../Engine/Content/Internationalization/icudt64l/region/en_DM.res" 1342
"../../../Engine/Content/Internationalization/icudt64l/lang/en_ER.res" 1343
"../../../Engine/Content/Internationalization/icudt64l/region/en_ER.res" 1344
"../../../Engine/Content/Internationalization/icudt64l/lang/en_FI.res" 1345
"../../../Engine/Content/Internationalization/icudt64l/region/en_FI.res" 1346
"../../../Engine/Content/Internationalization/icudt64l/lang/en_FJ.res" 1347
"../../../Engine/Content/Internationalization/icudt64l/region/en_FJ.res" 1348
"../../../Engine/Content/Internationalization/icudt64l/lang/en_FK.res" 1349
"../../../Engine/Content/Internationalization/icudt64l/region/en_FK.res" 1350
"../../../Engine/Content/Internationalization/icudt64l/lang/en_FM.res" 1351
"../../../Engine/Content/Internationalization/icudt64l/region/en_FM.res" 1352
"../../../Engine/Content/Internationalization/icudt64l/lang/en_GB.res" 1353
"../../../Engine/Content/Internationalization/icudt64l/region/en_GB.res" 1354
"../../../Engine/Content/Internationalization/icudt64l/lang/en_GD.res" 1355
"../../../Engine/Content/Internationalization/icudt64l/region/en_GD.res" 1356
"../../../Engine/Content/Internationalization/icudt64l/lang/en_GG.res" 1357
"../../../Engine/Content/Internationalization/icudt64l/region/en_GG.res" 1358
"../../../Engine/Content/Internationalization/icudt64l/lang/en_GH.res" 1359
"../../../Engine/Content/Internationalization/icudt64l/region/en_GH.res" 1360
"../../../Engine/Content/Internationalization/icudt64l/lang/en_GI.res" 1361
"../../../Engine/Content/Internationalization/icudt64l/region/en_GI.res" 1362
"../../../Engine/Content/Internationalization/icudt64l/lang/en_GM.res" 1363
"../../../Engine/Content/Internationalization/icudt64l/region/en_GM.res" 1364
"../../../Engine/Content/Internationalization/icudt64l/lang/en_GY.res" 1365
"../../../Engine/Content/Internationalization/icudt64l/region/en_GY.res" 1366
"../../../Engine/Content/Internationalization/icudt64l/lang/en_HK.res" 1367
"../../../Engine/Content/Internationalization/icudt64l/region/en_HK.res" 1368
"../../../Engine/Content/Internationalization/icudt64l/lang/en_IE.res" 1369
"../../../Engine/Content/Internationalization/icudt64l/region/en_IE.res" 1370
"../../../Engine/Content/Internationalization/icudt64l/lang/en_IL.res" 1371
"../../../Engine/Content/Internationalization/icudt64l/region/en_IL.res" 1372
"../../../Engine/Content/Internationalization/icudt64l/lang/en_IM.res" 1373
"../../../Engine/Content/Internationalization/icudt64l/region/en_IM.res" 1374
"../../../Engine/Content/Internationalization/icudt64l/lang/en_IN.res" 1375
"../../../Engine/Content/Internationalization/icudt64l/region/en_IN.res" 1376
"../../../Engine/Content/Internationalization/icudt64l/lang/en_IO.res" 1377
"../../../Engine/Content/Internationalization/icudt64l/region/en_IO.res" 1378
"../../../Engine/Content/Internationalization/icudt64l/lang/en_JE.res" 1379
"../../../Engine/Content/Internationalization/icudt64l/region/en_JE.res" 1380
"../../../Engine/Content/Internationalization/icudt64l/lang/en_JM.res" 1381
"../../../Engine/Content/Internationalization/icudt64l/region/en_JM.res" 1382
"../../../Engine/Content/Internationalization/icudt64l/lang/en_KE.res" 1383
"../../../Engine/Content/Internationalization/icudt64l/region/en_KE.res" 1384
"../../../Engine/Content/Internationalization/icudt64l/lang/en_KI.res" 1385
"../../../Engine/Content/Internationalization/icudt64l/region/en_KI.res" 1386
"../../../Engine/Content/Internationalization/icudt64l/lang/en_KN.res" 1387
"../../../Engine/Content/Internationalization/icudt64l/region/en_KN.res" 1388
"../../../Engine/Content/Internationalization/icudt64l/lang/en_KY.res" 1389
"../../../Engine/Content/Internationalization/icudt64l/region/en_KY.res" 1390
"../../../Engine/Content/Internationalization/icudt64l/lang/en_LC.res" 1391
"../../../Engine/Content/Internationalization/icudt64l/region/en_LC.res" 1392
"../../../Engine/Content/Internationalization/icudt64l/lang/en_LR.res" 1393
"../../../Engine/Content/Internationalization/icudt64l/region/en_LR.res" 1394
"../../../Engine/Content/Internationalization/icudt64l/lang/en_LS.res" 1395
"../../../Engine/Content/Internationalization/icudt64l/region/en_LS.res" 1396
"../../../Engine/Content/Internationalization/icudt64l/lang/en_MG.res" 1397
"../../../Engine/Content/Internationalization/icudt64l/region/en_MG.res" 1398
"../../../Engine/Content/Internationalization/icudt64l/lang/en_MO.res" 1399
"../../../Engine/Content/Internationalization/icudt64l/region/en_MO.res" 1400
"../../../Engine/Content/Internationalization/icudt64l/lang/en_MS.res" 1401
"../../../Engine/Content/Internationalization/icudt64l/region/en_MS.res" 1402
"../../../Engine/Content/Internationalization/icudt64l/lang/en_MT.res" 1403
"../../../Engine/Content/Internationalization/icudt64l/region/en_MT.res" 1404
"../../../Engine/Content/Internationalization/icudt64l/lang/en_MU.res" 1405
"../../../Engine/Content/Internationalization/icudt64l/region/en_MU.res" 1406
"../../../Engine/Content/Internationalization/icudt64l/lang/en_MW.res" 1407
"../../../Engine/Content/Internationalization/icudt64l/region/en_MW.res" 1408
"../../../Engine/Content/Internationalization/icudt64l/lang/en_MY.res" 1409
"../../../Engine/Content/Internationalization/icudt64l/region/en_MY.res" 1410
"../../../Engine/Content/Internationalization/icudt64l/lang/en_NA.res" 1411
"../../../Engine/Content/Internationalization/icudt64l/region/en_NA.res" 1412
"../../../Engine/Content/Internationalization/icudt64l/lang/en_NF.res" 1413
"../../../Engine/Content/Internationalization/icudt64l/region/en_NF.res" 1414
"../../../Engine/Content/Internationalization/icudt64l/lang/en_NG.res" 1415
"../../../Engine/Content/Internationalization/icudt64l/region/en_NG.res" 1416
"../../../Engine/Content/Internationalization/icudt64l/lang/en_NL.res" 1417
"../../../Engine/Content/Internationalization/icudt64l/region/en_NL.res" 1418
"../../../Engine/Content/Internationalization/icudt64l/lang/en_NR.res" 1419
"../../../Engine/Content/Internationalization/icudt64l/region/en_NR.res" 1420
"../../../Engine/Content/Internationalization/icudt64l/lang/en_NU.res" 1421
"../../../Engine/Content/Internationalization/icudt64l/region/en_NU.res" 1422
"../../../Engine/Content/Internationalization/icudt64l/lang/en_NZ.res" 1423
"../../../Engine/Content/Internationalization/icudt64l/region/en_NZ.res" 1424
"../../../Engine/Content/Internationalization/icudt64l/lang/en_PG.res" 1425
"../../../Engine/Content/Internationalization/icudt64l/region/en_PG.res" 1426
"../../../Engine/Content/Internationalization/icudt64l/lang/en_PH.res" 1427
"../../../Engine/Content/Internationalization/icudt64l/region/en_PH.res" 1428
"../../../Engine/Content/Internationalization/icudt64l/lang/en_PK.res" 1429
"../../../Engine/Content/Internationalization/icudt64l/region/en_PK.res" 1430
"../../../Engine/Content/Internationalization/icudt64l/lang/en_PN.res" 1431
"../../../Engine/Content/Internationalization/icudt64l/region/en_PN.res" 1432
"../../../Engine/Content/Internationalization/icudt64l/lang/en_PW.res" 1433
"../../../Engine/Content/Internationalization/icudt64l/region/en_PW.res" 1434
"../../../Engine/Content/Internationalization/icudt64l/lang/en_RW.res" 1435
"../../../Engine/Content/Internationalization/icudt64l/region/en_RW.res" 1436
"../../../Engine/Content/Internationalization/icudt64l/lang/en_SB.res" 1437
"../../../Engine/Content/Internationalization/icudt64l/region/en_SB.res" 1438
"../../../Engine/Content/Internationalization/icudt64l/lang/en_SC.res" 1439
"../../../Engine/Content/Internationalization/icudt64l/region/en_SC.res" 1440
"../../../Engine/Content/Internationalization/icudt64l/lang/en_SD.res" 1441
"../../../Engine/Content/Internationalization/icudt64l/region/en_SD.res" 1442
"../../../Engine/Content/Internationalization/icudt64l/lang/en_SE.res" 1443
"../../../Engine/Content/Internationalization/icudt64l/region/en_SE.res" 1444
"../../../Engine/Content/Internationalization/icudt64l/lang/en_SG.res" 1445
"../../../Engine/Content/Internationalization/icudt64l/region/en_SG.res" 1446
"../../../Engine/Content/Internationalization/icudt64l/lang/en_SH.res" 1447
"../../../Engine/Content/Internationalization/icudt64l/region/en_SH.res" 1448
"../../../Engine/Content/Internationalization/icudt64l/lang/en_SI.res" 1449
"../../../Engine/Content/Internationalization/icudt64l/region/en_SI.res" 1450
"../../../Engine/Content/Internationalization/icudt64l/lang/en_SL.res" 1451
"../../../Engine/Content/Internationalization/icudt64l/region/en_SL.res" 1452
"../../../Engine/Content/Internationalization/icudt64l/lang/en_SS.res" 1453
"../../../Engine/Content/Internationalization/icudt64l/region/en_SS.res" 1454
"../../../Engine/Content/Internationalization/icudt64l/lang/en_SX.res" 1455
"../../../Engine/Content/Internationalization/icudt64l/region/en_SX.res" 1456
"../../../Engine/Content/Internationalization/icudt64l/lang/en_SZ.res" 1457
"../../../Engine/Content/Internationalization/icudt64l/region/en_SZ.res" 1458
"../../../Engine/Content/Internationalization/icudt64l/lang/en_TC.res" 1459
"../../../Engine/Content/Internationalization/icudt64l/region/en_TC.res" 1460
"../../../Engine/Content/Internationalization/icudt64l/lang/en_TK.res" 1461
"../../../Engine/Content/Internationalization/icudt64l/region/en_TK.res" 1462
"../../../Engine/Content/Internationalization/icudt64l/lang/en_TO.res" 1463
"../../../Engine/Content/Internationalization/icudt64l/region/en_TO.res" 1464
"../../../Engine/Content/Internationalization/icudt64l/lang/en_TT.res" 1465
"../../../Engine/Content/Internationalization/icudt64l/region/en_TT.res" 1466
"../../../Engine/Content/Internationalization/icudt64l/lang/en_TV.res" 1467
"../../../Engine/Content/Internationalization/icudt64l/region/en_TV.res" 1468
"../../../Engine/Content/Internationalization/icudt64l/lang/en_TZ.res" 1469
"../../../Engine/Content/Internationalization/icudt64l/region/en_TZ.res" 1470
"../../../Engine/Content/Internationalization/icudt64l/lang/en_UG.res" 1471
"../../../Engine/Content/Internationalization/icudt64l/region/en_UG.res" 1472
"../../../Engine/Content/Internationalization/icudt64l/lang/en_VC.res" 1473
"../../../Engine/Content/Internationalization/icudt64l/region/en_VC.res" 1474
"../../../Engine/Content/Internationalization/icudt64l/lang/en_VG.res" 1475
"../../../Engine/Content/Internationalization/icudt64l/region/en_VG.res" 1476
"../../../Engine/Content/Internationalization/icudt64l/lang/en_VU.res" 1477
"../../../Engine/Content/Internationalization/icudt64l/region/en_VU.res" 1478
"../../../Engine/Content/Internationalization/icudt64l/lang/en_WS.res" 1479
"../../../Engine/Content/Internationalization/icudt64l/region/en_WS.res" 1480
"../../../Engine/Content/Internationalization/icudt64l/lang/en_ZA.res" 1481
"../../../Engine/Content/Internationalization/icudt64l/region/en_ZA.res" 1482
"../../../Engine/Content/Internationalization/icudt64l/lang/en_ZM.res" 1483
"../../../Engine/Content/Internationalization/icudt64l/region/en_ZM.res" 1484
"../../../Engine/Content/Internationalization/icudt64l/lang/en_ZW.res" 1485
"../../../Engine/Content/Internationalization/icudt64l/region/en_ZW.res" 1486
"../../../Engine/Content/Internationalization/icudt64l/lang/eo.res" 1487
"../../../Engine/Content/Internationalization/icudt64l/region/eo.res" 1488
"../../../Engine/Content/Internationalization/icudt64l/lang/es.res" 1489
"../../../Engine/Content/Internationalization/icudt64l/lang/es_419.res" 1490
"../../../Engine/Content/Internationalization/icudt64l/region/es_419.res" 1491
"../../../Engine/Content/Internationalization/icudt64l/region/es.res" 1492
"../../../Engine/Content/Internationalization/icudt64l/lang/es_AR.res" 1493
"../../../Engine/Content/Internationalization/icudt64l/region/es_AR.res" 1494
"../../../Engine/Content/Internationalization/icudt64l/lang/es_BO.res" 1495
"../../../Engine/Content/Internationalization/icudt64l/region/es_BO.res" 1496
"../../../Engine/Content/Internationalization/icudt64l/lang/es_BR.res" 1497
"../../../Engine/Content/Internationalization/icudt64l/region/es_BR.res" 1498
"../../../Engine/Content/Internationalization/icudt64l/lang/es_BZ.res" 1499
"../../../Engine/Content/Internationalization/icudt64l/region/es_BZ.res" 1500
"../../../Engine/Content/Internationalization/icudt64l/lang/es_CL.res" 1501
"../../../Engine/Content/Internationalization/icudt64l/region/es_CL.res" 1502
"../../../Engine/Content/Internationalization/icudt64l/lang/es_CO.res" 1503
"../../../Engine/Content/Internationalization/icudt64l/region/es_CO.res" 1504
"../../../Engine/Content/Internationalization/icudt64l/lang/es_CR.res" 1505
"../../../Engine/Content/Internationalization/icudt64l/region/es_CR.res" 1506
"../../../Engine/Content/Internationalization/icudt64l/lang/es_CU.res" 1507
"../../../Engine/Content/Internationalization/icudt64l/region/es_CU.res" 1508
"../../../Engine/Content/Internationalization/icudt64l/lang/es_DO.res" 1509
"../../../Engine/Content/Internationalization/icudt64l/region/es_DO.res" 1510
"../../../Engine/Content/Internationalization/icudt64l/lang/es_EC.res" 1511
"../../../Engine/Content/Internationalization/icudt64l/region/es_EC.res" 1512
"../../../Engine/Content/Internationalization/icudt64l/lang/es_GT.res" 1513
"../../../Engine/Content/Internationalization/icudt64l/region/es_GT.res" 1514
"../../../Engine/Content/Internationalization/icudt64l/lang/es_HN.res" 1515
"../../../Engine/Content/Internationalization/icudt64l/region/es_HN.res" 1516
"../../../Engine/Content/Internationalization/icudt64l/lang/es_MX.res" 1517
"../../../Engine/Content/Internationalization/icudt64l/region/es_MX.res" 1518
"../../../Engine/Content/Internationalization/icudt64l/lang/es_NI.res" 1519
"../../../Engine/Content/Internationalization/icudt64l/region/es_NI.res" 1520
"../../../Engine/Content/Internationalization/icudt64l/lang/es_PA.res" 1521
"../../../Engine/Content/Internationalization/icudt64l/region/es_PA.res" 1522
"../../../Engine/Content/Internationalization/icudt64l/lang/es_PE.res" 1523
"../../../Engine/Content/Internationalization/icudt64l/region/es_PE.res" 1524
"../../../Engine/Content/Internationalization/icudt64l/lang/es_PR.res" 1525
"../../../Engine/Content/Internationalization/icudt64l/region/es_PR.res" 1526
"../../../Engine/Content/Internationalization/icudt64l/lang/es_PY.res" 1527
"../../../Engine/Content/Internationalization/icudt64l/region/es_PY.res" 1528
"../../../Engine/Content/Internationalization/icudt64l/lang/es_SV.res" 1529
"../../../Engine/Content/Internationalization/icudt64l/region/es_SV.res" 1530
"../../../Engine/Content/Internationalization/icudt64l/lang/es_US.res" 1531
"../../../Engine/Content/Internationalization/icudt64l/region/es_US.res" 1532
"../../../Engine/Content/Internationalization/icudt64l/lang/es_UY.res" 1533
"../../../Engine/Content/Internationalization/icudt64l/region/es_UY.res" 1534
"../../../Engine/Content/Internationalization/icudt64l/lang/es_VE.res" 1535
"../../../Engine/Content/Internationalization/icudt64l/region/es_VE.res" 1536
"../../../Engine/Content/Internationalization/icudt64l/lang/et.res" 1537
"../../../Engine/Content/Internationalization/icudt64l/region/et.res" 1538
"../../../Engine/Content/Internationalization/icudt64l/lang/eu.res" 1539
"../../../Engine/Content/Internationalization/icudt64l/region/eu.res" 1540
"../../../Engine/Content/Internationalization/icudt64l/lang/ewo.res" 1541
"../../../Engine/Content/Internationalization/icudt64l/region/ewo.res" 1542
"../../../Engine/Content/Internationalization/icudt64l/lang/fa.res" 1543
"../../../Engine/Content/Internationalization/icudt64l/lang/fa_AF.res" 1544
"../../../Engine/Content/Internationalization/icudt64l/region/fa_AF.res" 1545
"../../../Engine/Content/Internationalization/icudt64l/region/fa.res" 1546
"../../../Engine/Content/Internationalization/icudt64l/lang/ff.res" 1547
"../../../Engine/Content/Internationalization/icudt64l/lang/ff_Latn.res" 1548
"../../../Engine/Content/Internationalization/icudt64l/region/ff.res" 1549
"../../../Engine/Content/Internationalization/icudt64l/region/ff_Latn.res" 1550
"../../../Engine/Content/Internationalization/icudt64l/lang/ff_CM.res" 1551
"../../../Engine/Content/Internationalization/icudt64l/lang/ff_Latn_CM.res" 1552
"../../../Engine/Content/Internationalization/icudt64l/region/ff_CM.res" 1553
"../../../Engine/Content/Internationalization/icudt64l/region/ff_Latn_CM.res" 1554
"../../../Engine/Content/Internationalization/icudt64l/lang/ff_GN.res" 1555
"../../../Engine/Content/Internationalization/icudt64l/lang/ff_Latn_GN.res" 1556
"../../../Engine/Content/Internationalization/icudt64l/region/ff_GN.res" 1557
"../../../Engine/Content/Internationalization/icudt64l/region/ff_Latn_GN.res" 1558
"../../../Engine/Content/Internationalization/icudt64l/lang/ff_MR.res" 1559
"../../../Engine/Content/Internationalization/icudt64l/lang/ff_Latn_MR.res" 1560
"../../../Engine/Content/Internationalization/icudt64l/region/ff_MR.res" 1561
"../../../Engine/Content/Internationalization/icudt64l/region/ff_Latn_MR.res" 1562
"../../../Engine/Content/Internationalization/icudt64l/lang/ff_SN.res" 1563
"../../../Engine/Content/Internationalization/icudt64l/lang/ff_Latn_SN.res" 1564
"../../../Engine/Content/Internationalization/icudt64l/region/ff_SN.res" 1565
"../../../Engine/Content/Internationalization/icudt64l/region/ff_Latn_SN.res" 1566
"../../../Engine/Content/Internationalization/icudt64l/lang/fi.res" 1567
"../../../Engine/Content/Internationalization/icudt64l/region/fi.res" 1568
"../../../Engine/Content/Internationalization/icudt64l/lang/fil.res" 1569
"../../../Engine/Content/Internationalization/icudt64l/lang/fil_PH.res" 1570
"../../../Engine/Content/Internationalization/icudt64l/region/fil_PH.res" 1571
"../../../Engine/Content/Internationalization/icudt64l/region/fil.res" 1572
"../../../Engine/Content/Internationalization/icudt64l/lang/fo.res" 1573
"../../../Engine/Content/Internationalization/icudt64l/region/fo.res" 1574
"../../../Engine/Content/Internationalization/icudt64l/lang/fr.res" 1575
"../../../Engine/Content/Internationalization/icudt64l/lang/fr_BE.res" 1576
"../../../Engine/Content/Internationalization/icudt64l/region/fr_BE.res" 1577
"../../../Engine/Content/Internationalization/icudt64l/region/fr.res" 1578
"../../../Engine/Content/Internationalization/icudt64l/lang/fr_CA.res" 1579
"../../../Engine/Content/Internationalization/icudt64l/region/fr_CA.res" 1580
"../../../Engine/Content/Internationalization/icudt64l/lang/fr_CH.res" 1581
"../../../Engine/Content/Internationalization/icudt64l/lang/fur.res" 1582
"../../../Engine/Content/Internationalization/icudt64l/region/fur.res" 1583
"../../../Engine/Content/Internationalization/icudt64l/lang/fy.res" 1584
"../../../Engine/Content/Internationalization/icudt64l/region/fy.res" 1585
"../../../Engine/Content/Internationalization/icudt64l/lang/ga.res" 1586
"../../../Engine/Content/Internationalization/icudt64l/region/ga.res" 1587
"../../../Engine/Content/Internationalization/icudt64l/lang/gd.res" 1588
"../../../Engine/Content/Internationalization/icudt64l/region/gd.res" 1589
"../../../Engine/Content/Internationalization/icudt64l/lang/gl.res" 1590
"../../../Engine/Content/Internationalization/icudt64l/region/gl.res" 1591
"../../../Engine/Content/Internationalization/icudt64l/lang/gsw.res" 1592
"../../../Engine/Content/Internationalization/icudt64l/region/gsw.res" 1593
"../../../Engine/Content/Internationalization/icudt64l/lang/gu.res" 1594
"../../../Engine/Content/Internationalization/icudt64l/region/gu.res" 1595
"../../../Engine/Content/Internationalization/icudt64l/lang/guz.res" 1596
"../../../Engine/Content/Internationalization/icudt64l/region/guz.res" 1597
"../../../Engine/Content/Internationalization/icudt64l/lang/gv.res" 1598
"../../../Engine/Content/Internationalization/icudt64l/region/gv.res" 1599
"../../../Engine/Content/Internationalization/icudt64l/lang/ha.res" 1600
"../../../Engine/Content/Internationalization/icudt64l/region/ha.res" 1601
"../../../Engine/Content/Internationalization/icudt64l/lang/ha_NE.res" 1602
"../../../Engine/Content/Internationalization/icudt64l/region/ha_NE.res" 1603
"../../../Engine/Content/Internationalization/icudt64l/lang/haw.res" 1604
"../../../Engine/Content/Internationalization/icudt64l/region/haw.res" 1605
"../../../Engine/Content/Internationalization/icudt64l/lang/he.res" 1606
"../../../Engine/Content/Internationalization/icudt64l/lang/he_IL.res" 1607
"../../../Engine/Content/Internationalization/icudt64l/region/he_IL.res" 1608
"../../../Engine/Content/Internationalization/icudt64l/region/he.res" 1609
"../../../Engine/Content/Internationalization/icudt64l/lang/hi.res" 1610
"../../../Engine/Content/Internationalization/icudt64l/region/hi.res" 1611
"../../../Engine/Content/Internationalization/icudt64l/lang/hr.res" 1612
"../../../Engine/Content/Internationalization/icudt64l/region/hr.res" 1613
"../../../Engine/Content/Internationalization/icudt64l/lang/hsb.res" 1614
"../../../Engine/Content/Internationalization/icudt64l/region/hsb.res" 1615
"../../../Engine/Content/Internationalization/icudt64l/lang/hu.res" 1616
"../../../Engine/Content/Internationalization/icudt64l/region/hu.res" 1617
"../../../Engine/Content/Internationalization/icudt64l/lang/hy.res" 1618
"../../../Engine/Content/Internationalization/icudt64l/region/hy.res" 1619
"../../../Engine/Content/Internationalization/icudt64l/lang/ia.res" 1620
"../../../Engine/Content/Internationalization/icudt64l/region/ia.res" 1621
"../../../Engine/Content/Internationalization/icudt64l/lang/id.res" 1622
"../../../Engine/Content/Internationalization/icudt64l/lang/id_ID.res" 1623
"../../../Engine/Content/Internationalization/icudt64l/region/id_ID.res" 1624
"../../../Engine/Content/Internationalization/icudt64l/region/id.res" 1625
"../../../Engine/Content/Internationalization/icudt64l/lang/ig.res" 1626
"../../../Engine/Content/Internationalization/icudt64l/region/ig.res" 1627
"../../../Engine/Content/Internationalization/icudt64l/lang/ii.res" 1628
"../../../Engine/Content/Internationalization/icudt64l/region/ii.res" 1629
"../../../Engine/Content/Internationalization/icudt64l/lang/is.res" 1630
"../../../Engine/Content/Internationalization/icudt64l/region/is.res" 1631
"../../../Engine/Content/Internationalization/icudt64l/lang/it.res" 1632
"../../../Engine/Content/Internationalization/icudt64l/region/it.res" 1633
"../../../Engine/Content/Internationalization/icudt64l/lang/ja.res" 1634
"../../../Engine/Content/Internationalization/icudt64l/lang/ja_JP.res" 1635
"../../../Engine/Content/Internationalization/icudt64l/region/ja_JP.res" 1636
"../../../Engine/Content/Internationalization/icudt64l/region/ja.res" 1637
"../../../Engine/Content/Internationalization/icudt64l/lang/jgo.res" 1638
"../../../Engine/Content/Internationalization/icudt64l/region/jgo.res" 1639
"../../../Engine/Content/Internationalization/icudt64l/lang/jmc.res" 1640
"../../../Engine/Content/Internationalization/icudt64l/region/jmc.res" 1641
"../../../Engine/Content/Internationalization/icudt64l/lang/jv.res" 1642
"../../../Engine/Content/Internationalization/icudt64l/region/jv.res" 1643
"../../../Engine/Content/Internationalization/icudt64l/lang/ka.res" 1644
"../../../Engine/Content/Internationalization/icudt64l/region/ka.res" 1645
"../../../Engine/Content/Internationalization/icudt64l/lang/kab.res" 1646
"../../../Engine/Content/Internationalization/icudt64l/region/kab.res" 1647
"../../../Engine/Content/Internationalization/icudt64l/lang/kam.res" 1648
"../../../Engine/Content/Internationalization/icudt64l/region/kam.res" 1649
"../../../Engine/Content/Internationalization/icudt64l/lang/kde.res" 1650
"../../../Engine/Content/Internationalization/icudt64l/region/kde.res" 1651
"../../../Engine/Content/Internationalization/icudt64l/lang/kea.res" 1652
"../../../Engine/Content/Internationalization/icudt64l/region/kea.res" 1653
"../../../Engine/Content/Internationalization/icudt64l/lang/khq.res" 1654
"../../../Engine/Content/Internationalization/icudt64l/region/khq.res" 1655
"../../../Engine/Content/Internationalization/icudt64l/lang/ki.res" 1656
"../../../Engine/Content/Internationalization/icudt64l/region/ki.res" 1657
"../../../Engine/Content/Internationalization/icudt64l/lang/kk.res" 1658
"../../../Engine/Content/Internationalization/icudt64l/region/kk.res" 1659
"../../../Engine/Content/Internationalization/icudt64l/lang/kkj.res" 1660
"../../../Engine/Content/Internationalization/icudt64l/region/kkj.res" 1661
"../../../Engine/Content/Internationalization/icudt64l/lang/kl.res" 1662
"../../../Engine/Content/Internationalization/icudt64l/region/kl.res" 1663
"../../../Engine/Content/Internationalization/icudt64l/lang/kln.res" 1664
"../../../Engine/Content/Internationalization/icudt64l/region/kln.res" 1665
"../../../Engine/Content/Internationalization/icudt64l/lang/km.res" 1666
"../../../Engine/Content/Internationalization/icudt64l/region/km.res" 1667
"../../../Engine/Content/Internationalization/icudt64l/lang/kn.res" 1668
"../../../Engine/Content/Internationalization/icudt64l/region/kn.res" 1669
"../../../Engine/Content/Internationalization/icudt64l/lang/ko.res" 1670
"../../../Engine/Content/Internationalization/icudt64l/region/ko_KP.res" 1671
"../../../Engine/Content/Internationalization/icudt64l/region/ko.res" 1672
"../../../Engine/Content/Internationalization/icudt64l/lang/kok.res" 1673
"../../../Engine/Content/Internationalization/icudt64l/region/kok.res" 1674
"../../../Engine/Content/Internationalization/icudt64l/lang/ks.res" 1675
"../../../Engine/Content/Internationalization/icudt64l/region/ks.res" 1676
"../../../Engine/Content/Internationalization/icudt64l/lang/ksb.res" 1677
"../../../Engine/Content/Internationalization/icudt64l/region/ksb.res" 1678
"../../../Engine/Content/Internationalization/icudt64l/lang/ksf.res" 1679
"../../../Engine/Content/Internationalization/icudt64l/region/ksf.res" 1680
"../../../Engine/Content/Internationalization/icudt64l/lang/ksh.res" 1681
"../../../Engine/Content/Internationalization/icudt64l/region/ksh.res" 1682
"../../../Engine/Content/Internationalization/icudt64l/lang/ku.res" 1683
"../../../Engine/Content/Internationalization/icudt64l/region/ku.res" 1684
"../../../Engine/Content/Internationalization/icudt64l/lang/kw.res" 1685
"../../../Engine/Content/Internationalization/icudt64l/region/kw.res" 1686
"../../../Engine/Content/Internationalization/icudt64l/lang/ky.res" 1687
"../../../Engine/Content/Internationalization/icudt64l/region/ky.res" 1688
"../../../Engine/Content/Internationalization/icudt64l/lang/lag.res" 1689
"../../../Engine/Content/Internationalization/icudt64l/region/lag.res" 1690
"../../../Engine/Content/Internationalization/icudt64l/lang/lb.res" 1691
"../../../Engine/Content/Internationalization/icudt64l/region/lb.res" 1692
"../../../Engine/Content/Internationalization/icudt64l/lang/lg.res" 1693
"../../../Engine/Content/Internationalization/icudt64l/region/lg.res" 1694
"../../../Engine/Content/Internationalization/icudt64l/lang/lkt.res" 1695
"../../../Engine/Content/Internationalization/icudt64l/region/lkt.res" 1696
"../../../Engine/Content/Internationalization/icudt64l/lang/ln.res" 1697
"../../../Engine/Content/Internationalization/icudt64l/region/ln.res" 1698
"../../../Engine/Content/Internationalization/icudt64l/lang/lo.res" 1699
"../../../Engine/Content/Internationalization/icudt64l/region/lo.res" 1700
"../../../Engine/Content/Internationalization/icudt64l/lang/lrc.res" 1701
"../../../Engine/Content/Internationalization/icudt64l/region/lrc.res" 1702
"../../../Engine/Content/Internationalization/icudt64l/lang/lt.res" 1703
"../../../Engine/Content/Internationalization/icudt64l/region/lt.res" 1704
"../../../Engine/Content/Internationalization/icudt64l/lang/lu.res" 1705
"../../../Engine/Content/Internationalization/icudt64l/region/lu.res" 1706
"../../../Engine/Content/Internationalization/icudt64l/lang/luo.res" 1707
"../../../Engine/Content/Internationalization/icudt64l/region/luo.res" 1708
"../../../Engine/Content/Internationalization/icudt64l/lang/luy.res" 1709
"../../../Engine/Content/Internationalization/icudt64l/region/luy.res" 1710
"../../../Engine/Content/Internationalization/icudt64l/lang/lv.res" 1711
"../../../Engine/Content/Internationalization/icudt64l/region/lv.res" 1712
"../../../Engine/Content/Internationalization/icudt64l/lang/mas.res" 1713
"../../../Engine/Content/Internationalization/icudt64l/region/mas.res" 1714
"../../../Engine/Content/Internationalization/icudt64l/lang/mer.res" 1715
"../../../Engine/Content/Internationalization/icudt64l/region/mer.res" 1716
"../../../Engine/Content/Internationalization/icudt64l/lang/mfe.res" 1717
"../../../Engine/Content/Internationalization/icudt64l/region/mfe.res" 1718
"../../../Engine/Content/Internationalization/icudt64l/lang/mg.res" 1719
"../../../Engine/Content/Internationalization/icudt64l/region/mg.res" 1720
"../../../Engine/Content/Internationalization/icudt64l/lang/mgh.res" 1721
"../../../Engine/Content/Internationalization/icudt64l/region/mgh.res" 1722
"../../../Engine/Content/Internationalization/icudt64l/lang/mgo.res" 1723
"../../../Engine/Content/Internationalization/icudt64l/region/mgo.res" 1724
"../../../Engine/Content/Internationalization/icudt64l/lang/mi.res" 1725
"../../../Engine/Content/Internationalization/icudt64l/region/mi.res" 1726
"../../../Engine/Content/Internationalization/icudt64l/lang/mk.res" 1727
"../../../Engine/Content/Internationalization/icudt64l/region/mk.res" 1728
"../../../Engine/Content/Internationalization/icudt64l/lang/ml.res" 1729
"../../../Engine/Content/Internationalization/icudt64l/region/ml.res" 1730
"../../../Engine/Content/Internationalization/icudt64l/lang/mn.res" 1731
"../../../Engine/Content/Internationalization/icudt64l/region/mn.res" 1732
"../../../Engine/Content/Internationalization/icudt64l/lang/mr.res" 1733
"../../../Engine/Content/Internationalization/icudt64l/region/mr.res" 1734
"../../../Engine/Content/Internationalization/icudt64l/lang/ms.res" 1735
"../../../Engine/Content/Internationalization/icudt64l/region/ms.res" 1736
"../../../Engine/Content/Internationalization/icudt64l/lang/mt.res" 1737
"../../../Engine/Content/Internationalization/icudt64l/region/mt.res" 1738
"../../../Engine/Content/Internationalization/icudt64l/lang/mua.res" 1739
"../../../Engine/Content/Internationalization/icudt64l/region/mua.res" 1740
"../../../Engine/Content/Internationalization/icudt64l/lang/my.res" 1741
"../../../Engine/Content/Internationalization/icudt64l/region/my.res" 1742
"../../../Engine/Content/Internationalization/icudt64l/lang/mzn.res" 1743
"../../../Engine/Content/Internationalization/icudt64l/region/mzn.res" 1744
"../../../Engine/Content/Internationalization/icudt64l/lang/naq.res" 1745
"../../../Engine/Content/Internationalization/icudt64l/region/naq.res" 1746
"../../../Engine/Content/Internationalization/icudt64l/lang/nb.res" 1747
"../../../Engine/Content/Internationalization/icudt64l/lang/nb_NO.res" 1748
"../../../Engine/Content/Internationalization/icudt64l/region/nb_NO.res" 1749
"../../../Engine/Content/Internationalization/icudt64l/region/nb.res" 1750
"../../../Engine/Content/Internationalization/icudt64l/lang/nd.res" 1751
"../../../Engine/Content/Internationalization/icudt64l/region/nd.res" 1752
"../../../Engine/Content/Internationalization/icudt64l/lang/nds.res" 1753
"../../../Engine/Content/Internationalization/icudt64l/region/nds.res" 1754
"../../../Engine/Content/Internationalization/icudt64l/lang/ne.res" 1755
"../../../Engine/Content/Internationalization/icudt64l/region/ne.res" 1756
"../../../Engine/Content/Internationalization/icudt64l/lang/nl.res" 1757
"../../../Engine/Content/Internationalization/icudt64l/region/nl.res" 1758
"../../../Engine/Content/Internationalization/icudt64l/lang/nmg.res" 1759
"../../../Engine/Content/Internationalization/icudt64l/region/nmg.res" 1760
"../../../Engine/Content/Internationalization/icudt64l/lang/nn.res" 1761
"../../../Engine/Content/Internationalization/icudt64l/lang/nn_NO.res" 1762
"../../../Engine/Content/Internationalization/icudt64l/region/nn_NO.res" 1763
"../../../Engine/Content/Internationalization/icudt64l/region/nn.res" 1764
"../../../Engine/Content/Internationalization/icudt64l/lang/nnh.res" 1765
"../../../Engine/Content/Internationalization/icudt64l/region/nnh.res" 1766
"../../../Engine/Content/Internationalization/icudt64l/lang/nus.res" 1767
"../../../Engine/Content/Internationalization/icudt64l/region/nus.res" 1768
"../../../Engine/Content/Internationalization/icudt64l/lang/nyn.res" 1769
"../../../Engine/Content/Internationalization/icudt64l/region/nyn.res" 1770
"../../../Engine/Content/Internationalization/icudt64l/lang/om.res" 1771
"../../../Engine/Content/Internationalization/icudt64l/region/om.res" 1772
"../../../Engine/Content/Internationalization/icudt64l/lang/or.res" 1773
"../../../Engine/Content/Internationalization/icudt64l/region/or.res" 1774
"../../../Engine/Content/Internationalization/icudt64l/lang/os.res" 1775
"../../../Engine/Content/Internationalization/icudt64l/region/os.res" 1776
"../../../Engine/Content/Internationalization/icudt64l/lang/pa.res" 1777
"../../../Engine/Content/Internationalization/icudt64l/lang/pa_Arab.res" 1778
"../../../Engine/Content/Internationalization/icudt64l/lang/pa_PK.res" 1779
"../../../Engine/Content/Internationalization/icudt64l/lang/pa_Arab_PK.res" 1780
"../../../Engine/Content/Internationalization/icudt64l/region/pa_PK.res" 1781
"../../../Engine/Content/Internationalization/icudt64l/region/pa_Arab_PK.res" 1782
"../../../Engine/Content/Internationalization/icudt64l/region/pa_Arab.res" 1783
"../../../Engine/Content/Internationalization/icudt64l/lang/pa_Guru.res" 1784
"../../../Engine/Content/Internationalization/icudt64l/lang/pa_IN.res" 1785
"../../../Engine/Content/Internationalization/icudt64l/lang/pa_Guru_IN.res" 1786
"../../../Engine/Content/Internationalization/icudt64l/region/pa_IN.res" 1787
"../../../Engine/Content/Internationalization/icudt64l/region/pa_Guru_IN.res" 1788
"../../../Engine/Content/Internationalization/icudt64l/region/pa_Guru.res" 1789
"../../../Engine/Content/Internationalization/icudt64l/region/pa.res" 1790
"../../../Engine/Content/Internationalization/icudt64l/lang/pl.res" 1791
"../../../Engine/Content/Internationalization/icudt64l/region/pl.res" 1792
"../../../Engine/Content/Internationalization/icudt64l/lang/ps.res" 1793
"../../../Engine/Content/Internationalization/icudt64l/region/ps.res" 1794
"../../../Engine/Content/Internationalization/icudt64l/lang/ps_PK.res" 1795
"../../../Engine/Content/Internationalization/icudt64l/region/ps_PK.res" 1796
"../../../Engine/Content/Internationalization/icudt64l/lang/pt.res" 1797
"../../../Engine/Content/Internationalization/icudt64l/lang/pt_AO.res" 1798
"../../../Engine/Content/Internationalization/icudt64l/lang/pt_PT.res" 1799
"../../../Engine/Content/Internationalization/icudt64l/region/pt_AO.res" 1800
"../../../Engine/Content/Internationalization/icudt64l/region/pt_PT.res" 1801
"../../../Engine/Content/Internationalization/icudt64l/region/pt.res" 1802
"../../../Engine/Content/Internationalization/icudt64l/lang/pt_CH.res" 1803
"../../../Engine/Content/Internationalization/icudt64l/region/pt_CH.res" 1804
"../../../Engine/Content/Internationalization/icudt64l/lang/pt_CV.res" 1805
"../../../Engine/Content/Internationalization/icudt64l/region/pt_CV.res" 1806
"../../../Engine/Content/Internationalization/icudt64l/lang/pt_GQ.res" 1807
"../../../Engine/Content/Internationalization/icudt64l/region/pt_GQ.res" 1808
"../../../Engine/Content/Internationalization/icudt64l/lang/pt_GW.res" 1809
"../../../Engine/Content/Internationalization/icudt64l/region/pt_GW.res" 1810
"../../../Engine/Content/Internationalization/icudt64l/lang/pt_LU.res" 1811
"../../../Engine/Content/Internationalization/icudt64l/region/pt_LU.res" 1812
"../../../Engine/Content/Internationalization/icudt64l/lang/pt_MO.res" 1813
"../../../Engine/Content/Internationalization/icudt64l/region/pt_MO.res" 1814
"../../../Engine/Content/Internationalization/icudt64l/lang/pt_MZ.res" 1815
"../../../Engine/Content/Internationalization/icudt64l/region/pt_MZ.res" 1816
"../../../Engine/Content/Internationalization/icudt64l/lang/pt_ST.res" 1817
"../../../Engine/Content/Internationalization/icudt64l/region/pt_ST.res" 1818
"../../../Engine/Content/Internationalization/icudt64l/lang/pt_TL.res" 1819
"../../../Engine/Content/Internationalization/icudt64l/region/pt_TL.res" 1820
"../../../Engine/Content/Internationalization/icudt64l/lang/qu.res" 1821
"../../../Engine/Content/Internationalization/icudt64l/region/qu.res" 1822
"../../../Engine/Content/Internationalization/icudt64l/lang/rm.res" 1823
"../../../Engine/Content/Internationalization/icudt64l/region/rm.res" 1824
"../../../Engine/Content/Internationalization/icudt64l/lang/rn.res" 1825
"../../../Engine/Content/Internationalization/icudt64l/region/rn.res" 1826
"../../../Engine/Content/Internationalization/icudt64l/lang/ro.res" 1827
"../../../Engine/Content/Internationalization/icudt64l/lang/ro_MD.res" 1828
"../../../Engine/Content/Internationalization/icudt64l/region/ro_MD.res" 1829
"../../../Engine/Content/Internationalization/icudt64l/region/ro.res" 1830
"../../../Engine/Content/Internationalization/icudt64l/lang/rof.res" 1831
"../../../Engine/Content/Internationalization/icudt64l/region/rof.res" 1832
"../../../Engine/Content/Internationalization/icudt64l/lang/ru.res" 1833
"../../../Engine/Content/Internationalization/icudt64l/region/ru.res" 1834
"../../../Engine/Content/Internationalization/icudt64l/region/ru_UA.res" 1835
"../../../Engine/Content/Internationalization/icudt64l/lang/rw.res" 1836
"../../../Engine/Content/Internationalization/icudt64l/region/rw.res" 1837
"../../../Engine/Content/Internationalization/icudt64l/lang/rwk.res" 1838
"../../../Engine/Content/Internationalization/icudt64l/region/rwk.res" 1839
"../../../Engine/Content/Internationalization/icudt64l/lang/sah.res" 1840
"../../../Engine/Content/Internationalization/icudt64l/region/sah.res" 1841
"../../../Engine/Content/Internationalization/icudt64l/lang/saq.res" 1842
"../../../Engine/Content/Internationalization/icudt64l/region/saq.res" 1843
"../../../Engine/Content/Internationalization/icudt64l/lang/sbp.res" 1844
"../../../Engine/Content/Internationalization/icudt64l/region/sbp.res" 1845
"../../../Engine/Content/Internationalization/icudt64l/lang/sd.res" 1846
"../../../Engine/Content/Internationalization/icudt64l/region/sd.res" 1847
"../../../Engine/Content/Internationalization/icudt64l/lang/se.res" 1848
"../../../Engine/Content/Internationalization/icudt64l/lang/se_FI.res" 1849
"../../../Engine/Content/Internationalization/icudt64l/region/se_FI.res" 1850
"../../../Engine/Content/Internationalization/icudt64l/region/se.res" 1851
"../../../Engine/Content/Internationalization/icudt64l/lang/seh.res" 1852
"../../../Engine/Content/Internationalization/icudt64l/region/seh.res" 1853
"../../../Engine/Content/Internationalization/icudt64l/lang/ses.res" 1854
"../../../Engine/Content/Internationalization/icudt64l/region/ses.res" 1855
"../../../Engine/Content/Internationalization/icudt64l/lang/sg.res" 1856
"../../../Engine/Content/Internationalization/icudt64l/region/sg.res" 1857
"../../../Engine/Content/Internationalization/icudt64l/lang/shi.res" 1858
"../../../Engine/Content/Internationalization/icudt64l/lang/shi_Latn.res" 1859
"../../../Engine/Content/Internationalization/icudt64l/lang/shi_MA.res" 1860
"../../../Engine/Content/Internationalization/icudt64l/lang/shi_Tfng_MA.res" 1861
"../../../Engine/Content/Internationalization/icudt64l/lang/shi_Tfng.res" 1862
"../../../Engine/Content/Internationalization/icudt64l/region/shi_MA.res" 1863
"../../../Engine/Content/Internationalization/icudt64l/region/shi_Tfng_MA.res" 1864
"../../../Engine/Content/Internationalization/icudt64l/region/shi_Tfng.res" 1865
"../../../Engine/Content/Internationalization/icudt64l/region/shi.res" 1866
"../../../Engine/Content/Internationalization/icudt64l/region/shi_Latn.res" 1867
"../../../Engine/Content/Internationalization/icudt64l/lang/si.res" 1868
"../../../Engine/Content/Internationalization/icudt64l/region/si.res" 1869
"../../../Engine/Content/Internationalization/icudt64l/lang/sk.res" 1870
"../../../Engine/Content/Internationalization/icudt64l/region/sk.res" 1871
"../../../Engine/Content/Internationalization/icudt64l/lang/sl.res" 1872
"../../../Engine/Content/Internationalization/icudt64l/region/sl.res" 1873
"../../../Engine/Content/Internationalization/icudt64l/lang/smn.res" 1874
"../../../Engine/Content/Internationalization/icudt64l/region/smn.res" 1875
"../../../Engine/Content/Internationalization/icudt64l/lang/sn.res" 1876
"../../../Engine/Content/Internationalization/icudt64l/region/sn.res" 1877
"../../../Engine/Content/Internationalization/icudt64l/lang/so.res" 1878
"../../../Engine/Content/Internationalization/icudt64l/region/so.res" 1879
"../../../Engine/Content/Internationalization/icudt64l/lang/sq.res" 1880
"../../../Engine/Content/Internationalization/icudt64l/region/sq.res" 1881
"../../../Engine/Content/Internationalization/icudt64l/lang/sr.res" 1882
"../../../Engine/Content/Internationalization/icudt64l/lang/sr_Cyrl.res" 1883
"../../../Engine/Content/Internationalization/icudt64l/lang/sr_BA.res" 1884
"../../../Engine/Content/Internationalization/icudt64l/lang/sr_Cyrl_BA.res" 1885
"../../../Engine/Content/Internationalization/icudt64l/region/sr_BA.res" 1886
"../../../Engine/Content/Internationalization/icudt64l/region/sr_Cyrl_BA.res" 1887
"../../../Engine/Content/Internationalization/icudt64l/region/sr_Cyrl.res" 1888
"../../../Engine/Content/Internationalization/icudt64l/region/sr.res" 1889
"../../../Engine/Content/Internationalization/icudt64l/lang/sr_ME.res" 1890
"../../../Engine/Content/Internationalization/icudt64l/lang/sr_Latn_ME.res" 1891
"../../../Engine/Content/Internationalization/icudt64l/lang/sr_Latn.res" 1892
"../../../Engine/Content/Internationalization/icudt64l/region/sr_ME.res" 1893
"../../../Engine/Content/Internationalization/icudt64l/region/sr_Latn_ME.res" 1894
"../../../Engine/Content/Internationalization/icudt64l/region/sr_Latn.res" 1895
"../../../Engine/Content/Internationalization/icudt64l/lang/sr_Cyrl_ME.res" 1896
"../../../Engine/Content/Internationalization/icudt64l/region/sr_Cyrl_ME.res" 1897
"../../../Engine/Content/Internationalization/icudt64l/lang/sr_RS.res" 1898
"../../../Engine/Content/Internationalization/icudt64l/lang/sr_Cyrl_RS.res" 1899
"../../../Engine/Content/Internationalization/icudt64l/region/sr_RS.res" 1900
"../../../Engine/Content/Internationalization/icudt64l/region/sr_Cyrl_RS.res" 1901
"../../../Engine/Content/Internationalization/icudt64l/lang/sr_XK.res" 1902
"../../../Engine/Content/Internationalization/icudt64l/lang/sr_Cyrl_XK.res" 1903
"../../../Engine/Content/Internationalization/icudt64l/region/sr_XK.res" 1904
"../../../Engine/Content/Internationalization/icudt64l/region/sr_Cyrl_XK.res" 1905
"../../../Engine/Content/Internationalization/icudt64l/lang/sr_Latn_BA.res" 1906
"../../../Engine/Content/Internationalization/icudt64l/region/sr_Latn_BA.res" 1907
"../../../Engine/Content/Internationalization/icudt64l/lang/sr_Latn_RS.res" 1908
"../../../Engine/Content/Internationalization/icudt64l/region/sr_Latn_RS.res" 1909
"../../../Engine/Content/Internationalization/icudt64l/lang/sr_Latn_XK.res" 1910
"../../../Engine/Content/Internationalization/icudt64l/region/sr_Latn_XK.res" 1911
"../../../Engine/Content/Internationalization/icudt64l/lang/sv.res" 1912
"../../../Engine/Content/Internationalization/icudt64l/region/sv.res" 1913
"../../../Engine/Content/Internationalization/icudt64l/lang/sv_FI.res" 1914
"../../../Engine/Content/Internationalization/icudt64l/lang/sw.res" 1915
"../../../Engine/Content/Internationalization/icudt64l/lang/sw_CD.res" 1916
"../../../Engine/Content/Internationalization/icudt64l/region/sw_CD.res" 1917
"../../../Engine/Content/Internationalization/icudt64l/region/sw.res" 1918
"../../../Engine/Content/Internationalization/icudt64l/lang/sw_KE.res" 1919
"../../../Engine/Content/Internationalization/icudt64l/region/sw_KE.res" 1920
"../../../Engine/Content/Internationalization/icudt64l/lang/ta.res" 1921
"../../../Engine/Content/Internationalization/icudt64l/region/ta.res" 1922
"../../../Engine/Content/Internationalization/icudt64l/lang/te.res" 1923
"../../../Engine/Content/Internationalization/icudt64l/region/te.res" 1924
"../../../Engine/Content/Internationalization/icudt64l/lang/teo.res" 1925
"../../../Engine/Content/Internationalization/icudt64l/region/teo.res" 1926
"../../../Engine/Content/Internationalization/icudt64l/lang/tg.res" 1927
"../../../Engine/Content/Internationalization/icudt64l/region/tg.res" 1928
"../../../Engine/Content/Internationalization/icudt64l/lang/th.res" 1929
"../../../Engine/Content/Internationalization/icudt64l/lang/th_TH.res" 1930
"../../../Engine/Content/Internationalization/icudt64l/region/th_TH.res" 1931
"../../../Engine/Content/Internationalization/icudt64l/region/th.res" 1932
"../../../Engine/Content/Internationalization/icudt64l/lang/ti.res" 1933
"../../../Engine/Content/Internationalization/icudt64l/region/ti.res" 1934
"../../../Engine/Content/Internationalization/icudt64l/lang/tk.res" 1935
"../../../Engine/Content/Internationalization/icudt64l/region/tk.res" 1936
"../../../Engine/Content/Internationalization/icudt64l/lang/to.res" 1937
"../../../Engine/Content/Internationalization/icudt64l/region/to.res" 1938
"../../../Engine/Content/Internationalization/icudt64l/lang/tt.res" 1939
"../../../Engine/Content/Internationalization/icudt64l/region/tt.res" 1940
"../../../Engine/Content/Internationalization/icudt64l/lang/twq.res" 1941
"../../../Engine/Content/Internationalization/icudt64l/region/twq.res" 1942
"../../../Engine/Content/Internationalization/icudt64l/lang/tzm.res" 1943
"../../../Engine/Content/Internationalization/icudt64l/region/tzm.res" 1944
"../../../Engine/Content/Internationalization/icudt64l/lang/ug.res" 1945
"../../../Engine/Content/Internationalization/icudt64l/region/ug.res" 1946
"../../../Engine/Content/Internationalization/icudt64l/lang/uk.res" 1947
"../../../Engine/Content/Internationalization/icudt64l/region/uk.res" 1948
"../../../Engine/Content/Internationalization/icudt64l/lang/ur.res" 1949
"../../../Engine/Content/Internationalization/icudt64l/lang/ur_IN.res" 1950
"../../../Engine/Content/Internationalization/icudt64l/region/ur_IN.res" 1951
"../../../Engine/Content/Internationalization/icudt64l/region/ur.res" 1952
"../../../Engine/Content/Internationalization/icudt64l/lang/uz.res" 1953
"../../../Engine/Content/Internationalization/icudt64l/lang/uz_Arab.res" 1954
"../../../Engine/Content/Internationalization/icudt64l/lang/uz_AF.res" 1955
"../../../Engine/Content/Internationalization/icudt64l/lang/uz_Arab_AF.res" 1956
"../../../Engine/Content/Internationalization/icudt64l/region/uz_AF.res" 1957
"../../../Engine/Content/Internationalization/icudt64l/region/uz_Arab_AF.res" 1958
"../../../Engine/Content/Internationalization/icudt64l/region/uz_Arab.res" 1959
"../../../Engine/Content/Internationalization/icudt64l/lang/uz_Cyrl.res" 1960
"../../../Engine/Content/Internationalization/icudt64l/lang/uz_UZ.res" 1961
"../../../Engine/Content/Internationalization/icudt64l/lang/uz_Latn_UZ.res" 1962
"../../../Engine/Content/Internationalization/icudt64l/lang/uz_Latn.res" 1963
"../../../Engine/Content/Internationalization/icudt64l/region/uz_UZ.res" 1964
"../../../Engine/Content/Internationalization/icudt64l/region/uz_Latn_UZ.res" 1965
"../../../Engine/Content/Internationalization/icudt64l/region/uz_Latn.res" 1966
"../../../Engine/Content/Internationalization/icudt64l/region/uz.res" 1967
"../../../Engine/Content/Internationalization/icudt64l/region/uz_Cyrl.res" 1968
"../../../Engine/Content/Internationalization/icudt64l/lang/vai.res" 1969
"../../../Engine/Content/Internationalization/icudt64l/lang/vai_Latn.res" 1970
"../../../Engine/Content/Internationalization/icudt64l/lang/vai_LR.res" 1971
"../../../Engine/Content/Internationalization/icudt64l/lang/vai_Vaii_LR.res" 1972
"../../../Engine/Content/Internationalization/icudt64l/lang/vai_Vaii.res" 1973
"../../../Engine/Content/Internationalization/icudt64l/region/vai_LR.res" 1974
"../../../Engine/Content/Internationalization/icudt64l/region/vai_Vaii_LR.res" 1975
"../../../Engine/Content/Internationalization/icudt64l/region/vai_Vaii.res" 1976
"../../../Engine/Content/Internationalization/icudt64l/region/vai.res" 1977
"../../../Engine/Content/Internationalization/icudt64l/region/vai_Latn.res" 1978
"../../../Engine/Content/Internationalization/icudt64l/lang/vi.res" 1979
"../../../Engine/Content/Internationalization/icudt64l/region/vi.res" 1980
"../../../Engine/Content/Internationalization/icudt64l/lang/vun.res" 1981
"../../../Engine/Content/Internationalization/icudt64l/region/vun.res" 1982
"../../../Engine/Content/Internationalization/icudt64l/lang/wae.res" 1983
"../../../Engine/Content/Internationalization/icudt64l/region/wae.res" 1984
"../../../Engine/Content/Internationalization/icudt64l/lang/wo.res" 1985
"../../../Engine/Content/Internationalization/icudt64l/region/wo.res" 1986
"../../../Engine/Content/Internationalization/icudt64l/lang/xh.res" 1987
"../../../Engine/Content/Internationalization/icudt64l/region/xh.res" 1988
"../../../Engine/Content/Internationalization/icudt64l/lang/xog.res" 1989
"../../../Engine/Content/Internationalization/icudt64l/region/xog.res" 1990
"../../../Engine/Content/Internationalization/icudt64l/lang/yav.res" 1991
"../../../Engine/Content/Internationalization/icudt64l/region/yav.res" 1992
"../../../Engine/Content/Internationalization/icudt64l/lang/yi.res" 1993
"../../../Engine/Content/Internationalization/icudt64l/region/yi.res" 1994
"../../../Engine/Content/Internationalization/icudt64l/lang/yo.res" 1995
"../../../Engine/Content/Internationalization/icudt64l/lang/yo_BJ.res" 1996
"../../../Engine/Content/Internationalization/icudt64l/region/yo_BJ.res" 1997
"../../../Engine/Content/Internationalization/icudt64l/region/yo.res" 1998
"../../../Engine/Content/Internationalization/icudt64l/lang/yue.res" 1999
"../../../Engine/Content/Internationalization/icudt64l/lang/yue_Hans.res" 2000
"../../../Engine/Content/Internationalization/icudt64l/lang/yue_CN.res" 2001
"../../../Engine/Content/Internationalization/icudt64l/lang/yue_Hans_CN.res" 2002
"../../../Engine/Content/Internationalization/icudt64l/region/yue_CN.res" 2003
"../../../Engine/Content/Internationalization/icudt64l/region/yue_Hans_CN.res" 2004
"../../../Engine/Content/Internationalization/icudt64l/region/yue_Hans.res" 2005
"../../../Engine/Content/Internationalization/icudt64l/lang/yue_Hant.res" 2006
"../../../Engine/Content/Internationalization/icudt64l/lang/yue_HK.res" 2007
"../../../Engine/Content/Internationalization/icudt64l/lang/yue_Hant_HK.res" 2008
"../../../Engine/Content/Internationalization/icudt64l/region/yue_HK.res" 2009
"../../../Engine/Content/Internationalization/icudt64l/region/yue_Hant_HK.res" 2010
"../../../Engine/Content/Internationalization/icudt64l/region/yue_Hant.res" 2011
"../../../Engine/Content/Internationalization/icudt64l/region/yue.res" 2012
"../../../Engine/Content/Internationalization/icudt64l/lang/zgh.res" 2013
"../../../Engine/Content/Internationalization/icudt64l/region/zgh.res" 2014
"../../../Engine/Content/Internationalization/icudt64l/lang/zh.res" 2015
"../../../Engine/Content/Internationalization/icudt64l/lang/zh_Hans.res" 2016
"../../../Engine/Content/Internationalization/icudt64l/lang/zh_CN.res" 2017
"../../../Engine/Content/Internationalization/icudt64l/lang/zh_Hans_CN.res" 2018
"../../../Engine/Content/Internationalization/icudt64l/region/zh_CN.res" 2019
"../../../Engine/Content/Internationalization/icudt64l/region/zh_Hans_CN.res" 2020
"../../../Engine/Content/Internationalization/icudt64l/region/zh_Hans.res" 2021
"../../../Engine/Content/Internationalization/icudt64l/region/zh.res" 2022
"../../../Engine/Content/Internationalization/icudt64l/lang/zh_HK.res" 2023
"../../../Engine/Content/Internationalization/icudt64l/lang/zh_Hant_HK.res" 2024
"../../../Engine/Content/Internationalization/icudt64l/lang/zh_Hant.res" 2025
"../../../Engine/Content/Internationalization/icudt64l/region/zh_HK.res" 2026
"../../../Engine/Content/Internationalization/icudt64l/region/zh_Hant_HK.res" 2027
"../../../Engine/Content/Internationalization/icudt64l/region/zh_Hant.res" 2028
"../../../Engine/Content/Internationalization/icudt64l/lang/zh_MO.res" 2029
"../../../Engine/Content/Internationalization/icudt64l/lang/zh_Hant_MO.res" 2030
"../../../Engine/Content/Internationalization/icudt64l/region/zh_MO.res" 2031
"../../../Engine/Content/Internationalization/icudt64l/region/zh_Hant_MO.res" 2032
"../../../Engine/Content/Internationalization/icudt64l/lang/zh_SG.res" 2033
"../../../Engine/Content/Internationalization/icudt64l/lang/zh_Hans_SG.res" 2034
"../../../Engine/Content/Internationalization/icudt64l/region/zh_SG.res" 2035
"../../../Engine/Content/Internationalization/icudt64l/region/zh_Hans_SG.res" 2036
"../../../Engine/Content/Internationalization/icudt64l/lang/zh_TW.res" 2037
"../../../Engine/Content/Internationalization/icudt64l/lang/zh_Hant_TW.res" 2038
"../../../Engine/Content/Internationalization/icudt64l/region/zh_TW.res" 2039
"../../../Engine/Content/Internationalization/icudt64l/region/zh_Hant_TW.res" 2040
"../../../Engine/Content/Internationalization/icudt64l/lang/zu.res" 2041
"../../../Engine/Content/Internationalization/icudt64l/region/zu.res" 2042
"../../../Engine/Content/Internationalization/icudt64l/lang/no.res" 2043
"../../../Engine/Content/Internationalization/icudt64l/lang/tl.res" 2044
"../../../Engine/Config/Android/DataDrivenPlatformInfo.ini" 2045
"../../../Engine/Config/IOS/DataDrivenPlatformInfo.ini" 2046
"../../../Engine/Config/Linux/DataDrivenPlatformInfo.ini" 2047
"../../../Engine/Config/Mac/DataDrivenPlatformInfo.ini" 2048
"../../../Engine/Config/TVOS/DataDrivenPlatformInfo.ini" 2049
"../../../Engine/Config/Unix/DataDrivenPlatformInfo.ini" 2050
"../../../Engine/Config/VulkanPC/DataDrivenPlatformInfo.ini" 2051
"../../../Engine/Config/Windows/DataDrivenPlatformInfo.ini" 2052
"../../../Engine/Platforms/VisionOS/Config/DataDrivenPlatformInfo.ini" 2053
"../../../Engine/Content/Renderer/TessellationTable.bin" 2054
"../../../Engine/DerivedDataCache/Compressed.ddp" 2055
"C:/Users/sina/AppData/Local/UnrealEngine/5.7/Saved/Zen/zen.version" 2056
"C:/Users/sina/AppData/Local/UnrealEngine/Common/Zen/Install/zen.version" 2057
"C:/Users/sina/AppData/Local/UnrealEngine/Common/Zen/Install/zenserver.runcontext" 2058
"C:/Users/sina/AppData/Local/UnrealEngine/Common/DerivedDataCache/TestData/0/TestData_4kb.dat" 2059
"C:/Users/sina/AppData/Local/UnrealEngine/Common/DerivedDataCache/TestData/1/TestData_4kb.dat" 2060
"C:/Users/sina/AppData/Local/UnrealEngine/Common/DerivedDataCache/TestData/0/TestData_8kb.dat" 2061
"C:/Users/sina/AppData/Local/UnrealEngine/Common/DerivedDataCache/TestData/1/TestData_8kb.dat" 2062
"C:/Users/sina/AppData/Local/UnrealEngine/Common/DerivedDataCache/TestData/0/TestData_16kb.dat" 2063
"C:/Users/sina/AppData/Local/UnrealEngine/Common/DerivedDataCache/TestData/1/TestData_16kb.dat" 2064
"C:/Users/sina/AppData/Local/UnrealEngine/Common/DerivedDataCache/TestData/0/TestData_64kb.dat" 2065
"C:/Users/sina/AppData/Local/UnrealEngine/Common/DerivedDataCache/TestData/1/TestData_64kb.dat" 2066
"C:/Users/sina/AppData/Local/UnrealEngine/Common/DerivedDataCache/TestData/0/TestData_128kb.dat" 2067
"C:/Users/sina/AppData/Local/UnrealEngine/Common/DerivedDataCache/TestData/1/TestData_128kb.dat" 2068
"C:/Users/sina/AppData/Local/UnrealEngine/Common/DerivedDataCache/TestData/0/TestData_256kb.dat" 2069
"C:/Users/sina/AppData/Local/UnrealEngine/Common/DerivedDataCache/TestData/1/TestData_256kb.dat" 2070
"C:/Users/sina/AppData/Roaming/Unreal Engine/UnrealBuildTool/BuildConfiguration.xml" 2071
"../../../../../../Users/sina/Desktop/dev/DuyguUE/Intermediate/ShaderAutogen/PCD3D_SM6/AutogenShaderHeaders.ush" 2072
"../../../Engine/Shaders/Private/HairStrands/HairStrandsVertexFactory.ush" 2073
"../../../Engine/Shaders/Private/VertexFactoryCommon.ush" 2074
"../../../Engine/Shaders/Private/Common.ush" 2075
"../../../Engine/Shaders/Public/Platform.ush" 2076
"../../../Engine/Shaders/Public/FP16Math.ush" 2077
"../../../Engine/Shaders/Public/Platform/D3D/D3DCommon.ush" 2078
"../../../Engine/Shaders/Shared/HLSLReservedSpaces.h" 2079
"../../../Engine/Shaders/Public/BindlessResources.ush" 2080
"../../../Engine/Shaders/Public/Platform/D3D/PlatformBindlessResources.ush" 2081
"../../../Engine/Shaders/Shared/RayTracingBuiltInResources.h" 2082
"../../../Engine/Shaders/Shared/RayTracingDefinitions.h" 2083
"../../../Engine/Shaders/Shared/MaterialCacheDefinitions.h" 2084
"../../../Engine/Shaders/Shared/HLSLTypeAliases.h" 2085
"../../../Engine/Shaders/Public/IndirectVirtualTexture.ush" 2086
"../../../Engine/Shaders/Shared/IndirectVirtualTextureDefinitions.h" 2087
"../../../Engine/Shaders/Public/OverloadMacros.ush" 2088
"../../../Engine/Shaders/Public/ShaderVersion.ush" 2089
"../../../Engine/Shaders/Shared/ThirdParty/NVIDIA/nvHLSLExtns.h" 2090
"../../../Engine/Shaders/Shared/ThirdParty/NVIDIA/nvHLSLExtnsInternal.h" 2091
"../../../Engine/Shaders/Shared/ThirdParty/NVIDIA/nvShaderExtnEnums.h" 2092
"../../../Engine/Shaders/Private/PackUnpack.ush" 2093
"../../../Engine/Shaders/Private/GeneratedUniformBufferTypes.ush" 2094
"../../../Engine/Shaders/Private/Nanite/NanitePackedNaniteView.ush" 2095
"../../../Engine/Shaders/Private/HairStrands/HairStrandsVisibilityCommonStruct.ush" 2096
"../../../Engine/Shaders/Private/HairStrands/HairStrandsVoxelPageCommonStruct.ush" 2097
"../../../Engine/Shaders/Private/HairStrands/HairStrandsDeepShadowCommonStruct.ush" 2098
"../../../Engine/Shaders/Shared/LightSceneData.h" 2099
"../../../Engine/Shaders/Private/LargeWorldCoordinates.ush" 2100
"../../../Engine/Shaders/Private/DoubleFloat.ush" 2101
"../../../Engine/Shaders/Private/RandomPCG.ush" 2102
"../../../Engine/Shaders/Private/DoubleFloatOperations.ush" 2103
"../../../Engine/Shaders/Private/DoubleFloatVectorDefinition.ush" 2104
"../../../Engine/Shaders/Private/LWCOperations.ush" 2105
"../../../Engine/Shaders/Shared/LightViewData.h" 2106
"../../../Engine/Shaders/Shared/RayTracingTypes.h" 2107
"../../../Engine/Shaders/Shared/HLSLStaticAssert.h" 2108
"../../../Engine/Shaders/Private/CommonViewUniformBuffer.ush" 2109
"../../../Engine/Shaders/Private/InstancedStereo.ush" 2110
"../../../Engine/Shaders/Private/Definitions.usf" 2111
"../../../Engine/Shaders/Private/AssertionMacros.ush" 2112
"../../../Engine/Shaders/Private/FastMath.ush" 2113
"../../../Engine/Shaders/Private/FastMathThirdParty.ush" 2114
"../../../Engine/Shaders/Private/Random.ush" 2115
"../../../Engine/Shaders/Private/RandomInterleavedGradientNoise.ush" 2116
"../../../Engine/Shaders/Private/SceneData.ush" 2117
"../../../Engine/Shaders/Private/OctahedralCommon.ush" 2118
"../../../Engine/Shaders/Private/WaveOpUtil.ush" 2119
"../../../Engine/Shaders/Private/ByteBuffer.ush" 2120
"../../../Engine/Shaders/Shared/SceneDefinitions.h" 2121
"../../../Engine/Shaders/Private/SceneDataMobileLoader.ush" 2122
"../../../Engine/Shaders/Private/LocalVertexFactoryCommon.ush" 2123
"../../../Engine/Shaders/Private/HairStrands/HairStrandsVisibilityCommon.ush" 2124
"../../../Engine/Shaders/Shared/HairStrandsDefinitions.h" 2125
"../../../Engine/Shaders/Private/HairStrands/HairStrandsVertexFactoryCommon.ush" 2126
"../../../Engine/Shaders/Private/HairStrands/HairStrandsPack.ush" 2127
"../../../Engine/Shaders/Private/HairStrands/HairStrandsAttributeCommon.ush" 2128
"../../../Engine/Shaders/Private/HairStrands/HairStrandsAttributeTemplate.ush" 2129
"../../../Engine/Shaders/Private/VertexFactoryDefaultInterface.ush" 2130
"../../../Engine/Shaders/Private/HairStrands/HairCardsVertexFactory.ush" 2131
"../../../Engine/Shaders/Private/HairStrands/HairCardsAttributeCommon.ush" 2132
"../../../Engine/Shaders/Private/RayTracing/RayTracingCommon.ush" 2133
"../../../Engine/Shaders/Private/ShadingCommon.ush" 2134
"../../../Engine/Shaders/Shared/RayTracingPayloadType.h" 2135
"../../../Engine/Shaders/Private/RayTracing/RayTracingRayCone.ush" 2136
"../../../Engine/Shaders/Private/Substrate/Substrate.ush" 2137
"../../../Engine/Shaders/Private/ShadingEnergyConservation.ush" 2138
"../../../Engine/Shaders/Private/ShadingEnergyConservationTemplate.ush" 2139
"../../../Engine/Shaders/Private/BRDF.ush" 2140
"../../../Engine/Shaders/Private/ColorSpace.ush" 2141
"../../../Engine/Shaders/Private/DeferredShadingCommon.ush" 2142
"../../../Engine/Shaders/Private/LightAccumulator.ush" 2143
"../../../Engine/Shaders/Private/SceneTexturesCommon.ush" 2144
"../../../Engine/Shaders/Private/MonteCarlo.ush" 2145
"../../../Engine/Shaders/Private/GBufferHelpers.ush" 2146
"../../../Engine/Shaders/Private/SceneTextureParameters.ush" 2147
"C:/Users/sina/Desktop/dev/DuyguUE/Intermediate/ShaderAutogen/PCD3D_SM6/AutogenShaderHeaders.ush" 2148
"../../../Engine/Shaders/Private/ParticipatingMediaCommon.ush" 2149
"../../../Engine/Shaders/Private/ThinFilmBSDF.ush" 2150
"../../../Engine/Shaders/Private/MortonCode.ush" 2151
"../../../Engine/Shaders/Private/SubsurfaceProfileCommon.ush" 2152
"../../../Engine/Shaders/Private/BurleyNormalizedSSSCommon.ush" 2153
"../../../Engine/Shaders/Private/GammaCorrectionCommon.ush" 2154
"../../../Engine/Shaders/Shared/SubstrateDefinitions.h" 2155
"../../../Engine/Shaders/Private/Substrate/SubstrateStatisticalOperators.ush" 2156
"../../../Engine/Shaders/Private/Substrate/SubstrateSubsurface.ush" 2157
"../../../Engine/Shaders/Private/TransmissionCommon.ush" 2158
"../../../Engine/Shaders/Private/Substrate/SubstrateExportCommon.ush" 2159
"../../../Engine/Shaders/Private/SpecularProfileCommon.ush" 2160
"../../../Engine/Shaders/Private/RayTracing/RayTracingCommonMetal.ush" 2161
"../../../Engine/Shaders/Private/PositionReconstructionCommon.ush" 2162
"../../../Engine/Shaders/Private/RayTracing/TraceRayInline.ush" 2163
"../../../Engine/Shaders/Private/RayTracing/TraceRayInlineCommon.ush" 2164
"../../../Engine/Shaders/Private/RayTracing/TraceRayInlineVulkan.ush" 2165
"../../../Engine/Shaders/Private/RayTracing/TraceRayInlineMetal.ush" 2166
"../../../Engine/Shaders/Private/RayTracing/RayTracingHitGroupCommon.ush" 2167
"../../../Engine/Shaders/Private/Nanite/NaniteRayTrace.ush" 2168
"../../../Engine/Shaders/Private/Nanite/NaniteDataDecode.ush" 2169
"../../../Engine/Shaders/Private/BitPacking.ush" 2170
"../../../Engine/Shaders/Private/BitStreamReaderImplementation.ush" 2171
"../../../Engine/Shaders/Private/BoneTransform.ush" 2172
"../../../Engine/Shaders/Private/Quaternion.ush" 2173
"../../../Engine/Shaders/Private/Skinning/SkinningDataDecode.ush" 2174
"../../../Engine/Shaders/Private/GpuSkinCommon.ush" 2175
"../../../Engine/Shaders/Shared/SkinningDefinitions.h" 2176
"../../../Engine/Shaders/Shared/NaniteDefinitions.h" 2177
"../../../Engine/Shaders/Private/Nanite/NaniteAttributeDecode.ush" 2178
"../../../Engine/Shaders/Private/Barycentrics.ush" 2179
"../../../Engine/Shaders/Private/DualNumber.ush" 2180
"../../../Engine/Shaders/Shared/ThirdParty/RayTriangleIntersection.h" 2181
"../../../Engine/Shaders/Private/Nanite/NaniteVertexFetch.ush" 2182
"../../../Engine/Shaders/Private/ViewData.ush" 2183
"../../../Engine/Shaders/Shared/ViewDefinitions.h" 2184
"../../../Engine/Shaders/Private/Nanite/NaniteSceneCommon.ush" 2185
"../../../Engine/Shaders/Private/RayTracing/TraceRayInlineD3D12.ush" 2186
"../../../Engine/Plugins/FX/Niagara/Shaders/Private/NiagaraSpriteVertexFactory.ush" 2187
"../../../Engine/Shaders/Private/ParticleVertexFactoryCommon.ush" 2188
"../../../Engine/Plugins/FX/Niagara/Shaders/Private/NiagaraVFCommon.usf" 2189
"../../../Engine/Plugins/FX/Niagara/Shaders/Private/NiagaraVFParticleAccess.usf" 2190
"../../../Engine/Plugins/FX/Niagara/Shaders/Private/NiagaraParticleAccess.ush" 2191
"../../../Engine/Plugins/FX/Niagara/Shaders/Private/NiagaraRibbonVertexFactory.ush" 2192
"../../../Engine/Plugins/FX/Niagara/Shaders/Private/NiagaraMeshVertexFactory.ush" 2193
"../../../Engine/Plugins/FX/Niagara/Shaders/Private/NiagaraCommon.ush" 2194
"../../../Engine/Plugins/FX/Niagara/Shaders/Private/NiagaraMeshParticleUtils.ush" 2195
"../../../Engine/Shaders/Private/VectorFieldVisualizationVertexFactory.ush" 2196
"../../../Engine/Shaders/Private/Nanite/NaniteVertexFactory.ush" 2197
"../../../Engine/Shaders/Private/LightmapData.ush" 2198
"../../../Engine/Shaders/Private/SplineMeshCommon.ush" 2199
"../../../Engine/Shaders/Shared/SplineMeshShaderParams.h" 2200
"../../../Engine/Shaders/Private/ShaderPrint.ush" 2201
"../../../Engine/Shaders/Private/ShaderPrintCommon.ush" 2202
"../../../Engine/Shaders/Private/MiniFontCommon.ush" 2203
"../../../Engine/Shaders/Private/SGGX.ush" 2204
"../../../Engine/Shaders/Private/MaterialCache/MaterialCacheCommon.ush" 2205
"../../../Engine/Shaders/Private/Nanite/NaniteVertexDeformation.ush" 2206
"../../../Engine/Shaders/Private/Matrices.ush" 2207
"../../../Engine/Shaders/Private/ParticleSpriteVertexFactory.ush" 2208
"../../../Engine/Shaders/Private/ParticleGPUSpriteVertexFactory.ush" 2209
"../../../Engine/Shaders/Private/ParticleSimulationCommon.ush" 2210
"../../../Engine/Shaders/Private/ParticleBeamTrailVertexFactory.ush" 2211
"../../../Engine/Shaders/Private/MeshParticleVertexFactory.ush" 2212
"../../../Engine/Shaders/Private/LocalVertexFactory.ush" 2213
"../../../Engine/Shaders/Private/GpuSkinVertexFactory.ush" 2214
"../../../Engine/Shaders/Private/GeometryCollectionVertexFactory.ush" 2215
"../../../Engine/Shaders/Private/GeometryCacheVertexFactory.ush" 2216
"../../../Engine/Shaders/Private/LandscapeVertexFactory.ush" 2217
"../../../Engine/Shaders/Private/PostProcessMaterialShaders.usf" 2218
"../../../Engine/Shaders/Private/ScreenPass.ush" 2219
"../../../Engine/Shaders/Private/VirtualTextureCommon.ush" 2220
"../../../Engine/Shaders/Private/ColorUtils.ush" 2221
"../../../Engine/Shaders/Private/NeuralPostProcessCommon.usf" 2222
"../../../Engine/Shaders/Private/MaterialTemplate.ush" 2223
"../../../Engine/Shaders/Private/WorldSpaceMath.ush" 2224
"../../../Engine/Shaders/Private/EyeAdaptationCommon.ush" 2225
"../../../Engine/Shaders/Private/SobolRandom.ush" 2226
"../../../Engine/Shaders/Private/DepthOfFieldCommon.ush" 2227
"../../../Engine/Shaders/Private/CircleDOFCommon.ush" 2228
"../../../Engine/Shaders/Private/DistanceField/GlobalDistanceFieldShared.ush" 2229
"../../../Engine/Shaders/Private/PhysicsFieldSampler.ush" 2230
"../../../Engine/Shaders/Private/PhysicsFieldShared.ush" 2231
"../../../Engine/Shaders/Private/HairShadingCommon.ush" 2232
"../../../Engine/Shaders/Private/SparseVolumeTexture/SparseVolumeTextureCommon.ush" 2233
"../../../Engine/Shaders/Shared/EnvironmentComponentsFlags.h" 2234
"../../../Engine/Shaders/Private/MeshPaintTextureCommon.ush" 2235
"../../../Engine/Shaders/Private/VirtualTextureMaterial.ush" 2236
"../../../Engine/Shaders/Private/MaterialCache/MaterialCacheMaterialCommon.ush" 2237
"../../../Engine/Shaders/Private/Quantization.ush" 2238
"../../../Engine/Shaders/Private/SpeedTreeCommon.ush" 2239
"../../../Engine/Shaders/Public/IndirectVirtualTextureCommon.ush" 2240
"../../../Engine/Shaders/Private/MaterialTexture.ush" 2241
"../../../Engine/Shaders/Private/MinMaterialTexCoords.ush" 2242
"../../../Engine/Shaders/Private/SkyAtmosphereCommon.ush" 2243
"../../../Engine/Shaders/Private/SingleLayerWaterCommon.ush" 2244
"../../../Engine/Shaders/Private/TextureSampling.ush" 2245
"../../../Engine/Shaders/Private/PaniniProjection.ush" 2246
"../../../Engine/Shaders/Private/DBufferNormalReprojection.ush" 2247
"../../../Engine/Shaders/Public/SubstratePublic.ush" 2248
"../../../Engine/Shaders/Private/Substrate/SubstrateRead.ush" 2249
"../../../Engine/Shaders/Private/Substrate/SubstrateTree.ush" 2250
"../../../Engine/Shaders/Private/Substrate/SubstrateEvaluation.ush" 2251
"../../../Engine/Shaders/Private/Substrate/Glint/GlintThirdParty.ush" 2252
"../../../Engine/Shaders/Private/BlueNoise.ush" 2253
"../../../Engine/Shaders/Private/SHCommon.ush" 2254
"../../../Engine/Shaders/Private/ShadingModels.ush" 2255
"../../../Engine/Shaders/Private/CapsuleLight.ush" 2256
"../../../Engine/Shaders/Private/RectLight.ush" 2257
"../../../Engine/Shaders/Private/LightData.ush" 2258
"../../../Engine/Shaders/Shared/LightDefinitions.h" 2259
"../../../Engine/Shaders/Private/AreaLightCommon.ush" 2260
"../../../Engine/Shaders/Private/HairBsdf.ush" 2261
"../../../Engine/Shaders/Private/PathTracing/Utilities/PathTracingRandomSequence.ush" 2262
"../../../Engine/Shaders/Private/MobileGGX.ush" 2263
"../../../Engine/Shaders/Private/ShadingModelsSampling.ush" 2264
"../../../Engine/Shaders/Private/HairStrands/HairBsdfSample.ush" 2265
"../../../Engine/Shaders/Private/HairStrands/HairStrandsCommon.ush" 2266
"../../../Engine/Shaders/Private/HairStrands/HairStrandsDeepTransmittanceCommon.ush" 2267
"../../../Engine/Shaders/Private/HairStrands/HairStrandsDeepTransmittanceDualScattering.ush" 2268
"../../../Engine/Shaders/Private/HairStrands/HairStrandsEnvironmentLightingCommon.ush" 2269
"../../../Engine/Shaders/Private/Substrate/SubstrateLegacyConversion.ush" 2270
"../../../Engine/Shaders/Private/DBufferDecalShared.ush" 2271
"../../../Engine/Plugins/Runtime/AR/AppleAR/AppleARKit/Shaders/Private/ColorSpaceConversion.usf" 2272
"../../../Engine/Plugins/NNE/NNEDenoiser/Shaders/NNEDenoiserShadersTransferFunctionOidn.usf" 2273
"../../../Engine/Plugins/NNE/NNEDenoiser/Shaders/NNEDenoiserShadersMappedCopy.usf" 2274
"../../../Engine/Plugins/NNE/NNEDenoiser/Shaders/NNEDenoiserShadersDefaultIOProcess.usf" 2275
"../../../Engine/Plugins/NNE/NNEDenoiser/Shaders/NNEDenoiserShadersAutoExposureReduceFinal.usf" 2276
"../../../Engine/Plugins/NNE/NNEDenoiser/Shaders/NNEDenoiserShadersAutoExposureReduce.usf" 2277
"../../../Engine/Plugins/NNE/NNEDenoiser/Shaders/NNEDenoiserShadersAutoExposureDownsample.usf" 2278
"../../../Engine/Plugins/Media/WmfMedia/Shaders/Private/MediaHardwareVideoDecoding.usf" 2279
"../../../Engine/Plugins/Media/MediaIOFramework/Shaders/MediaIO.usf" 2280
"../../../Engine/Plugins/Media/ImgMedia/Shaders/Private/ExrSwizzler.usf" 2281
"../../../Engine/Plugins/Experimental/NFORDenoise/Shaders/NFORDenoise.usf" 2282
"../../../Engine/Plugins/Experimental/NFORDenoise/Shaders/NFORRegressionCommon.ush" 2283
"../../../Engine/Plugins/Experimental/NFORDenoise/Shaders/NFORRegression.ush" 2284
"../../../Engine/Plugins/Enterprise/GLTFExporter/Shaders/Private/SimpleTexture2DPS.usf" 2285
"../../../Engine/Shaders/Private/SimpleElementNormalMapPixelShader.usf" 2286
"../../../Engine/Plugins/Compositing/OpenCVLensDistortion/Shaders/Private/DisplacementMapGeneration.usf" 2287
"../../../Engine/Plugins/Compositing/OpenColorIO/Shaders/Private/OpenColorIOInvalidShader.usf" 2288
"../../../Engine/Plugins/Compositing/OpenColorIO/Shaders/Private/OpenColorIOShader.usf" 2289
"../../../Engine/Plugins/Compositing/CompositeCore/Shaders/Private/CompositeCoreMerge.usf" 2290
"../../../Engine/Shaders/Private/LensDistortion.ush" 2291
"../../../Engine/Plugins/Compositing/CompositeCore/Shaders/Private/CompositeCoreBlending.ush" 2292
"../../../Engine/Plugins/Compositing/CompositeCore/Shaders/Private/CompositeCoreDisplayTransform.usf" 2293
"../../../Engine/Plugins/Compositing/CompositeCore/Shaders/Private/CompositeCoreDilate.usf" 2294
"../../../Engine/Plugins/VirtualProduction/CameraCalibrationCore/Shaders/Private/SphericalDistortion.usf" 2295
"../../../Engine/Plugins/VirtualProduction/CameraCalibrationCore/Shaders/Private/CrosshairOverlay.usf" 2296
"../../../Engine/Plugins/VirtualProduction/CameraCalibrationCore/Shaders/Private/DisplacementMapBlending.usf" 2297
"../../../Engine/Plugins/VirtualProduction/CameraCalibrationCore/Shaders/Private/RecenterSTDisplacementMaps.usf" 2298
"../../../Engine/Plugins/VirtualProduction/CameraCalibrationCore/Shaders/Private/FillSTDisplacementMap.usf" 2299
"../../../Engine/Plugins/VirtualProduction/CameraCalibrationCore/Shaders/Private/InvertDisplacementMap.usf" 2300
"../../../Engine/Plugins/VirtualProduction/CameraCalibrationCore/Shaders/Private/CropDisplacementMap.usf" 2301
"../../../Engine/Plugins/VirtualProduction/CameraCalibrationCore/Shaders/Private/BlendDisplacementMaps.usf" 2302
"../../../Engine/Plugins/VirtualProduction/CameraCalibrationCore/Shaders/Private/UndistortImagePoints.usf" 2303
"../../../Engine/Plugins/VirtualProduction/CameraCalibrationCore/Shaders/Private/DistortionSTMapProcessor.usf" 2304
"../../../Engine/Plugins/VirtualProduction/CameraCalibrationCore/Shaders/Private/BrownConradyUDDistortion.usf" 2305
"../../../Engine/Plugins/VirtualProduction/CameraCalibrationCore/Shaders/Private/AnamorphicDistortion.usf" 2306
"../../../Engine/Shaders/Private/DisplayMappingPixelShader.usf" 2307
"../../../Engine/Shaders/Private/TonemapCommon.ush" 2308
"../../../Engine/Shaders/Private/ACES/ACESCommon.ush" 2309
"../../../Engine/Shaders/Private/ACES/ACESOutputTransform.ush" 2310
"../../../Engine/Shaders/Private/ACES/ACESUtilities.ush" 2311
"../../../Engine/Shaders/Private/ACES/ACESTonescale.ush" 2312
"../../../Engine/Shaders/Private/ACES/ACESDisplayEncoding.ush" 2313
"../../../Engine/Shaders/Private/ACES/ACES_v1.3.ush" 2314
"../../../Engine/Plugins/Runtime/HairStrands/Shaders/Private/NiagaraCopyVelocityGrid.usf" 2315
"../../../Engine/Plugins/Runtime/HairStrands/Shaders/Private/NiagaraClearVelocityGrid.usf" 2316
"../../../Engine/Plugins/Runtime/HairStrands/Shaders/Private/NiagaraClearPressureGrid.usf" 2317
"../../../Engine/Plugins/Runtime/HairStrands/Shaders/Private/NiagaraInterpolateGroomGuides.usf" 2318
"../../../Engine/Plugins/Runtime/HairStrands/Shaders/Private/NiagaraGroomInterpolationUtils.ush" 2319
"../../../Engine/Plugins/FX/Niagara/Shaders/Private/NiagaraQuaternionUtils.ush" 2320
"../../../Engine/Shaders/Private/HairStrands/HairStrandsMesh.usf" 2321
"../../../Engine/Shaders/Private/HairStrands/HairStrandsBindingCommon.ush" 2322
"../../../Engine/Shaders/Private/HairStrands/HairStrandsFollicleMask.usf" 2323
"../../../Engine/Shaders/Private/HairStrands/HairStrandsSkinUpdate.usf" 2324
"../../../Engine/Shaders/Private/HairStrands/HairStrandsClusterCulling.usf" 2325
"../../../Engine/Shaders/Private/ColorMap.ush" 2326
"../../../Engine/Shaders/Private/HairStrands/HairStrandsAABBCommon.ush" 2327
"../../../Engine/Shaders/Private/HairStrands/HairStrandsClusterCommon.ush" 2328
"../../../Engine/Shaders/Private/ThreadGroupPrefixSum.ush" 2329
"../../../Engine/Shaders/Private/HairStrands/HairStrandsRaytracingGeometry.usf" 2330
"../../../Engine/Shaders/Private/HairStrands/HairStrandsTangent.usf" 2331
"../../../Engine/Shaders/Private/HairStrands/HairCardsDeformation.usf" 2332
"../../../Engine/Shaders/Private/HairStrands/HairStrandsInterpolation.usf" 2333
"../../../Engine/Shaders/Private/HairStrands/HairStrandsGuideDeform.usf" 2334
"../../../Engine/Shaders/Private/HairStrands/HairStrandsTexturesGeneration.usf" 2335
"../../../Engine/Shaders/Private/HairStrands/HairCardsTextureCommon.ush" 2336
"../../../Engine/Shaders/Private/HairStrands/HairStrandsTranscode.usf" 2337
"../../../Engine/Shaders/Private/HairStrands/HairStrandsDebug.usf" 2338
"../../../Engine/Shaders/Private/PostProcessCommon.ush" 2339
"../../../Engine/Shaders/Private/HairStrands/HairStrandsDeepShadowCommon.ush" 2340
"../../../Engine/Shaders/Private/HairStrands/HairStrandsDebugCommonStruct.ush" 2341
"../../../Engine/Plugins/FX/Niagara/Shaders/Private/NiagaraVertexFactoryExport.usf" 2342
"../../../Engine/Shaders/Private/ComputeShaderUtils.ush" 2343
"../../../Engine/Plugins/FX/Niagara/Shaders/Private/NiagaraSortKeyGen.usf" 2344
"../../../Engine/Plugins/FX/Niagara/Shaders/Private/NiagaraGPURayTracingTransforms.usf" 2345
"../../../Engine/Plugins/FX/Niagara/Shaders/Private/NiagaraDrawIndirectArgsGen.usf" 2346
"../../../Engine/Plugins/FX/Niagara/Shaders/Private/NiagaraDispatchIndirectArgsGen.usf" 2347
"../../../Engine/Plugins/FX/Niagara/Shaders/Private/Stateless/NiagaraStatelessSimulationDefault.usf" 2348
"../../../Engine/Plugins/FX/Niagara/Shaders/Private/Stateless/NiagaraStatelessCommon.ush" 2349
"../../../Engine/Plugins/FX/Niagara/Shaders/Shared/NiagaraStatelessDefinitions.h" 2350
"../../../Engine/Plugins/FX/Niagara/Shaders/Shared/NiagaraStatelessBuiltDistribution.h" 2351
"../../../Engine/Plugins/FX/Niagara/Shaders/Private/Stateless/NiagaraStatelessDistribution.ush" 2352
"../../../Engine/Plugins/FX/Niagara/Shaders/Private/Stateless/Template/GenerateCS_PreModules.ush" 2353
"../../../Engine/Plugins/FX/Niagara/Shaders/Private/Stateless/Modules/NiagaraStatelessModule_CalculateAccurateVelocity.ush" 2354
"../../../Engine/Plugins/FX/Niagara/Shaders/Private/Stateless/Modules/NiagaraStatelessModule_CameraOffset.ush" 2355
"../../../Engine/Plugins/FX/Niagara/Shaders/Private/Stateless/Modules/NiagaraStatelessModule_DynamicMaterialParameters.ush" 2356
"../../../Engine/Plugins/FX/Niagara/Shaders/Private/Stateless/Modules/NiagaraStatelessModule_InitializeParticle.ush" 2357
"../../../Engine/Plugins/FX/Niagara/Shaders/Private/Stateless/Modules/NiagaraStatelessModule_InitialMeshOrientation.ush" 2358
"../../../Engine/Plugins/FX/Niagara/Shaders/Private/Stateless/Modules/NiagaraStatelessModule_MeshIndex.ush" 2359
"../../../Engine/Plugins/FX/Niagara/Shaders/Private/Stateless/Modules/NiagaraStatelessModule_MeshRotationRate.ush" 2360
"../../../Engine/Plugins/FX/Niagara/Shaders/Private/Stateless/Modules/NiagaraStatelessModule_RotateAroundPoint.ush" 2361
"../../../Engine/Plugins/FX/Niagara/Shaders/Private/Stateless/Modules/NiagaraStatelessModule_ShapeLocation.ush" 2362
"../../../Engine/Plugins/FX/Niagara/Shaders/Private/Stateless/Modules/NiagaraStatelessModule_ScaleColor.ush" 2363
"../../../Engine/Plugins/FX/Niagara/Shaders/Private/Stateless/Modules/NiagaraStatelessModule_ScaleRibbonWidth.ush" 2364
"../../../Engine/Plugins/FX/Niagara/Shaders/Private/Stateless/Modules/NiagaraStatelessModule_ScaleSpriteSize.ush" 2365
"../../../Engine/Plugins/FX/Niagara/Shaders/Private/Stateless/Modules/NiagaraStatelessModule_ScaleSpriteSizeBySpeed.ush" 2366
"../../../Engine/Plugins/FX/Niagara/Shaders/Private/Stateless/Modules/NiagaraStatelessModule_ScaleMeshSize.ush" 2367
"../../../Engine/Plugins/FX/Niagara/Shaders/Private/Stateless/Modules/NiagaraStatelessModule_ScaleMeshSizebySpeed.ush" 2368
"../../../Engine/Plugins/FX/Niagara/Shaders/Private/Stateless/Modules/NiagaraStatelessModule_SolveVelocitiesAndForces.ush" 2369
"../../../Engine/Plugins/FX/Niagara/Shaders/Private/Stateless/Modules/NiagaraStatelessModule_SpriteFacingAndAlignment.ush" 2370
"../../../Engine/Plugins/FX/Niagara/Shaders/Private/Stateless/Modules/NiagaraStatelessModule_SpriteRotationRate.ush" 2371
"../../../Engine/Plugins/FX/Niagara/Shaders/Private/Stateless/Modules/NiagaraStatelessModule_SubUVAnimation.ush" 2372
"../../../Engine/Plugins/FX/Niagara/Shaders/Private/Stateless/Template/GenerateCS_PostModules.ush" 2373
"../../../Engine/Plugins/FX/Niagara/Shaders/Private/NiagaraBlendSVTsToDenseBuffer.usf" 2374
"../../../Engine/Plugins/FX/Niagara/Shaders/Private/NiagaraSVTToDenseBuffer.usf" 2375
"../../../Engine/Plugins/FX/Niagara/Shaders/Private/NiagaraFillIntBuffer.usf" 2376
"../../../Engine/Plugins/FX/Niagara/Shaders/Private/NiagaraComputeFreeIDs.usf" 2377
"../../../Engine/Plugins/FX/Niagara/Shaders/Private/NiagaraInitFreeIDBuffer.usf" 2378
"../../../Engine/Plugins/FX/Niagara/Shaders/Private/NiagaraEmitterInstanceShader.usf" 2379
"../../../Engine/Plugins/FX/Niagara/Shaders/Private/NiagaraShaderVersion.ush" 2380
"../../../Engine/Plugins/FX/Niagara/Shaders/Private/NiagaraPhysicsCommon.ush" 2381
"../../../Engine/Plugins/FX/Niagara/Shaders/Private/Ribbons/NiagaraRibbonAggregationApply.usf" 2382
"../../../Engine/Plugins/FX/Niagara/Shaders/Private/Ribbons/NiagaraRibbonCommon.ush" 2383
"../../../Engine/Plugins/FX/Niagara/Shaders/Shared/NiagaraRibbonShared.h" 2384
"../../../Engine/Plugins/FX/Niagara/Shaders/Private/Ribbons/NiagaraRibbonAggregationStep.usf" 2385
"../../../Engine/Plugins/FX/Niagara/Shaders/Private/Ribbons/NiagaraRibbonGenerateIndices.usf" 2386
"../../../Engine/Plugins/FX/Niagara/Shaders/Private/Ribbons/NiagaraRibbonInitializeIndices.usf" 2387
"../../../Engine/Plugins/FX/Niagara/Shaders/Private/Ribbons/NiagaraRibbonRibbonUVParamCalculation.usf" 2388
"../../../Engine/Plugins/FX/Niagara/Shaders/Private/Ribbons/NiagaraRibbonVertexReductionFinalization.usf" 2389
"../../../Engine/Plugins/FX/Niagara/Shaders/Private/Ribbons/NiagaraRibbonVertexReductionInitialization.usf" 2390
"../../../Engine/Plugins/FX/Niagara/Shaders/Private/Ribbons/NiagaraRibbonSortParticles.usf" 2391
"../../../Engine/Plugins/FX/Niagara/Shaders/Private/NiagaraLWCHelper.usf" 2392
"../../../Engine/Plugins/FX/Niagara/Shaders/Private/NiagaraUpdateMeshGPUSceneInstances.usf" 2393
"../../../Engine/Shaders/Private/GPUScene/GPUSceneWriter.ush" 2394
"../../../Engine/Plugins/FX/Niagara/Shaders/Private/NiagaraGenerateMips.usf" 2395
"../../../Engine/Plugins/FX/Niagara/Shaders/Private/NiagaraDebugDraw.usf" 2396
"../../../Engine/Plugins/FX/Niagara/Shaders/Private/NiagaraDebugDraw.ush" 2397
"../../../Engine/Plugins/FX/Niagara/Shaders/Private/NiagaraVisualizeTexture.usf" 2398
"../../../Engine/Plugins/FX/Niagara/Shaders/Private/NiagaraClearCounts.usf" 2399
"../../../Engine/Plugins/FX/Niagara/Shaders/Private/NiagaraBatchedElements.usf" 2400
"../../../Engine/Plugins/FX/Niagara/Shaders/Private/NiagaraRayTracingShaders.usf" 2401
"../../../Engine/Plugins/FX/Niagara/Shaders/Private/NiagaraAsyncGpuTraceCommon.ush" 2402
"../../../Engine/Shaders/Private/HashTable.ush" 2403
"../../../Engine/Shaders/Private/Hash.ush" 2404
"../../../Engine/Shaders/Private/RayTracing/VFXTraceRay.ush" 2405
"../../../Engine/Plugins/FX/Niagara/Shaders/Private/NiagaraRayMarchingShaders.usf" 2406
"../../../Engine/Plugins/FX/Niagara/Shaders/Private/NiagaraRayTraceCollisionGroupShaders.usf" 2407
"../../../Engine/Plugins/FX/Niagara/Shaders/Private/NiagaraAsyncGpuTraceUtils.usf" 2408
"../../../Engine/Plugins/Runtime/ComputeFramework/Shaders/Private/ComputeKernel.usf" 2409
"../../../Engine/Plugins/Runtime/ComputeFramework/Shaders/Private/ComputeKernelCommon.ush" 2410
"../../../Engine/Shaders/Private/VirtualTextureAdapter.usf" 2411
"../../../Engine/Shaders/Private/BlockCompressionCommon.ush" 2412
"../../../Engine/Shaders/Private/BCCompressionCommon.ush" 2413
"../../../Engine/Shaders/Private/TranslucentLightingShaders.usf" 2414
"../../../Engine/Shaders/Private/TranslucencyVolumeInjectionCommon.ush" 2415
"../../../Engine/Shaders/Private/CubemapCommon.ush" 2416
"../../../Engine/Shaders/Private/VectorFieldCompositeShaders.usf" 2417
"../../../Engine/Shaders/Private/UpdateTextureShaders.usf" 2418
"../../../Engine/Shaders/Private/StereoLayerShader.usf" 2419
"../../../Engine/Shaders/Private/SparseVolumeTexture/UpdateSparseVolumeTexture.usf" 2420
"../../../Engine/Shaders/Private/MorphTargets.usf" 2421
"../../../Engine/Shaders/Private/SimpleElementColorChannelMaskPixelShader.usf" 2422
"../../../Engine/Shaders/Private/SimpleElementHitProxyPixelShader.usf" 2423
"../../../Engine/Shaders/Private/SimpleElementPixelShader.usf" 2424
"../../../Engine/Shaders/Private/IESLightProfilesCommon.ush" 2425
"../../../Engine/Shaders/Private/SimpleElementVertexShader.usf" 2426
"../../../Engine/Shaders/Private/ScreenPixelShaderOES.usf" 2427
"../../../Engine/Shaders/Private/ScreenVertexShader.usf" 2428
"../../../Engine/Shaders/Private/ScreenPixelShader.usf" 2429
"../../../Engine/Shaders/Private/SSProfilePreIntegratedMobile.usf" 2430
"../../../Engine/Shaders/Private/SpecularProfile.usf" 2431
"../../../Engine/Shaders/Private/Nanite/NaniteStreaming.usf" 2432
"../../../Engine/Shaders/Private/Nanite/NaniteStreaming.ush" 2433
"../../../Engine/Shaders/Private/VolumetricLightmapStreaming.usf" 2434
"../../../Engine/Shaders/Private/PhysicsFieldReset.usf" 2435
"../../../Engine/Shaders/Private/PhysicsFieldBuilder.usf" 2436
"../../../Engine/Shaders/Private/PhysicsFieldEval.ush" 2437
"../../../Engine/Shaders/Private/ParticleSortKeyGen.usf" 2438
"../../../Engine/Shaders/Private/ParticleBoundsShader.usf" 2439
"../../../Engine/Shaders/Private/ParticleSimVisualizeShader.usf" 2440
"../../../Engine/Shaders/Private/ParticleInjectionShader.usf" 2441
"../../../Engine/Shaders/Private/ParticleSimulationShader.usf" 2442
"../../../Engine/Shaders/Private/ParticleCurveInjectionShader.usf" 2443
"../../../Engine/Shaders/Private/Nanite/NaniteTranscode.usf" 2444
"../../../Engine/Shaders/Private/Nanite/NaniteScatterUpdates.usf" 2445
"../../../Engine/Shaders/Private/CopyUIntBuffer.usf" 2446
"../../../Engine/Shaders/Private/RadixSortShaders.usf" 2447
"../../../Engine/Shaders/Private/RecomputeTangentsPerVertexPass.usf" 2448
"../../../Engine/Shaders/Private/RecomputeTangentsCommon.ush" 2449
"../../../Engine/Shaders/Private/RecomputeTangentsPerTrianglePass.usf" 2450
"../../../Engine/Shaders/Private/DynamicMeshBounds.usf" 2451
"../../../Engine/Shaders/Private/GpuSkinCacheComputeShader.usf" 2452
"../../../Engine/Shaders/Private/DynamicMeshBounds.ush" 2453
"../../../Engine/Shaders/Private/HeightFieldAtlasManagement.usf" 2454
"../../../Engine/Shaders/Private/Landscape/LandscapeEditLayersUtils.usf" 2455
"../../../Engine/Shaders/Private/Landscape/LandscapeCommon.ush" 2456
"../../../Engine/Shaders/Private/Landscape/LandscapeEditLayersWeightmaps.usf" 2457
"../../../Engine/Shaders/Private/Landscape/LandscapeEditLayersHeightmaps.usf" 2458
"../../../Engine/Shaders/Private/LandscapeLayersPS.usf" 2459
"../../../Engine/Shaders/Private/LandscapePhysicalMaterial.usf" 2460
"../../../Engine/Shaders/Private/LandscapeGrassWeight.usf" 2461
"../../../Engine/Shaders/Private/Landscape/LandscapeCulling.usf" 2462
"../../../Engine/Shaders/Private/Nanite/NaniteHZBCull.ush" 2463
"../../../Engine/Shaders/Private/HZB.ush" 2464
"../../../Engine/Shaders/Private/Landscape/LandscapeMergeTexturesPS.usf" 2465
"../../../Engine/Shaders/Private/WideCustomResolveShaders.usf" 2466
"../../../Engine/Shaders/Private/WideCustomResolve_Wide.ush" 2467
"../../../Engine/Shaders/Private/WideCustomResolve_Wider.ush" 2468
"../../../Engine/Shaders/Private/WideCustomResolve_Widest.ush" 2469
"../../../Engine/Shaders/Private/WaterInfoTextureBlur.usf" 2470
"../../../Engine/Shaders/Private/WaterInfoTextureMerge.usf" 2471
"../../../Engine/Shaders/Private/PageTableUpdate.usf" 2472
"../../../Engine/Shaders/Private/VirtualTextureCompress.usf" 2473
"../../../Engine/Shaders/Private/ASTCCompressionCommon.ush" 2474
"../../../Engine/Shaders/Private/IntegerSequenceEncoding.ush" 2475
"../../../Engine/Shaders/Private/ETCCompressionCommon.ush" 2476
"../../../Engine/Shaders/Private/VirtualTextureMaterial.usf" 2477
"../../../Engine/Shaders/Private/PixelShaderOutputCommon.ush" 2478
"../../../Engine/Shaders/Private/ShaderOutputCommon.ush" 2479
"../../../Engine/Shaders/Private/VolumetricRenderTarget.usf" 2480
"../../../Engine/Shaders/Private/HeightFogCommon.ush" 2481
"../../../Engine/Shaders/Private/LocalFogVolumes/LocalFogVolumeCommon.ush" 2482
"../../../Engine/Shaders/Private/ReflectionEnvironmentShared.ush" 2483
"../../../Engine/Shaders/Private/VolumetricFogVoxelization.usf" 2484
"../../../Engine/Shaders/Private/VolumetricCloudMaterialPixelCommon.ush" 2485
"../../../Engine/Shaders/Private/VolumetricFogLightFunction.usf" 2486
"../../../Engine/Shaders/Private/LightFunctionCommon.ush" 2487
"../../../Engine/Shaders/Private/VolumetricFog.usf" 2488
"../../../Engine/Shaders/Private/DeferredLightingCommon.ush" 2489
"../../../Engine/Shaders/Private/DynamicLightingCommon.ush" 2490
"../../../Engine/Shaders/Private/CapsuleLightIntegrate.ush" 2491
"../../../Engine/Shaders/Private/CapsuleLightSampling.ush" 2492
"../../../Engine/Shaders/Private/RectLightIntegrate.ush" 2493
"../../../Engine/Shaders/Private/ScreenSpaceShadowRayCast.ush" 2494
"../../../Engine/Shaders/Private/LightFunctionAtlas/LightFunctionAtlasCommon.usf" 2495
"../../../Engine/Shaders/Private/LightGridCommon.ush" 2496
"../../../Engine/Shaders/Private/DistanceFieldAOShared.ush" 2497
"../../../Engine/Shaders/Private/IntersectionUtils.ush" 2498
"../../../Engine/Shaders/Private/VolumeLightingCommon.ush" 2499
"../../../Engine/Shaders/Private/ShadowProjectionCommon.ush" 2500
"../../../Engine/Shaders/Private/ShadowFilteringCommon.ush" 2501
"../../../Engine/Shaders/Private/PixelQuadMessagePassing.ush" 2502
"../../../Engine/Shaders/Private/VolumeLightingCommonSampling.ush" 2503
"../../../Engine/Shaders/Private/VolumetricLightmapShared.ush" 2504
"../../../Engine/Shaders/Private/ForwardShadowingCommon.ush" 2505
"../../../Engine/Shaders/Private/LightDataUniforms.ush" 2506
"../../../Engine/Shaders/Private/Lumen/LumenTranslucencyVolumeShared.ush" 2507
"../../../Engine/Shaders/Private/Lumen/LumenRadianceCacheInterpolation.ush" 2508
"../../../Engine/Shaders/Private/VirtualShadowMaps/VirtualShadowMapProjectionCommon.ush" 2509
"../../../Engine/Shaders/Private/VirtualShadowMaps/VirtualShadowMapPageAccessCommon.ush" 2510
"../../../Engine/Shaders/Shared/VirtualShadowMapDefinitions.h" 2511
"../../../Engine/Shaders/Shared/HLSLMathAliases.h" 2512
"../../../Engine/Shaders/Private/VirtualShadowMaps/VirtualShadowMapHandle.ush" 2513
"../../../Engine/Shaders/Private/VirtualShadowMaps/VirtualShadowMapProjectionStructs.ush" 2514
"../../../Engine/Shaders/Private/DiaphragmDOF/DOFCommon.ush" 2515
"../../../Engine/Shaders/Private/VolumetricCloudCommon.ush" 2516
"../../../Engine/Shaders/Private/VolumetricCloud.usf" 2517
"../../../Engine/Shaders/Private/VisualizeVolumetricLightmap.usf" 2518
"../../../Engine/Shaders/Private/VirtualShadowMaps/VirtualShadowMapProjectionComposite.usf" 2519
"../../../Engine/Shaders/Private/LightShaderParameters.ush" 2520
"../../../Engine/Shaders/Private/VirtualShadowMaps/VirtualShadowMapMaskBitsCommon.ush" 2521
"../../../Engine/Shaders/Private/VirtualShadowMaps/VirtualShadowMapLightGrid.ush" 2522
"../../../Engine/Shaders/Private/VirtualShadowMaps/VirtualShadowMapProjection.usf" 2523
"../../../Engine/Shaders/Private/Visualization.ush" 2524
"../../../Engine/Shaders/Private/VirtualShadowMaps/VirtualShadowMapProjectionFilter.ush" 2525
"../../../Engine/Shaders/Private/VirtualShadowMaps/VirtualShadowMapProjectionDirectional.ush" 2526
"../../../Engine/Shaders/Private/VirtualShadowMaps/VirtualShadowMapSMRTCommon.ush" 2527
"../../../Engine/Shaders/Private/VirtualShadowMaps/VirtualShadowMapSMRTTemplate.ush" 2528
"../../../Engine/Shaders/Private/VirtualShadowMaps/VirtualShadowMapProjectionSpot.ush" 2529
"../../../Engine/Shaders/Private/VirtualShadowMaps/VirtualShadowMapTransmissionCommon.ush" 2530
"../../../Engine/Shaders/Private/VirtualShadowMaps/VirtualShadowMapScreenRayTrace.ush" 2531
"../../../Engine/Shaders/Private/VirtualShadowMaps/VirtualShadowMapStats.ush" 2532
"../../../Engine/Shaders/Private/HairStrands/HairStrandsVoxelPageCommon.ush" 2533
"../../../Engine/Shaders/Private/HairStrands/HairStrandsVoxelPageTraversal.ush" 2534
"../../../Engine/Shaders/Private/VirtualShadowMaps/VirtualShadowMapCacheGPUInvalidation.usf" 2535
"../../../Engine/Shaders/Private/VirtualShadowMaps/VirtualShadowMapPageCacheCommon.ush" 2536
"../../../Engine/Shaders/Private/VirtualShadowMaps/VirtualShadowMapCacheInvalidation.ush" 2537
"../../../Engine/Shaders/Private/VirtualShadowMaps/VirtualShadowMapPageOverlap.ush" 2538
"../../../Engine/Shaders/Private/ScreenSpaceDenoise/SSDDefinitions.ush" 2539
"../../../Engine/Shaders/Private/InstanceCulling/InstanceCullingLoadBalancer.ush" 2540
"../../../Engine/Shaders/Private/VirtualShadowMaps/VirtualShadowMapCacheLoadBalancer.usf" 2541
"../../../Engine/Shaders/Private/VirtualShadowMaps/VirtualShadowMapCopyStats.usf" 2542
"../../../Engine/Shaders/Private/VirtualShadowMaps/VirtualShadowMapShadowCasterBounds.usf" 2543
"../../../Engine/Shaders/Private/VirtualShadowMaps/VirtualShadowMapVisualize.ush" 2544
"../../../Engine/Shaders/Private/VirtualShadowMaps/VirtualShadowMapShadowCasterColor.usf" 2545
"../../../Engine/Shaders/Private/VirtualShadowMaps/VirtualShadowMapDebug.usf" 2546
"../../../Engine/Shaders/Private/VirtualShadowMaps/Desaturate.usf" 2547
"../../../Engine/Shaders/Private/VirtualShadowMaps/VirtualShadowMapPhysicalPageManagement.usf" 2548
"../../../Engine/Shaders/Private/ReductionCommon.ush" 2549
"../../../Engine/Shaders/Private/GPUMessaging.ush" 2550
"../../../Engine/Shaders/Private/VirtualShadowMaps/VirtualShadowMapPerPageDispatch.ush" 2551
"../../../Engine/Shaders/Private/VirtualShadowMaps/VirtualShadowMapComputeExplicitChunkDrawsViewMask.usf" 2552
"../../../Engine/Shaders/Shared/SceneCullingDefinitions.h" 2553
"../../../Engine/Shaders/Private/VirtualShadowMaps/VirtualShadowMapCompactViews.usf" 2554
"../../../Engine/Shaders/Private/VirtualShadowMaps/VirtualShadowMapBuildPerPageDrawCommands.usf" 2555
"../../../Engine/Shaders/Private/Nanite/NaniteCullingCommon.ush" 2556
"../../../Engine/Shaders/Private/Nanite/NaniteCulling.ush" 2557
"../../../Engine/Shaders/Private/Nanite/NaniteHierarchyTraversalCommon.ush" 2558
"../../../Engine/Shaders/Private/InstanceCulling/InstanceCullingCommon.ush" 2559
"../../../Engine/Shaders/Shared/InstanceCullingDefinitions.h" 2560
"../../../Engine/Shaders/Private/VirtualShadowMaps/VirtualShadowMapPrintStats.usf" 2561
"../../../Engine/Shaders/Private/VirtualShadowMaps/VirtualShadowMapPageManagement.usf" 2562
"../../../Engine/Shaders/Private/VirtualShadowMaps/VirtualShadowMapPageMarking.usf" 2563
"../../../Engine/Shaders/Private/VirtualShadowMaps/VirtualShadowMapPageMarking.ush" 2564
"../../../Engine/Shaders/Shared/SingleLayerWaterDefinitions.h" 2565
"../../../Engine/Shaders/Private/HairStrands/HairStrandsTileCommon.ush" 2566
"../../../Engine/Shaders/Private/Froxel/Froxel.ush" 2567
"../../../Engine/Shaders/Shared/FroxelDefinitions.h" 2568
"../../../Engine/Shaders/Private/VirtualShadowMaps/VirtualShadowMapThrottle.usf" 2569
"../../../Engine/Shaders/Private/VelocityUpdate.usf" 2570
"../../../Engine/Shaders/Private/VelocityCommon.ush" 2571
"../../../Engine/Shaders/Private/VelocityShader.usf" 2572
"../../../Engine/Shaders/Private/VariableRateShading/VRSShadingRatePreview.usf" 2573
"../../../Engine/Shaders/Private/VariableRateShading/VRSShadingRateCommon.ush" 2574
"../../../Engine/Shaders/Private/VariableRateShading/VRSShadingRateCombine.usf" 2575
"../../../Engine/Shaders/Private/VariableRateShading/VRSShadingRateFoveated.usf" 2576
"../../../Engine/Shaders/Private/VariableRateShading/VRSShadingRateReproject.usf" 2577
"../../../Engine/Shaders/Private/VariableRateShading/VRSShadingRateCalculate.usf" 2578
"../../../Engine/Shaders/Private/TranslucencyUpsampling.usf" 2579
"../../../Engine/Shaders/Private/ComposeSeparateTranslucency.usf" 2580
"../../../Engine/Shaders/Private/SeparateTranslucency.ush" 2581
"../../../Engine/Shaders/Private/TranslucencyVolumeVisualize.usf" 2582
"../../../Engine/Shaders/Private/TranslucencyVolumeCommon.ush" 2583
"../../../Engine/Shaders/Private/TranslucentLightInjectionShaders.usf" 2584
"../../../Engine/Shaders/Private/HeterogeneousVolumes/HeterogeneousVolumesAdaptiveVolumetricShadowMapSampling.ush" 2585
"../../../Engine/Shaders/Private/HeterogeneousVolumes/HeterogeneousVolumesAdaptiveVolumetricShadowMapUtils.ush" 2586
"../../../Engine/Shaders/Private/HeterogeneousVolumes/HeterogeneousVolumesBeerShadowMapUtils.ush" 2587
"../../../Engine/Shaders/Private/TranslucentShadowDepthShaders.usf" 2588
"../../../Engine/Shaders/Private/ShadowDepthCommon.ush" 2589
"../../../Engine/Shaders/Private/RayTracing/RayTracingTest.usf" 2590
"../../../Engine/Shaders/Private/PostprocessSubsurfaceTile.usf" 2591
"../../../Engine/Shaders/Private/PostProcessSubsurfaceCommon.ush" 2592
"../../../Engine/Shaders/Private/Substrate/SubstrateVisualize.usf" 2593
"../../../Engine/Shaders/Private/Substrate/SubstrateTile.ush" 2594
"../../../Engine/Shaders/Shared/SubstrateVisualizeDefinitions.h" 2595
"../../../Engine/Shaders/Private/Substrate/SubstrateVisualizeCommon.ush" 2596
"../../../Engine/Shaders/Private/SkyLightingDiffuseShared.ush" 2597
"../../../Engine/Shaders/Private/SkyLightingShared.ush" 2598
"../../../Engine/Shaders/Private/ClearCoatCommon.ush" 2599
"../../../Engine/Shaders/Private/ReflectionEnvironmentComposite.ush" 2600
"../../../Engine/Shaders/Private/Substrate/SubstrateLightingCommon.ush" 2601
"../../../Engine/Shaders/Private/Substrate/SubstrateRoughRefraction.usf" 2602
"../../../Engine/Shaders/Private/PathTracing/Material/PathTracingFresnel.ush" 2603
"../../../Engine/Shaders/Private/PathTracing/Material/PathTracingGlossy.ush" 2604
"../../../Engine/Shaders/Private/Substrate/SubstrateMaterialSampling.usf" 2605
"../../../Engine/Shaders/Private/Substrate/SubstrateMaterialSampling.ush" 2606
"../../../Engine/Shaders/Private/Lumen/LumenPosition.ush" 2607
"../../../Engine/Shaders/Private/Substrate/SubstrateTile.usf" 2608
"../../../Engine/Shaders/Private/Substrate/SubstrateMaterialClassification.usf" 2609
"../../../Engine/Shaders/Private/Substrate/SubstrateDBuffer.usf" 2610
"../../../Engine/Shaders/Private/StochasticLighting/StochasticLightingTileClassification.usf" 2611
"../../../Engine/Shaders/Private/Lumen/LumenMaterial.ush" 2612
"../../../Engine/Shaders/Private/HairStrands/HairStrandsVisibilityUtils.ush" 2613
"../../../Engine/Shaders/Private/Lumen/LumenReflectionCommon.ush" 2614
"../../../Engine/Shaders/Private/Lumen/LumenReflectionsCombine.ush" 2615
"../../../Engine/Shaders/Private/Lumen/LumenScreenProbeTileClassication.ush" 2616
"../../../Engine/Shaders/Private/MegaLights/MegaLightsTileClassification.ush" 2617
"../../../Engine/Shaders/Private/StochasticLighting/StochasticLightingUpsample.ush" 2618
"../../../Engine/Shaders/Private/StochasticLighting/StochasticLightingCommon.ush" 2619
"../../../Engine/Shaders/Private/SplineMeshSceneTexture.usf" 2620
"../../../Engine/Shaders/Private/SparseVolumeTexture/VisualizeSparseVolumeTexture.usf" 2621
"../../../Engine/Shaders/Private/SkyAtmosphere.usf" 2622
"../../../Engine/Shaders/Private/Nanite/NaniteSkinningUpdateViewData.usf" 2623
"../../../Engine/Shaders/Private/SceneCulling/SceneCulling.ush" 2624
"../../../Engine/Shaders/Private/Skinning/TransformProviders.usf" 2625
"../../../Engine/Shaders/Private/Skinning/SkinnedMeshDebug.usf" 2626
"../../../Engine/Shaders/Private/Skinning/AnimBankEval.usf" 2627
"../../../Engine/Shaders/Private/SingleLayerWaterComposite.usf" 2628
"../../../Engine/Shaders/Private/Froxel/FroxelBuild.ush" 2629
"../../../Engine/Shaders/Private/SingleLayerWaterRefractionCulling.usf" 2630
"../../../Engine/Shaders/Private/ScreenSpaceShadows.usf" 2631
"../../../Engine/Shaders/Private/bend_sss_gpu.ush" 2632
"../../../Engine/Shaders/Private/ShadowFactorsUpsampleCommon.ush" 2633
"../../../Engine/Shaders/Private/FirstPersonSelfShadow.usf" 2634
"../../../Engine/Shaders/Private/HZBTracing.ush" 2635
"../../../Engine/Shaders/Private/LateZDummyPS.usf" 2636
"../../../Engine/Shaders/Private/ShadowProjectionVertexShader.usf" 2637
"../../../Engine/Shaders/Private/ShadowProjectionPixelShader.usf" 2638
"../../../Engine/Shaders/Private/MobileLightingCommon.ush" 2639
"../../../Engine/Shaders/Private/PlanarReflectionShared.ush" 2640
"../../../Engine/Shaders/Private/MobileSSR.ush" 2641
"../../../Engine/Shaders/Private/SSRT/SSRTRayCast.ush" 2642
"../../../Engine/Shaders/Private/ShadowPercentageCloserFiltering.ush" 2643
"../../../Engine/Shaders/Private/TransmissionThickness.ush" 2644
"../../../Engine/Shaders/Private/CopyShadowMaps.usf" 2645
"../../../Engine/Shaders/Private/ShadowDepthPixelShader.usf" 2646
"../../../Engine/Shaders/Private/ShadowDepthVertexShader.usf" 2647
"../../../Engine/Shaders/Private/ShadingEnergyConservationTable.usf" 2648
"../../../Engine/Shaders/Shared/PathTracingDefinitions.h" 2649
"../../../Engine/Shaders/Private/ShadingFurnaceTest.usf" 2650
"../../../Engine/Shaders/Private/Substrate/SubstrateDeferredLighting.ush" 2651
"../../../Engine/Shaders/Private/ShaderPrintDraw.usf" 2652
"../../../Engine/Shaders/Private/ShaderPrintDrawPrimitive.usf" 2653
"../../../Engine/Shaders/Private/DefaultSSRTiles.usf" 2654
"../../../Engine/Shaders/Private/ScreenSpaceReflectionTileCommons.ush" 2655
"../../../Engine/Shaders/Private/SSRT/SSRTDiffuseIndirect.usf" 2656
"../../../Engine/Shaders/Private/SSRT/SSRTTileClassificationBuffer.ush" 2657
"../../../Engine/Shaders/Private/SSRT/SSRTReflections.usf" 2658
"../../../Engine/Shaders/Private/ScreenSpaceDenoise/SSDPublic.ush" 2659
"../../../Engine/Shaders/Private/SSRT/SSRTTileClassification.usf" 2660
"../../../Engine/Shaders/Private/SSRT/SSRTPrevFrameReduction.usf" 2661
"../../../Engine/Shaders/Private/ScreenSpaceDenoise/SSDComposeHarmonics.usf" 2662
"../../../Engine/Shaders/Private/ScreenSpaceDenoise/SSDPublicHarmonics.ush" 2663
"../../../Engine/Shaders/Private/ScreenSpaceDenoise/SSDSignalFramework.ush" 2664
"../../../Engine/Shaders/Private/ScreenSpaceDenoise/SSDCommon.ush" 2665
"../../../Engine/Shaders/Private/SphericalGaussian.ush" 2666
"../../../Engine/Shaders/Public/WaveBroadcastIntrinsics.ush" 2667
"../../../Engine/Shaders/Private/ScreenSpaceDenoise/SSDMetadata.ush" 2668
"../../../Engine/Shaders/Private/ScreenSpaceDenoise/SSDSignalCore.ush" 2669
"../../../Engine/Shaders/Private/ScreenSpaceDenoise/DenoisingCommon.ush" 2670
"../../../Engine/Shaders/Private/ScreenSpaceDenoise/SSDSignalArray.ush" 2671
"../../../Engine/Shaders/Private/ScreenSpaceDenoise/SSDSignalBufferEncoding.ush" 2672
"../../../Engine/Shaders/Private/ScreenSpaceDenoise/SSDPublicBufferEncoding.ush" 2673
"../../../Engine/Shaders/Private/Lumen/LumenBufferEncoding.ush" 2674
"../../../Engine/Shaders/Private/ScreenSpaceDenoise/SSDTemporalAccumulation.usf" 2675
"../../../Engine/Shaders/Private/ScreenSpaceDenoise/SSDSpatialKernel.ush" 2676
"../../../Engine/Shaders/Private/ScreenSpaceDenoise/SSDSignalAccumulatorArray.ush" 2677
"../../../Engine/Shaders/Private/ScreenSpaceDenoise/SSDSignalAccumulator.ush" 2678
"../../../Engine/Shaders/Private/ScreenSpaceDenoise/SSDSignalCompression.ush" 2679
"../../../Engine/Shaders/Private/ScreenSpaceDenoise/SSDSpatialAccumulation.usf" 2680
"../../../Engine/Shaders/Private/ScreenSpaceDenoise/SSDInjest.usf" 2681
"../../../Engine/Shaders/Private/ScreenSpaceDenoise/SSDCompressMetadata.usf" 2682
"../../../Engine/Shaders/Private/DownsampleDepthPixelShader.usf" 2683
"../../../Engine/Shaders/Private/ScreenPass.usf" 2684
"../../../Engine/Shaders/Private/HZB.usf" 2685
"../../../Engine/Shaders/Private/OcclusionFeedbackShaders.usf" 2686
"../../../Engine/Shaders/Private/HZBOcclusion.usf" 2687
"../../../Engine/Shaders/Private/OcclusionQueryPixelShader.usf" 2688
"../../../Engine/Shaders/Private/OcclusionQueryVertexShader.usf" 2689
"../../../Engine/Shaders/Private/HitProxyCopy.usf" 2690
"../../../Engine/Shaders/Private/HitProxyPixelShader.usf" 2691
"../../../Engine/Shaders/Private/HitProxyVertexShader.usf" 2692
"../../../Engine/Shaders/Private/SceneCulling/SceneCullingDebugRender.usf" 2693
"../../../Engine/Shaders/Private/SceneCulling/SceneCullingBuildExplicitBounds.usf" 2694
"../../../Engine/Shaders/Private/SceneCapturePixelShader.usf" 2695
"../../../Engine/Shaders/Private/RendererUtils.usf" 2696
"../../../Engine/Shaders/Private/RTWriteMaskDecode.usf" 2697
"../../../Engine/Shaders/Private/ReflectionEnvironmentShaders.usf" 2698
"../../../Engine/Shaders/Private/RectLightAtlas.usf" 2699
"../../../Engine/Shaders/Private/RayTracing/TraceRayInlineStatistics.usf" 2700
"../../../Engine/Shaders/Private/RayTracing/CompositeSkyLightPS.usf" 2701
"../../../Engine/Shaders/Private/RayTracing/GenerateSkyLightVisibilityRaysCS.usf" 2702
"../../../Engine/Shaders/Private/RayTracing/RayTracingSkyLightCommon.ush" 2703
"../../../Engine/Shaders/Private/RayTracing/SkyLightVisibilityRaysData.ush" 2704
"../../../Engine/Shaders/Private/Raytracing/RaytracingSkylightRGS.usf" 2705
"../../../Engine/Shaders/Private/HairStrands/HairStrandsRaytracing.ush" 2706
"../../../Engine/Shaders/Private/Raytracing/RayTracingSkyLightEvaluation.ush" 2707
"../../../Engine/Shaders/Private/Raytracing/RayTracingDeferredShadingCommon.ush" 2708
"../../../Engine/Shaders/Private/RayTracing/RayTracingOcclusionRGS.usf" 2709
"../../../Engine/Shaders/Private/RayTracing/RayTracingDirectionalLight.ush" 2710
"../../../Engine/Shaders/Private/RayTracing/RayTracingRectLight.ush" 2711
"../../../Engine/Shaders/Private/RayTracing/RayTracingSphereLight.ush" 2712
"../../../Engine/Shaders/Private/RayTracing/RayTracingCapsuleLight.ush" 2713
"../../../Engine/Shaders/Private/Raytracing/RayTracingFeedback.usf" 2714
"../../../Engine/Shaders/Shared/RayTracingDebugTypes.h" 2715
"../../../Engine/Shaders/Private/RayTracing/RayTracingPrimaryRays.usf" 2716
"../../../Engine/Shaders/Private/RayTracing/RayTracingLightingCommon.ush" 2717
"../../../Engine/Shaders/Private/RayTracing/RayTracingLightCullingCommon.ush" 2718
"../../../Engine/Shaders/Private/RayTracing/RayTracingMaterialDefaultHitShaders.usf" 2719
"../../../Engine/Shaders/Private/RayTracing/RayTracingMaterialHitShaders.usf" 2720
"../../../Engine/Shaders/Private/RayTracing/RayTracingShaderUtils.ush" 2721
"../../../Engine/Shaders/Private/RayTracing/RayTracingCalcInterpolants.ush" 2722
"../../../Engine/Shaders/Private/LightmapCommon.ush" 2723
"../../../Engine/Shaders/Private/Lumen/LumenHardwareRayTracingPayloadCommon.ush" 2724
"../../../Engine/Shaders/Shared/LumenDefinitions.h" 2725
"../../../Engine/Shaders/Private/Substrate/SubstrateExport.ush" 2726
"../../../Engine/Shaders/Private/RayTracing/RayTracingLightingMS.usf" 2727
"../../../Engine/Shaders/Private/Lumen/LumenDiffuseColorBoost.ush" 2728
"../../../Engine/Shaders/Private/RayTracing/RayTracingLightFunctionCommon.ush" 2729
"../../../Engine/Shaders/Private/RayTracing/RayTracingBuildLightGrid.usf" 2730
"../../../Engine/Shaders/Private/Raytracing/RayTracingInstanceBufferUtil.usf" 2731
"../../../Engine/Shaders/Private/RayTracing/RayTracingDynamicMesh.usf" 2732
"../../../Engine/Shaders/Private/RayTracing/RayTracingDefaultDecalHitShader.usf" 2733
"../../../Engine/Shaders/Private/RayTracing/RayTracingDecalMaterialShader.usf" 2734
"../../../Engine/Shaders/Private/PathTracing/PathTracingShaderUtils.ush" 2735
"../../../Engine/Shaders/Private/PathTracing/PathTracingCommon.ush" 2736
"../../../Engine/Shaders/Private/PathTracing/Material/PathTracingMaterialCommon.ush" 2737
"../../../Engine/Shaders/Private/PathTracing/Utilities/PathTracingRIS.ush" 2738
"../../../Engine/Shaders/Private/RayTracing/RayTracingBuildDecalGrid.usf" 2739
"../../../Engine/Shaders/Private/RayTracing/RayTracingDebugHitStatsUtils.usf" 2740
"../../../Engine/Shaders/Private/RayTracing/RayTracingDebugInstanceOverlap.usf" 2741
"../../../Engine/Shaders/Private/RayTracing/RayTracingDebugPicking.usf" 2742
"../../../Engine/Shaders/Private/RayTracing/RayTracingDebugUtils.ush" 2743
"../../../Engine/Shaders/Private/RayTracing/RayTracingDebugTraversal.usf" 2744
"../../../Engine/Shaders/Private/RayTracing/RayTracingDeferredMaterials.ush" 2745
"../../../Engine/Shaders/Shared/ThirdParty/AMD/ags_shader_intrinsics_dx12.h" 2746
"../../../Engine/Shaders/Shared/RayTracingDebugDefinitions.h" 2747
"../../../Engine/Shaders/Private/RayTracing/RayTracingDebugHitStatsCHS.usf" 2748
"../../../Engine/Shaders/Private/RayTracing/RayTracingDebugHitStats.usf" 2749
"../../../Engine/Shaders/Private/RayTracing/RayTracingDebugMS.usf" 2750
"../../../Engine/Shaders/Private/RayTracing/RayTracingDebugCHS.usf" 2751
"../../../Engine/Shaders/Private/RayTracing/RayTracingDebug.usf" 2752
"../../../Engine/Shaders/Private/RayTracing/RayTracingBuiltInShaders.usf" 2753
"../../../Engine/Shaders/Private/RayTracing/RayTracingBarycentrics.usf" 2754
"../../../Engine/Shaders/Private/RayTracing/RayTracingAmbientOcclusionRGS.usf" 2755
"../../../Engine/Shaders/Private/VisualizeShadingModels.usf" 2756
"../../../Engine/Shaders/Private/MotionBlur/VisualizeMotionVectors.usf" 2757
"../../../Engine/Shaders/Private/TemporalSuperResolution/TSRVisualize.usf" 2758
"../../../Engine/Shaders/Private/TemporalSuperResolution/TSRColorSpace.ush" 2759
"../../../Engine/Shaders/Private/TemporalSuperResolution/TSRCommon.ush" 2760
"../../../Engine/Shaders/Public/DualPixelVectorization.ush" 2761
"../../../Engine/Shaders/Private/TemporalSuperResolution/TSRReprojectionField.ush" 2762
"../../../Engine/Shaders/Private/TemporalSuperResolution/TSRResolveHistory.usf" 2763
"../../../Engine/Shaders/Private/TemporalSuperResolution/TSRConvolutionNetwork.ush" 2764
"../../../Engine/Shaders/Private/TemporalSuperResolution/TSRKernels.ush" 2765
"../../../Engine/Shaders/Public/LaneVectorization.ush" 2766
"../../../Engine/Shaders/Private/TemporalSuperResolution/TSRUpdateHistory.usf" 2767
"../../../Engine/Shaders/Private/TemporalSuperResolution/TSRSpatialAntiAliasing.ush" 2768
"../../../Engine/Shaders/Private/TemporalSuperResolution/TSRSpatialAntiAliasing.usf" 2769
"../../../Engine/Shaders/Private/TemporalSuperResolution/TSRRejectShading.usf" 2770
"../../../Engine/Shaders/Private/TemporalSuperResolution/TSRShadingAnalysis.ush" 2771
"../../../Engine/Shaders/Private/TemporalSuperResolution/TSRConvolutionNetworkPass.ush" 2772
"../../../Engine/Shaders/Private/TemporalSuperResolution/TSRDecimateHistory.usf" 2773
"../../../Engine/Shaders/Private/TemporalSuperResolution/TSRDepthVelocityAnalysis.ush" 2774
"../../../Engine/Shaders/Private/TemporalSuperResolution/TSRClosestOccluder.ush" 2775
"../../../Engine/Shaders/Private/TemporalSuperResolution/TSRWeightRelaxation.usf" 2776
"../../../Engine/Shaders/Private/TemporalSuperResolution/TSRThinGeometryCommon.ush" 2777
"../../../Engine/Shaders/Private/TemporalSuperResolution/TSRDetectThinGeometry.usf" 2778
"../../../Engine/Shaders/Private/TemporalSuperResolution/TSRDilateVelocity.usf" 2779
"../../../Engine/Shaders/Private/MotionBlur/MotionBlurVelocityFlatten.ush" 2780
"../../../Engine/Shaders/Private/MotionBlur/MotionBlurCommon.ush" 2781
"../../../Engine/Shaders/Private/TemporalSuperResolution/TSRClearPrevTextures.usf" 2782
"../../../Engine/Shaders/Private/TemporalSuperResolution/TSRMeasureCoverage.usf" 2783
"../../../Engine/Shaders/Private/TemporalSuperResolution/TSRMeasureFlickeringLuma.usf" 2784
"../../../Engine/Shaders/Private/TemporalAA.usf" 2785
"../../../Engine/Shaders/Private/SMAA/SMAADebugVisualization.usf" 2786
"../../../Engine/Shaders/Private/SMAA/SMAACommon.ush" 2787
"../../../Engine/Shaders/Private/SMAA/SMAA.ush" 2788
"../../../Engine/Shaders/Private/SMAA/SMAANeighborhoodBlendingShader.usf" 2789
"../../../Engine/Shaders/Private/SMAA/SMAABlendingWeightCalculationShader.usf" 2790
"../../../Engine/Shaders/Private/SMAA/SMAAEdgeDetectionShader.usf" 2791
"../../../Engine/Shaders/Private/FilterPixelShader.usf" 2792
"../../../Engine/Shaders/Private/FilterVertexShader.usf" 2793
"../../../Engine/Shaders/Private/VisualizeVirtualTexture.usf" 2794
"../../../Engine/Shaders/Private/PostProcessVisualizeBuffer.usf" 2795
"../../../Engine/Shaders/Private/PostProcessVisualizeLocalExposure.usf" 2796
"../../../Engine/Shaders/Private/PostProcessHistogramCommon.ush" 2797
"../../../Engine/Shaders/Private/PostProcessVisualizeLevelInstance.usf" 2798
"../../../Engine/Shaders/Private/PostProcessVisualizeHDR.usf" 2799
"../../../Engine/Shaders/Private/ShaderComplexityApplyPixelShader.usf" 2800
"../../../Engine/Shaders/Private/QuadOverdraw.ush" 2801
"../../../Engine/Shaders/Private/PostProcessUpscale.usf" 2802
"../../../Engine/Shaders/Private/PostProcessTonemap.usf" 2803
"../../../Engine/Shaders/Private/PostProcessing/FilmGrainPackConstants.usf" 2804
"../../../Engine/Shaders/Private/PostProcessing/FilmGrainReduce.usf" 2805
"../../../Engine/Shaders/Private/PostProcessTestImage.usf" 2806
"../../../Engine/Shaders/Private/PostProcessSubsurface.usf" 2807
"../../../Engine/Shaders/Private/SeparableSSS.ush" 2808
"../../../Engine/Shaders/Private/SubsurfaceBurleyNormalized.ush" 2809
"../../../Engine/Shaders/Private/PostProcessSelectionOutline.usf" 2810
"../../../Engine/Shaders/Private/MotionBlur/MotionBlurVisualize.usf" 2811
"../../../Engine/Shaders/Private/MotionBlur/MotionBlurApply.usf" 2812
"../../../Engine/Shaders/Private/MotionBlur/MotionBlurFilterTileClassify.usf" 2813
"../../../Engine/Shaders/Private/MotionBlur/MotionBlurTileScatter.usf" 2814
"../../../Engine/Shaders/Private/MotionBlur/MotionBlurTileGather.usf" 2815
"../../../Engine/Shaders/Private/MotionBlur/MotionBlurVelocityFlatten.usf" 2816
"../../../Engine/Shaders/Private/PostProcessMobile.usf" 2817
"../../../Engine/Shaders/Private/PostProcessMitchellNetravali.usf" 2818
"../../../Engine/Shaders/Private/PostProcessLocalExposure.usf" 2819
"../../../Engine/Shaders/Private/PostProcessLensFlares.usf" 2820
"../../../Engine/Shaders/Private/PostProcessGBufferHints.usf" 2821
"../../../Engine/Shaders/Private/PostProcessHMD.usf" 2822
"../../../Engine/Shaders/Private/Histogram.usf" 2823
"../../../Engine/Shaders/Private/PostProcessExposureMaterial.ush" 2824
"../../../Engine/Shaders/Private/PostProcessHistogramReduce.usf" 2825
"../../../Engine/Shaders/Private/PostProcessHistogram.usf" 2826
"../../../Engine/Shaders/Private/Bloom/BloomFinalizeApplyConstants.usf" 2827
"../../../Engine/Shaders/Private/Bloom/BloomCommon.ush" 2828
"../../../Engine/Shaders/Private/Bloom/BloomResizeKernel.usf" 2829
"../../../Engine/Shaders/Private/Bloom/BloomDownsampleKernel.usf" 2830
"../../../Engine/Shaders/Private/Bloom/BloomClampKernel.usf" 2831
"../../../Engine/Shaders/Private/Bloom/BloomPackKernelConstants.usf" 2832
"../../../Engine/Shaders/Private/Bloom/BloomSumScatterDispersionEnergy.usf" 2833
"../../../Engine/Shaders/Private/Bloom/BloomReduceKernelSurvey.usf" 2834
"../../../Engine/Shaders/Private/Bloom/BloomSurveyKernelCenterEnergy.usf" 2835
"../../../Engine/Shaders/Private/Bloom/BloomSurveyMaxScatterDispersion.usf" 2836
"../../../Engine/Shaders/Private/Bloom/BloomFindKernelCenter.usf" 2837
"../../../Engine/Shaders/Private/PostProcessEyeAdaptation.usf" 2838
"../../../Engine/Shaders/Private/PostProcessEyeAdaptationUtils.usf" 2839
"../../../Engine/Shaders/Private/PostProcessDownsample.usf" 2840
"../../../Engine/Shaders/Private/PostProcessDOF.usf" 2841
"../../../Engine/Shaders/Private/PostProcessDeviceEncodingOnly.usf" 2842
"../../../Engine/Shaders/Private/PostProcessCompositePrimitives.usf" 2843
"../../../Engine/Shaders/Private/PostProcessCombineLUTs.usf" 2844
"../../../Engine/Shaders/Private/PostProcessVisualizeDOF.usf" 2845
"../../../Engine/Shaders/Private/PostProcessBloom.usf" 2846
"../../../Engine/Shaders/Private/PostProcessAmbientOcclusionMobile.usf" 2847
"../../../Engine/Shaders/Private/PostProcessAmbientOcclusionCommon.ush" 2848
"../../../Engine/Shaders/Private/FXAAShader.usf" 2849
"../../../Engine/Shaders/Private/Fxaa3_11.ush" 2850
"../../../Engine/Shaders/Private/PaniniProjection.usf" 2851
"../../../Engine/Shaders/Private/DiaphragmDOF/DOFRecombine.usf" 2852
"../../../Engine/Shaders/Private/DiaphragmDOF/DOFHybridScatterPixelShader.usf" 2853
"../../../Engine/Shaders/Private/DiaphragmDOF/DOFHybridScatterCommon.ush" 2854
"../../../Engine/Shaders/Private/DiaphragmDOF/DOFVignetteCommon.ush" 2855
"../../../Engine/Shaders/Private/DiaphragmDOF/DOFHybridScatterVertexShader.usf" 2856
"../../../Engine/Shaders/Private/DiaphragmDOF/DOFPostfiltering.usf" 2857
"../../../Engine/Shaders/Private/DiaphragmDOF/DOFGatherTileSuggest.ush" 2858
"../../../Engine/Shaders/Private/DiaphragmDOF/DOFCocTileCommon.ush" 2859
"../../../Engine/Shaders/Private/DiaphragmDOF/DOFGatherPass.usf" 2860
"../../../Engine/Shaders/Private/DiaphragmDOF/DOFGatherCommon.ush" 2861
"../../../Engine/Shaders/Private/DiaphragmDOF/DOFGatherAccumulator.ush" 2862
"../../../Engine/Shaders/Private/DiaphragmDOF/DOFGatherKernel.ush" 2863
"../../../Engine/Shaders/Private/DiaphragmDOF/DOFBokehLUT.usf" 2864
"../../../Engine/Shaders/Private/DiaphragmDOF/DOFHybridScatterCompilation.usf" 2865
"../../../Engine/Shaders/Private/DiaphragmDOF/DOFReduce.usf" 2866
"../../../Engine/Shaders/Private/DiaphragmDOF/DOFDownsample.ush" 2867
"../../../Engine/Shaders/Private/DiaphragmDOF/DOFHybridScatterCompilation.ush" 2868
"../../../Engine/Shaders/Private/DiaphragmDOF/DOFDownsample.usf" 2869
"../../../Engine/Shaders/Private/DiaphragmDOF/DOFCocTileDilate.usf" 2870
"../../../Engine/Shaders/Private/DiaphragmDOF/DOFCocTileFlatten.usf" 2871
"../../../Engine/Shaders/Private/DiaphragmDOF/DOFSetup.usf" 2872
"../../../Engine/Shaders/Private/Tools/DebugAlphaChannel.usf" 2873
"../../../Engine/Shaders/Private/PostProcessAlphaInvert.usf" 2874
"../../../Engine/Shaders/Private/PlanarReflectionShaders.usf" 2875
"../../../Engine/Shaders/Private/PhysicsFieldVisualizer.usf" 2876
"../../../Engine/Shaders/Private/PathTracing/PathTracingSpatialTemporalDenoising.usf" 2877
"../../../Engine/Shaders/Private/ColorDifference.ush" 2878
"../../../Engine/Shaders/Private/PathTracing/PathTracingCompositingPixelShader.usf" 2879
"../../../Engine/Shaders/Private/PathTracing/PathTracingAdaptiveUtils.ush" 2880
"../../../Engine/Shaders/Private/PathTracing/PathTracingDefaultHitShader.usf" 2881
"../../../Engine/Shaders/Private/PathTracing/PathTracingGPULightmassMaterialHitShader.usf" 2882
"../../../Engine/Shaders/Private/PathTracing/PathTracingMaterialHitShader.usf" 2883
"../../../Engine/Shaders/Private/PathTracing/Material/PathTracingSubstrateCommon.ush" 2884
"../../../Engine/Shaders/Private/PathTracing/PathTracingLightingMissShader.usf" 2885
"../../../Engine/Shaders/Private/PathTracing/PathTracingMissShader.usf" 2886
"../../../Engine/Shaders/Private/PathTracing/PathTracingAdaptiveStart.usf" 2887
"../../../Engine/Shaders/Private/PathTracing/PathTracingBuildAdaptiveError.usf" 2888
"../../../Engine/Shaders/Private/PathTracing/PathTracingVolumetricCloudMaterialShader.usf" 2889
"../../../Engine/Shaders/Private/PathTracing/Volume/PathTracingCloudsMaterialCommon.ush" 2890
"../../../Engine/Shaders/Private/PathTracing/Volume/PathTracingVolumeCommon.ush" 2891
"../../../Engine/Shaders/Private/PathTracing/Volume/PathTracingCloudsCommon.ush" 2892
"../../../Engine/Shaders/Private/PathTracing/Volume/PathTracingFog.ush" 2893
"../../../Engine/Shaders/Private/PathTracing/Volume/PathTracingAtmosphere.ush" 2894
"../../../Engine/Shaders/Private/PathTracing/Volume/PathTracingAtmosphereCommon.ush" 2895
"../../../Engine/Shaders/Private/PathTracing/Volume/PathTracingVolumeSampling.ush" 2896
"../../../Engine/Shaders/Private/PathTracing/PathTracingBuildCloudAccelerationMap.usf" 2897
"../../../Engine/Shaders/Private/PathTracing/PathTracingBuildAtmosphereLUT.usf" 2898
"../../../Engine/Shaders/Private/PathTracing/PathTracingSwizzleScanlines.usf" 2899
"../../../Engine/Shaders/Private/PathTracing/PathTracingInitExtinctionCoefficient.usf" 2900
"../../../Engine/Shaders/Private/PathTracing/PathTracingCopyDepth.usf" 2901
"../../../Engine/Shaders/Private/PathTracing/PathTracingDebug.usf" 2902
"../../../Engine/Shaders/Private/RayTracing/RayTracingDecalGrid.ush" 2903
"../../../Engine/Shaders/Private/PathTracing/Material/PathTracingMaterialSampling.ush" 2904
"../../../Engine/Shaders/Private/PathTracing/Material/PathTracingLambert.ush" 2905
"../../../Engine/Shaders/Private/PathTracing/Material/PathTracingSubstrate.ush" 2906
"../../../Engine/Shaders/Private/PathTracing/Material/PathTracingSubstrateFoliage.ush" 2907
"../../../Engine/Shaders/Private/PathTracing/Material/PathTracingSubstrateSolidGlass.ush" 2908
"../../../Engine/Shaders/Private/PathTracing/Material/PathTracingSubstrateThinGlass.ush" 2909
"../../../Engine/Shaders/Private/PathTracing/Material/PathTracingSolidGlass.ush" 2910
"../../../Engine/Shaders/Private/PathTracing/Material/PathTracingEnergyConservation.ush" 2911
"../../../Engine/Shaders/Private/PathTracing/Material/PathTracingThinGlass.ush" 2912
"../../../Engine/Shaders/Private/PathTracing/Material/PathTracingDefaultLit.ush" 2913
"../../../Engine/Shaders/Private/PathTracing/Material/PathTracingClearCoat.ush" 2914
"../../../Engine/Shaders/Private/PathTracing/Material/PathTracingTwoSidedFoliage.ush" 2915
"../../../Engine/Shaders/Private/PathTracing/Material/PathTracingCloth.ush" 2916
"../../../Engine/Shaders/Private/PathTracing/Material/PathTracingSubsurfaceProfile.ush" 2917
"../../../Engine/Shaders/Private/PathTracing/Material/PathTracingEye.ush" 2918
"../../../Engine/Shaders/Private/PathTracing/Material/PathTracingHair.ush" 2919
"../../../Engine/Shaders/Private/PathTracing/Material/PathTracingMedium.ush" 2920
"../../../Engine/Shaders/Private/PathTracing/Light/PathTracingLightSampling.ush" 2921
"../../../Engine/Shaders/Private/PathTracing/Light/PathTracingLightCommon.ush" 2922
"../../../Engine/Shaders/Private/PathTracing/Light/PathTracingDirectionalLight.ush" 2923
"../../../Engine/Shaders/Private/PathTracing/Light/PathTracingPointLight.ush" 2924
"../../../Engine/Shaders/Private/PathTracing/Light/PathTracingCapsuleLight.ush" 2925
"../../../Engine/Shaders/Private/PathTracing/Light/PathTracingRectLight.ush" 2926
"../../../Engine/Shaders/Private/PathTracing/Light/PathTracingSkyLight.ush" 2927
"../../../Engine/Shaders/Private/PathTracing/Light/PathTracingLightGrid.ush" 2928
"../../../Engine/Shaders/Private/PathTracing/PathTracing.usf" 2929
"../../../Engine/Shaders/Private/PathTracing/PathTracingCore.ush" 2930
"../../../Engine/Shaders/Private/HeterogeneousVolumes/HeterogeneousVolumesVoxelGridTypes.ush" 2931
"../../../Engine/Shaders/Private/PathTracing/Volume/PathTracingVolume.ush" 2932
"../../../Engine/Shaders/Private/PathTracing/Volume/PathTracingClouds.ush" 2933
"../../../Engine/Shaders/Private/PathTracing/Volume/PathTracingHeterogeneousVolumes.ush" 2934
"../../../Engine/Shaders/Private/HeterogeneousVolumes/HeterogeneousVolumesTracingUtils.ush" 2935
"../../../Engine/Shaders/Private/HeterogeneousVolumes/HeterogeneousVolumesVoxelGridTraversal.ush" 2936
"../../../Engine/Shaders/Private/HeterogeneousVolumes/HeterogeneousVolumesVoxelGridUtils.ush" 2937
"../../../Engine/Shaders/Private/HeterogeneousVolumes/HeterogeneousVolumesFrustumVoxelGridUtils.ush" 2938
"../../../Engine/Shaders/Private/PathTracing/PathTracingBuildLightGrid.usf" 2939
"../../../Engine/Shaders/Private/PathTracing/PathTracingSkylightMISCompensation.usf" 2940
"../../../Engine/Shaders/Private/PathTracing/PathTracingSkylightPrepare.usf" 2941
"../../../Engine/Shaders/Private/OIT/OITSorting.usf" 2942
"../../../Engine/Shaders/Private/OITCombine.usf" 2943
"../../../Engine/Shaders/Private/OITCommon.ush" 2944
"../../../Engine/Shaders/Private/Nanite/Voxel/RasterizeBricks.usf" 2945
"../../../Engine/Shaders/Private/Nanite/Voxel/Brick.ush" 2946
"../../../Engine/Shaders/Private/Nanite/Voxel/Voxel.ush" 2947
"../../../Engine/Shaders/Private/Nanite/Voxel/ScatterBricks.usf" 2948
"../../../Engine/Shaders/Private/Nanite/Voxel/TileBricks.usf" 2949
"../../../Engine/Shaders/Private/Nanite/Voxel/AutoVoxel.usf" 2950
"../../../Engine/Shaders/Private/Nanite/NaniteDebugViews.usf" 2951
"../../../Engine/Shaders/Private/Nanite/NaniteEditorCommon.ush" 2952
"../../../Engine/Shaders/Private/BinarySearch.ush" 2953
"../../../Engine/Shaders/Private/Nanite/NaniteDepthDecode.usf" 2954
"../../../Engine/Shaders/Private/HTileEncoding.ush" 2955
"../../../Engine/Shaders/Private/Nanite/NaniteVisualize.usf" 2956
"../../../Engine/Shaders/Private/Nanite/NaniteStreamOut.usf" 2957
"../../../Engine/Shaders/Private/Nanite/NaniteHierarchyTraversal.ush" 2958
"../../../Engine/Shaders/Private/Nanite/NaniteShadeBinning.usf" 2959
"../../../Engine/Shaders/Private/Nanite/NaniteShadeCommon.ush" 2960
"../../../Engine/Shaders/Private/Nanite/NaniteFastClear.usf" 2961
"../../../Engine/Shaders/Private/Nanite/NaniteRayTracing.usf" 2962
"../../../Engine/Shaders/Private/Nanite/NaniteExportGBuffer.usf" 2963
"../../../Engine/Shaders/Private/Nanite/NaniteClusterCulling.usf" 2964
"../../../Engine/Shaders/Private/Nanite/NanitePrintStats.usf" 2965
"../../../Engine/Shaders/Private/Nanite/NaniteRasterizer.usf" 2966
"../../../Engine/Shaders/Private/Nanite/NaniteRasterizationCommon.ush" 2967
"../../../Engine/Shaders/Private/Nanite/NaniteRasterizer.ush" 2968
"../../../Engine/Shaders/Private/Nanite/NaniteWritePixel.ush" 2969
"../../../Engine/Shaders/Private/Nanite/NaniteTessellation.ush" 2970
"../../../Engine/Shaders/Private/WorkDistribution.ush" 2971
"../../../Engine/Shaders/Private/Nanite/NaniteDice.ush" 2972
"../../../Engine/Shaders/Private/ShaderBundleWorkGraphCommon.ush" 2973
"../../../Engine/Shaders/Public/RootConstants.ush" 2974
"../../../Engine/Shaders/Public/Platform/D3D/D3DRootConstants.ush" 2975
"../../../Engine/Shaders/Private/Nanite/NaniteSplit.usf" 2976
"../../../Engine/Shaders/Private/Nanite/NaniteRasterBinning.usf" 2977
"../../../Engine/Shaders/Private/Nanite/NaniteInstanceCulling.usf" 2978
"../../../Engine/Shaders/Private/Nanite/NaniteImposter.ush" 2979
"../../../Engine/Shaders/Private/Nanite/NaniteInstanceHierarchyCulling.usf" 2980
"../../../Engine/Shaders/Private/WorkGroupLoadBalancer.ush" 2981
"../../../Engine/Shaders/Private/Nanite/NanitePrimitiveFilter.usf" 2982
"../../../Engine/Shaders/Private/Nanite/NaniteRasterClear.usf" 2983
"../../../Engine/Shaders/Private/Nanite/NaniteDepthExport.usf" 2984
"../../../Engine/Shaders/Private/Nanite/NaniteEmitShadow.usf" 2985
"../../../Engine/Shaders/Private/MobileDeferredUtils.usf" 2986
"../../../Engine/Shaders/Private/MobileLocalLightsBuffer.usf" 2987
"../../../Engine/Shaders/Private/MobileFog.usf" 2988
"../../../Engine/Shaders/Private/DistortApplyScreenPS.usf" 2989
"../../../Engine/Shaders/Private/MobileDeferredShading.usf" 2990
"../../../Engine/Shaders/Private/MobileBasePassPixelShader.usf" 2991
"../../../Engine/Shaders/Private/MobileBasePassCommon.ush" 2992
"../../../Engine/Shaders/Private/BasePassCommon.ush" 2993
"../../../Engine/Shaders/Private/ShadingModelsMaterial.ush" 2994
"../../../Engine/Shaders/Private/ThinTranslucentCommon.ush" 2995
"../../../Engine/Shaders/Private/SingleLayerWaterShading.ush" 2996
"../../../Engine/Shaders/Private/DistortionCommon.ush" 2997
"../../../Engine/Shaders/Private/Substrate/SubstrateMobileForwardLighting.ush" 2998
"../../../Engine/Shaders/Private/MobileBasePassVertexShader.usf" 2999
"../../../Engine/Shaders/Private/MeshEdges.usf" 3000
"../../../Engine/Shaders/Private/MegaLights/MegaLightsSampling.usf" 3001
"../../../Engine/Shaders/Shared/MegaLightsDefinitions.h" 3002
"../../../Engine/Shaders/Private/MegaLights/MegaLightsShading.ush" 3003
"../../../Engine/Shaders/Private/MegaLights/MegaLights.ush" 3004
"../../../Engine/Shaders/Private/MegaLights/MegaLightsMaterial.ush" 3005
"../../../Engine/Shaders/Private/MegaLights/MegaLightsRayTracing.ush" 3006
"../../../Engine/Shaders/Private/MegaLights/MegaLightsSampling.ush" 3007
"../../../Engine/Shaders/Private/MegaLights/MegaLightsVolumeSampling.usf" 3008
"../../../Engine/Shaders/Private/MegaLights/MegaLightsVolume.ush" 3009
"../../../Engine/Shaders/Private/MegaLights/MegaLights.usf" 3010
"../../../Engine/Shaders/Private/HairStrands/HairStrandsScreenTracing.ush" 3011
"../../../Engine/Shaders/Private/MegaLights/MegaLightsFilterVisibleLightHash.usf" 3012
"../../../Engine/Shaders/Private/MegaLights/MegaLightsShading.usf" 3013
"../../../Engine/Shaders/Private/Lumen/LumenReflectionDenoiserCommon.ush" 3014
"../../../Engine/Shaders/Private/MegaLights/MegaLightsVisibleLightHash.usf" 3015
"../../../Engine/Shaders/Private/MegaLights/MegaLightsVolumeShading.usf" 3016
"../../../Engine/Shaders/Private/MegaLights/MegaLightsVSMMarking.usf" 3017
"../../../Engine/Shaders/Private/MegaLights/MegaLightsVSMTracing.usf" 3018
"../../../Engine/Shaders/Private/MegaLights/MegaLightsRayTracing.usf" 3019
"../../../Engine/Shaders/Private/DistanceField/GlobalDistanceFieldUtils.ush" 3020
"../../../Engine/Shaders/Private/Lumen/LumenScreenTracing.ush" 3021
"../../../Engine/Shaders/Private/MegaLights/MegaLightsVolumeRayTracing.usf" 3022
"../../../Engine/Shaders/Private/MegaLights/MegaLightsVolumeHardwareRayTracing.usf" 3023
"../../../Engine/Shaders/Private/Lumen/LumenHardwareRayTracingCommon.ush" 3024
"../../../Engine/Shaders/Private/RayTracing/RayTracingReflectionEnvironment.ush" 3025
"../../../Engine/Shaders/Private/Lumen/LumenHardwareRayTracingPlatformCommon.ush" 3026
"../../../Engine/Shaders/Private/Lumen/LumenTracingCommon.ush" 3027
"../../../Engine/Shaders/Private/Lumen/SurfaceCache/LumenSurfaceCacheSampling.ush" 3028
"../../../Engine/Shaders/Private/Lumen/SurfaceCache/LumenSurfaceCache.ush" 3029
"../../../Engine/Shaders/Private/Lumen/LumenCardCommon.ush" 3030
"../../../Engine/Shaders/Private/Lumen/LumenCardTileShadowDownsampleFactor.ush" 3031
"../../../Engine/Shaders/Private/MegaLights/MegaLightsHardwareRayTracing.usf" 3032
"../../../Engine/Shaders/Private/MegaLights/MegaLightsDebug.usf" 3033
"../../../Engine/Shaders/Private/MegaLights/MegaLightsDenoiserSpatial.usf" 3034
"../../../Engine/Shaders/Private/MegaLights/MegaLightsDenoiserTemporal.usf" 3035
"../../../Engine/Shaders/Private/MaterialCache/MaterialCacheABufferPages.usf" 3036
"../../../Engine/Shaders/Private/MaterialCache/MaterialCacheShade.usf" 3037
"../../../Engine/Shaders/Private/MaterialCache/MaterialCacheShadeCommon.ush" 3038
"../../../Engine/Shaders/Private/MaterialCache/MaterialCacheUnwrapNaniteShade.usf" 3039
"../../../Engine/Shaders/Private/MaterialCache/MaterialCacheUnwrapPixelShader.usf" 3040
"../../../Engine/Shaders/Private/MaterialCache/MaterialCacheUnwrapVertexShader.usf" 3041
"../../../Engine/Shaders/Private/Lumen/LumenVisualizeRadianceCache.usf" 3042
"../../../Engine/Shaders/Private/Lumen/LumenRadianceCacheCommon.ush" 3043
"../../../Engine/Shaders/Private/Lumen/LumenVisualizeHardwareRayTracing.usf" 3044
"../../../Engine/Shaders/Private/Lumen/LumenVisualize.ush" 3045
"../../../Engine/Shaders/Private/Lumen/LumenHairTracing.ush" 3046
"../../../Engine/Shaders/Private/Lumen/LumenVisualize.usf" 3047
"../../../Engine/Shaders/Private/Lumen/LumenSoftwareRayTracing.ush" 3048
"../../../Engine/Shaders/Private/DistanceField/GlobalDistanceFieldObjectGrid.ush" 3049
"../../../Engine/Shaders/Private/DistanceFieldLightingShared.ush" 3050
"../../../Engine/Shaders/Private/Lumen/LumenVisualizeTraces.ush" 3051
"../../../Engine/Shaders/Private/Lumen/LumenTranslucencyVolumeLighting.usf" 3052
"../../../Engine/Shaders/Private/Lumen/LumenRadianceCacheMarkCommon.ush" 3053
"../../../Engine/Shaders/Private/Lumen/LumenTranslucencyVolumeLightingShared.ush" 3054
"../../../Engine/Shaders/Private/Lumen/LumenScreenProbeCommon.ush" 3055
"../../../Engine/Shaders/Private/RayTracing/RayGenUtils.ush" 3056
"../../../Engine/Shaders/Private/Lumen/LumenRadianceCacheTracingCommon.ush" 3057
"../../../Engine/Shaders/Private/Lumen/LumenTranslucencyVolumeHardwareRayTracing.usf" 3058
"../../../Engine/Shaders/Private/Lumen/LumenTranslucencyRadianceCacheMarkShaders.usf" 3059
"../../../Engine/Shaders/Private/Lumen/SurfaceCache/LumenSurfaceCache.usf" 3060
"../../../Engine/Shaders/Private/Lumen/LumenVirtualTextureCommon.ush" 3061
"../../../Engine/Shaders/Private/Lumen/LumenShortRangeAOHardwareRayTracing.usf" 3062
"../../../Engine/Shaders/Private/Lumen/LumenScreenSpaceBentNormal.ush" 3063
"../../../Engine/Shaders/Private/Lumen/LumenScreenSpaceBentNormal.usf" 3064
"../../../Engine/Shaders/Private/Lumen/LumenScreenProbeTracing.usf" 3065
"../../../Engine/Shaders/Private/Lumen/LumenScreenProbeTracingCommon.ush" 3066
"../../../Engine/Shaders/Private/Lumen/LumenFloatQuantization.ush" 3067
"../../../Engine/Shaders/Private/Lumen/LumenScreenProbeImportanceSampling.usf" 3068
"../../../Engine/Shaders/Private/Lumen/LumenScreenProbeImportanceSamplingShared.ush" 3069
"../../../Engine/Shaders/Private/Lumen/LumenScreenProbeHardwareRayTracing.usf" 3070
"../../../Engine/Shaders/Private/Lumen/LumenScreenProbeDebug.usf" 3071
"../../../Engine/Shaders/Private/Lumen/LumenScreenProbeGather.usf" 3072
"../../../Engine/Shaders/Private/Lumen/LumenScreenProbeGatherTemporal.usf" 3073
"../../../Engine/Shaders/Private/Lumen/LumenScreenProbeFiltering.usf" 3074
"../../../Engine/Shaders/Private/Lumen/LumenSceneLighting.usf" 3075
"../../../Engine/Shaders/Private/Lumen/LumenCardTile.ush" 3076
"../../../Engine/Shaders/Private/Lumen/LumenSceneLighting.ush" 3077
"../../../Engine/Shaders/Private/Lumen/Radiosity/LumenRadiosity.ush" 3078
"../../../Engine/Shaders/Private/Lumen/LumenSceneLightingDebug.usf" 3079
"../../../Engine/Shaders/Private/Lumen/LumenScene.usf" 3080
"../../../Engine/Shaders/Private/Lumen/LumenSceneDirectLightingHardwareRayTracing.usf" 3081
"../../../Engine/Shaders/Private/Lumen/LumenSceneDirectLightingStochastic.ush" 3082
"../../../Engine/Shaders/Private/Lumen/LumenSceneDirectLighting.ush" 3083
"../../../Engine/Shaders/Private/Lumen/LumenSceneDebugHardwareRayTracing.usf" 3084
"../../../Engine/Shaders/Private/Lumen/LumenSceneDirectLightingStochastic.usf" 3085
"../../../Engine/Shaders/Private/Lumen/LumenSceneDirectLightingSoftwareRayTracing.usf" 3086
"../../../Engine/Shaders/Private/DistanceFieldShadowingShared.ush" 3087
"../../../Engine/Shaders/Private/Lumen/LumenSceneDirectLightingPerLightShadowCommon.ush" 3088
"../../../Engine/Shaders/Private/Lumen/LumenSceneDirectLightingShadowMask.usf" 3089
"../../../Engine/Shaders/Private/Lumen/LumenSceneDirectLighting.usf" 3090
"../../../Engine/Shaders/Private/Lumen/LumenSceneDirectLightingCulling.usf" 3091
"../../../Engine/Shaders/Private/Lumen/LumenCardComputeShader.usf" 3092
"../../../Engine/Shaders/Private/Lumen/LumenCardBasePass.ush" 3093
"../../../Engine/Shaders/Private/Lumen/LumenCardPixelShader.usf" 3094
"../../../Engine/Shaders/Private/Lumen/LumenCardVertexShader.usf" 3095
"../../../Engine/Shaders/Private/Lumen/LumenReSTIRGather.usf" 3096
"../../../Engine/Shaders/Private/Lumen/LumenReflectionTracing.usf" 3097
"../../../Engine/Shaders/Private/Lumen/LumenReflectionDenoiserSpatial.usf" 3098
"../../../Engine/Shaders/Private/Lumen/LumenReflectionDenoiserClear.usf" 3099
"../../../Engine/Shaders/Private/Lumen/LumenReflectionDenoiserTemporal.usf" 3100
"../../../Engine/Shaders/Private/Lumen/LumenReflectionResolve.usf" 3101
"../../../Engine/Shaders/Private/Lumen/LumenReflections.usf" 3102
"../../../Engine/Shaders/Private/Lumen/RayTracedTranslucency.usf" 3103
"../../../Engine/Shaders/Private/Lumen/LumenReflectionHardwareRayTracing.usf" 3104
"../../../Engine/Shaders/Private/Lumen/Radiosity/LumenVisualizeRadiosityProbes.usf" 3105
"../../../Engine/Shaders/Private/Lumen/Radiosity/LumenRadiosity.usf" 3106
"../../../Engine/Shaders/Private/Lumen/Radiosity/LumenRadiosityHardwareRayTracing.usf" 3107
"../../../Engine/Shaders/Private/Lumen/Radiosity/LumenRadiosityCulling.usf" 3108
"../../../Engine/Shaders/Private/Lumen/LumenRadianceCacheHardwareRayTracing.usf" 3109
"../../../Engine/Shaders/Private/Lumen/LumenRadianceCache.usf" 3110
"../../../Engine/Shaders/Private/Lumen/LumenRadianceCacheUpdate.ush" 3111
"../../../Engine/Shaders/Private/Lumen/LumenRadianceCacheDebug.usf" 3112
"../../../Engine/Shaders/Private/Lumen/LumenRadianceCacheUpdate.usf" 3113
"../../../Engine/Shaders/Private/Lumen/LumenMeshSDFCulling.usf" 3114
"../../../Engine/Shaders/Private/HybridIndirectLighting.ush" 3115
"../../../Engine/Shaders/Private/MeshDistanceFieldCommon.ush" 3116
"../../../Engine/Shaders/Private/Lumen/LumenIrradianceFieldGather.usf" 3117
"../../../Engine/Shaders/Private/Lumen/LumenHardwareRayTracingMaterials.usf" 3118
"../../../Engine/Shaders/Private/Lumen/LumenFrontLayerTranslucency.usf" 3119
"../../../Engine/Shaders/Private/LocalFogVolumes/LocalFogVolumeSplat.usf" 3120
"../../../Engine/Shaders/Private/LocalFogVolumes/LocalFogVolumeTiledCulling.usf" 3121
"../../../Engine/Shaders/Private/LightShaftShader.usf" 3122
"../../../Engine/Shaders/Private/StationaryLightOverlapShaders.usf" 3123
"../../../Engine/Shaders/Private/DeferredLightPixelShaders.usf" 3124
"../../../Engine/Shaders/Private/DeferredLightVertexShaders.usf" 3125
"../../../Engine/Shaders/Private/LightMapDensityShader.usf" 3126
"../../../Engine/Shaders/Private/LightGridInjection.usf" 3127
"../../../Engine/Shaders/Shared/LightGridDefinitions.h" 3128
"../../../Engine/Shaders/Private/LightFunctionPixelShader.usf" 3129
"../../../Engine/Shaders/Private/LightFunctionVertexShader.usf" 3130
"../../../Engine/Shaders/Private/LightFunctionAtlas/LightFunctionAtlasRender.usf" 3131
"../../../Engine/Shaders/Private/InstanceCulling/InstanceCullingOcclusionQuery.usf" 3132
"../../../Engine/Shaders/Private/InstanceCulling/InstanceCullingSetup.ush" 3133
"../../../Engine/Shaders/Private/InstanceCulling/BuildInstanceDrawCommands.usf" 3134
"../../../Engine/Shaders/Private/InstanceCulling/InstanceCompactionCommon.ush" 3135
"../../../Engine/Shaders/Private/SceneDataMobileWriter.ush" 3136
"../../../Engine/Shaders/Private/InstanceCulling/CompactVisibleInstances.usf" 3137
"../../../Engine/Shaders/Private/ReflectionEnvironmentPixelShader.usf" 3138
"../../../Engine/Shaders/Private/AmbientCubemapComposite.usf" 3139
"../../../Engine/Shaders/Private/DiffuseIndirectComposite.usf" 3140
"../../../Engine/Shaders/Private/IESAtlas.usf" 3141
"../../../Engine/Shaders/Private/HeterogeneousVolumes/HeterogeneousVolumesVisualizeCascades.usf" 3142
"../../../Engine/Shaders/Private/HeterogeneousVolumes/HeterogeneousVolumesVoxelGridShadows.usf" 3143
"../../../Engine/Shaders/Private/HeterogeneousVolumes/HeterogeneousVolumesStochasticFiltering.ush" 3144
"../../../Engine/Shaders/Private/HeterogeneousVolumes/HeterogeneousVolumesVoxelGridRenderingUtils.ush" 3145
"../../../Engine/Shaders/Private/HeterogeneousVolumes/HeterogeneousVolumesLightingUtils.ush" 3146
"../../../Engine/Shaders/Private/HeterogeneousVolumes/HeterogeneousVolumesRayMarchingUtils.ush" 3147
"../../../Engine/Shaders/Private/HeterogeneousVolumes/HeterogeneousVolumesRayMarchingTypes.ush" 3148
"../../../Engine/Shaders/Private/HeterogeneousVolumes/HeterogeneousVolumesTransmittanceVolumeUtils.ush" 3149
"../../../Engine/Shaders/Private/HeterogeneousVolumes/HeterogeneousVolumesAdaptiveVolumetricShadowMapSampler.ush" 3150
"../../../Engine/Shaders/Private/HeterogeneousVolumes/HeterogeneousVolumesVoxelGridRendering.usf" 3151
"../../../Engine/Shaders/Private/HeterogeneousVolumes/HeterogeneousVolumesVoxelGridPipeline.usf" 3152
"../../../Engine/Shaders/Private/HeterogeneousVolumes/HeterogeneousVolumesMaterialBakingPipeline.usf" 3153
"../../../Engine/Shaders/Private/HeterogeneousVolumes/HeterogeneousVolumesLiveShadingUtils.ush" 3154
"../../../Engine/Shaders/Private/HeterogeneousVolumes/HeterogeneousVolumesFrustumVoxelGrid.usf" 3155
"../../../Engine/Shaders/Private/HeterogeneousVolumes/HeterogeneousVolumesSparseVoxelPipeline.usf" 3156
"../../../Engine/Shaders/Private/HeterogeneousVolumes/HeterogeneousVolumesSparseVoxelUtils.ush" 3157
"../../../Engine/Shaders/Private/HeterogeneousVolumes/HeterogeneousVolumesSparseVoxelUniformBufferUtils.ush" 3158
"../../../Engine/Shaders/Private/HeterogeneousVolumes/HeterogeneousVolumesPreshadingPipeline.usf" 3159
"../../../Engine/Shaders/Private/HeterogeneousVolumes/HeterogeneousVolumesShadowMask.usf" 3160
"../../../Engine/Shaders/Private/HeterogeneousVolumes/HeterogeneousVolumesLiveShadingShadows.usf" 3161
"../../../Engine/Shaders/Private/HeterogeneousVolumes/HeterogeneousVolumesLiveShadingGlobalPipeline.usf" 3162
"../../../Engine/Shaders/Private/HeterogeneousVolumes/HeterogeneousVolumesLiveShadingPipeline.usf" 3163
"../../../Engine/Shaders/Private/HeterogeneousVolumes/HeterogeneousVolumesHardwareRayTracing.usf" 3164
"../../../Engine/Shaders/Private/HeterogeneousVolumes/HeterogeneousVolumesAmbientOcclusionPipeline.usf" 3165
"../../../Engine/Shaders/Private/HeterogeneousVolumes/HeterogeneousVolumesComposite.usf" 3166
"../../../Engine/Shaders/Private/HdrCustomResolveShaders.usf" 3167
"../../../Engine/Shaders/Private/HairStrands/RenderCurveRaster.usf" 3168
"../../../Engine/Shaders/Shared/RenderCurveDefinitions.h" 3169
"../../../Engine/Shaders/Private/HairStrands/HairStrandsVoxelRasterCompute.usf" 3170
"../../../Engine/Shaders/Private/HairStrands/HairStrandsHitProxy.usf" 3171
"../../../Engine/Shaders/Private/HairStrands/HairStrandsVisibilityRasterComputeNaive.usf" 3172
"../../../Engine/Shaders/Private/HairStrands/HairStrandsVisibilityRasterHW.usf" 3173
"../../../Engine/Shaders/Private/HairStrands/HairStrandsVisibilityRasterCompute.usf" 3174
"../../../Engine/Shaders/Private/HairStrands/HairStrandsVisibilityRasterClassification.usf" 3175
"../../../Engine/Shaders/Private/HairStrands/HairStrandsCoverage.usf" 3176
"../../../Engine/Shaders/Private/HairStrands/HairStrandsVisibilityDepthPS.usf" 3177
"../../../Engine/Shaders/Private/HairStrands/HairStrandsVisibilityTransmittanceDepthPS.usf" 3178
"../../../Engine/Shaders/Private/HairStrands/HairStrandsVisibilityFillOpaqueDepthPS.usf" 3179
"../../../Engine/Shaders/Private/HairStrands/HairStrandsVisibilityCompactionComputeRaster.usf" 3180
"../../../Engine/Shaders/Private/HairStrands/HairStrandsVisibilityCompaction.usf" 3181
"../../../Engine/Shaders/Private/HairStrands/HairStrandsVisibilityCopyIndirectArg.usf" 3182
"../../../Engine/Shaders/Private/HairStrands/HairStrandsVisibilityClearPS.usf" 3183
"../../../Engine/Shaders/Private/HairStrands/HairStrandsVisibilityPS.usf" 3184
"../../../Engine/Shaders/Private/HairStrands/HairStrandsVisibilityVS.usf" 3185
"../../../Engine/Shaders/Private/HairStrands/HairStrandsVelocity.usf" 3186
"../../../Engine/Shaders/Private/HairStrands/HairStrandsVisibilityComputeSampleCoverage.usf" 3187
"../../../Engine/Shaders/Private/HairStrands/HairStrandsMaterialPS.usf" 3188
"../../../Engine/Shaders/Private/HairStrands/HairStrandsMaterialCommon.ush" 3189
"../../../Engine/Shaders/Private/HairStrands/HairStrandsMaterialVS.usf" 3190
"../../../Engine/Shaders/Private/HairStrands/HairStrandsLightSample.usf" 3191
"../../../Engine/Shaders/Private/HairStrands/HairStrandsDeepShadowMask.usf" 3192
"../../../Engine/Shaders/Private/HairStrands/HairStrandsDeepTransmittanceMask.usf" 3193
"../../../Engine/Shaders/Private/HairStrands/HairStrandsVisibilityTile.usf" 3194
"../../../Engine/Shaders/Private/HairStrands/HairStrandsDeepShadowPS.usf" 3195
"../../../Engine/Shaders/Private/HairStrands/HairStrandsDeepShadowVS.usf" 3196
"../../../Engine/Shaders/Private/HairStrands/HairStrandsAABB.usf" 3197
"../../../Engine/Shaders/Private/HairStrands/HairStrandsLUT.usf" 3198
"../../../Engine/Shaders/Private/HairStrands/HairStrandsForwardRaster.usf" 3199
"../../../Engine/Shaders/Private/HairStrands/HairStrandsForwardCulling.usf" 3200
"../../../Engine/Shaders/Private/HairStrands/HairStrandsEnvironmentLighting.usf" 3201
"../../../Engine/Shaders/Private/HairStrands/HairStrandsEnvironmentAO.usf" 3202
"../../../Engine/Shaders/Private/HairStrands/HairStrandsDeepShadowAllocation.usf" 3203
"../../../Engine/Shaders/Private/HairStrands/HairStrandsVoxelDebug.usf" 3204
"../../../Engine/Shaders/Private/HairStrands/HairStrandsComposition.usf" 3205
"../../../Engine/Shaders/Private/HairStrands/HairStrandsGBufferCommon.ush" 3206
"../../../Engine/Shaders/Private/GPUScene/GPUSceneDataManagement.usf" 3207
"../../../Engine/Shaders/Private/GPUSceneDebugRender.usf" 3208
"../../../Engine/Shaders/Private/GPUFeedbackCompaction.usf" 3209
"../../../Engine/Shaders/Private/GPUFastFourierTransform.usf" 3210
"../../../Engine/Shaders/Private/GPUFastFourierTransform2DCore.ush" 3211
"../../../Engine/Shaders/Private/GPUFastFourierTransformCore.ush" 3212
"../../../Engine/Shaders/Private/GPUBenchmark.usf" 3213
"../../../Engine/Shaders/Private/DistanceField/GlobalDistanceFieldDebug.usf" 3214
"../../../Engine/Shaders/Private/DistanceField/GlobalDistanceFieldUpdate.ush" 3215
"../../../Engine/Shaders/Private/DistanceField/GlobalDistanceFieldMip.usf" 3216
"../../../Engine/Shaders/Private/DistanceField/GlobalDistanceField.usf" 3217
"../../../Engine/Shaders/Private/DistanceField/GlobalDistanceFieldCompositeObjects.usf" 3218
"../../../Engine/Shaders/Private/DistanceField/GlobalDistanceFieldHeightfields.usf" 3219
"../../../Engine/Shaders/Private/HeightfieldLightingShared.ush" 3220
"../../../Engine/Shaders/Private/GenerateConservativeDepth.usf" 3221
"../../../Engine/Shaders/Private/HeightFogPixelShader.usf" 3222
"../../../Engine/Shaders/Private/HeightFogVertexShader.usf" 3223
"../../../Engine/Shaders/Private/DistortFiltering.usf" 3224
"../../../Engine/Shaders/Private/DistortAccumulatePS.usf" 3225
"../../../Engine/Shaders/Private/DistortAccumulateVS.usf" 3226
"../../../Engine/Shaders/Private/DistanceFieldVisualization.usf" 3227
"../../../Engine/Shaders/Private/DistanceFieldStreaming.usf" 3228
"../../../Engine/Shaders/Private/DistanceFieldShadowing.usf" 3229
"../../../Engine/Shaders/Private/DistanceFieldScreenGridLighting.usf" 3230
"../../../Engine/Shaders/Private/DistanceFieldObjectCulling.usf" 3231
"../../../Engine/Shaders/Private/DistanceFieldLightingPost.usf" 3232
"../../../Engine/Shaders/Private/DitheredTransitionStencil.usf" 3233
"../../../Engine/Shaders/Private/CopyDepthTexture.usf" 3234
"../../../Engine/Shaders/Private/CopyDepthTextureCS.usf" 3235
"../../../Engine/Shaders/Private/DeferredDecal.usf" 3236
"../../../Engine/Shaders/Private/DecalCommon.ush" 3237
"../../../Engine/Shaders/Private/DebugViewModeVertexShader.usf" 3238
"../../../Engine/Shaders/Private/DebugViewModeCommon.ush" 3239
"../../../Engine/Shaders/Private/DebugViewModePixelShader.usf" 3240
"../../../Engine/Shaders/Private/DebugProbes.usf" 3241
"../../../Engine/Shaders/Private/MeshDecals.usf" 3242
"../../../Engine/Shaders/Private/PostProcessAmbientOcclusion.usf" 3243
"../../../Engine/Shaders/Private/ClusteredDeferredShadingPixelShader.usf" 3244
"../../../Engine/Shaders/Private/ClusteredDeferredShadingVertexShader.usf" 3245
"../../../Engine/Shaders/Private/CapsuleShadowShaders.usf" 3246
"../../../Engine/Shaders/Private/BasePassPixelShader.usf" 3247
"../../../Engine/Shaders/Private/ForwardLightingCommon.ush" 3248
"../../../Engine/Shaders/Private/Substrate/SubstrateForwardLighting.ush" 3249
"../../../Engine/Shaders/Private/ComputeShaderOutputCommon.ush" 3250
"../../../Engine/Shaders/Private/BasePassVertexShader.usf" 3251
"../../../Engine/Shaders/Private/BasePassVertexCommon.ush" 3252
"../../../Engine/Shaders/Private/SimpleElementVolumeTexturePreviewPixelShader.usf" 3253
"../../../Engine/Shaders/Private/SimpleElementTexture2DPreviewPixelShader.usf" 3254
"../../../Engine/Shaders/Private/meshpaintdilatepixelshader.usf" 3255
"../../../Engine/Shaders/Private/meshpaintdilatevertexshader.usf" 3256
"../../../Engine/Shaders/Private/MeshPaintPixelShader.usf" 3257
"../../../Engine/Shaders/Private/MeshPaintVertexShader.usf" 3258
"../../../Engine/Shaders/Private/SlateElementPixelShader.usf" 3259
"../../../Engine/Shaders/Private/SlateShaderCommon.ush" 3260
"../../../Engine/Shaders/Private/SlateMaskingShader.usf" 3261
"../../../Engine/Shaders/Private/SlateVertexShader.usf" 3262
"../../../Engine/Shaders/Private/CompositeUIPixelShader.usf" 3263
"../../../Engine/Shaders/Private/ColorDeficiency.ush" 3264
"../../../Engine/Shaders/Private/SlatePostProcessColorDeficiencyPixelShader.usf" 3265
"../../../Engine/Shaders/Private/SlatePostProcessPixelShader.usf" 3266
"../../../Engine/Shaders/Private/Tools/VisualizeTexture.usf" 3267
"../../../Engine/Shaders/Private/UpdateDescriptorHandle.usf" 3268
"../../../Engine/Shaders/Private/ByteBuffer.usf" 3269
"../../../Engine/Shaders/Private/ShaderBundleWorkGraphDispatch.usf" 3270
"../../../Engine/Shaders/Private/ShaderBundleDispatch.usf" 3271
"../../../Engine/Shaders/Private/ResolveVertexShader.usf" 3272
"../../../Engine/Shaders/Private/ResolvePixelShader.usf" 3273
"../../../Engine/Shaders/Private/Tools/SetupIndirectArgs.usf" 3274
"../../../Engine/Shaders/Private/ClearReplacementShaders.usf" 3275
"../../../Engine/Shaders/Private/Tools/DrawTexture.usf" 3276
"../../../Engine/Shaders/Private/RayTracing/RayTracingValidation.usf" 3277
"../../../Engine/Shaders/Private/RenderGraphUtilities.usf" 3278
"../../../Engine/Shaders/Private/OneColorShader.usf" 3279
"../../../Engine/Shaders/Private/OculusShaders.usf" 3280
"../../../Engine/Shaders/Private/MediaShaders.usf" 3281
"../../../Engine/Shaders/Private/GPUMessaging.usf" 3282
"../../../Engine/Shaders/Private/Tools/GPUDebugCrashUtils.usf" 3283
"../../../Engine/Shaders/Private/NullPixelShader.usf" 3284
"../../../Engine/Shaders/Private/ComputeGenerateMips.usf" 3285
"../../../Engine/Shaders/Private/Tools/DumpTexture.usf" 3286
"../../../Engine/Shaders/Private/CopyTextureShaders.usf" 3287
"../../../Engine/Shaders/Private/Tools/FullscreenVertexShader.usf" 3288
"../../../Engine/Shaders/Private/RayTracing/RayTracingDispatchDesc.usf" 3289
"../../../Engine/Shaders/Private/Bink.usf" 3290
"../../../Engine/Shaders/Private/DepthOnlyPixelShader.usf" 3291
"../../../Engine/Shaders/Private/PositionOnlyDepthVertexShader.usf" 3292
"../../../Engine/Shaders/Private/DepthOnlyVertexShader.usf" 3293
"../../../Engine/Shaders/Private/AnisotropyPassShader.usf" 3294
"/Engine/EngineResources/WhiteSquareTexture" 3295
"../../../Engine/Content/EngineResources/WhiteSquareTexture.uasset" 3296
"/Engine/EngineResources/GradientTexture0" 3297
"../../../Engine/Content/EngineResources/GradientTexture0.uasset" 3298
"/Engine/EngineResources/Black" 3299
"../../../Engine/Content/EngineResources/Black.uasset" 3300
"/Engine/EditorResources/S_Actor" 3301
"../../../Engine/Content/EditorResources/S_Actor.uasset" 3302
"/Engine/EngineFonts/RobotoDistanceField" 3303
"../../../Engine/Content/EngineFonts/RobotoDistanceField.uasset" 3304
"/Engine/EngineMaterials/DefaultTextMaterialOpaque" 3305
"../../../Engine/Content/EngineMaterials/DefaultTextMaterialOpaque.uasset" 3306
"/Engine/Functions/Engine_MaterialFunctions01/Shading/PowerToRoughness" 3307
"../../../Engine/Content/Functions/Engine_MaterialFunctions01/Shading/PowerToRoughness.uasset" 3308
"/Engine/Functions/Engine_MaterialFunctions01/Shading/ConvertFromDiffSpec" 3309
"../../../Engine/Content/Functions/Engine_MaterialFunctions01/Shading/ConvertFromDiffSpec.uasset" 3310
"/Engine/EngineMaterials/WorldGridMaterial" 3311
"../../../Engine/Content/EngineMaterials/WorldGridMaterial.uasset" 3312
"../../../Engine/Content/Functions/Engine_MaterialFunctions01/Opacity/CameraDepthFade.uasset" 3313
"../../../Engine/Content/EngineMaterials/T_Default_Material_Grid_M.uasset" 3314
"../../../Engine/Content/EngineMaterials/T_Default_Material_Grid_N.uasset" 3315
"/Engine/EngineMaterials/DefaultDeferredDecalMaterial" 3316
"../../../Engine/Content/EngineMaterials/DefaultDeferredDecalMaterial.uasset" 3317
"../../../Engine/Content/EngineMaterials/DefaultDiffuse.uasset" 3318
"/Engine/EngineMaterials/DefaultLightFunctionMaterial" 3319
"../../../Engine/Content/EngineMaterials/DefaultLightFunctionMaterial.uasset" 3320
"/Engine/EngineMaterials/DefaultPostProcessMaterial" 3321
"../../../Engine/Content/EngineMaterials/DefaultPostProcessMaterial.uasset" 3322
"../../../Engine/Content/Functions/Engine_MaterialFunctions02/Utility/BreakOutFloat2Components.uasset" 3323
"/Engine/EditorResources/S_Trigger" 3324
"../../../Engine/Content/EditorResources/S_Trigger.uasset" 3325
"/Engine/EditorResources/S_BoxReflectionCapture" 3326
"../../../Engine/Content/EditorResources/S_BoxReflectionCapture.uasset" 3327
"/Engine/EngineResources/DefaultTexture" 3328
"../../../Engine/Content/EngineResources/DefaultTexture.uasset" 3329
"/Engine/EditorResources/S_TriggerBox" 3330
"../../../Engine/Content/EditorResources/S_TriggerBox.uasset" 3331
"/Engine/EditorResources/S_TriggerCapsule" 3332
"../../../Engine/Content/EditorResources/S_TriggerCapsule.uasset" 3333
"/Engine/EditorResources/S_TriggerSphere" 3334
"../../../Engine/Content/EditorResources/S_TriggerSphere.uasset" 3335
"/Engine/EngineMeshes/Sphere" 3336
"../../../Engine/Content/EngineMeshes/Sphere.uasset" 3337
"/Engine/EngineDamageTypes/DmgTypeBP_Environmental" 3338
"../../../Engine/Content/EngineDamageTypes/DmgTypeBP_Environmental.uasset" 3339
"/Engine/EngineResources/DefaultTextureCube" 3340
"../../../Engine/Content/EngineResources/DefaultTextureCube.uasset" 3341
"/Engine/EngineResources/DefaultVolumeTexture" 3342
"../../../Engine/Content/EngineResources/DefaultVolumeTexture.uasset" 3343
"../../../Engine/Content/EngineResources/DefaultVolumeTexture2D.uasset" 3344
"/ARUtilities/Materials/M_PassthroughCamera" 3345
"../../Plugins/Runtime/AR/ARUtilities/Content/Materials/M_PassthroughCamera.uasset" 3346
"../../Plugins/Runtime/AR/ARUtilities/Content/Materials/DummyExternalTexture.uasset" 3347
"/AppleARKit/MI_DepthOcclusionOverlay" 3348
"../../Plugins/Runtime/AR/AppleAR/AppleARKit/Content/MI_DepthOcclusionOverlay.uasset" 3349
"../../Plugins/Runtime/AR/AppleAR/AppleARKit/Content/M_OcclusionOverlay.uasset" 3350
"/AppleARKit/MI_MatteOcclusionOverlay" 3351
"../../Plugins/Runtime/AR/AppleAR/AppleARKit/Content/MI_MatteOcclusionOverlay.uasset" 3352
"/AppleARKit/M_SceneDepthOcclusion" 3353
"../../Plugins/Runtime/AR/AppleAR/AppleARKit/Content/M_SceneDepthOcclusion.uasset" 3354
"/ARUtilities/Materials/M_DepthColoration" 3355
"../../Plugins/Runtime/AR/ARUtilities/Content/Materials/M_DepthColoration.uasset" 3356
"../../Plugins/Runtime/AR/ARUtilities/Content/Materials/MF_DistanceColorLerp.uasset" 3357
"/Engine/EditorResources/S_Solver" 3358
"../../../Engine/Content/EditorResources/S_Solver.uasset" 3359
"/Engine/EngineDebugMaterials/VolumeToRender" 3360
"../../../Engine/Content/EngineDebugMaterials/VolumeToRender.uasset" 3361
"/Engine/EngineDebugMaterials/M_VolumeRenderSphereTracePP" 3362
"../../../Engine/Content/EngineDebugMaterials/M_VolumeRenderSphereTracePP.uasset" 3363
"../../../Engine/Content/Functions/Engine_MaterialFunctions02/Utility/CameraDirectionVector.uasset" 3364
"/Engine/EditorMeshes/Camera/SM_CraneRig_Base" 3365
"../../../Engine/Content/EditorMeshes/Camera/SM_CraneRig_Base.uasset" 3366
"../../../Engine/Content/EditorMaterials/Camera/MI_CineMat_Rig.uasset" 3367
"../../../Engine/Content/EditorMaterials/Camera/CineMat.uasset" 3368
"/Engine/EditorMeshes/Camera/SM_CraneRig_Arm" 3369
"../../../Engine/Content/EditorMeshes/Camera/SM_CraneRig_Arm.uasset" 3370
"/Engine/EditorMeshes/Camera/SM_CraneRig_Mount" 3371
"../../../Engine/Content/EditorMeshes/Camera/SM_CraneRig_Mount.uasset" 3372
"/Engine/EditorMeshes/Camera/SM_CraneRig_Body" 3373
"../../../Engine/Content/EditorMeshes/Camera/SM_CraneRig_Body.uasset" 3374
"/Engine/EditorMeshes/Camera/SM_RailRig_Track" 3375
"../../../Engine/Content/EditorMeshes/Camera/SM_RailRig_Track.uasset" 3376
"/Engine/EditorMeshes/Camera/SM_RailRig_Mount" 3377
"../../../Engine/Content/EditorMeshes/Camera/SM_RailRig_Mount.uasset" 3378
"/Engine/EditorLandscapeResources/SplineEditorMesh" 3379
"../../../Engine/Content/EditorLandscapeResources/SplineEditorMesh.uasset" 3380
"../../../Engine/Content/EditorLandscapeResources/SplineEditorMeshMat.uasset" 3381
"/HairStrands/Materials/HairDebugMaterial" 3382
"../../Plugins/Runtime/HairStrands/Content/Materials/HairDebugMaterial.uasset" 3383
"../../../Engine/Content/Functions/Engine_MaterialFunctions02/Utility/MakeFloat2.uasset" 3384
"../../../Engine/Content/Functions/Engine_MaterialFunctions02/Utility/MakeFloat3.uasset" 3385
"../../../Engine/Content/EngineMaterials/HairColorMap.uasset" 3386
"../../../Engine/Content/EngineMaterials/HairDebugColor.uasset" 3387
"../../Plugins/Runtime/HairStrands/Content/Materials/HairGroupColors.uasset" 3388
"/HairStrands/Materials/HairDefaultMaterial" 3389
"../../Plugins/Runtime/HairStrands/Content/Materials/HairDefaultMaterial.uasset" 3390
"/HairStrands/Materials/HairCardsDefaultMaterial" 3391
"../../Plugins/Runtime/HairStrands/Content/Materials/HairCardsDefaultMaterial.uasset" 3392
"/HairStrands/Materials/HairMeshesDefaultMaterial" 3393
"../../Plugins/Runtime/HairStrands/Content/Materials/HairMeshesDefaultMaterial.uasset" 3394
"/Engine/BasicShapes/Cube" 3395
"../../../Engine/Content/BasicShapes/Cube.uasset" 3396
"/CameraCalibrationCore/Materials/M_DefaultOddSquare" 3397
"../../Plugins/VirtualProduction/CameraCalibrationCore/Content/Materials/M_DefaultOddSquare.uasset" 3398
"/CameraCalibrationCore/Materials/M_DefaultEvenSquare" 3399
"../../Plugins/VirtualProduction/CameraCalibrationCore/Content/Materials/M_DefaultEvenSquare.uasset" 3400
"/ARUtilities/Materials/M_ScreenSpacePassthroughCamera" 3401
"../../Plugins/Runtime/AR/ARUtilities/Content/Materials/M_ScreenSpacePassthroughCamera.uasset" 3402
"/ARUtilities/Materials/MI_ScreenSpacePassthroughCameraExternalTexture" 3403
"../../Plugins/Runtime/AR/ARUtilities/Content/Materials/MI_ScreenSpacePassthroughCameraExternalTexture.uasset" 3404
"/Engine/EngineMaterials/Widget3DPassThrough_Translucent" 3405
"../../../Engine/Content/EngineMaterials/Widget3DPassThrough_Translucent.uasset" 3406
"../../../Engine/Content/EngineMaterials/Widget3DPassThrough.uasset" 3407
"/Engine/EngineMaterials/Widget3DPassThrough_Translucent_OneSided" 3408
"../../../Engine/Content/EngineMaterials/Widget3DPassThrough_Translucent_OneSided.uasset" 3409
"/Engine/EngineMaterials/Widget3DPassThrough_Opaque" 3410
"../../../Engine/Content/EngineMaterials/Widget3DPassThrough_Opaque.uasset" 3411
"/Engine/EngineMaterials/Widget3DPassThrough_Opaque_OneSided" 3412
"../../../Engine/Content/EngineMaterials/Widget3DPassThrough_Opaque_OneSided.uasset" 3413
"/Engine/EngineMaterials/Widget3DPassThrough_Masked" 3414
"../../../Engine/Content/EngineMaterials/Widget3DPassThrough_Masked.uasset" 3415
"/Engine/EngineMaterials/Widget3DPassThrough_Masked_OneSided" 3416
"../../../Engine/Content/EngineMaterials/Widget3DPassThrough_Masked_OneSided.uasset" 3417
"/Engine/VREditor/ViewportInteractionAssetContainerData" 3418
"../../../Engine/Content/VREditor/ViewportInteractionAssetContainerData.uasset" 3419
"../../../Engine/Content/VREditor/SnapGrid/SnapGridMaterial.uasset" 3420
"../../../Engine/Content/VREditor/TransformGizmo/TransformGizmoMaterial_Inst.uasset" 3421
"../../../Engine/Content/VREditor/TransformGizmo/TranslucentTransformGizmoMaterial_Inst.uasset" 3422
"../../../Engine/Content/VREditor/SnapGrid/SnapGridPlaneMesh.uasset" 3423
"../../../Engine/Content/VREditor/Sounds/UI/Drop_Item_From_ContentBrowser.uasset" 3424
"../../../Engine/Content/VREditor/Sounds/UI/Gizmo_Handle_Clicked.uasset" 3425
"../../../Engine/Content/VREditor/Sounds/UI/Object_PickUp.uasset" 3426
"../../../Engine/Content/VREditor/Sounds/UI/Object_Snaps_To_Another_Actor.uasset" 3427
"../../../Engine/Content/VREditor/Sounds/UI/Object_Snaps_To_Grid.uasset" 3428
"../../../Engine/Content/VREditor/Sounds/UI/Scaling_Down.uasset" 3429
"../../../Engine/Content/VREditor/Sounds/UI/Scaling_Up.uasset" 3430
"../../../Engine/Content/VREditor/Sounds/UI/Selection_Changes.uasset" 3431
"../../../Engine/Content/VREditor/TransformGizmo/PlaneTranslationHandle.uasset" 3432
"../../../Engine/Content/VREditor/TransformGizmo/RotationHandleFull.uasset" 3433
"../../../Engine/Content/VREditor/TransformGizmo/RotationHandleIndicator.uasset" 3434
"../../../Engine/Content/VREditor/TransformGizmo/RotationHandleQuarter.uasset" 3435
"../../../Engine/Content/VREditor/TransformGizmo/StartRotationHandleIndicator.uasset" 3436
"../../../Engine/Content/VREditor/TransformGizmo/TransformGizmoFreeRotation.uasset" 3437
"../../../Engine/Content/VREditor/TransformGizmo/TranslateArrowHandle.uasset" 3438
"../../../Engine/Content/VREditor/TransformGizmo/UniformScaleHandle.uasset" 3439
"../../../Engine/Content/Functions/Engine_MaterialFunctions02/Math/Transform3x3Matrix.uasset" 3440
"../../../Engine/Content/Functions/Engine_MaterialFunctions02/SplitComponents.uasset" 3441
"../../../Engine/Content/VREditor/TransformGizmo/TransformGizmoMaterial.uasset" 3442
"../../../Engine/Content/VREditor/TransformGizmo/TranslucentTransformGizmoMaterial.uasset" 3443
"../../../Engine/Content/Functions/Engine_MaterialFunctions02/Utility/BreakOutFloat3Components.uasset" 3444
"../../../Engine/Content/VREditor/LaserPointer/VR_LaserPower_01.uasset" 3445
"/Engine/VREditor/TransformGizmo/BoundingBoxCorner" 3446
"../../../Engine/Content/VREditor/TransformGizmo/BoundingBoxCorner.uasset" 3447
"/Engine/VREditor/TransformGizmo/BoundingBoxEdge" 3448
"../../../Engine/Content/VREditor/TransformGizmo/BoundingBoxEdge.uasset" 3449
"/Engine/ArtTools/RenderToTexture/Meshes/S_1_Unit_Plane" 3450
"../../../Engine/Content/ArtTools/RenderToTexture/Meshes/S_1_Unit_Plane.uasset" 3451
"/Engine/EngineDebugMaterials/M_SimpleUnlitTranslucent" 3452
"../../../Engine/Content/EngineDebugMaterials/M_SimpleUnlitTranslucent.uasset" 3453
"/Engine/EngineFonts/Roboto" 3454
"../../../Engine/Content/EngineFonts/Roboto.uasset" 3455
"../../../Engine/Content/EngineFonts/Faces/DroidSansFallback.uasset" 3456
"../../../Engine/Content/EngineFonts/Faces/RobotoBold.uasset" 3457
"../../../Engine/Content/EngineFonts/Faces/RobotoBoldItalic.uasset" 3458
"../../../Engine/Content/EngineFonts/Faces/RobotoItalic.uasset" 3459
"../../../Engine/Content/EngineFonts/Faces/RobotoLight.uasset" 3460
"../../../Engine/Content/EngineFonts/Faces/RobotoRegular.uasset" 3461
"/Engine/EditorMaterials/ParticleSystems/PSysThumbnail_NoImage" 3462
"../../../Engine/Content/EditorMaterials/ParticleSystems/PSysThumbnail_NoImage.uasset" 3463
"/Engine/EditorMaterials/ParticleSystems/PSysThumbnail_OOD" 3464
"../../../Engine/Content/EditorMaterials/ParticleSystems/PSysThumbnail_OOD.uasset" 3465
"/Engine/EngineResources/LandscapeVisibilityLayerInfo" 3466
"../../../Engine/Content/EngineResources/LandscapeVisibilityLayerInfo.uasset" 3467
"../../../../../../Users/sina/Desktop/dev/DuyguUE/Intermediate/ShaderAutogen/PCD3D_SM5/AutogenShaderHeaders.ush" 3468
"../../../Engine/Content/Internationalization/icudt64l/coll/en.res" 3469
"/ACLPlugin/ACLAnimBoneCompressionSettings" 3470
"../../Plugins/Animation/ACLPlugin/Content/ACLAnimBoneCompressionSettings.uasset" 3471
"/Engine/Animation/DefaultRecorderBoneCompression" 3472
"../../../Engine/Content/Animation/DefaultRecorderBoneCompression.uasset" 3473
"/ACLPlugin/ACLAnimCurveCompressionSettings" 3474
"../../Plugins/Animation/ACLPlugin/Content/ACLAnimCurveCompressionSettings.uasset" 3475
"/Engine/Animation/DefaultVariableFrameStrippingSettings" 3476
"../../../Engine/Content/Animation/DefaultVariableFrameStrippingSettings.uasset" 3477
"/AudioModulation/BitDepth" 3478
"../../Plugins/Runtime/AudioModulation/Content/BitDepth.uasset" 3479
"/AudioModulation/HPFCutoffFrequency" 3480
"../../Plugins/Runtime/AudioModulation/Content/HPFCutoffFrequency.uasset" 3481
"/AudioModulation/LowRateFrequency" 3482
"../../Plugins/Runtime/AudioModulation/Content/LowRateFrequency.uasset" 3483
"/AudioModulation/LPFCutoffFrequency" 3484
"../../Plugins/Runtime/AudioModulation/Content/LPFCutoffFrequency.uasset" 3485
"/AudioModulation/Pan" 3486
"../../Plugins/Runtime/AudioModulation/Content/Pan.uasset" 3487
"/AudioModulation/Pitch" 3488
"../../Plugins/Runtime/AudioModulation/Content/Pitch.uasset" 3489
"/AudioModulation/SampleRate" 3490
"../../Plugins/Runtime/AudioModulation/Content/SampleRate.uasset" 3491
"/AudioModulation/TimeOfDay" 3492
"../../Plugins/Runtime/AudioModulation/Content/TimeOfDay.uasset" 3493
"/AudioModulation/Volume" 3494
"../../Plugins/Runtime/AudioModulation/Content/Volume.uasset" 3495
"/ControlRig/Controls/ControlRigXRayMaterial" 3496
"../../Plugins/Animation/ControlRig/Content/Controls/ControlRigXRayMaterial.uasset" 3497
"/ControlRig/Controls/DefaultGizmoLibraryNormalized" 3498
"../../Plugins/Animation/ControlRig/Content/Controls/DefaultGizmoLibraryNormalized.uasset" 3499
"/AudioWidgets/Resources/ScrubHandleDown_Clamped" 3500
"../../Plugins/Runtime/AudioWidgets/Content/Resources/ScrubHandleDown_Clamped.uasset" 3501
"/Paper2D/MaskedUnlitSpriteMaterial" 3502
"../../Plugins/2D/Paper2D/Content/MaskedUnlitSpriteMaterial.uasset" 3503
"../../Plugins/2D/Paper2D/Content/DefaultSpriteMaterial.uasset" 3504
"../../Plugins/2D/Paper2D/Content/PlaceholderTextures/DummySpriteTexture.uasset" 3505
"/Paper2D/OpaqueUnlitSpriteMaterial" 3506
"../../Plugins/2D/Paper2D/Content/OpaqueUnlitSpriteMaterial.uasset" 3507
"/Paper2D/DefaultPaperTerrainMaterial" 3508
"../../Plugins/2D/Paper2D/Content/DefaultPaperTerrainMaterial.uasset" 3509
"../../Plugins/2D/Paper2D/Content/DummySprite.uasset" 3510
"/ControlRig/M_Manip" 3511
"../../Plugins/Animation/ControlRig/Content/M_Manip.uasset" 3512
"../../../Engine/Content/Functions/Engine_MaterialFunctions02/WorldPositionOffset/CameraOffset.uasset" 3513
"../../../Engine/Config/BaseUnrealInsightsSettings.ini" 3514
"/Engine/BasicShapes/Plane" 3515
"../../../Engine/Content/BasicShapes/Plane.uasset" 3516
"/MetaHuman/GenericTracker/GenericFaceContourTracker" 3517
"../../Plugins/MetaHuman/MetaHumanAnimator/Content/GenericTracker/GenericFaceContourTracker.uasset" 3518
"/MetaHumanCoreTech/RealtimeMono/DefaultSmoothing" 3519
"../../Plugins/MetaHuman/MetaHumanCoreTechLib/Content/RealtimeMono/DefaultSmoothing.uasset" 3520
"/MetaHuman/Solver/GenericFaceAnimationSolver" 3521
"../../Plugins/MetaHuman/MetaHumanAnimator/Content/Solver/GenericFaceAnimationSolver.uasset" 3522
"/MediaFrameworkUtilities/M_BaseMediaBundle" 3523
"../../Plugins/Media/MediaFrameworkUtilities/Content/M_BaseMediaBundle.uasset" 3524
"../../../Engine/Content/MaterialTemplates/Chromakeying/MF_Chromakeyer.uasset" 3525
"../../Plugins/Compositing/OpenCVLensDistortion/Content/Materials/MF_UVLensDisplacement.uasset" 3526
"../../Plugins/Compositing/OpenCVLensDistortion/Content/Materials/MF_UVOutOfBoundMask.uasset" 3527
"../../Plugins/Media/MediaFrameworkUtilities/Content/T_DefaultBundle.uasset" 3528
"../../Plugins/Media/MediaFrameworkUtilities/Content/T_VideoInputFailed.uasset" 3529
"../../../Engine/Content/Functions/Engine_MaterialFunctions01/Chromakeying/DespillByAvg.uasset" 3530
"../../../Engine/Content/Functions/Engine_MaterialFunctions01/Chromakeying/DespillManual.uasset" 3531
"../../../Engine/Content/Functions/Engine_MaterialFunctions01/ImageAdjustment/ColorCorrection.uasset" 3532
"../../../Engine/Content/Functions/Engine_MaterialFunctions01/Opacity/Chroma_Key_Alpha.uasset" 3533
"../../../Engine/Content/Functions/Engine_MaterialFunctions01/Texturing/UVCropping.uasset" 3534
"../../../Engine/Content/Functions/Engine_MaterialFunctions02/PivotPainter2/Black_1x1_EXR_Texture.uasset" 3535
"../../../Engine/Content/Functions/Engine_MaterialFunctions01/ImageAdjustment/SCurve.uasset" 3536
"../../../Engine/Content/Functions/Engine_MaterialFunctions02/HueShift.uasset" 3537
"../../../Engine/Content/Functions/Engine_MaterialFunctions02/Utility/VectorLength.uasset" 3538
"/MediaFrameworkUtilities/BP_MediaBundle_Plane_16-9" 3539
"../../Plugins/Media/MediaFrameworkUtilities/Content/BP_MediaBundle_Plane_16-9.uasset" 3540
"../../Plugins/Media/MediaFrameworkUtilities/Content/M_DefaultMedia.uasset" 3541
"../../Plugins/Media/MediaFrameworkUtilities/Content/T_DefaultMedia.uasset" 3542
"/OpenXR/Devices/HTCVive/HTCViveController" 3543
"../../Plugins/Runtime/OpenXR/Content/Devices/HTCVive/HTCViveController.uasset" 3544
"../../Plugins/Runtime/OpenXR/Content/Devices/HTCVive/MI_HTCVive.uasset" 3545
"../../Plugins/Runtime/OpenXR/Content/Devices/M_XRController.uasset" 3546
"../../../Engine/Content/EngineMaterials/BaseFlattenNormalMap.uasset" 3547
"../../Plugins/Runtime/OpenXR/Content/Devices/HTCVive/BaseTexture.uasset" 3548
"/OpenXR/Devices/MicrosoftMixedReality/Left/left_MicrosoftMixedRealityController" 3549
"../../Plugins/Runtime/OpenXR/Content/Devices/MicrosoftMixedReality/Left/left_MicrosoftMixedRealityController.uasset" 3550
"../../Plugins/Runtime/OpenXR/Content/Devices/MicrosoftMixedReality/MI_MicrosoftMixedReality.uasset" 3551
"../../Plugins/Runtime/OpenXR/Content/Devices/MicrosoftMixedReality/BaseTexture.uasset" 3552
"../../Plugins/Runtime/OpenXR/Content/Devices/MicrosoftMixedReality/EmissiveTexture.uasset" 3553
"../../Plugins/Runtime/OpenXR/Content/Devices/MicrosoftMixedReality/MRTexture.uasset" 3554
"../../Plugins/Runtime/OpenXR/Content/Devices/MicrosoftMixedReality/NormalTexture.uasset" 3555
"/OpenXR/Devices/MicrosoftMixedReality/Right/right_MicrosoftMixedRealityController" 3556
"../../Plugins/Runtime/OpenXR/Content/Devices/MicrosoftMixedReality/Right/right_MicrosoftMixedRealityController.uasset" 3557
"/OpenXR/Devices/OculusGo/OculusGoController" 3558
"../../Plugins/Runtime/OpenXR/Content/Devices/OculusGo/OculusGoController.uasset" 3559
"../../Plugins/Runtime/OpenXR/Content/Devices/OculusGo/MI_OculusGo.uasset" 3560
"../../Plugins/Runtime/OpenXR/Content/Devices/OculusGo/BaseTexture.uasset" 3561
"/OpenXR/Devices/OculusTouch/Left/left_OculusTouchController" 3562
"../../Plugins/Runtime/OpenXR/Content/Devices/OculusTouch/Left/left_OculusTouchController.uasset" 3563
"../../Plugins/Runtime/OpenXR/Content/Devices/OculusTouch/MI_OculusTouch.uasset" 3564
"../../Plugins/Runtime/OpenXR/Content/Devices/OculusTouch/BaseTexture.uasset" 3565
"../../Plugins/Runtime/OpenXR/Content/Devices/OculusTouch/MRTexture.uasset" 3566
"/OpenXR/Devices/OculusTouch/Right/right_OculusTouchController" 3567
"../../Plugins/Runtime/OpenXR/Content/Devices/OculusTouch/Right/right_OculusTouchController.uasset" 3568
"/OpenXR/Devices/ValveIndex/Left/left_ValveIndexController" 3569
"../../Plugins/Runtime/OpenXR/Content/Devices/ValveIndex/Left/left_ValveIndexController.uasset" 3570
"../../Plugins/Runtime/OpenXR/Content/Devices/ValveIndex/Left/MI_left_ValveIndex.uasset" 3571
"../../Plugins/Runtime/OpenXR/Content/Devices/ValveIndex/BaseTexture.uasset" 3572
"../../Plugins/Runtime/OpenXR/Content/Devices/ValveIndex/MRTexture.uasset" 3573
"/OpenXR/Devices/ValveIndex/Right/right_ValveIndexController" 3574
"../../Plugins/Runtime/OpenXR/Content/Devices/ValveIndex/Right/right_ValveIndexController.uasset" 3575
"../../Plugins/Runtime/OpenXR/Content/Devices/ValveIndex/Right/MI_right_ValveIndex.uasset" 3576
"/OpenXR/Devices/OculusTouch_v2/Left/left_OculusTouch_v2Controller" 3577
"../../Plugins/Runtime/OpenXR/Content/Devices/OculusTouch_v2/Left/left_OculusTouch_v2Controller.uasset" 3578
"../../Plugins/Runtime/OpenXR/Content/Devices/OculusTouch_v2/MI_OculusTouch_v2.uasset" 3579
"../../Plugins/Runtime/OpenXR/Content/Devices/OculusTouch_v2/BaseTexture.uasset" 3580
"../../Plugins/Runtime/OpenXR/Content/Devices/OculusTouch_v2/MRTexture.uasset" 3581
"/OpenXR/Devices/OculusTouch_v2/Right/right_OculusTouch_v2Controller" 3582
"../../Plugins/Runtime/OpenXR/Content/Devices/OculusTouch_v2/Right/right_OculusTouch_v2Controller.uasset" 3583
"/OpenXR/Devices/OculusTouch_v3/Left/left_OculusTouch_v3Controller" 3584
"../../Plugins/Runtime/OpenXR/Content/Devices/OculusTouch_v3/Left/left_OculusTouch_v3Controller.uasset" 3585
"../../Plugins/Runtime/OpenXR/Content/Devices/OculusTouch_v3/MI_OculusTouch_v3.uasset" 3586
"../../Plugins/Runtime/OpenXR/Content/Devices/OculusTouch_v3/BaseTexture.uasset" 3587
"../../Plugins/Runtime/OpenXR/Content/Devices/OculusTouch_v3/MRTexture.uasset" 3588
"/OpenXR/Devices/OculusTouch_v3/Right/right_OculusTouch_v3Controller" 3589
"../../Plugins/Runtime/OpenXR/Content/Devices/OculusTouch_v3/Right/right_OculusTouch_v3Controller.uasset" 3590
"../../../Engine/Intermediate/ProjectFiles/PrimaryProjectPath.txt" 3591
"/SpeedTreeImporter/SpeedTree9/SpeedTreeMaster" 3592
"../../Plugins/Editor/SpeedTreeImporter/Content/SpeedTree9/SpeedTreeMaster.uasset" 3593
"../../../Engine/Content/Functions/Engine_MaterialFunctions02/ObjectLocalBounds.uasset" 3594
"../../../Engine/Content/Functions/Engine_MaterialFunctions02/SafeNormalize.uasset" 3595
"../../../Engine/Content/Functions/Engine_MaterialFunctions02/UVs/BoundingBoxBased_0-1_UVW.uasset" 3596
"../../../Engine/Content/Functions/Engine_MaterialFunctions02/WorldPositionOffset/ObjectScale.uasset" 3597
"../../Plugins/Editor/SpeedTreeImporter/Content/SpeedTree9/SpeedTreeBranchMotion.uasset" 3598
"../../Plugins/Editor/SpeedTreeImporter/Content/SpeedTree9/SpeedTreeCameraFacing.uasset" 3599
"../../Plugins/Editor/SpeedTreeImporter/Content/SpeedTree9/SpeedTreeWind.uasset" 3600
"../../Plugins/Editor/SpeedTreeImporter/Content/SpeedTree9/SpeedTreeWindMotion.uasset" 3601
"../../Plugins/Editor/SpeedTreeImporter/Content/SpeedTree9/UnpackDirection.uasset" 3602
"../../Plugins/Editor/SpeedTreeImporter/Content/SpeedTree9/UnpackInteger3.uasset" 3603
"../../Plugins/Editor/SpeedTreeImporter/Content/SpeedTree9/Empty.uasset" 3604
"../../Plugins/Editor/SpeedTreeImporter/Content/SpeedTree9/EmptyNormal.uasset" 3605
"../../Plugins/Editor/SpeedTreeImporter/Content/SpeedTree9/game_wind_noise.uasset" 3606
"/SpeedTreeImporter/SpeedTree9/SpeedTreeBillboardMaster" 3607
"../../Plugins/Editor/SpeedTreeImporter/Content/SpeedTree9/SpeedTreeBillboardMaster.uasset" 3608
"../../Plugins/Editor/SpeedTreeImporter/Content/SpeedTree9/SpeedTreeBillboard.uasset" 3609
"/MediaPlate/SM_MediaPlateScreen" 3610
"../../Plugins/Media/MediaPlate/Content/SM_MediaPlateScreen.uasset" 3611
"/Engine/BasicShapes/BasicShapeMaterial" 3612
"../../../Engine/Content/BasicShapes/BasicShapeMaterial.uasset" 3613
"/Engine/EditorMaterials/Dataflow/DataflowVertexMaterial" 3614
"../../../Engine/Content/EditorMaterials/Dataflow/DataflowVertexMaterial.uasset" 3615
"/Engine/EditorMaterials/Dataflow/DataflowTwoSidedVertexMaterial" 3616
"../../../Engine/Content/EditorMaterials/Dataflow/DataflowTwoSidedVertexMaterial.uasset" 3617
"/MeshModelingToolsetExp/Materials/PointSetOverlaidComponentMaterial" 3618
"../../Plugins/Experimental/MeshModelingToolsetExp/Content/Materials/PointSetOverlaidComponentMaterial.uasset" 3619
"../../../Engine/Content/Functions/Engine_MaterialFunctions02/Utility/FOV.uasset" 3620
"../../../Engine/Content/Functions/Engine_MaterialFunctions02/WorldPositionOffset/V2/ObjectScale.uasset" 3621
"../../../Engine/Content/Functions/Engine_MaterialFunctions03/Viewport/MF_OrthoWidth.uasset" 3622
"../../Plugins/Experimental/MeshModelingToolsetExp/Content/Materials/GetDisplacementVectorForDepthBias.uasset" 3623
"/Engine/EditorLandscapeResources/LayerVisMaterial" 3624
"../../../Engine/Content/EditorLandscapeResources/LayerVisMaterial.uasset" 3625
"../../../Engine/Content/EditorLandscapeResources/WhiteSquareTexture.uasset" 3626
"/Engine/EditorLandscapeResources/SelectBrushMaterial_Selected" 3627
"../../../Engine/Content/EditorLandscapeResources/SelectBrushMaterial_Selected.uasset" 3628
"../../../Engine/Content/EditorLandscapeResources/SelectBrushMaterial.uasset" 3629
"../../../Engine/Content/Functions/Engine_MaterialFunctions03/Math/WithinRangeFloat2.uasset" 3630
"../../../Engine/Content/EditorLandscapeResources/DefaultAlphaTexture.uasset" 3631
"/Engine/EditorLandscapeResources/SelectBrushMaterial_SelectedRegion" 3632
"../../../Engine/Content/EditorLandscapeResources/SelectBrushMaterial_SelectedRegion.uasset" 3633
"/Engine/EditorLandscapeResources/MaskBrushMaterial_MaskedRegion" 3634
"../../../Engine/Content/EditorLandscapeResources/MaskBrushMaterial_MaskedRegion.uasset" 3635
"../../../Engine/Content/EditorLandscapeResources/MaskBrushMaterial.uasset" 3636
"/Engine/EditorLandscapeResources/ColorMaskBrushMaterial_MaskedRegion" 3637
"../../../Engine/Content/EditorLandscapeResources/ColorMaskBrushMaterial_MaskedRegion.uasset" 3638
"../../../Engine/Content/EditorLandscapeResources/ColorMaskBrushMaterial.uasset" 3639
"/Engine/EditorLandscapeResources/LandscapeDirtyMaterial" 3640
"../../../Engine/Content/EditorLandscapeResources/LandscapeDirtyMaterial.uasset" 3641
"/Engine/EditorLandscapeResources/LandscapeLayerUsageMaterial" 3642
"../../../Engine/Content/EditorLandscapeResources/LandscapeLayerUsageMaterial.uasset" 3643
"../../../Engine/Content/Functions/Engine_MaterialFunctions01/Debug/DebugIntValues.uasset" 3644
"../../../Engine/Content/Functions/Engine_MaterialFunctions01/Texturing/ScaleUVsByCenter.uasset" 3645
"../../../Engine/Content/Functions/Engine_MaterialFunctions02/WorldPositionOffset/LocalPosition.uasset" 3646
"../../../Engine/Content/Functions/Engine_MaterialFunctions01/Texturing/TextureCropping.uasset" 3647
"../../../Engine/Content/Functions/Engine_MaterialFunctions02/ExampleContent/DebugNumberStrip.uasset" 3648
"C:/Users/sina/AppData/Local/UnrealEngine/Editor/UInteractiveToolsPresetCollectionAsset_DefaultCollection.json" 3649
"/Engine/EngineMaterials/NaniteHiddenSectionMaterial" 3650
"../../../Engine/Content/EngineMaterials/NaniteHiddenSectionMaterial.uasset" 3651
"/Engine/EngineMaterials/RemoveSurfaceMaterial" 3652
"../../../Engine/Content/EngineMaterials/RemoveSurfaceMaterial.uasset" 3653
"/Engine/EngineDebugMaterials/DebugMeshMaterial" 3654
"../../../Engine/Content/EngineDebugMaterials/DebugMeshMaterial.uasset" 3655
"/Engine/EngineMaterials/EmissiveMeshMaterial" 3656
"../../../Engine/Content/EngineMaterials/EmissiveMeshMaterial.uasset" 3657
"../../../Engine/Content/EngineMaterials/DefaultWhiteGrid_Low.uasset" 3658
"/Engine/EngineMaterials/M_InvalidLightmapSettings" 3659
"../../../Engine/Content/EngineMaterials/M_InvalidLightmapSettings.uasset" 3660
"../../../Engine/Content/EngineMaterials/InvalidLightmapSettings.uasset" 3661
"/Engine/EngineMaterials/GizmoMaterial" 3662
"../../../Engine/Content/EngineMaterials/GizmoMaterial.uasset" 3663
"/Engine/EngineMaterials/PhAT_JointLimitMaterial" 3664
"../../../Engine/Content/EngineMaterials/PhAT_JointLimitMaterial.uasset" 3665
"/Engine/EngineMaterials/FlattenMaterial" 3666
"../../../Engine/Content/EngineMaterials/FlattenMaterial.uasset" 3667
"../../../Engine/Content/EngineMaterials/BaseFlattenDiffuseMap.uasset" 3668
"../../../Engine/Content/EngineMaterials/BaseFlattenEmissiveMap.uasset" 3669
"../../../Engine/Content/EngineMaterials/BaseFlattenGrayscaleMap.uasset" 3670
"../../../Engine/Content/EngineMaterials/BaseFlattenLinearColor.uasset" 3671
"/Engine/EngineMaterials/FlattenMaterial_VT" 3672
"../../../Engine/Content/EngineMaterials/FlattenMaterial_VT.uasset" 3673
"../../../Engine/Content/EngineMaterials/BaseFlattenDiffuseMap_VT.uasset" 3674
"../../../Engine/Content/EngineMaterials/BaseFlattenEmissiveMap_VT.uasset" 3675
"../../../Engine/Content/EngineMaterials/BaseFlattenGrayscaleMap_VT.uasset" 3676
"../../../Engine/Content/EngineMaterials/BaseFlattenLinearColor_VT.uasset" 3677
"../../../Engine/Content/EngineMaterials/BaseFlattenNormalMap_VT.uasset" 3678
"../../../Engine/Content/EngineMaterials/Black_1x1_EXR_Texture_VT.uasset" 3679
"/Engine/EngineMaterials/FlattenMaterial_WS_Normal_VT" 3680
"../../../Engine/Content/EngineMaterials/FlattenMaterial_WS_Normal_VT.uasset" 3681
"/Engine/EngineMaterials/Good64x64TilingNoiseHighFreq" 3682
"../../../Engine/Content/EngineMaterials/Good64x64TilingNoiseHighFreq.uasset" 3683
"/Engine/EngineMaterials/DefaultBokeh" 3684
"../../../Engine/Content/EngineMaterials/DefaultBokeh.uasset" 3685
"/Engine/EngineMaterials/MiniFont" 3686
"../../../Engine/Content/EngineMaterials/MiniFont.uasset" 3687
"/Engine/EngineMaterials/WeightMapPlaceholderTexture" 3688
"../../../Engine/Content/EngineMaterials/WeightMapPlaceholderTexture.uasset" 3689
"/Engine/EngineMaterials/WeightMapArrayPlaceholderTexture" 3690
"../../../Engine/Content/EngineMaterials/WeightMapArrayPlaceholderTexture.uasset" 3691
"/Engine/EngineMaterials/DefaultWhiteGrid" 3692
"../../../Engine/Content/EngineMaterials/DefaultWhiteGrid.uasset" 3693
"/Engine/EngineMaterials/PreintegratedSkinBRDF" 3694
"../../../Engine/Content/EngineMaterials/PreintegratedSkinBRDF.uasset" 3695
"/Engine/EngineMaterials/LTC/GGX_LTCAmp" 3696
"../../../Engine/Content/EngineMaterials/LTC/GGX_LTCAmp.uasset" 3697
"/Engine/EngineMaterials/LTC/GGX_LTCMat" 3698
"../../../Engine/Content/EngineMaterials/LTC/GGX_LTCMat.uasset" 3699
"/Engine/EngineMaterials/EnergyConservation/GGX_ReflectionEnergy" 3700
"../../../Engine/Content/EngineMaterials/EnergyConservation/GGX_ReflectionEnergy.uasset" 3701
"/Engine/EngineMaterials/EnergyConservation/GGX_TransmissionEnergyArray" 3702
"../../../Engine/Content/EngineMaterials/EnergyConservation/GGX_TransmissionEnergyArray.uasset" 3703
"/Engine/EngineMaterials/EnergyConservation/SheenLegacy_Energy" 3704
"../../../Engine/Content/EngineMaterials/EnergyConservation/SheenLegacy_Energy.uasset" 3705
"/Engine/EngineMaterials/DefaultPhysicalMaterial" 3706
"../../../Engine/Content/EngineMaterials/DefaultPhysicalMaterial.uasset" 3707
"/Engine/EngineMaterials/DefaultDestructiblePhysicalMaterial" 3708
"../../../Engine/Content/EngineMaterials/DefaultDestructiblePhysicalMaterial.uasset" 3709
"/Niagara/ParameterDefinitions/CoreParameters" 3710
"../../Plugins/FX/Niagara/Content/ParameterDefinitions/CoreParameters.uasset" 3711
"/Niagara/ParameterDefinitions/DecalRenderer" 3712
"../../Plugins/FX/Niagara/Content/ParameterDefinitions/DecalRenderer.uasset" 3713
"/Niagara/ParameterDefinitions/LightRenderer" 3714
"../../Plugins/FX/Niagara/Content/ParameterDefinitions/LightRenderer.uasset" 3715
"/Niagara/ParameterDefinitions/MeshRenderer" 3716
"../../Plugins/FX/Niagara/Content/ParameterDefinitions/MeshRenderer.uasset" 3717
"/Niagara/ParameterDefinitions/RibbonRenderer" 3718
"../../Plugins/FX/Niagara/Content/ParameterDefinitions/RibbonRenderer.uasset" 3719
"/Niagara/ParameterDefinitions/SpriteRenderer" 3720
"../../Plugins/FX/Niagara/Content/ParameterDefinitions/SpriteRenderer.uasset" 3721
"/DeformerGraph/Deformers/DG_LinearBlendSkin_Morph_Cloth" 3722
"../../Plugins/Animation/DeformerGraph/Content/Deformers/DG_LinearBlendSkin_Morph_Cloth.uasset" 3723
"../../Plugins/Animation/DeformerGraph/Content/DeformerFunctions/DG_Function_LinearBlendSkin_Morph_Cloth.uasset" 3724
"/DeformerGraph/Deformers/DG_LinearBlendSkin_Morph_Cloth_RecomputeNormals" 3725
"../../Plugins/Animation/DeformerGraph/Content/Deformers/DG_LinearBlendSkin_Morph_Cloth_RecomputeNormals.uasset" 3726
"../../Plugins/Animation/DeformerGraph/Content/DeformerFunctions/DG_Function_ComputeNormalsTangents.uasset" 3727
"../../Plugins/Animation/DeformerGraph/Content/DeformerFunctions/DG_Function_LinearBlendSkin_Morph_Cloth_PositionOnly.uasset" 3728
"/Engine/BasicShapes/Sphere" 3729
"../../../Engine/Content/BasicShapes/Sphere.uasset" 3730
"../../../Engine/Content/EngineMaterials/DefaultMaterial.uasset" 3731
"/Engine/BasicShapes/Cylinder" 3732
"../../../Engine/Content/BasicShapes/Cylinder.uasset" 3733
"/Engine/BasicShapes/Cone" 3734
"../../../Engine/Content/BasicShapes/Cone.uasset" 3735
"../../../Engine/Documentation/Source/Shared/Types/ABrush/ABrush.INT.udn" 3736
"../../../Engine/Content/Internationalization/icudt64l/brkitr/root.res" 3737
"../../../Engine/Content/Internationalization/icudt64l/brkitr/char.brk" 3738
"../../../Engine/Content/Internationalization/icudt64l/brkitr/word.brk" 3739
"/Engine/EditorResources/SequenceRecorder/Countdown" 3740
"../../../Engine/Content/EditorResources/SequenceRecorder/Countdown.uasset" 3741
"/Engine/EditorResources/SequenceRecorder/RecordingIndicator" 3742
"../../../Engine/Content/EditorResources/SequenceRecorder/RecordingIndicator.uasset" 3743
"/Engine/EditorMaterials/PhAT_UnselectedMaterial" 3744
"../../../Engine/Content/EditorMaterials/PhAT_UnselectedMaterial.uasset" 3745
"/Engine/EditorMaterials/PhAT_NoCollisionMaterial" 3746
"../../../Engine/Content/EditorMaterials/PhAT_NoCollisionMaterial.uasset" 3747
"/Engine/EditorResources/S_Terrain" 3748
"../../../Engine/Content/EditorResources/S_Terrain.uasset" 3749
"../../../Engine/Plugins/FX/Niagara/Shaders/Private/NiagaraDataInterfaceTexture2DArrayTemplate.ush" 3750
"../../../Engine/Plugins/FX/Niagara/Shaders/Private/NiagaraDataInterfaceActorComponentTemplate.ush" 3751
"../../../Engine/Plugins/FX/Niagara/Shaders/Private/NiagaraDataInterfaceArrayTemplate.ush" 3752
"../../../Engine/Plugins/FX/Niagara/Shaders/Private/NiagaraDataInterfaceArrayRWTemplate.ush" 3753
"../../../Engine/Plugins/FX/Niagara/Shaders/Private/NiagaraDataInterfaceArrayDistributionIntTemplate.ush" 3754
"../../../Engine/Plugins/FX/Niagara/Shaders/Private/NiagaraDataInterfaceAsyncGpuTrace.ush" 3755
"../../../Engine/Plugins/FX/Niagara/Shaders/Private/NiagaraDataInterfaceAsyncGpuTraceTemplate.ush" 3756
"../../../Engine/Plugins/FX/Niagara/Shaders/Private/NiagaraDataInterfaceCamera.ush" 3757
"../../../Engine/Plugins/Experimental/ChaosNiagara/Shaders/NiagaraDataInterfaceChaosDestruction.ush" 3758
"../../../Engine/Plugins/FX/Niagara/Shaders/Private/NiagaraDataInterfaceCollisionQuery.ush" 3759
"C:/Users/sina/Desktop/dev/DuyguUE/Intermediate/ShaderAutogen/PCD3D_SM5/AutogenShaderHeaders.ush" 3760
"../../../Engine/Plugins/FX/Niagara/Shaders/Private/NiagaraDataInterfaceCollisionQueryTemplate.ush" 3761
"../../../Engine/Plugins/FX/Niagara/Shaders/Private/NiagaraDataInterfaceCurveTemplate.ush" 3762
"../../../Engine/Plugins/FX/Niagara/Shaders/Private/NiagaraDataInterfaceCubeTextureTemplate.ush" 3763
"../../../Engine/Plugins/FX/Niagara/Shaders/Private/DataChannel/NiagaraDataInterfaceDataChannelCommon.ush" 3764
"../../../Engine/Plugins/FX/Niagara/Shaders/Private/DataChannel/NiagaraDataInterfaceDataChannelTemplateCommon.ush" 3765
"../../../Engine/Plugins/FX/Niagara/Shaders/Private/DataChannel/NiagaraDataInterfaceDataChannelTemplateReadCommon.ush" 3766
"../../../Engine/Plugins/FX/Niagara/Shaders/Private/DataChannel/NiagaraDataInterfaceDataChannelTemplate_Read.ush" 3767
"../../../Engine/Plugins/FX/Niagara/Shaders/Private/DataChannel/NiagaraDataInterfaceDataChannelTemplate_Consume.ush" 3768
"../../../Engine/Plugins/FX/Niagara/Shaders/Private/DataChannel/NiagaraDataInterfaceDataChannelTemplateWriteCommon.ush" 3769
"../../../Engine/Plugins/FX/Niagara/Shaders/Private/DataChannel/NiagaraDataInterfaceDataChannelTemplate_Append.ush" 3770
"../../../Engine/Plugins/FX/Niagara/Shaders/Private/NiagaraDataInterfaceDataTableTemplate.ush" 3771
"../../../Engine/Plugins/FX/Niagara/Shaders/Private/NiagaraDataInterfaceDebugDraw.ush" 3772
"../../../Engine/Plugins/FX/Niagara/Shaders/Private/NiagaraDataInterfaceDebugDrawTemplate.ush" 3773
"../../../Engine/Plugins/FX/Niagara/Shaders/Private/NiagaraDataInterfaceDynamicMeshTemplate.ush" 3774
"../../../Engine/Plugins/FX/Niagara/Shaders/Private/NiagaraDataInterfaceEmitterPropertiesTemplate.ush" 3775
"../../../Engine/Plugins/FX/Niagara/Shaders/Private/NiagaraDataInterfaceExportTemplate.ush" 3776
"../../../Engine/Plugins/FX/Niagara/Shaders/Private/NiagaraDataInterfaceGBufferTemplate.ush" 3777
"../../../Engine/Plugins/Experimental/ChaosNiagara/Shaders/NiagaraDataInterfaceGeometryCollection.ush" 3778
"../../../Engine/Plugins/FX/Niagara/Shaders/Private/NiagaraTransformUtils.ush" 3779
"../../../Engine/Plugins/Runtime/HairStrands/Shaders/Private/NiagaraStrandsExternalForce.ush" 3780
"../../../Engine/Plugins/Runtime/HairStrands/Shaders/Private/NiagaraHookeSpringMaterial.ush" 3781
"../../../Engine/Plugins/Runtime/HairStrands/Shaders/Private/NiagaraAngularSpringMaterial.ush" 3782
"../../../Engine/Plugins/Runtime/HairStrands/Shaders/Private/NiagaraConstantVolumeMaterial.ush" 3783
"../../../Engine/Plugins/Runtime/HairStrands/Shaders/Private/NiagaraCosseratRodMaterial.ush" 3784
"../../../Engine/Plugins/Runtime/HairStrands/Shaders/Private/NiagaraStaticCollisionConstraint.ush" 3785
"../../../Engine/Plugins/Runtime/HairStrands/Shaders/Private/NiagaraDataInterfaceHairStrands.ush" 3786
"../../../Engine/Plugins/Runtime/HairStrands/Shaders/Private/NiagaraDataInterfaceHairStrandsTemplate.ush" 3787
"../../../Engine/Plugins/FX/Niagara/Shaders/Private/NiagaraDataInterfaceIntRenderTarget2D.ush" 3788
"../../../Engine/Plugins/FX/Niagara/Shaders/Private/NiagaraDataInterfaceLandscape.ush" 3789
"../../../Engine/Plugins/FX/Niagara/Shaders/Private/NiagaraDataInterfaceMemoryBufferTemplate.ush" 3790
"../../../Engine/Plugins/FX/Niagara/Shaders/Private/NiagaraDataInterfaceMeshRendererInfoTemplate.ush" 3791
"../../../Engine/Plugins/FX/Niagara/Shaders/Private/NiagaraDataInterfaceOcclusion.ush" 3792
"../../../Engine/Plugins/FX/Niagara/Shaders/Private/NiagaraDataInterfacePhysicsAsset.ush" 3793
"../../../Engine/Plugins/Experimental/ChaosNiagara/Shaders/NiagaraDataInterfacePhysicsField.ush" 3794
"../../../Engine/Plugins/FX/Niagara/Shaders/Private/NiagaraDataInterfacePlatformSetTemplate.ush" 3795
"../../../Engine/Plugins/Runtime/HairStrands/Shaders/Private/NiagaraDataInterfaceVelocityGrid.ush" 3796
"../../../Engine/Plugins/Runtime/HairStrands/Shaders/Private/NiagaraDataInterfaceVelocityGridTemplate.ush" 3797
"../../../Engine/Plugins/Runtime/HairStrands/Shaders/Private/NiagaraDataInterfacePressureGrid.ush" 3798
"../../../Engine/Plugins/Runtime/HairStrands/Shaders/Private/NiagaraDataInterfacePressureGridTemplate.ush" 3799
"../../../Engine/Plugins/FX/Niagara/Shaders/Private/NiagaraDataInterfaceRenderTarget2DTemplate.ush" 3800
"../../../Engine/Plugins/FX/Niagara/Shaders/Private/NiagaraDataInterfaceRenderTarget2DArrayTemplate.ush" 3801
"../../../Engine/Plugins/FX/Niagara/Shaders/Private/NiagaraDataInterfaceRenderTargetCubeTemplate.ush" 3802
"../../../Engine/Plugins/FX/Niagara/Shaders/Private/NiagaraDataInterfaceRenderTargetVolumeTemplate.ush" 3803
"../../../Engine/Plugins/FX/Niagara/Shaders/Private/NiagaraDataInterfaceRigidMeshCollisionQuery.ush" 3804
"../../../Engine/Plugins/FX/Niagara/Shaders/Private/NiagaraDistanceFieldQueries.ush" 3805
"../../../Engine/Plugins/FX/Niagara/Shaders/Private/NiagaraDataInterfaceSceneCapture2DTemplate.ush" 3806
"../../../Engine/Plugins/FX/Niagara/Shaders/Private/NiagaraDataInterfaceSimCacheReaderTemplate.ush" 3807
"../../../Engine/Plugins/FX/Niagara/Shaders/Private/NiagaraDataInterfaceSimpleCounterTemplate.ush" 3808
"../../../Engine/Plugins/FX/Niagara/Shaders/Private/NiagaraDataInterfaceSkeletalMesh.ush" 3809
"../../../Engine/Plugins/FX/Niagara/Shaders/Private/NiagaraBaryCentricUtils.ush" 3810
"../../../Engine/Plugins/FX/Niagara/Shaders/Private/NiagaraDataInterfaceSkeletalMeshTemplate.ush" 3811
"../../../Engine/Plugins/FX/Niagara/Shaders/Private/NiagaraDataInterfaceSocketReaderTemplate.ush" 3812
"../../../Engine/Plugins/FX/Niagara/Shaders/Private/NiagaraDataInterfaceSparseVolumeTextureTemplate.ush" 3813
"../../../Engine/Plugins/FX/Niagara/Shaders/Private/NiagaraDataInterfaceSplineTemplate.ush" 3814
"../../../Engine/Plugins/FX/Niagara/Shaders/Private/NiagaraDataInterfaceSpriteRendererInfoTemplate.ush" 3815
"../../../Engine/Plugins/FX/Niagara/Shaders/Private/NiagaraDataInterfaceStaticMeshTemplate.ush" 3816
"../../../Engine/Plugins/FX/Niagara/Shaders/Private/NiagaraDataInterfaceTextureTemplate.ush" 3817
"../../../Engine/Plugins/FX/Niagara/Shaders/Private/NiagaraDataInterfaceVirtualTexture.ush" 3818
"../../../Engine/Plugins/FX/Niagara/Shaders/Private/NiagaraDataInterfaceVirtualTextureTemplate.ush" 3819
"../../../Engine/Plugins/FX/Niagara/Shaders/Private/NiagaraDataInterfaceVirtualTextureSampleTemplate.ush" 3820
"../../../Engine/Plugins/FX/Niagara/Shaders/Private/NiagaraDataInterfaceVolumeCache.ush" 3821
"../../../Engine/Plugins/FX/Niagara/Shaders/Private/NiagaraDataInterfaceVolumeTextureTemplate.ush" 3822
"/Game/VRTemplate/VFX/NPC_VRTemplate" 3823
"../../../../../../Users/sina/Desktop/dev/DuyguUE/Content/VRTemplate/VFX/NPC_VRTemplate.uasset" 3824
"C:/Users/sina/Desktop/dev/DuyguUE/Content/VRTemplate/Maps/VRTemplateMap_BuiltData.uasset" 3825
"C:/Users/sina/Desktop/dev/DuyguUE/Content/VintageRoom/Meshes/SM_Vintage_Interior_Module_T.uasset" 3826
"C:/Users/sina/Desktop/dev/DuyguUE/Content/VintageRoom/Textures/T_SM_Pitcher_01a_1024_ORM.uasset" 3827
"C:/Users/sina/Desktop/dev/DuyguUE/Content/VintageRoom/Textures/T_SM_Pitcher_01a_1024_N.uasset" 3828
"C:/Users/sina/Desktop/dev/DuyguUE/Content/VRTemplate/Blueprints/VRGameMode.uasset" 3829
"C:/Users/sina/Desktop/dev/DuyguUE/Content/VintageRoom/Textures/T_SM_Pitcher_01a_1024_B.uasset" 3830
"/Game/VRTemplate/Maps/VRTemplateMap_BuiltData" 3831
"C:/Users/sina/Desktop/dev/DuyguUE/Content/VintageRoom/Materials/MI_Pitcher.uasset" 3832
"C:/Users/sina/Desktop/dev/DuyguUE/Content/VintageRoom/Meshes/SM_Pitcher.uasset" 3833
"C:/Users/sina/Desktop/dev/DuyguUE/Content/VintageRoom/Meshes/SM_Vintage_Interior_Module_Wall.uasset" 3834
"C:/Users/sina/Desktop/dev/DuyguUE/Content/VintageRoom/Textures/T_Side_Table_01_4K_ORM.uasset" 3835
"C:/Users/sina/Desktop/dev/DuyguUE/Content/VintageRoom/Textures/T_Side_Table_01_4K_N.uasset" 3836
"C:/Users/sina/Desktop/dev/DuyguUE/Content/VintageRoom/Textures/T_Side_Table_01_4K_B.uasset" 3837
"C:/Users/sina/Desktop/dev/DuyguUE/Content/VintageRoom/Materials/MI_SideTable.uasset" 3838
"C:/Users/sina/Desktop/dev/DuyguUE/Content/VintageRoom/Meshes/SM_Side_Table_01.uasset" 3839
"C:/Users/sina/Desktop/dev/DuyguUE/Content/VintageRoom/Textures/T_Phone_01a_4096_N.uasset" 3840
"C:/Users/sina/Desktop/dev/DuyguUE/Content/VintageRoom/Materials/MI_Phone.uasset" 3841
"C:/Users/sina/Desktop/dev/DuyguUE/Content/VintageRoom/Meshes/SM_Phone_01a.uasset" 3842
"C:/Users/sina/Desktop/dev/DuyguUE/Content/VintageRoom/Materials/MM_HDR.uasset" 3843
"C:/Users/sina/Desktop/dev/DuyguUE/Content/VintageRoom/HDRIs/HDR_01.uasset" 3844
"C:/Users/sina/Desktop/dev/DuyguUE/Content/VintageRoom/Materials/MI_HDR.uasset" 3845
"C:/Users/sina/Desktop/dev/DuyguUE/Content/VintageRoom/Textures/T_Phone_01a_4096_ORM.uasset" 3846
"C:/Users/sina/Desktop/dev/DuyguUE/Content/VintageRoom/Meshes/SM_HDRSphere.uasset" 3847
"C:/Users/sina/Desktop/dev/DuyguUE/Content/VintageRoom/Textures/T_Phone_01a_4096_B.uasset" 3848
"C:/Users/sina/Desktop/dev/DuyguUE/Content/VintageRoom/Textures/T_Curtain_01_Cloth_4096_ORM.uasset" 3849
"C:/Users/sina/Desktop/dev/DuyguUE/Content/VintageRoom/Textures/T_Curtain_01_Cloth_4096_N.uasset" 3850
"C:/Users/sina/Desktop/dev/DuyguUE/Content/VintageRoom/Materials/MI_Curtain03.uasset" 3851
"C:/Users/sina/Desktop/dev/DuyguUE/Content/VintageRoom/Textures/T_Curtain_01_4096_ORM.uasset" 3852
"C:/Users/sina/Desktop/dev/DuyguUE/Content/VintageRoom/Textures/T_Curtain_01_4096_N.uasset" 3853
"C:/Users/sina/Desktop/dev/DuyguUE/Content/VintageRoom/Textures/T_Curtain_01_Cloth_4096_B.uasset" 3854
"C:/Users/sina/Desktop/dev/DuyguUE/Content/VintageRoom/Textures/T_Curtain_01_4096_B.uasset" 3855
"C:/Users/sina/Desktop/dev/DuyguUE/Content/VintageRoom/Materials/MI_Curtain01.uasset" 3856
"C:/Users/sina/Desktop/dev/DuyguUE/Content/VintageRoom/Meshes/SM_Curtain_Open_01.uasset" 3857
"/Game/VintageRoom/Textures/T_SM_Pitcher_01a_1024_ORM" 3858
"/Game/VintageRoom/Textures/T_SM_Pitcher_01a_1024_N" 3859
"C:/Users/sina/Desktop/dev/DuyguUE/Content/VintageRoom/Textures/T_Wall_Painting_01a_2048_ORM.uasset" 3860
"/Game/VRTemplate/Blueprints/VRGameMode" 3861
"C:/Users/sina/Desktop/dev/DuyguUE/Content/VintageRoom/Textures/T_Wall_Painting_01a_2048_N.uasset" 3862
"C:/Users/sina/Desktop/dev/DuyguUE/Content/VintageRoom/Textures/T_Wall_Painting_01a_2048_B.uasset" 3863
"../../../../../../Users/sina/Desktop/dev/DuyguUE/Content/VRTemplate/Blueprints/VRPawn.uasset" 3864
"../../../../../../Users/sina/Desktop/dev/DuyguUE/Content/Characters/MannequinsXR/Meshes/ABP_MannequinsXR.uasset" 3865
"../../../Engine/Content/EditorBlueprintResources/StandardMacros.uasset" 3866
"../../../../../../Users/sina/Desktop/dev/DuyguUE/Content/Characters/MannequinsXR/B_MannequinsXR.uasset" 3867
"../../../../../../Users/sina/Desktop/dev/DuyguUE/Content/VRTemplate/Blueprints/B_AssetGuideline.uasset" 3868
"../../../../../../Users/sina/Desktop/dev/DuyguUE/Content/VRTemplate/Blueprints/GrabComponent.uasset" 3869
"../../../../../../Users/sina/Desktop/dev/DuyguUE/Content/VRTemplate/Blueprints/Menu.uasset" 3870
"../../../../../../Users/sina/Desktop/dev/DuyguUE/Content/VRTemplate/Blueprints/VRTeleportVisualizer.uasset" 3871
"../../../../../../Users/sina/Desktop/dev/DuyguUE/Content/Oculus/IA_MenuSelect_Left.uasset" 3872
"../../../../../../Users/sina/Desktop/dev/DuyguUE/Content/Oculus/IA_MenuSelect_Right.uasset" 3873
"../../../../../../Users/sina/Desktop/dev/DuyguUE/Content/VRTemplate/Input/Actions/Hands/IA_Hand_Grasp_Left.uasset" 3874
"../../../../../../Users/sina/Desktop/dev/DuyguUE/Content/VRTemplate/Input/Actions/Hands/IA_Hand_Grasp_Right.uasset" 3875
"../../../../../../Users/sina/Desktop/dev/DuyguUE/Content/VRTemplate/Input/Actions/Hands/IA_Hand_IndexCurl_Left.uasset" 3876
"../../../../../../Users/sina/Desktop/dev/DuyguUE/Content/VRTemplate/Input/Actions/Hands/IA_Hand_IndexCurl_Right.uasset" 3877
"../../../../../../Users/sina/Desktop/dev/DuyguUE/Content/VRTemplate/Input/Actions/Hands/IA_Hand_Point_Left.uasset" 3878
"../../../../../../Users/sina/Desktop/dev/DuyguUE/Content/VRTemplate/Input/Actions/Hands/IA_Hand_Point_Right.uasset" 3879
"../../../../../../Users/sina/Desktop/dev/DuyguUE/Content/VRTemplate/Input/Actions/Hands/IA_Hand_ThumbUp_Left.uasset" 3880
"../../../../../../Users/sina/Desktop/dev/DuyguUE/Content/VRTemplate/Input/Actions/Hands/IA_Hand_ThumbUp_Right.uasset" 3881
"../../../../../../Users/sina/Desktop/dev/DuyguUE/Content/VRTemplate/Input/Actions/IA_ChangeCamera.uasset" 3882
"../../../../../../Users/sina/Desktop/dev/DuyguUE/Content/VRTemplate/Input/Actions/IA_Grab_Left.uasset" 3883
"../../../../../../Users/sina/Desktop/dev/DuyguUE/Content/VRTemplate/Input/Actions/IA_Grab_Right.uasset" 3884
"../../../../../../Users/sina/Desktop/dev/DuyguUE/Content/VRTemplate/Input/Actions/IA_Move.uasset" 3885
"../../../../../../Users/sina/Desktop/dev/DuyguUE/Content/VRTemplate/Input/Actions/IA_Turn.uasset" 3886
"../../../../../../Users/sina/Desktop/dev/DuyguUE/Content/VRTemplate/Input/IMC_Default.uasset" 3887
"../../../../../../Users/sina/Desktop/dev/DuyguUE/Content/VRTemplate/Input/IMC_Hands.uasset" 3888
"../../../../../../Users/sina/Desktop/dev/DuyguUE/Content/VRTemplate/VFX/NS_TeleportTrace.uasset" 3889
"../../../Engine/Content/VREditor/Devices/Generic/GenericHMD.uasset" 3890
"../../../../../../Users/sina/Desktop/dev/DuyguUE/Content/Characters/MannequinsXR/Meshes/SKM_MannyXR_right.uasset" 3891
"../../../../../../Users/sina/Desktop/dev/DuyguUE/Content/Core/UMG/MainWidget.uasset" 3892
"../../../../../../Users/sina/Desktop/dev/DuyguUE/Content/Core/UMG/W_ScreenWidget.uasset" 3893
"../../../../../../Users/sina/Desktop/dev/DuyguUE/Content/Oculus/Tools/MetaQuestTouchPro_Left.uasset" 3894
"../../../../../../Users/sina/Desktop/dev/DuyguUE/Content/Oculus/Tools/MetaQuestTouchPro_Right.uasset" 3895
"../../../../../../Users/sina/Desktop/dev/DuyguUE/Content/Characters/MannequinsXR/Animations/A_MannequinsXR_Grasp_Right.uasset" 3896
"../../../../../../Users/sina/Desktop/dev/DuyguUE/Content/Characters/MannequinsXR/Animations/A_MannequinsXR_Idle_Right.uasset" 3897
"../../../../../../Users/sina/Desktop/dev/DuyguUE/Content/Characters/MannequinsXR/Animations/A_MannequinsXR_IndexCurl_Right.uasset" 3898
"../../../../../../Users/sina/Desktop/dev/DuyguUE/Content/Characters/MannequinsXR/Animations/A_MannequinsXR_Point_Right.uasset" 3899
"../../../../../../Users/sina/Desktop/dev/DuyguUE/Content/Characters/MannequinsXR/Animations/A_MannequinsXR_ThumbUp_Right.uasset" 3900
"../../../../../../Users/sina/Desktop/dev/DuyguUE/Content/Characters/MannequinsXR/Animations/MDT_MannequinsXR.uasset" 3901
"../../../../../../Users/sina/Desktop/dev/DuyguUE/Content/Characters/MannequinsXR/Meshes/SK_MannequinsXR.uasset" 3902
"../../../../../../Users/sina/Desktop/dev/DuyguUE/Content/Characters/MannequinsXR/Meshes/SKM_MannyXR_left.uasset" 3903
"../../../../../../Users/sina/Desktop/dev/DuyguUE/Content/VRTemplate/Haptics/GrabHapticEffect.uasset" 3904
"../../../../../../Users/sina/Desktop/dev/DuyguUE/Content/VRTemplate/Blueprints/GrabType.uasset" 3905
"../../../../../../Users/sina/Desktop/dev/DuyguUE/Content/VRTemplate/Input/Actions/IA_Menu_Cursor_Left.uasset" 3906
"../../../../../../Users/sina/Desktop/dev/DuyguUE/Content/VRTemplate/Input/Actions/IA_Menu_Cursor_Right.uasset" 3907
"../../../../../../Users/sina/Desktop/dev/DuyguUE/Content/VRTemplate/Input/Actions/IA_Menu_Interact_Left.uasset" 3908
"../../../../../../Users/sina/Desktop/dev/DuyguUE/Content/VRTemplate/Input/Actions/IA_Menu_Interact_Right.uasset" 3909
"../../../../../../Users/sina/Desktop/dev/DuyguUE/Content/VRTemplate/Input/IMC_Menu.uasset" 3910
"../../../../../../Users/sina/Desktop/dev/DuyguUE/Content/VRTemplate/Materials/M_VRCursor.uasset" 3911
"../../../../../../Users/sina/Desktop/dev/DuyguUE/Content/VRTemplate/VFX/NS_MenuLaser.uasset" 3912
"../../../../../../Users/sina/Desktop/dev/DuyguUE/Content/VRTemplate/Blueprints/WidgetMenu.uasset" 3913
"../../../../../../Users/sina/Desktop/dev/DuyguUE/Content/VRTemplate/VFX/NS_PlayAreaBounds.uasset" 3914
"../../../../../../Users/sina/Desktop/dev/DuyguUE/Content/VRTemplate/VFX/NS_TeleportRing.uasset" 3915
"../../../../../../Users/sina/Desktop/dev/DuyguUE/Content/VRTemplate/Input/B_InputModifier_XAxisPositiveOnly.uasset" 3916
"../../../../../../Users/sina/Desktop/dev/DuyguUE/Content/Oculus/IA_SpeakButton.uasset" 3917
"../../../../../../Users/sina/Desktop/dev/DuyguUE/Content/VRTemplate/Input/Actions/IA_Menu_Toggle_Left.uasset" 3918
"../../../../../../Users/sina/Desktop/dev/DuyguUE/Content/VRTemplate/Input/Actions/IA_Menu_Toggle_Right.uasset" 3919
"../../../../../../Users/sina/Desktop/dev/DuyguUE/Content/VRTemplate/Input/Actions/IA_StartApi.uasset" 3920
"../../../../../../Users/sina/Desktop/dev/DuyguUE/Content/VRTemplate/Input/Actions/IA_StopAgentTalk.uasset" 3921
"../../../../../../Users/sina/Desktop/dev/DuyguUE/Content/VRTemplate/Materials/DefaultRibbonMaterial_NoGradient.uasset" 3922
"../../Plugins/FX/Niagara/Content/DynamicInputs/Helpers/SimulationPosition.uasset" 3923
"../../Plugins/FX/Niagara/Content/DynamicInputs/Multiply/Multiply_VectorByFloat.uasset" 3924
"../../Plugins/FX/Niagara/Content/DynamicInputs/ValueFromCurve/ColorFromCurve.uasset" 3925
"../../Plugins/FX/Niagara/Content/DynamicInputs/ValueFromCurve/FloatFromCurve.uasset" 3926
"../../Plugins/FX/Niagara/Content/Functions/Localspace/SimulationPosition.uasset" 3927
"../../Plugins/FX/Niagara/Content/Modules/Beams/BeamEmitterSetup.uasset" 3928
"../../Plugins/FX/Niagara/Content/Modules/Beams/BeamWidth.uasset" 3929
"../../Plugins/FX/Niagara/Content/Modules/Beams/SpawnBeam.uasset" 3930
"../../Plugins/FX/Niagara/Content/Modules/Emitter/EmitterState.uasset" 3931
"../../Plugins/FX/Niagara/Content/Modules/Emitter/SpawnBurst_Instantaneous.uasset" 3932
"../../Plugins/FX/Niagara/Content/Modules/Solvers/SolveForcesAndVelocity.uasset" 3933
"../../Plugins/FX/Niagara/Content/Modules/Spawn/Initialization/InitializeParticle.uasset" 3934
"../../Plugins/FX/Niagara/Content/Modules/System/SystemState.uasset" 3935
"../../Plugins/FX/Niagara/Content/Modules/Update/Color/Color.uasset" 3936
"../../Plugins/FX/Niagara/Content/Modules/Update/Lifetime/ParticleState.uasset" 3937
"../../Plugins/FX/Niagara/Content/Enums/ENiagara_EmitterStateOptions.uasset" 3938
"../../Plugins/FX/Niagara/Content/Enums/ENiagara_InfiniteLoopDuration.uasset" 3939
"../../Plugins/FX/Niagara/Content/Enums/ENiagaraEmitterLifeCycleMode.uasset" 3940
"../../Plugins/FX/Niagara/Content/Enums/ENiagaraEmitterScalabilityMode_Limited.uasset" 3941
"../../Plugins/FX/Niagara/Content/Enums/ENiagaraInactiveMode.uasset" 3942
"../../Plugins/FX/Niagara/Content/Enums/ENiagaraSystemInactiveMode.uasset" 3943
"../../../Engine/Content/VREditor/Devices/Generic/GenericHMDMaterial.uasset" 3944
"../../../../../../Users/sina/Desktop/dev/DuyguUE/Content/Characters/MannequinsXR/Materials/Instances/Manny/MI_Manny_02.uasset" 3945
"../../../../../../Users/sina/Desktop/dev/DuyguUE/Content/Characters/MannequinsXR/Meshes/SkeletalMeshLODSettings_MannequinsXR.uasset" 3946
"../../../../../../Users/sina/Desktop/dev/DuyguUE/Content/Core/UMG/Assets/M_DoorIcon.uasset" 3947
"../../../../../../Users/sina/Desktop/dev/DuyguUE/Content/Procedural/Textures/T_VFX_NoiseF1_Mat.uasset" 3948
"../../../../../../Users/sina/Desktop/dev/DuyguUE/Content/Core/UMG/Assets/powerOffIcon.uasset" 3949
"../../../../../../Users/sina/Desktop/dev/DuyguUE/Content/Core/UMG/W_SpecialButton.uasset" 3950
"../../../../../../Users/sina/Desktop/dev/DuyguUE/Content/Core/API/TerapistAPI.uasset" 3951
"../../../../../../Users/sina/Desktop/dev/DuyguUE/Content/Core/UMG/Assets/M_Loading.uasset" 3952
"../../../../../../Users/sina/Desktop/dev/DuyguUE/Content/Core/UMG/Assets/M_Microfon.uasset" 3953
"../../../../../../Users/sina/Desktop/dev/DuyguUE/Content/Core/API/E_APIStatus.uasset" 3954
"../../../../../../Users/sina/Desktop/dev/DuyguUE/Content/Core/UMG/Assets/T_XboxKey_RB.uasset" 3955
"../../../../../../Users/sina/Desktop/dev/DuyguUE/Content/Core/UMG/Assets/T_XboxKey_RightStickPress.uasset" 3956
"../../../../../../Users/sina/Desktop/dev/DuyguUE/Content/Core/UMG/Assets/WiiU_B.uasset" 3957
"../../../../../../Users/sina/Desktop/dev/DuyguUE/Content/Oculus/Tools/Mats/M_Controller_Battery.uasset" 3958
"../../../../../../Users/sina/Desktop/dev/DuyguUE/Content/Oculus/Tools/Mats/M_Controller_L.uasset" 3959
"../../../../../../Users/sina/Desktop/dev/DuyguUE/Content/Oculus/Tools/MetaQuestTouchPro_Left_Skeleton.uasset" 3960
"../../../../../../Users/sina/Desktop/dev/DuyguUE/Content/Oculus/Tools/Mats/M_Controller_R.uasset" 3961
"../../../../../../Users/sina/Desktop/dev/DuyguUE/Content/Oculus/Tools/MetaQuestTouchPro_Right_Skeleton.uasset" 3962
"../../../Engine/Content/Animation/DefaultAnimCurveCompressionSettings.uasset" 3963
"../../Plugins/FX/Niagara/Content/Modules/Spawn/Initialization/V2/InitializeParticle.uasset" 3964
"../../Plugins/FX/Niagara/Content/Enums/ENiagara_ColorInitializationMode.uasset" 3965
"../../Plugins/FX/Niagara/Content/Enums/ENiagara_LifetimeMode.uasset" 3966
"../../Plugins/FX/Niagara/Content/Enums/ENiagara_MassInitializationMode.uasset" 3967
"../../Plugins/FX/Niagara/Content/Enums/ENiagara_PositionInitializationMode.uasset" 3968
"../../Plugins/FX/Niagara/Content/Enums/ENiagara_SizeScaleMode.uasset" 3969
"../../Plugins/FX/Niagara/Content/Enums/ENiagara_SpriteRotationMode.uasset" 3970
"../../Plugins/FX/Niagara/Content/Enums/ENiagara_UVFlippingMode.uasset" 3971
"../../Plugins/FX/Niagara/Content/Enums/ENiagaraChannelCorrelation.uasset" 3972
"../../Plugins/FX/Niagara/Content/Enums/ENiagaraRandomnessMode.uasset" 3973
"../../Plugins/FX/Niagara/Content/Enums/Ribbons/ENiagara_UnsetDirectSetRandom.uasset" 3974
"../../../../../../Users/sina/Desktop/dev/DuyguUE/Content/VRTemplate/Materials/M_TeleportNoise.uasset" 3975
"../../Plugins/FX/Niagara/Content/DynamicInputs/Arrays/SelectVectorFromArray.uasset" 3976
"../../Plugins/FX/Niagara/Content/DynamicInputs/Execution/ReturnExecIndex.uasset" 3977
"../../Plugins/FX/Niagara/Content/DynamicInputs/Execution/ReturnNormalizedExecIndex.uasset" 3978
"../../Plugins/FX/Niagara/Content/DynamicInputs/Multiply/Multiply_Vector.uasset" 3979
"../../Plugins/FX/Niagara/Content/Modules/Spawn/Initialization/InitializeRibbon.uasset" 3980
"../../Plugins/FX/Niagara/Content/Enums/ENiagara_WrapClamp.uasset" 3981
"../../Plugins/FX/Niagara/Content/Enums/ENiagaraArraySamplingMode.uasset" 3982
"../../Plugins/FX/Niagara/Content/Enums/ENiagaraRandomnessEvaluation.uasset" 3983
"../../Plugins/FX/Niagara/Content/Enums/Ribbons/ENiagara_UnsetDirectSet.uasset" 3984
"../../../../../../Users/sina/Desktop/dev/DuyguUE/Content/VRTemplate/Materials/M_TeleportCylinder.uasset" 3985
"../../Plugins/FX/Niagara/Content/Modules/Spawn/Location/TorusLocation.uasset" 3986
"../../Plugins/FX/Niagara/Content/Enums/ENiagaraTorusDistributionMode.uasset" 3987
"../../Plugins/FX/Niagara/Content/Enums/ENiagaraTorusMode.uasset" 3988
"../../Plugins/FX/Niagara/Content/Functions/Localspace/TransformVector.uasset" 3989
"../../Plugins/FX/Niagara/Content/Functions/DirectionAndLengthSafe.uasset" 3990
"../../Plugins/FX/Niagara/Content/Functions/Localspace/TransformPosition.uasset" 3991
"../../Plugins/FX/Niagara/Content/Functions/NormalizedExecutionIndex.uasset" 3992
"../../Plugins/FX/Niagara/Content/Functions/Spline/FindPositionOnBezierSpline.uasset" 3993
"../../Plugins/FX/Niagara/Content/Functions/Emitter/EmitterChangeState.uasset" 3994
"../../Plugins/FX/Niagara/Content/Icons/Modules/T_Icon_Scalability_Emitter.uasset" 3995
"../../Plugins/FX/Niagara/Content/Icons/Modules/T_Icon_Scalability_System.uasset" 3996
"../../Plugins/FX/Niagara/Content/Functions/V2/CalculateRandomRangeFloat.uasset" 3997
"../../Plugins/FX/Niagara/Content/Functions/Drag/DragVelocity.uasset" 3998
"../../Plugins/FX/Niagara/Content/Functions/Math/CentimeterMeterConversion.uasset" 3999
"../../Plugins/FX/Niagara/Content/Functions/Rotation/MultiplyVectorWithQuaternion.uasset" 4000
"../../Plugins/FX/Niagara/Content/Modules/Solvers/ApplyRotationVector.uasset" 4001
"../../Plugins/FX/Niagara/Content/Icons/Modules/T_Icon_Solver_LimitAccel.uasset" 4002
"../../Plugins/FX/Niagara/Content/Icons/Modules/T_Icon_Solver_LimitSpeed.uasset" 4003
"../../Plugins/FX/Niagara/Content/Icons/Modules/T_Icon_Solver_RotationalSolve.uasset" 4004
"../../Plugins/FX/Niagara/Content/Functions/RandomRangeFloat.uasset" 4005
"../../Plugins/FX/Niagara/Content/Functions/System/SystemChangeState.uasset" 4006
"../../Plugins/FX/Niagara/Content/Functions/Math/SaturateFloat.uasset" 4007
"../../Plugins/FX/Niagara/Content/Icons/Modules/T_Icon_Particle_InfiniteLife.uasset" 4008
"../../../../../../Users/sina/Desktop/dev/DuyguUE/Content/Characters/MannequinsXR/Materials/Instances/Manny/MI_Manny_01.uasset" 4009
"../../../../../../Users/sina/Desktop/dev/DuyguUE/Content/Characters/MannequinsXR/Textures/Manny/T_Manny_02_ASAOPMASK_MSK.uasset" 4010
"../../../../../../Users/sina/Desktop/dev/DuyguUE/Content/Characters/MannequinsXR/Textures/Manny/T_Manny_02_BN.uasset" 4011
"../../../../../../Users/sina/Desktop/dev/DuyguUE/Content/Characters/MannequinsXR/Textures/Manny/T_Manny_02_CCRCCPlastic_MSK.uasset" 4012
"../../../../../../Users/sina/Desktop/dev/DuyguUE/Content/Characters/MannequinsXR/Textures/Manny/T_Manny_02_D.uasset" 4013
"../../../../../../Users/sina/Desktop/dev/DuyguUE/Content/Characters/MannequinsXR/Textures/Manny/T_Manny_02_MSR_MSK.uasset" 4014
"../../../../../../Users/sina/Desktop/dev/DuyguUE/Content/Characters/MannequinsXR/Textures/Manny/T_Manny_02_N.uasset" 4015
"../../../../../../Users/sina/Desktop/dev/DuyguUE/Content/Characters/MannequinsXR/Textures/Manny/T_Manny_02_Tan.uasset" 4016
"../../../../../../Users/sina/Desktop/dev/DuyguUE/Content/Core/UMG/Assets/360_F_141001178_pZT8OizQ6IC75X9fOfWxiN3fOVCUl1PR.uasset" 4017
"../../../Engine/Content/Functions/Engine_MaterialFunctions01/Density/ExponentialDensity.uasset" 4018
"../../../Engine/Content/Functions/Engine_MaterialFunctions01/Gradient/RadialGradientExponential.uasset" 4019
"../../../../../../Users/sina/Desktop/dev/DuyguUE/Content/Procedural/Textures/T_Noise_HU85k.uasset" 4020
"../../../../../../Users/sina/Desktop/dev/DuyguUE/Content/Core/UMG/Assets/CircleButton_Hovered.uasset" 4021
"../../../../../../Users/sina/Desktop/dev/DuyguUE/Content/Core/UMG/Assets/CircleButton_Normal.uasset" 4022
"../../../../../../Users/sina/Desktop/dev/DuyguUE/Content/Core/UMG/Assets/envato-labs-image-edit_2_.uasset" 4023
"../../../../../../Users/sina/Desktop/dev/DuyguUE/Content/Characters/MetaChar/MHC_Meta/A_TalkLoopRoot_A_TalkLoop_Montage.uasset" 4024
"../../../../../../Users/sina/Desktop/dev/DuyguUE/Content/Characters/MetaChar/MHC_Meta/AS_MHC_MerhabaBenYapayZeka_Montage.uasset" 4025
"../../../../../../Users/sina/Desktop/dev/DuyguUE/Content/Characters/MetaChar/MHC_Meta/Untitled_Montage.uasset" 4026
"../../../../../../Users/sina/Desktop/dev/DuyguUE/Content/Core/API/TerapistFunctions.uasset" 4027
"../../../../../../Users/sina/Desktop/dev/DuyguUE/Content/Core/UMG/WidgetActor.uasset" 4028
"../../../../../../Users/sina/Desktop/dev/DuyguUE/Content/MetaHumans/Gavin/BP_Gavin.uasset" 4029
"../../../../../../Users/sina/Desktop/dev/DuyguUE/Content/Core/Sequencers/Sequencer_MicUsage.uasset" 4030
"../../../../../../Users/sina/Desktop/dev/DuyguUE/Content/Core/API/MP_DefaultMediaPlayer.uasset" 4031
"../../../../../../Users/sina/Desktop/dev/DuyguUE/Content/Core/API/SoundAt.uasset" 4032
"../../../../../../Users/sina/Desktop/dev/DuyguUE/Content/Core/API/SS_AudioMix.uasset" 4033
"../../../../../../Users/sina/Desktop/dev/DuyguUE/Content/Core/Audios/hiQ5ZAjn.uasset" 4034
"../../../../../../Users/sina/Desktop/dev/DuyguUE/Content/Core/UMG/Assets/load-icon-png-27.uasset" 4035
"../../../Engine/Content/Functions/Engine_MaterialFunctions02/Utility/VectorToRadialValue.uasset" 4036
"../../../../../../Users/sina/Desktop/dev/DuyguUE/Content/Core/UMG/Assets/MicrofonListening.uasset" 4037
"../../../../../../Users/sina/Desktop/dev/DuyguUE/Content/Core/UMG/Assets/MicrofonLoading.uasset" 4038
"../../../../../../Users/sina/Desktop/dev/DuyguUE/Content/Core/UMG/Assets/MicrofonNotListening.uasset" 4039
"../../../../../../Users/sina/Desktop/dev/DuyguUE/Content/Procedural/Textures/Noise_Grid.uasset" 4040
"../../../../../../Users/sina/Desktop/dev/DuyguUE/Content/Oculus/Tools/Mats/Textures/batteryIndicatorTexture32.uasset" 4041
"../../../../../../Users/sina/Desktop/dev/DuyguUE/Content/Oculus/Tools/Mats/Textures/controller_l_lo_BaseColor.uasset" 4042
"../../../../../../Users/sina/Desktop/dev/DuyguUE/Content/Oculus/Tools/Mats/Textures/controller_l_lo_Normal.uasset" 4043
"../../../../../../Users/sina/Desktop/dev/DuyguUE/Content/Oculus/Tools/Mats/Textures/controller_r_lo_BaseColor.uasset" 4044
"../../../../../../Users/sina/Desktop/dev/DuyguUE/Content/Oculus/Tools/Mats/Textures/controller_r_lo_Normal.uasset" 4045
"../../Plugins/FX/Niagara/Content/Functions/LinearColor/HueShiftLinearColor.uasset" 4046
"../../Plugins/FX/Niagara/Content/Functions/V2/CalculateRandomBool.uasset" 4047
"../../Plugins/FX/Niagara/Content/Functions/V2/CalculateRandomRange.uasset" 4048
"../../Plugins/FX/Niagara/Content/Functions/V2/CalculateRandomRangeInteger.uasset" 4049
"../../../Engine/Content/Functions/Engine_MaterialFunctions02/Utility/DepthFromWorldPosition.uasset" 4050
"../../../../../../Users/sina/Desktop/dev/DuyguUE/Content/VRTemplate/Materials/Functions/MF_OccludedPixels.uasset" 4051
"../../Plugins/FX/Niagara/Content/Functions/Localspace/PositionToVector.uasset" 4052
"../../Plugins/FX/Niagara/Content/Functions/ParametricTorus.uasset" 4053
"../../Plugins/FX/Niagara/Content/Functions/ParametricTorusKnot.uasset" 4054
"../../Plugins/FX/Niagara/Content/Functions/PolarToCartesianCoordinates.uasset" 4055
"../../Plugins/FX/Niagara/Content/Functions/RandomRange.uasset" 4056
"../../Plugins/FX/Niagara/Content/Functions/Rotation/AxisAngleToQuaternion.uasset" 4057
"../../Plugins/FX/Niagara/Content/Functions/Rotation/FindQuatBetween.uasset" 4058
"../../Plugins/FX/Niagara/Content/Functions/Rotation/MultiplyQuaternion.uasset" 4059
"../../Plugins/FX/Niagara/Content/Functions/Localspace/TransformBase.uasset" 4060
"../../Plugins/FX/Niagara/Content/Functions/GetRandomInfo.uasset" 4061
"../../../../../../Users/sina/Desktop/dev/DuyguUE/Content/Characters/MannequinsXR/Materials/M_Mannequin.uasset" 4062
"../../../../../../Users/sina/Desktop/dev/DuyguUE/Content/Characters/MannequinsXR/Textures/Manny/T_Manny_01_ASAOPMASK_MSK.uasset" 4063
"../../../../../../Users/sina/Desktop/dev/DuyguUE/Content/Characters/MannequinsXR/Textures/Manny/T_Manny_01_BN.uasset" 4064
"../../../../../../Users/sina/Desktop/dev/DuyguUE/Content/Characters/MannequinsXR/Textures/Manny/T_Manny_01_CCRCCPlastic_MSK.uasset" 4065
"../../../../../../Users/sina/Desktop/dev/DuyguUE/Content/Characters/MannequinsXR/Textures/Manny/T_Manny_01_D.uasset" 4066
"../../../../../../Users/sina/Desktop/dev/DuyguUE/Content/Characters/MannequinsXR/Textures/Manny/T_Manny_01_MSR_MSK.uasset" 4067
"../../../../../../Users/sina/Desktop/dev/DuyguUE/Content/Characters/MannequinsXR/Textures/Manny/T_Manny_01_N.uasset" 4068
"../../../../../../Users/sina/Desktop/dev/DuyguUE/Content/Characters/MannequinsXR/Textures/Manny/T_Manny_01_Tan.uasset" 4069
"../../../../../../Users/sina/Desktop/dev/DuyguUE/Content/Characters/MetaChar/MHC_Meta/A_TalkLoopRoot_A_TalkLoop.uasset" 4070
"../../../../../../Users/sina/Desktop/dev/DuyguUE/Content/MetaHumans/Common/Female/Medium/NormalWeight/Body/metahuman_base_skel.uasset" 4071
"../../../../../../Users/sina/Desktop/dev/DuyguUE/Content/Characters/MetaChar/MHC_Meta/AS_MHC_MerhabaBenYapayZeka.uasset" 4072
"../../../../../../Users/sina/Desktop/dev/DuyguUE/Content/Core/Audios/X26dp_nK.uasset" 4073
"../../../../../../Users/sina/Desktop/dev/DuyguUE/Content/MetaHumans/Common/Face/Face_Archetype_Skeleton.uasset" 4074
"../../../../../../Users/sina/Desktop/dev/DuyguUE/Content/Characters/MetaChar/MHC_Meta/Untitled.uasset" 4075
"../../../../../../Users/sina/Desktop/dev/DuyguUE/Content/MetaHumans/Common/Animation/ABP_MH_LiveLink.uasset" 4076
"../../../../../../Users/sina/Desktop/dev/DuyguUE/Content/MetaHumans/Common/Face/ABP_Face.uasset" 4077
"../../../../../../Users/sina/Desktop/dev/DuyguUE/Content/MetaHumans/Common/Face/Face_AnimBP.uasset" 4078
"../../../../../../Users/sina/Desktop/dev/DuyguUE/Content/MetaHumans/Gavin/MaleHair/Hair/Eyebrows_M_FlatThick.uasset" 4079
"../../../../../../Users/sina/Desktop/dev/DuyguUE/Content/MetaHumans/Gavin/MaleHair/Hair/Eyelashes_S_Sparse.uasset" 4080
"../../../../../../Users/sina/Desktop/dev/DuyguUE/Content/MetaHumans/Gavin/MaleHair/Hair/Hair_S_Messy.uasset" 4081
"../../../../../../Users/sina/Desktop/dev/DuyguUE/Content/MetaHumans/Gavin/MaleHair/GroomBinding/Eyebrows_M_FlatThick_Binding.uasset" 4082
"../../../../../../Users/sina/Desktop/dev/DuyguUE/Content/MetaHumans/Gavin/MaleHair/GroomBinding/Eyelashes_S_Sparse_Binding.uasset" 4083
"../../../../../../Users/sina/Desktop/dev/DuyguUE/Content/MetaHumans/Gavin/MaleHair/GroomBinding/Hair_S_Messy_Binding.uasset" 4084
"../../../../../../Users/sina/Desktop/dev/DuyguUE/Content/MetaHumans/Gavin/Materials/MI_BodySynthesized.uasset" 4085
"../../../../../../Users/sina/Desktop/dev/DuyguUE/Content/MetaHumans/Gavin/Materials/MI_Facial_Hair.uasset" 4086
"../../../../../../Users/sina/Desktop/dev/DuyguUE/Content/MetaHumans/Gavin/Materials/MI_Hair.uasset" 4087
"../../../../../../Users/sina/Desktop/dev/DuyguUE/Content/MetaHumans/Gavin/Materials/MI_Hair1.uasset" 4088
"../../../../../../Users/sina/Desktop/dev/DuyguUE/Content/MetaHumans/Gavin/Materials/MI_Hair2.uasset" 4089
"../../../../../../Users/sina/Desktop/dev/DuyguUE/Content/MetaHumans/Gavin/Materials/MI_Hair_Cards.uasset" 4090
"../../../../../../Users/sina/Desktop/dev/DuyguUE/Content/MetaHumans/Gavin/Materials/MI_Hair_Helmet.uasset" 4091
"../../../../../../Users/sina/Desktop/dev/DuyguUE/Content/MetaHumans/Gavin/Materials/Oxfords/M_shs_oxfords.uasset" 4092
"../../../../../../Users/sina/Desktop/dev/DuyguUE/Content/MetaHumans/Gavin/Materials/Shirt/Male/M_m_top_shirt.uasset" 4093
"../../../../../../Users/sina/Desktop/dev/DuyguUE/Content/MetaHumans/Gavin/Materials/Slacks/Male/M_m_btm_slacks.uasset" 4094
"../../../../../../Users/sina/Desktop/dev/DuyguUE/Content/MetaHumans/Common/Male/Medium/NormalWeight/Bottoms/Slacks/m_med_nrw_btm_slacks_nrm_Cinematic.uasset" 4095
"../../../../../../Users/sina/Desktop/dev/DuyguUE/Content/MetaHumans/Common/Male/Medium/NormalWeight/Shoes/Oxfords/m_med_nrw_shs_oxfords_Cinematic.uasset" 4096
"../../../../../../Users/sina/Desktop/dev/DuyguUE/Content/MetaHumans/Common/Male/Medium/NormalWeight/Tops/Shirt/m_med_nrw_top_shirt_nrm_Cinematic.uasset" 4097
"../../../../../../Users/sina/Desktop/dev/DuyguUE/Content/MetaHumans/Gavin/Body/m_med_nrw_body.uasset" 4098
"../../../../../../Users/sina/Desktop/dev/DuyguUE/Content/MetaHumans/Gavin/Face/Gavin_FaceMesh.uasset" 4099
"../../../../../../Users/sina/Desktop/dev/DuyguUE/Content/Oculus/Tools/MetaQuest_RightController_HoldGrip.uasset" 4100
"../../../../../../Users/sina/Desktop/dev/DuyguUE/Content/Procedural/Decals/StylizedDecals/M_StylizedDecal.uasset" 4101
"../../../../../../Users/sina/Desktop/dev/DuyguUE/Content/Core/API/SubmixName.uasset" 4102
"../../Plugins/FX/Niagara/Content/Functions/ChannelMasks/SelectV4Channel.uasset" 4103
"../../Plugins/FX/Niagara/Content/Enums/ENiagaraVector4_Channels.uasset" 4104
"../../../../../../Users/sina/Desktop/dev/DuyguUE/Content/Characters/MannequinsXR/Materials/Functions/MF_Diffraction.uasset" 4105
"../../../../../../Users/sina/Desktop/dev/DuyguUE/Content/Characters/MannequinsXR/Materials/Functions/MF_logo3layers.uasset" 4106
"../../../../../../Users/sina/Desktop/dev/DuyguUE/Content/Characters/MannequinsXR/Materials/Functions/ML_BaseColorFallOff.uasset" 4107
"../../../../../../Users/sina/Desktop/dev/DuyguUE/Content/MetaHumans/Common/Face/ARKit/PA_MetaHuman_ARKit_Mapping.uasset" 4108
"../../../../../../Users/sina/Desktop/dev/DuyguUE/Content/Characters/MetaChar/MHC_Meta/AS_MHC_IdleFaceAdditive.uasset" 4109
"../../../../../../Users/sina/Desktop/dev/DuyguUE/Content/MetaHumans/Common/Face/LookDown.uasset" 4110
"../../../../../../Users/sina/Desktop/dev/DuyguUE/Content/MetaHumans/Common/Face/LookL.uasset" 4111
"../../../../../../Users/sina/Desktop/dev/DuyguUE/Content/MetaHumans/Common/Face/LookR.uasset" 4112
"../../../../../../Users/sina/Desktop/dev/DuyguUE/Content/MetaHumans/Common/Face/LookUp.uasset" 4113
"../../../../../../Users/sina/Desktop/dev/DuyguUE/Content/MetaHumans/Common/Common/Mocap/mh_arkit_mapping_pose.uasset" 4114
"../../../../../../Users/sina/Desktop/dev/DuyguUE/Content/MetaHumans/Common/Materials/MI_Facial_Hair.uasset" 4115
"../../../../../../Users/sina/Desktop/dev/DuyguUE/Content/MetaHumans/Common/Materials/MI_Hair.uasset" 4116
"../../../../../../Users/sina/Desktop/dev/DuyguUE/Content/MetaHumans/Common/MaleHair/Textures/Eyebrows_M_FlatThick_CardsAtlas_Attribute.uasset" 4117
"../../../../../../Users/sina/Desktop/dev/DuyguUE/Content/MetaHumans/Common/MaleHair/Textures/Eyebrows_M_FlatThick_CardsAtlas_Tangent.uasset" 4118
"../../../../../../Users/sina/Desktop/dev/DuyguUE/Content/MetaHumans/Gavin/MaleHair/Hair/Eyebrows_M_FlatThick_CardsMesh_Group0_LOD0.uasset" 4119
"../../../../../../Users/sina/Desktop/dev/DuyguUE/Content/MetaHumans/Gavin/MaleHair/Hair/Eyebrows_M_FlatThick_CardsMesh_Group0_LOD1.uasset" 4120
"../../../../../../Users/sina/Desktop/dev/DuyguUE/Content/MetaHumans/Gavin/MaleHair/Hair/Eyebrows_M_FlatThick_CardsMesh_Group0_LOD2.uasset" 4121
"../../../../../../Users/sina/Desktop/dev/DuyguUE/Content/MetaHumans/Gavin/MaleHair/Hair/Eyebrows_M_FlatThick_CardsMesh_Group0_LOD3.uasset" 4122
"../../../../../../Users/sina/Desktop/dev/DuyguUE/Content/MetaHumans/Gavin/MaleHair/Hair/Eyebrows_M_FlatThick_CardsMesh_Group0_LOD4.uasset" 4123
"../../../../../../Users/sina/Desktop/dev/DuyguUE/Content/MetaHumans/Common/Materials/MI_Hair_Cards.uasset" 4124
"../../../../../../Users/sina/Desktop/dev/DuyguUE/Content/MetaHumans/Common/Materials/MI_Hair_Helmet.uasset" 4125
"../../../../../../Users/sina/Desktop/dev/DuyguUE/Content/MetaHumans/Common/MaleHair/Textures/Hair_S_Messy_CardsAtlas_Attribute.uasset" 4126
"../../../../../../Users/sina/Desktop/dev/DuyguUE/Content/MetaHumans/Common/MaleHair/Textures/Hair_S_Messy_CardsAtlas_Tangent.uasset" 4127
"../../../../../../Users/sina/Desktop/dev/DuyguUE/Content/MetaHumans/Common/MaleHair/Textures/Helmets/Hair_S_Messy_ColorXYDepthGroupID.uasset" 4128
"../../../../../../Users/sina/Desktop/dev/DuyguUE/Content/MetaHumans/Common/MaleHair/Textures/Helmets/Hair_S_Messy_RootUVSeedCoverage.uasset" 4129
"../../../../../../Users/sina/Desktop/dev/DuyguUE/Content/MetaHumans/Common/MaleHair/Textures/Helmets/Hair_S_Messy_TangentStrandU.uasset" 4130
"../../../../../../Users/sina/Desktop/dev/DuyguUE/Content/MetaHumans/Gavin/MaleHair/Hair/Hair_S_Messy_CardsMesh_Group0_LOD0.uasset" 4131
"../../../../../../Users/sina/Desktop/dev/DuyguUE/Content/MetaHumans/Gavin/MaleHair/Hair/Hair_S_Messy_CardsMesh_Group0_LOD1.uasset" 4132
"../../../../../../Users/sina/Desktop/dev/DuyguUE/Content/MetaHumans/Gavin/MaleHair/Hair/Hair_S_Messy_CardsMesh_Group0_LOD2.uasset" 4133
"../../../../../../Users/sina/Desktop/dev/DuyguUE/Content/MetaHumans/Gavin/MaleHair/Hair/Hair_S_Messy_CardsMesh_Group0_LOD3.uasset" 4134
"../../../../../../Users/sina/Desktop/dev/DuyguUE/Content/MetaHumans/Gavin/MaleHair/Hair/Hair_S_Messy_CardsMesh_Group0_LOD4.uasset" 4135
"../../../../../../Users/sina/Desktop/dev/DuyguUE/Content/MetaHumans/Gavin/MaleHair/Helmets/Hair_S_Messy_HelmetLOD5.uasset" 4136
"../../../../../../Users/sina/Desktop/dev/DuyguUE/Content/MetaHumans/Gavin/MaleHair/Helmets/Hair_S_Messy_HelmetLOD6.uasset" 4137
"../../../../../../Users/sina/Desktop/dev/DuyguUE/Content/MetaHumans/Gavin/MaleHair/Helmets/Hair_S_Messy_HelmetLOD7.uasset" 4138
"../../../../../../Users/sina/Desktop/dev/DuyguUE/Content/MetaHumans/Common/Materials/MI_BodySynthesized.uasset" 4139
"../../../../../../Users/sina/Desktop/dev/DuyguUE/Content/MetaHumans/Common/Male/Textures/male_001/8K/male_body_cavity_map.uasset" 4140
"../../../../../../Users/sina/Desktop/dev/DuyguUE/Content/MetaHumans/Common/Male/Textures/male_001/8K/male_body_normal_map.uasset" 4141
"../../../../../../Users/sina/Desktop/dev/DuyguUE/Content/MetaHumans/Common/Male/Textures/male_001/8K/male_body_roughness_map.uasset" 4142
"../../../../../../Users/sina/Desktop/dev/DuyguUE/Content/MetaHumans/Common/Male/Textures/Shared/8K/male_body_mask_map.uasset" 4143
"../../../../../../Users/sina/Desktop/dev/DuyguUE/Content/MetaHumans/Common/Male/Textures/Shared/8K/male_underwear_color_map.uasset" 4144
"../../../../../../Users/sina/Desktop/dev/DuyguUE/Content/MetaHumans/Gavin/Body/BodyBaseColor.uasset" 4145
"../../../../../../Users/sina/Desktop/dev/DuyguUE/Content/MetaHumans/Common/Materials/HighlightsTextures/HighlightMask_thin.uasset" 4146
"../../../../../../Users/sina/Desktop/dev/DuyguUE/Content/MetaHumans/Common/Materials/Oxfords/M_shs_oxfords.uasset" 4147
"../../../../../../Users/sina/Desktop/dev/DuyguUE/Content/MetaHumans/Common/Materials/Oxfords/T_Unisex_tal_nrw_dressOxford_laces.uasset" 4148
"../../../../../../Users/sina/Desktop/dev/DuyguUE/Content/MetaHumans/Common/Materials/Oxfords/T_Unisex_tal_nrw_dressOxford_N.uasset" 4149
"../../../../../../Users/sina/Desktop/dev/DuyguUE/Content/MetaHumans/Common/Materials/Oxfords/T_Unisex_tal_nrw_dressOxford_PackedA.uasset" 4150
"../../../../../../Users/sina/Desktop/dev/DuyguUE/Content/MetaHumans/Common/Materials/Oxfords/T_Unisex_tal_nrw_dressOxford_PackedB.uasset" 4151
"../../../../../../Users/sina/Desktop/dev/DuyguUE/Content/MetaHumans/Common/Materials/Textures/Clothing/Macros/macro_heather_04.uasset" 4152
"../../../../../../Users/sina/Desktop/dev/DuyguUE/Content/MetaHumans/Common/Materials/Textures/Clothing/Macros/macro_heather_04_normal.uasset" 4153
"../../../../../../Users/sina/Desktop/dev/DuyguUE/Content/MetaHumans/Common/Materials/Textures/Clothing/Micros/micro_leather_Color.uasset" 4154
"../../../../../../Users/sina/Desktop/dev/DuyguUE/Content/MetaHumans/Common/Materials/Textures/Clothing/Micros/micro_leather_Mask.uasset" 4155
"../../../../../../Users/sina/Desktop/dev/DuyguUE/Content/MetaHumans/Common/Materials/Textures/Clothing/Micros/micro_weave_denim_N.uasset" 4156
"../../../../../../Users/sina/Desktop/dev/DuyguUE/Content/MetaHumans/Common/Materials/Shirt/Male/M_m_top_shirt.uasset" 4157
"../../../../../../Users/sina/Desktop/dev/DuyguUE/Content/MetaHumans/Common/Materials/Shirt/Male/m_top_shirt_AO.uasset" 4158
"../../../../../../Users/sina/Desktop/dev/DuyguUE/Content/MetaHumans/Common/Materials/Shirt/Male/m_top_shirt_custom_stitch.uasset" 4159
"../../../../../../Users/sina/Desktop/dev/DuyguUE/Content/MetaHumans/Common/Materials/Shirt/Male/m_top_shirt_Mask.uasset" 4160
"../../../../../../Users/sina/Desktop/dev/DuyguUE/Content/MetaHumans/Common/Materials/Shirt/Male/m_top_shirt_N.uasset" 4161
"../../../../../../Users/sina/Desktop/dev/DuyguUE/Content/MetaHumans/Common/Materials/Textures/Clothing/DefaultMaps/color_spectrum.uasset" 4162
"../../../../../../Users/sina/Desktop/dev/DuyguUE/Content/MetaHumans/Common/Materials/Textures/Clothing/Macros/macro_linen_rbess3s_4K.uasset" 4163
"../../../../../../Users/sina/Desktop/dev/DuyguUE/Content/MetaHumans/Common/Materials/Textures/Clothing/Macros/macro_pilling_A.uasset" 4164
"../../../../../../Users/sina/Desktop/dev/DuyguUE/Content/MetaHumans/Common/Materials/Textures/Clothing/Macros/macro_pilling_N.uasset" 4165
"../../../../../../Users/sina/Desktop/dev/DuyguUE/Content/MetaHumans/Common/Materials/Textures/Clothing/Micros/micro_chambray_D.uasset" 4166
"../../../../../../Users/sina/Desktop/dev/DuyguUE/Content/MetaHumans/Common/Materials/Textures/Clothing/Micros/micro_chambray_height.uasset" 4167
"../../../../../../Users/sina/Desktop/dev/DuyguUE/Content/MetaHumans/Common/Materials/Textures/Clothing/Micros/micro_chambray_N.uasset" 4168
"../../../../../../Users/sina/Desktop/dev/DuyguUE/Content/MetaHumans/Common/Materials/Textures/Clothing/Wrinkles/crease_a_tileable_N.uasset" 4169
"../../../../../../Users/sina/Desktop/dev/DuyguUE/Content/MetaHumans/Common/Materials/Slacks/Male/M_m_btm_slacks.uasset" 4170
"../../../../../../Users/sina/Desktop/dev/DuyguUE/Content/MetaHumans/Common/Materials/Slacks/btm_slacks_Mask.uasset" 4171
"../../../../../../Users/sina/Desktop/dev/DuyguUE/Content/MetaHumans/Common/Materials/Slacks/Male/m_btm_slacks_AO.uasset" 4172
"../../../../../../Users/sina/Desktop/dev/DuyguUE/Content/MetaHumans/Common/Materials/Slacks/Male/m_btm_slacks_custom_stitch.uasset" 4173
"../../../../../../Users/sina/Desktop/dev/DuyguUE/Content/MetaHumans/Common/Materials/Slacks/Male/m_btm_slacks_N.uasset" 4174
"../../../../../../Users/sina/Desktop/dev/DuyguUE/Content/MetaHumans/Common/Materials/Textures/Clothing/Macros/macro_heather_04_Vertical.uasset" 4175
"../../../../../../Users/sina/Desktop/dev/DuyguUE/Content/MetaHumans/Common/Materials/Textures/Clothing/Micros/micro_knit_front_H.uasset" 4176
"../../../../../../Users/sina/Desktop/dev/DuyguUE/Content/MetaHumans/Common/Materials/Textures/Clothing/Micros/micro_knit_front_N.uasset" 4177
"../../../../../../Users/sina/Desktop/dev/DuyguUE/Content/MetaHumans/Common/Materials/Textures/Clothing/Wrinkles/memory_wrinkles_normal.uasset" 4178
"../../../../../../Users/sina/Desktop/dev/DuyguUE/Content/MetaHumans/Common/Common/MetaHuman_Clothing_LODSettings_Cinematic.uasset" 4179
"../../../../../../Users/sina/Desktop/dev/DuyguUE/Content/MetaHumans/Common/Male/Medium/NormalWeight/Tops/Shirt/m_med_nrw_top_shirt_nrm_PhysicsAsset.uasset" 4180
"../../../../../../Users/sina/Desktop/dev/DuyguUE/Content/MetaHumans/Common/Male/Medium/NormalWeight/Tops/Shirt/m_med_nrw_top_shirt_nrm_Skeleton.uasset" 4181
"../../../../../../Users/sina/Desktop/dev/DuyguUE/Content/MetaHumans/Common/Male/Medium/NormalWeight/Body/m_med_nrw_animbp_Cinematic.uasset" 4182
"../../../../../../Users/sina/Desktop/dev/DuyguUE/Content/MetaHumans/Common/Common/MetaHuman_LODSettings_Cinematic.uasset" 4183
"../../../../../../Users/sina/Desktop/dev/DuyguUE/Content/MetaHumans/Common/Male/Medium/NormalWeight/Body/m_med_nrw_body_Physics.uasset" 4184
"../../../../../../Users/sina/Desktop/dev/DuyguUE/Content/MetaHumans/Common/Face/ABP_Face_PostProcess.uasset" 4185
"../../../../../../Users/sina/Desktop/dev/DuyguUE/Content/MetaHumans/Common/Face/Materials/M_Cartilage.uasset" 4186
"../../../../../../Users/sina/Desktop/dev/DuyguUE/Content/MetaHumans/Common/Face/Materials/MI_EyeOcclusion_Inst.uasset" 4187
"../../../../../../Users/sina/Desktop/dev/DuyguUE/Content/MetaHumans/Common/Face/Materials/MI_lacrimal_fluid_Inst.uasset" 4188
"../../../../../../Users/sina/Desktop/dev/DuyguUE/Content/MetaHumans/Gavin/Face/Materials/Baked/MI_HeadSynthesized_Baked.uasset" 4189
"../../../../../../Users/sina/Desktop/dev/DuyguUE/Content/MetaHumans/Gavin/Face/Materials/Baked/MI_HeadSynthesized_Baked_LOD1.uasset" 4190
"../../../../../../Users/sina/Desktop/dev/DuyguUE/Content/MetaHumans/Gavin/Face/Materials/Baked/MI_HeadSynthesized_Baked_LOD2.uasset" 4191
"../../../../../../Users/sina/Desktop/dev/DuyguUE/Content/MetaHumans/Gavin/Face/Materials/Baked/MI_HeadSynthesized_Baked_LOD3.uasset" 4192
"../../../../../../Users/sina/Desktop/dev/DuyguUE/Content/MetaHumans/Gavin/Face/Materials/Baked/MI_HeadSynthesized_Baked_LOD4.uasset" 4193
"../../../../../../Users/sina/Desktop/dev/DuyguUE/Content/MetaHumans/Gavin/Face/Materials/Baked/MI_HeadSynthesized_Baked_LOD5.uasset" 4194
"../../../../../../Users/sina/Desktop/dev/DuyguUE/Content/MetaHumans/Gavin/Face/Materials/MI_EyeRefractive_Inst_L.uasset" 4195
"../../../../../../Users/sina/Desktop/dev/DuyguUE/Content/MetaHumans/Gavin/Face/Materials/MI_EyeRefractive_Inst_R.uasset" 4196
"../../../../../../Users/sina/Desktop/dev/DuyguUE/Content/MetaHumans/Gavin/Materials/M_EyeLash_HigherLODs_Inst.uasset" 4197
"../../../../../../Users/sina/Desktop/dev/DuyguUE/Content/MetaHumans/Gavin/Materials/M_EyelashLowerLODs_Inst.uasset" 4198
"../../../../../../Users/sina/Desktop/dev/DuyguUE/Content/MetaHumans/Gavin/Materials/M_TeethCharacterCreator_Inst.uasset" 4199
"../../../../../../Users/sina/Desktop/dev/DuyguUE/Content/MetaHumans/Common/Common/Face_Archetype_LODSettings_Cinematic.uasset" 4200
"../../../../../../Users/sina/Desktop/dev/DuyguUE/Content/MetaHumans/Common/Face/Face_Archetype_Physics.uasset" 4201
"../../../../../../Users/sina/Desktop/dev/DuyguUE/Content/Characters/MannequinsXR/Materials/Functions/ChromaticCurve.uasset" 4202
"../../../../../../Users/sina/Desktop/dev/DuyguUE/Content/Characters/MannequinsXR/Materials/Functions/CA_Mannequin.uasset" 4203
"../../../../../../Users/sina/Desktop/dev/DuyguUE/Content/Characters/MannequinsXR/Textures/Shared/T_UE_Logo_M.uasset" 4204
"../../../../../../Users/sina/Desktop/dev/DuyguUE/Content/MetaHumans/Common/Face/ARKit/AS_MetaHuman_ARKit_Mapping.uasset" 4205
"../../../../../../Users/sina/Desktop/dev/DuyguUE/Content/MetaHumans/Common/Common/Mocap/mh_arkit_mapping_anim.uasset" 4206
"../../../../../../Users/sina/Desktop/dev/DuyguUE/Content/MetaHumans/Common/Materials/M_Facial_Hair.uasset" 4207
"../../../../../../Users/sina/Desktop/dev/DuyguUE/Content/MetaHumans/Common/Materials/M_hair_v4.uasset" 4208
"../../../../../../Users/sina/Desktop/dev/DuyguUE/Content/MetaHumans/Common/Materials/M_BodySkin.uasset" 4209
"../../../../../../Users/sina/Desktop/dev/DuyguUE/Content/MetaHumans/Common/Face/SubsurfaceProfiles/SSP_Head.uasset" 4210
"../../../../../../Users/sina/Desktop/dev/DuyguUE/Content/MetaHumans/Common/Materials/M_fabric_simpler.uasset" 4211
"../../../../../../Users/sina/Desktop/dev/DuyguUE/Content/MetaHumans/Common/Materials/Slacks/M_btm_slacks.uasset" 4212
"../../../../../../Users/sina/Desktop/dev/DuyguUE/Content/MetaHumans/Common/Common/metahuman_proc_ControlRig.uasset" 4213
"../../../../../../Users/sina/Desktop/dev/DuyguUE/Content/MetaHumans/Common/Face/HeadMovementIK_Proc_CtrlRig.uasset" 4214
"../../../../../../Users/sina/Desktop/dev/DuyguUE/Content/MetaHumans/Common/Male/Medium/NormalWeight/Poses/m_med_nrw_calf_l_pose.uasset" 4215
"../../../../../../Users/sina/Desktop/dev/DuyguUE/Content/MetaHumans/Common/Male/Medium/NormalWeight/Poses/m_med_nrw_calf_r_pose.uasset" 4216
"../../../../../../Users/sina/Desktop/dev/DuyguUE/Content/MetaHumans/Common/Male/Medium/NormalWeight/Poses/m_med_nrw_clavicle_l_pose.uasset" 4217
"../../../../../../Users/sina/Desktop/dev/DuyguUE/Content/MetaHumans/Common/Male/Medium/NormalWeight/Poses/m_med_nrw_clavicle_r_pose.uasset" 4218
"../../../../../../Users/sina/Desktop/dev/DuyguUE/Content/MetaHumans/Common/Male/Medium/NormalWeight/Poses/m_med_nrw_foot_l_pose.uasset" 4219
"../../../../../../Users/sina/Desktop/dev/DuyguUE/Content/MetaHumans/Common/Male/Medium/NormalWeight/Poses/m_med_nrw_foot_r_pose.uasset" 4220
"../../../../../../Users/sina/Desktop/dev/DuyguUE/Content/MetaHumans/Common/Male/Medium/NormalWeight/Poses/m_med_nrw_hand_l_pose.uasset" 4221
"../../../../../../Users/sina/Desktop/dev/DuyguUE/Content/MetaHumans/Common/Male/Medium/NormalWeight/Poses/m_med_nrw_hand_r_pose.uasset" 4222
"../../../../../../Users/sina/Desktop/dev/DuyguUE/Content/MetaHumans/Common/Male/Medium/NormalWeight/Poses/m_med_nrw_index_01_l_pose.uasset" 4223
"../../../../../../Users/sina/Desktop/dev/DuyguUE/Content/MetaHumans/Common/Male/Medium/NormalWeight/Poses/m_med_nrw_index_01_r_pose.uasset" 4224
"../../../../../../Users/sina/Desktop/dev/DuyguUE/Content/MetaHumans/Common/Male/Medium/NormalWeight/Poses/m_med_nrw_index_02_l_pose.uasset" 4225
"../../../../../../Users/sina/Desktop/dev/DuyguUE/Content/MetaHumans/Common/Male/Medium/NormalWeight/Poses/m_med_nrw_index_02_r_pose.uasset" 4226
"../../../../../../Users/sina/Desktop/dev/DuyguUE/Content/MetaHumans/Common/Male/Medium/NormalWeight/Poses/m_med_nrw_index_03_l_pose.uasset" 4227
"../../../../../../Users/sina/Desktop/dev/DuyguUE/Content/MetaHumans/Common/Male/Medium/NormalWeight/Poses/m_med_nrw_index_03_r_pose.uasset" 4228
"../../../../../../Users/sina/Desktop/dev/DuyguUE/Content/MetaHumans/Common/Male/Medium/NormalWeight/Poses/m_med_nrw_lowerarm_l_pose.uasset" 4229
"../../../../../../Users/sina/Desktop/dev/DuyguUE/Content/MetaHumans/Common/Male/Medium/NormalWeight/Poses/m_med_nrw_lowerarm_r_pose.uasset" 4230
"../../../../../../Users/sina/Desktop/dev/DuyguUE/Content/MetaHumans/Common/Male/Medium/NormalWeight/Poses/m_med_nrw_middle_01_l_pose.uasset" 4231
"../../../../../../Users/sina/Desktop/dev/DuyguUE/Content/MetaHumans/Common/Male/Medium/NormalWeight/Poses/m_med_nrw_middle_01_r_pose.uasset" 4232
"../../../../../../Users/sina/Desktop/dev/DuyguUE/Content/MetaHumans/Common/Male/Medium/NormalWeight/Poses/m_med_nrw_middle_02_l_pose.uasset" 4233
"../../../../../../Users/sina/Desktop/dev/DuyguUE/Content/MetaHumans/Common/Male/Medium/NormalWeight/Poses/m_med_nrw_middle_02_r_pose.uasset" 4234
"../../../../../../Users/sina/Desktop/dev/DuyguUE/Content/MetaHumans/Common/Male/Medium/NormalWeight/Poses/m_med_nrw_middle_03_l_pose.uasset" 4235
"../../../../../../Users/sina/Desktop/dev/DuyguUE/Content/MetaHumans/Common/Male/Medium/NormalWeight/Poses/m_med_nrw_middle_03_r_pose.uasset" 4236
"../../../../../../Users/sina/Desktop/dev/DuyguUE/Content/MetaHumans/Common/Male/Medium/NormalWeight/Poses/m_med_nrw_pinky_01_l_pose.uasset" 4237
"../../../../../../Users/sina/Desktop/dev/DuyguUE/Content/MetaHumans/Common/Male/Medium/NormalWeight/Poses/m_med_nrw_pinky_01_r_pose.uasset" 4238
"../../../../../../Users/sina/Desktop/dev/DuyguUE/Content/MetaHumans/Common/Male/Medium/NormalWeight/Poses/m_med_nrw_pinky_02_l_pose.uasset" 4239
"../../../../../../Users/sina/Desktop/dev/DuyguUE/Content/MetaHumans/Common/Male/Medium/NormalWeight/Poses/m_med_nrw_pinky_02_r_pose.uasset" 4240
"../../../../../../Users/sina/Desktop/dev/DuyguUE/Content/MetaHumans/Common/Male/Medium/NormalWeight/Poses/m_med_nrw_pinky_03_l_pose.uasset" 4241
"../../../../../../Users/sina/Desktop/dev/DuyguUE/Content/MetaHumans/Common/Male/Medium/NormalWeight/Poses/m_med_nrw_pinky_03_r_pose.uasset" 4242
"../../../../../../Users/sina/Desktop/dev/DuyguUE/Content/MetaHumans/Common/Male/Medium/NormalWeight/Poses/m_med_nrw_ring_01_l_pose.uasset" 4243
"../../../../../../Users/sina/Desktop/dev/DuyguUE/Content/MetaHumans/Common/Male/Medium/NormalWeight/Poses/m_med_nrw_ring_01_r_pose.uasset" 4244
"../../../../../../Users/sina/Desktop/dev/DuyguUE/Content/MetaHumans/Common/Male/Medium/NormalWeight/Poses/m_med_nrw_ring_02_l_pose.uasset" 4245
"../../../../../../Users/sina/Desktop/dev/DuyguUE/Content/MetaHumans/Common/Male/Medium/NormalWeight/Poses/m_med_nrw_ring_02_r_pose.uasset" 4246
"../../../../../../Users/sina/Desktop/dev/DuyguUE/Content/MetaHumans/Common/Male/Medium/NormalWeight/Poses/m_med_nrw_ring_03_l_pose.uasset" 4247
"../../../../../../Users/sina/Desktop/dev/DuyguUE/Content/MetaHumans/Common/Male/Medium/NormalWeight/Poses/m_med_nrw_ring_03_r_pose.uasset" 4248
"../../../../../../Users/sina/Desktop/dev/DuyguUE/Content/MetaHumans/Common/Male/Medium/NormalWeight/Poses/m_med_nrw_thigh_l_pose.uasset" 4249
"../../../../../../Users/sina/Desktop/dev/DuyguUE/Content/MetaHumans/Common/Male/Medium/NormalWeight/Poses/m_med_nrw_thigh_r_pose.uasset" 4250
"../../../../../../Users/sina/Desktop/dev/DuyguUE/Content/MetaHumans/Common/Male/Medium/NormalWeight/Poses/m_med_nrw_thumb_01_l_pose.uasset" 4251
"../../../../../../Users/sina/Desktop/dev/DuyguUE/Content/MetaHumans/Common/Male/Medium/NormalWeight/Poses/m_med_nrw_thumb_01_r_pose.uasset" 4252
"../../../../../../Users/sina/Desktop/dev/DuyguUE/Content/MetaHumans/Common/Male/Medium/NormalWeight/Poses/m_med_nrw_thumb_02_l_pose.uasset" 4253
"../../../../../../Users/sina/Desktop/dev/DuyguUE/Content/MetaHumans/Common/Male/Medium/NormalWeight/Poses/m_med_nrw_thumb_02_r_pose.uasset" 4254
"../../../../../../Users/sina/Desktop/dev/DuyguUE/Content/MetaHumans/Common/Male/Medium/NormalWeight/Poses/m_med_nrw_thumb_03_l_pose.uasset" 4255
"../../../../../../Users/sina/Desktop/dev/DuyguUE/Content/MetaHumans/Common/Male/Medium/NormalWeight/Poses/m_med_nrw_thumb_03_r_pose.uasset" 4256
"../../../../../../Users/sina/Desktop/dev/DuyguUE/Content/MetaHumans/Common/Male/Medium/NormalWeight/Poses/m_med_nrw_upperarm_l_pose.uasset" 4257
"../../../../../../Users/sina/Desktop/dev/DuyguUE/Content/MetaHumans/Common/Male/Medium/NormalWeight/Poses/m_med_nrw_upperarm_r_pose.uasset" 4258
"../../../../../../Users/sina/Desktop/dev/DuyguUE/Content/MetaHumans/Common/Face/CR_MetaHuman_HeadMovement_IK_Proc.uasset" 4259
"../../../../../../Users/sina/Desktop/dev/DuyguUE/Content/MetaHumans/Common/Face/Materials/M_EyeOcclusion.uasset" 4260
"../../../../../../Users/sina/Desktop/dev/DuyguUE/Content/MetaHumans/Common/Face/Materials/M_lacrimal_fluid.uasset" 4261
"../../../../../../Users/sina/Desktop/dev/DuyguUE/Content/MetaHumans/Common/Face/Materials/Baked/MI_HeadSynthesized_Baked.uasset" 4262
"../../../../../../Users/sina/Desktop/dev/DuyguUE/Content/MetaHumans/Common/Face/Textures/Default_SecColors.uasset" 4263
"../../../../../../Users/sina/Desktop/dev/DuyguUE/Content/MetaHumans/Common/Materials/Textures/T_SkinMicroNormal.uasset" 4264
"../../../../../../Users/sina/Desktop/dev/DuyguUE/Content/MetaHumans/Common/Textures/T_FlatNormal.uasset" 4265
"../../../../../../Users/sina/Desktop/dev/DuyguUE/Content/MetaHumans/Gavin/Face/FaceBakedGroomAttributeMap.uasset" 4266
"../../../../../../Users/sina/Desktop/dev/DuyguUE/Content/MetaHumans/Gavin/Face/FaceBakedGroomRootTipGradientRegionMasks.uasset" 4267
"../../../../../../Users/sina/Desktop/dev/DuyguUE/Content/MetaHumans/Gavin/Face/FaceCavity_MAIN.uasset" 4268
"../../../../../../Users/sina/Desktop/dev/DuyguUE/Content/MetaHumans/Gavin/Face/FaceColor_CM1.uasset" 4269
"../../../../../../Users/sina/Desktop/dev/DuyguUE/Content/MetaHumans/Gavin/Face/FaceColor_CM2.uasset" 4270
"../../../../../../Users/sina/Desktop/dev/DuyguUE/Content/MetaHumans/Gavin/Face/FaceColor_CM3.uasset" 4271
"../../../../../../Users/sina/Desktop/dev/DuyguUE/Content/MetaHumans/Gavin/Face/FaceColor_MAIN.uasset" 4272
"../../../../../../Users/sina/Desktop/dev/DuyguUE/Content/MetaHumans/Gavin/Face/FaceEyeLipstickMask.uasset" 4273
"../../../../../../Users/sina/Desktop/dev/DuyguUE/Content/MetaHumans/Gavin/Face/FaceFoundationBlusherMask.uasset" 4274
"../../../../../../Users/sina/Desktop/dev/DuyguUE/Content/MetaHumans/Gavin/Face/FaceNormal_MAIN.uasset" 4275
"../../../../../../Users/sina/Desktop/dev/DuyguUE/Content/MetaHumans/Gavin/Face/FaceNormal_WM1.uasset" 4276
"../../../../../../Users/sina/Desktop/dev/DuyguUE/Content/MetaHumans/Gavin/Face/FaceNormal_WM2.uasset" 4277
"../../../../../../Users/sina/Desktop/dev/DuyguUE/Content/MetaHumans/Gavin/Face/FaceNormal_WM3.uasset" 4278
"../../../../../../Users/sina/Desktop/dev/DuyguUE/Content/MetaHumans/Gavin/Face/FaceRoughness_MAIN.uasset" 4279
"../../../../../../Users/sina/Desktop/dev/DuyguUE/Content/MetaHumans/Gavin/Face/FaceBakedGroomAttributeMap_LOD.uasset" 4280
"../../../../../../Users/sina/Desktop/dev/DuyguUE/Content/MetaHumans/Gavin/Face/FaceBakedGroomRootTipGradientRegionMasks_LOD.uasset" 4281
"../../../../../../Users/sina/Desktop/dev/DuyguUE/Content/MetaHumans/Gavin/Face/FaceColor_MAIN_LOD.uasset" 4282
"../../../../../../Users/sina/Desktop/dev/DuyguUE/Content/MetaHumans/Gavin/Face/FaceNormal_MAIN_LOD.uasset" 4283
"../../../../../../Users/sina/Desktop/dev/DuyguUE/Content/MetaHumans/Gavin/Face/FaceRoughness_MAIN_LOD.uasset" 4284
"../../../../../../Users/sina/Desktop/dev/DuyguUE/Content/MetaHumans/Gavin/Face/T_BakedNormal_LOD3.uasset" 4285
"../../../../../../Users/sina/Desktop/dev/DuyguUE/Content/MetaHumans/Gavin/Face/T_BakedNormal_LOD4.uasset" 4286
"../../../../../../Users/sina/Desktop/dev/DuyguUE/Content/MetaHumans/Gavin/Face/FaceBakedGroomAttributeMap_LOD1.uasset" 4287
"../../../../../../Users/sina/Desktop/dev/DuyguUE/Content/MetaHumans/Gavin/Face/FaceBakedGroomRootTipGradientRegionMasks_LOD1.uasset" 4288
"../../../../../../Users/sina/Desktop/dev/DuyguUE/Content/MetaHumans/Gavin/Face/FaceColor_MAIN_LOD1.uasset" 4289
"../../../../../../Users/sina/Desktop/dev/DuyguUE/Content/MetaHumans/Gavin/Face/FaceNormal_MAIN_LOD1.uasset" 4290
"../../../../../../Users/sina/Desktop/dev/DuyguUE/Content/MetaHumans/Gavin/Face/FaceRoughness_MAIN_LOD1.uasset" 4291
"../../../../../../Users/sina/Desktop/dev/DuyguUE/Content/MetaHumans/Gavin/Face/T_BakedNormal_LOD5.uasset" 4292
"../../../../../../Users/sina/Desktop/dev/DuyguUE/Content/MetaHumans/Common/Face/Materials/MI_EyeRefractive_Inst_L.uasset" 4293
"../../../../../../Users/sina/Desktop/dev/DuyguUE/Content/MetaHumans/Common/Face/Textures/IrisTextures/iris_008/T_Iris_A_H.uasset" 4294
"../../../../../../Users/sina/Desktop/dev/DuyguUE/Content/MetaHumans/Common/Face/Textures/IrisTextures/iris_008/T_Iris_A_M.uasset" 4295
"../../../../../../Users/sina/Desktop/dev/DuyguUE/Content/MetaHumans/Common/Face/Materials/MI_EyeRefractive_Inst_R.uasset" 4296
"../../../../../../Users/sina/Desktop/dev/DuyguUE/Content/MetaHumans/Common/Materials/M_EyeLash_HigherLODs_Inst.uasset" 4297
"../../../../../../Users/sina/Desktop/dev/DuyguUE/Content/MetaHumans/Common/MaleHair/Textures/Eyelashes_S_Sparse_Coverage.uasset" 4298
"../../../../../../Users/sina/Desktop/dev/DuyguUE/Content/MetaHumans/Common/Materials/M_EyelashLowerLODs_Inst.uasset" 4299
"../../../../../../Users/sina/Desktop/dev/DuyguUE/Content/MetaHumans/Common/Materials/M_TeethCharacterCreator_Inst.uasset" 4300
"../../../Engine/Content/Functions/Engine_MaterialFunctions01/Coordinates/WorldUnitsInPixel.uasset" 4301
"../../../Engine/Content/Functions/Engine_MaterialFunctions01/Gradient/LinearGradient.uasset" 4302
"../../../Engine/Content/Functions/Engine_MaterialFunctions01/ImageAdjustment/CheapContrast.uasset" 4303
"../../../Engine/Content/Functions/Engine_MaterialFunctions02/Lerp_Multiple_Float.uasset" 4304
"../../../Engine/Content/Functions/Engine_MaterialFunctions02/Math/CreateThirdOrthogonalVector.uasset" 4305
"../../../Engine/Content/Functions/Engine_MaterialFunctions02/Math/Pi.uasset" 4306
"../../../Engine/Content/Functions/Engine_MaterialFunctions02/Math/TimeWithSpeedVariable.uasset" 4307
"../../../Engine/Content/Functions/Engine_MaterialFunctions02/SmoothStep.uasset" 4308
"../../../Engine/Content/Functions/Engine_MaterialFunctions02/Texturing/ScreenAlignedPixelToPixelUVs.uasset" 4309
"../../../Engine/Content/Functions/Engine_MaterialFunctions02/Utility/DitherTemporalAA.uasset" 4310
"../../../../../../Users/sina/Desktop/dev/DuyguUE/Content/MetaHumans/Common/Materials/MF_Hair_Color.uasset" 4311
"../../../../../../Users/sina/Desktop/dev/DuyguUE/Content/MetaHumans/Common/Materials/MF_Hair_ColorBlending.uasset" 4312
"../../../../../../Users/sina/Desktop/dev/DuyguUE/Content/MetaHumans/Common/Materials/MF_Hair_SaltAndPeper.uasset" 4313
"../../../../../../Users/sina/Desktop/dev/DuyguUE/Content/MetaHumans/Common/Materials/MF_Hair_SecondaryColors.uasset" 4314
"../../../../../../Users/sina/Desktop/dev/DuyguUE/Content/MetaHumans/Common/Materials/MF_HairAnisotropic.uasset" 4315
"../../../../../../Users/sina/Desktop/dev/DuyguUE/Content/MetaHumans/Common/Materials/MF_RedHairBoost.uasset" 4316
"../../../../../../Users/sina/Desktop/dev/DuyguUE/Content/MetaHumans/Common/Materials/MF_RGB2YCbCr.uasset" 4317
"../../../../../../Users/sina/Desktop/dev/DuyguUE/Content/MetaHumans/Common/Materials/MF_Variation.uasset" 4318
"../../../../../../Users/sina/Desktop/dev/DuyguUE/Content/MetaHumans/Common/Materials/MF_YCbCr2RGB.uasset" 4319
"../../../../../../Users/sina/Desktop/dev/DuyguUE/Content/MetaHumans/Common/Materials/MF_YCbCrAdjustments_BoostRedness.uasset" 4320
"../../../../../../Users/sina/Desktop/dev/DuyguUE/Content/MetaHumans/Common/Textures/T_Black_Linear.uasset" 4321
"../../../../../../Users/sina/Desktop/dev/DuyguUE/Content/MetaHumans/Common/Textures/T_TilingNoise_005.uasset" 4322
"../../../Engine/Content/Functions/Engine_MaterialFunctions02/Utility/BlendAngleCorrectedNormals.uasset" 4323
"../../../Engine/Content/Functions/Engine_MaterialFunctions03/Math/RemapValueRange.uasset" 4324
"../../../../../../Users/sina/Desktop/dev/DuyguUE/Content/MetaHumans/Common/Materials/DefaultTexture_LinearColor.uasset" 4325
"../../../../../../Users/sina/Desktop/dev/DuyguUE/Content/MetaHumans/Common/Textures/DefaultTexture_VT.uasset" 4326
"../../../../../../Users/sina/Desktop/dev/DuyguUE/Content/MetaHumans/Common/Textures/T_BodyHideMask.uasset" 4327
"../../../Engine/Content/Functions/Engine_MaterialFunctions01/Shading/MetallicShading.uasset" 4328
"../../../Engine/Content/Functions/Engine_MaterialFunctions03/Blends/Blend_Lighten.uasset" 4329
"../../../Engine/Content/Functions/Engine_MaterialFunctions03/Blends/Blend_Overlay.uasset" 4330
"../../../../../../Users/sina/Desktop/dev/DuyguUE/Content/MetaHumans/Common/Materials/MF_Passthrough.uasset" 4331
"../../../../../../Users/sina/Desktop/dev/DuyguUE/Content/MetaHumans/Common/Materials/Textures/Clothing/MaterialFunction/MatLayerBlend_Aniso.uasset" 4332
"../../../../../../Users/sina/Desktop/dev/DuyguUE/Content/MetaHumans/Common/Materials/Textures/Clothing/MaterialFunction/MF_AvgColorReplace.uasset" 4333
"../../../../../../Users/sina/Desktop/dev/DuyguUE/Content/MetaHumans/Common/Materials/Textures/Clothing/MaterialFunction/MF_PowerVariation.uasset" 4334
"../../../../../../Users/sina/Desktop/dev/DuyguUE/Content/MetaHumans/Common/Materials/Textures/Clothing/MaterialFunction/MF_PrintGraphic.uasset" 4335
"../../../../../../Users/sina/Desktop/dev/DuyguUE/Content/MetaHumans/Common/Materials/Textures/Clothing/MaterialFunction/MF_PrintRepeats.uasset" 4336
"../../../../../../Users/sina/Desktop/dev/DuyguUE/Content/MetaHumans/Common/Materials/Textures/Clothing/upresTest/MF_NormalStrength.uasset" 4337
"../../../Engine/Content/EngineMaterials/BlendFunc_DefBase.uasset" 4338
"../../../Engine/Content/EngineMaterials/BlendFunc_DefBlend.uasset" 4339
"../../../../../../Users/sina/Desktop/dev/DuyguUE/Content/MetaHumans/Common/Materials/Textures/Clothing/clothing_AO.uasset" 4340
"../../../../../../Users/sina/Desktop/dev/DuyguUE/Content/MetaHumans/Common/Materials/Textures/Clothing/clothing_N.uasset" 4341
"../../../../../../Users/sina/Desktop/dev/DuyguUE/Content/MetaHumans/Common/Materials/Textures/Clothing/DefaultMaps/black_masks.uasset" 4342
"../../../../../../Users/sina/Desktop/dev/DuyguUE/Content/MetaHumans/Common/Materials/Textures/Clothing/DefaultMaps/Clothing_Default_Mask.uasset" 4343
"../../../../../../Users/sina/Desktop/dev/DuyguUE/Content/MetaHumans/Common/Materials/Textures/Clothing/DefaultMaps/WhiteSquareTexture.uasset" 4344
"../../../../../../Users/sina/Desktop/dev/DuyguUE/Content/MetaHumans/Common/Materials/Textures/Clothing/Micros/micro_weave_denim_diffuse.uasset" 4345
"../../../../../../Users/sina/Desktop/dev/DuyguUE/Content/MetaHumans/Common/Materials/Slacks/btm_slacks_AO.uasset" 4346
"../../../../../../Users/sina/Desktop/dev/DuyguUE/Content/MetaHumans/Common/Materials/Slacks/btm_slacks_N.uasset" 4347
"../../../../../../Users/sina/Desktop/dev/DuyguUE/Content/MetaHumans/Common/Materials/Slacks/f_med_nrw_btm_slacks_nrm_custom_stitch.uasset" 4348
"../../../../../../Users/sina/Desktop/dev/DuyguUE/Content/MetaHumans/Common/Controls/MHGizmoLibrary.uasset" 4349
"../../../../../../Users/sina/Desktop/dev/DuyguUE/Content/MetaHumans/Common/Male/Medium/NormalWeight/Poses/m_med_nrw_calf_l_anim.uasset" 4350
"../../../../../../Users/sina/Desktop/dev/DuyguUE/Content/MetaHumans/Common/Male/Medium/NormalWeight/Poses/m_med_nrw_calf_r_anim.uasset" 4351
"../../../../../../Users/sina/Desktop/dev/DuyguUE/Content/MetaHumans/Common/Male/Medium/NormalWeight/Poses/m_med_nrw_clavicle_l_anim.uasset" 4352
"../../../../../../Users/sina/Desktop/dev/DuyguUE/Content/MetaHumans/Common/Male/Medium/NormalWeight/Poses/m_med_nrw_clavicle_r_anim.uasset" 4353
"../../../../../../Users/sina/Desktop/dev/DuyguUE/Content/MetaHumans/Common/Male/Medium/NormalWeight/Poses/m_med_nrw_foot_l_anim.uasset" 4354
"../../../../../../Users/sina/Desktop/dev/DuyguUE/Content/MetaHumans/Common/Male/Medium/NormalWeight/Poses/m_med_nrw_foot_r_anim.uasset" 4355
"../../../../../../Users/sina/Desktop/dev/DuyguUE/Content/MetaHumans/Common/Male/Medium/NormalWeight/Poses/m_med_nrw_hand_l_anim.uasset" 4356
"../../../../../../Users/sina/Desktop/dev/DuyguUE/Content/MetaHumans/Common/Male/Medium/NormalWeight/Poses/m_med_nrw_hand_r_anim.uasset" 4357
"../../../../../../Users/sina/Desktop/dev/DuyguUE/Content/MetaHumans/Common/Male/Medium/NormalWeight/Poses/m_med_nrw_index_01_l_anim.uasset" 4358
"../../../../../../Users/sina/Desktop/dev/DuyguUE/Content/MetaHumans/Common/Male/Medium/NormalWeight/Poses/m_med_nrw_index_01_r_anim.uasset" 4359
"../../../../../../Users/sina/Desktop/dev/DuyguUE/Content/MetaHumans/Common/Male/Medium/NormalWeight/Poses/m_med_nrw_index_02_l_anim.uasset" 4360
"../../../../../../Users/sina/Desktop/dev/DuyguUE/Content/MetaHumans/Common/Male/Medium/NormalWeight/Poses/m_med_nrw_index_02_r_anim.uasset" 4361
"../../../../../../Users/sina/Desktop/dev/DuyguUE/Content/MetaHumans/Common/Male/Medium/NormalWeight/Poses/m_med_nrw_index_03_l_anim.uasset" 4362
"../../../../../../Users/sina/Desktop/dev/DuyguUE/Content/MetaHumans/Common/Male/Medium/NormalWeight/Poses/m_med_nrw_index_03_r_anim.uasset" 4363
"../../../../../../Users/sina/Desktop/dev/DuyguUE/Content/MetaHumans/Common/Male/Medium/NormalWeight/Poses/m_med_nrw_lowerarm_l_anim.uasset" 4364
"../../../../../../Users/sina/Desktop/dev/DuyguUE/Content/MetaHumans/Common/Male/Medium/NormalWeight/Poses/m_med_nrw_lowerarm_r_anim.uasset" 4365
"../../../../../../Users/sina/Desktop/dev/DuyguUE/Content/MetaHumans/Common/Male/Medium/NormalWeight/Poses/m_med_nrw_middle_01_l_anim.uasset" 4366
"../../../../../../Users/sina/Desktop/dev/DuyguUE/Content/MetaHumans/Common/Male/Medium/NormalWeight/Poses/m_med_nrw_middle_01_r_anim.uasset" 4367
"../../../../../../Users/sina/Desktop/dev/DuyguUE/Content/MetaHumans/Common/Male/Medium/NormalWeight/Poses/m_med_nrw_middle_02_l_anim.uasset" 4368
"../../../../../../Users/sina/Desktop/dev/DuyguUE/Content/MetaHumans/Common/Male/Medium/NormalWeight/Poses/m_med_nrw_middle_02_r_anim.uasset" 4369
"../../../../../../Users/sina/Desktop/dev/DuyguUE/Content/MetaHumans/Common/Male/Medium/NormalWeight/Poses/m_med_nrw_middle_03_l_anim.uasset" 4370
"../../../../../../Users/sina/Desktop/dev/DuyguUE/Content/MetaHumans/Common/Male/Medium/NormalWeight/Poses/m_med_nrw_middle_03_r_anim.uasset" 4371
"../../../../../../Users/sina/Desktop/dev/DuyguUE/Content/MetaHumans/Common/Male/Medium/NormalWeight/Poses/m_med_nrw_pinky_01_l_anim.uasset" 4372
"../../../../../../Users/sina/Desktop/dev/DuyguUE/Content/MetaHumans/Common/Male/Medium/NormalWeight/Poses/m_med_nrw_pinky_01_r_anim.uasset" 4373
"../../../../../../Users/sina/Desktop/dev/DuyguUE/Content/MetaHumans/Common/Male/Medium/NormalWeight/Poses/m_med_nrw_pinky_02_l_anim.uasset" 4374
"../../../../../../Users/sina/Desktop/dev/DuyguUE/Content/MetaHumans/Common/Male/Medium/NormalWeight/Poses/m_med_nrw_pinky_02_r_anim.uasset" 4375
"../../../../../../Users/sina/Desktop/dev/DuyguUE/Content/MetaHumans/Common/Male/Medium/NormalWeight/Poses/m_med_nrw_pinky_03_l_anim.uasset" 4376
"../../../../../../Users/sina/Desktop/dev/DuyguUE/Content/MetaHumans/Common/Male/Medium/NormalWeight/Poses/m_med_nrw_pinky_03_r_anim.uasset" 4377
"../../../../../../Users/sina/Desktop/dev/DuyguUE/Content/MetaHumans/Common/Male/Medium/NormalWeight/Poses/m_med_nrw_ring_01_l_anim.uasset" 4378
"../../../../../../Users/sina/Desktop/dev/DuyguUE/Content/MetaHumans/Common/Male/Medium/NormalWeight/Poses/m_med_nrw_ring_01_r_anim.uasset" 4379
"../../../../../../Users/sina/Desktop/dev/DuyguUE/Content/MetaHumans/Common/Male/Medium/NormalWeight/Poses/m_med_nrw_ring_02_l_anim.uasset" 4380
"../../../../../../Users/sina/Desktop/dev/DuyguUE/Content/MetaHumans/Common/Male/Medium/NormalWeight/Poses/m_med_nrw_ring_02_r_anim.uasset" 4381
"../../../../../../Users/sina/Desktop/dev/DuyguUE/Content/MetaHumans/Common/Male/Medium/NormalWeight/Poses/m_med_nrw_ring_03_l_anim.uasset" 4382
"../../../../../../Users/sina/Desktop/dev/DuyguUE/Content/MetaHumans/Common/Male/Medium/NormalWeight/Poses/m_med_nrw_ring_03_r_anim.uasset" 4383
"../../../../../../Users/sina/Desktop/dev/DuyguUE/Content/MetaHumans/Common/Male/Medium/NormalWeight/Poses/m_med_nrw_thigh_l_anim.uasset" 4384
"../../../../../../Users/sina/Desktop/dev/DuyguUE/Content/MetaHumans/Common/Male/Medium/NormalWeight/Poses/m_med_nrw_thigh_r_anim.uasset" 4385
"../../../../../../Users/sina/Desktop/dev/DuyguUE/Content/MetaHumans/Common/Male/Medium/NormalWeight/Poses/m_med_nrw_thumb_01_l_anim.uasset" 4386
"../../../../../../Users/sina/Desktop/dev/DuyguUE/Content/MetaHumans/Common/Male/Medium/NormalWeight/Poses/m_med_nrw_thumb_01_r_anim.uasset" 4387
"../../../../../../Users/sina/Desktop/dev/DuyguUE/Content/MetaHumans/Common/Male/Medium/NormalWeight/Poses/m_med_nrw_thumb_02_l_anim.uasset" 4388
"../../../../../../Users/sina/Desktop/dev/DuyguUE/Content/MetaHumans/Common/Male/Medium/NormalWeight/Poses/m_med_nrw_thumb_02_r_anim.uasset" 4389
"../../../../../../Users/sina/Desktop/dev/DuyguUE/Content/MetaHumans/Common/Male/Medium/NormalWeight/Poses/m_med_nrw_thumb_03_l_anim.uasset" 4390
"../../../../../../Users/sina/Desktop/dev/DuyguUE/Content/MetaHumans/Common/Male/Medium/NormalWeight/Poses/m_med_nrw_thumb_03_r_anim.uasset" 4391
"../../../../../../Users/sina/Desktop/dev/DuyguUE/Content/MetaHumans/Common/Male/Medium/NormalWeight/Poses/m_med_nrw_upperarm_l_anim.uasset" 4392
"../../../../../../Users/sina/Desktop/dev/DuyguUE/Content/MetaHumans/Common/Male/Medium/NormalWeight/Poses/m_med_nrw_upperarm_r_anim.uasset" 4393
"../../Plugins/Animation/ControlRig/Content/Controls/DefaultGizmoLibrary.uasset" 4394
"../../../../../../Users/sina/Desktop/dev/DuyguUE/Content/MetaHumans/Common/Controls/CRSL_MetaHuman_Gizmo.uasset" 4395
"../../../../../../Users/sina/Desktop/dev/DuyguUE/Content/MetaHumans/Common/Face/MaterialFunctions/MF_PathTracingQualitySwitch.uasset" 4396
"../../../Engine/Content/Functions/Engine_MaterialFunctions01/Texturing/FlattenNormal.uasset" 4397
"../../../../../../Users/sina/Desktop/dev/DuyguUE/Content/MetaHumans/Common/Face/Textures/T_lacrimal_h.uasset" 4398
"../../../../../../Users/sina/Desktop/dev/DuyguUE/Content/MetaHumans/Common/Face/Textures/T_lacrimal_n.uasset" 4399
"../../../../../../Users/sina/Desktop/dev/DuyguUE/Content/MetaHumans/Common/Face/Materials/Baked/M_Head_Baked.uasset" 4400
"../../../../../../Users/sina/Desktop/dev/DuyguUE/Content/MetaHumans/Common/Face/Materials/M_EyeRefractive.uasset" 4401
"../../../../../../Users/sina/Desktop/dev/DuyguUE/Content/MetaHumans/Common/Face/SubsurfaceProfiles/SSP_Eye_Inner.uasset" 4402
"../../../../../../Users/sina/Desktop/dev/DuyguUE/Content/MetaHumans/Common/Materials/M_Eyelashes_Cards.uasset" 4403
"../../../../../../Users/sina/Desktop/dev/DuyguUE/Content/MetaHumans/Common/Materials/T_Black_Linear.uasset" 4404
"../../../../../../Users/sina/Desktop/dev/DuyguUE/Content/MetaHumans/Common/Materials/M_Teeth.uasset" 4405
"../../../../../../Users/sina/Desktop/dev/DuyguUE/Content/MetaHumans/Common/Materials/SP_TeethCharacterCreator.uasset" 4406
"../../../Engine/Content/Animation/DefaultAnimBoneCompressionSettings.uasset" 4407
"../../../Engine/Content/Functions/Engine_MaterialFunctions02/Utility/MakeFloat4.uasset" 4408
"../../../../../../Users/sina/Desktop/dev/DuyguUE/Content/MetaHumans/Common/Face/MaterialFunctions/Grooms/MF_BakedGroomTexturesCombined.uasset" 4409
"../../../../../../Users/sina/Desktop/dev/DuyguUE/Content/MetaHumans/Common/Face/MaterialFunctions/Head/MF_HeadMask_01.uasset" 4410
"../../../../../../Users/sina/Desktop/dev/DuyguUE/Content/MetaHumans/Common/Face/MaterialFunctions/Head/MF_HeadMask_01A.uasset" 4411
"../../../../../../Users/sina/Desktop/dev/DuyguUE/Content/MetaHumans/Common/Face/MaterialFunctions/Head/MF_HeadMask_02.uasset" 4412
"../../../../../../Users/sina/Desktop/dev/DuyguUE/Content/MetaHumans/Common/Face/MaterialFunctions/Head/MF_HeadMask_02A.uasset" 4413
"../../../../../../Users/sina/Desktop/dev/DuyguUE/Content/MetaHumans/Common/Face/MaterialFunctions/Head/MF_HeadMask_03.uasset" 4414
"../../../../../../Users/sina/Desktop/dev/DuyguUE/Content/MetaHumans/Common/Face/MaterialFunctions/Head/MF_HeadMask_03A.uasset" 4415
"../../../../../../Users/sina/Desktop/dev/DuyguUE/Content/MetaHumans/Common/Face/MaterialFunctions/Head/MF_HeadMask_TexArraySample.uasset" 4416
"../../../../../../Users/sina/Desktop/dev/DuyguUE/Content/MetaHumans/Common/Face/MaterialFunctions/Head/MF_RoughnessMult.uasset" 4417
"../../../../../../Users/sina/Desktop/dev/DuyguUE/Content/MetaHumans/Common/Face/MaterialFunctions/MF_AnimatedMaps.uasset" 4418
"../../../../../../Users/sina/Desktop/dev/DuyguUE/Content/MetaHumans/Common/Face/ArtistDelights/SkinAccents/T_SkinAccentRegions_002.uasset" 4419
"../../../../../../Users/sina/Desktop/dev/DuyguUE/Content/MetaHumans/Common/Face/Textures/RoughnessRegionsMasks/T_RoughnessRegions_001.uasset" 4420
"../../../../../../Users/sina/Desktop/dev/DuyguUE/Content/MetaHumans/Common/Face/Textures/RoughnessRegionsMasks/T_RoughnessRegions_002.uasset" 4421
"../../../../../../Users/sina/Desktop/dev/DuyguUE/Content/MetaHumans/Common/Face/Textures/RoughnessRegionsMasks/T_RoughnessRegions_003.uasset" 4422
"../../../../../../Users/sina/Desktop/dev/DuyguUE/Content/MetaHumans/Common/Face/Textures/RoughnessRegionsMasks/T_RoughnessRegions_004.uasset" 4423
"../../../../../../Users/sina/Desktop/dev/DuyguUE/Content/MetaHumans/Common/Face/Textures/RoughnessRegionsMasks/T_RoughnessRegions_005.uasset" 4424
"../../../../../../Users/sina/Desktop/dev/DuyguUE/Content/MetaHumans/Common/Face/Textures/RoughnessRegionsMasks/T_RoughnessRegions_006.uasset" 4425
"../../../../../../Users/sina/Desktop/dev/DuyguUE/Content/MetaHumans/Common/Face/Textures/RoughnessRegionsMasks/T_RoughnessRegions_007.uasset" 4426
"../../../../../../Users/sina/Desktop/dev/DuyguUE/Content/MetaHumans/Common/Face/Textures/T_1x1_BakedGroomTextureBase.uasset" 4427
"../../../../../../Users/sina/Desktop/dev/DuyguUE/Content/MetaHumans/Common/Face/Textures/T_DefaultTextureLinear.uasset" 4428
"../../../../../../Users/sina/Desktop/dev/DuyguUE/Content/MetaHumans/Common/Face/Textures/T_MH_BentNormal_AO.uasset" 4429
"../../../../../../Users/sina/Desktop/dev/DuyguUE/Content/MetaHumans/Common/Face/Textures/Utilities/AnimMasks/T_head_wm13_msk_01.uasset" 4430
"../../../../../../Users/sina/Desktop/dev/DuyguUE/Content/MetaHumans/Common/Face/Textures/Utilities/AnimMasks/T_head_wm1_msk_01.uasset" 4431
"../../../../../../Users/sina/Desktop/dev/DuyguUE/Content/MetaHumans/Common/Face/Textures/Utilities/AnimMasks/T_head_wm1_msk_02.uasset" 4432
"../../../../../../Users/sina/Desktop/dev/DuyguUE/Content/MetaHumans/Common/Face/Textures/Utilities/AnimMasks/T_head_wm1_msk_03.uasset" 4433
"../../../../../../Users/sina/Desktop/dev/DuyguUE/Content/MetaHumans/Common/Face/Textures/Utilities/AnimMasks/T_head_wm1_msk_04.uasset" 4434
"../../../../../../Users/sina/Desktop/dev/DuyguUE/Content/MetaHumans/Common/Face/Textures/Utilities/AnimMasks/T_head_wm2_msk_01.uasset" 4435
"../../../../../../Users/sina/Desktop/dev/DuyguUE/Content/MetaHumans/Common/Face/Textures/Utilities/AnimMasks/T_head_wm2_msk_02.uasset" 4436
"../../../../../../Users/sina/Desktop/dev/DuyguUE/Content/MetaHumans/Common/Face/Textures/Utilities/AnimMasks/T_head_wm2_msk_03.uasset" 4437
"../../../../../../Users/sina/Desktop/dev/DuyguUE/Content/MetaHumans/Common/Face/Textures/Utilities/AnimMasks/T_head_wm3_msk_01.uasset" 4438
"../../../../../../Users/sina/Desktop/dev/DuyguUE/Content/MetaHumans/Common/Face/Textures/Utilities/AnimMasks/T_head_wm3_msk_02.uasset" 4439
"../../../../../../Users/sina/Desktop/dev/DuyguUE/Content/MetaHumans/Common/Face/Textures/Utilities/AnimMasks/T_head_wm_msk_Array.uasset" 4440
"../../../Engine/Content/Functions/Engine_MaterialFunctions02/Lerp_3Color.uasset" 4441
"../../../Engine/Content/Functions/Engine_MaterialFunctions02/Math/InverseTransformMatrix.uasset" 4442
"../../../Engine/Content/Functions/Engine_MaterialFunctions02/Math/TransformToZVector.uasset" 4443
"../../../Engine/Content/Functions/Engine_MaterialFunctions02/TangentBasis.uasset" 4444
"../../../../../../Users/sina/Desktop/dev/DuyguUE/Content/MetaHumans/Common/Face/MaterialFunctions/Eye/MF_EyeRefraction.uasset" 4445
"../../../../../../Users/sina/Desktop/dev/DuyguUE/Content/MetaHumans/Common/Face/MaterialFunctions/Eye/MF_IrisGenerator.uasset" 4446
"../../../../../../Users/sina/Desktop/dev/DuyguUE/Content/MetaHumans/Common/Face/MaterialFunctions/Eye/MF_IrisUVMask.uasset" 4447
"../../../../../../Users/sina/Desktop/dev/DuyguUE/Content/MetaHumans/Common/Face/MaterialFunctions/Eye/MF_ParallaxOcclusionMappingEye.uasset" 4448
"../../../../../../Users/sina/Desktop/dev/DuyguUE/Content/MetaHumans/Common/Face/MaterialFunctions/Eye/MF_RefractionDirection.uasset" 4449
"../../../Engine/Content/EngineVolumetrics/Fogsheet/Materials/T_EV_BlankWhite_01.uasset" 4450
"../../../../../../Users/sina/Desktop/dev/DuyguUE/Content/MetaHumans/Common/Face/Textures/IrisTextures/iris_001/T_Iris_A_H.uasset" 4451
"../../../../../../Users/sina/Desktop/dev/DuyguUE/Content/MetaHumans/Common/Face/Textures/IrisTextures/iris_001/T_Iris_A_M.uasset" 4452
"../../../../../../Users/sina/Desktop/dev/DuyguUE/Content/MetaHumans/Common/Face/Textures/T_Eye_N.uasset" 4453
"../../../../../../Users/sina/Desktop/dev/DuyguUE/Content/MetaHumans/Common/Face/Textures/T_EyeMidPlaneDisplacement.uasset" 4454
"../../../../../../Users/sina/Desktop/dev/DuyguUE/Content/MetaHumans/Common/Face/Textures/T_iris_color_picker.uasset" 4455
"../../../../../../Users/sina/Desktop/dev/DuyguUE/Content/MetaHumans/Common/Face/Textures/T_Sclera_D.uasset" 4456
"../../../../../../Users/sina/Desktop/dev/DuyguUE/Content/MetaHumans/Common/Face/Textures/T_Sclera_N.uasset" 4457
"../../../../../../Users/sina/Desktop/dev/DuyguUE/Content/MetaHumans/Common/Face/Textures/T_sclera_tint_picker.uasset" 4458
"../../../../../../Users/sina/Desktop/dev/DuyguUE/Content/MetaHumans/Common/Face/Textures/T_TilingNoise_001.uasset" 4459
"../../../../../../Users/sina/Desktop/dev/DuyguUE/Content/MetaHumans/Common/Face/Textures/T_Veins_D.uasset" 4460
"../../../Engine/Content/Functions/Engine_MaterialFunctions02/Masking/ThresholdWithRange.uasset" 4461
"../../../Engine/Content/Functions/Engine_MaterialFunctions02/Utility/CustomReflectionVector.uasset" 4462
"../../../../../../Users/sina/Desktop/dev/DuyguUE/Content/MetaHumans/Common/Materials/Textures/gums_color_picker.uasset" 4463
"../../../../../../Users/sina/Desktop/dev/DuyguUE/Content/MetaHumans/Common/Materials/Textures/gums_div_001.uasset" 4464
"../../../../../../Users/sina/Desktop/dev/DuyguUE/Content/MetaHumans/Common/Materials/Textures/plaque_color_picker.uasset" 4465
"../../../../../../Users/sina/Desktop/dev/DuyguUE/Content/MetaHumans/Common/Materials/Textures/skin_n.uasset" 4466
"../../../../../../Users/sina/Desktop/dev/DuyguUE/Content/MetaHumans/Common/Materials/Textures/T_Teeth_mouthOcc.uasset" 4467
"../../../../../../Users/sina/Desktop/dev/DuyguUE/Content/MetaHumans/Common/Materials/Textures/teeth_color_map_001.uasset" 4468
"../../../../../../Users/sina/Desktop/dev/DuyguUE/Content/MetaHumans/Common/Materials/Textures/teeth_color_picker_001.uasset" 4469
"../../../../../../Users/sina/Desktop/dev/DuyguUE/Content/MetaHumans/Common/Materials/Textures/teeth_masks_001.uasset" 4470
"../../../../../../Users/sina/Desktop/dev/DuyguUE/Content/MetaHumans/Common/Materials/Textures/teeth_normal_map.uasset" 4471
"../../../../../../Users/sina/Desktop/dev/DuyguUE/Content/MetaHumans/Common/Materials/Textures/teeth_sharpNormal_map.uasset" 4472
"../../../../../../Users/sina/Desktop/dev/DuyguUE/Content/MetaHumans/Common/Materials/Textures/TeethGumsNormal.uasset" 4473
"../../../../../../Users/sina/Desktop/dev/DuyguUE/Content/MetaHumans/Common/Face/Textures/Utilities/AnimMasks/T_head_wm1_msk_04a.uasset" 4474
"../../../../../../Users/sina/Desktop/dev/DuyguUE/Content/MetaHumans/Common/Face/Textures/Utilities/AnimMasks/T_head_wm2_msk_03a.uasset" 4475
"/HairStrands/Emitters/StableSpringsSystem" 4476
"../../Plugins/Runtime/HairStrands/Content/Emitters/StableSpringsSystem.uasset" 4477
"../../Plugins/Runtime/HairStrands/Content/Materials/NiagaraHairMaterial.uasset" 4478
"../../Plugins/Runtime/HairStrands/Content/Emitters/StableSpringsEmitter.uasset" 4479
"../../Plugins/Runtime/HairStrands/Content/Emitters/AdvanceGroomState.uasset" 4480
"../../Plugins/Runtime/HairStrands/Content/Emitters/AttachGroomRoots.uasset" 4481
"../../Plugins/Runtime/HairStrands/Content/Emitters/ReportGroomPosition.uasset" 4482
"../../Plugins/Runtime/HairStrands/Content/Emitters/ResetGroomPoints.uasset" 4483
"../../Plugins/Runtime/HairStrands/Content/Emitters/RewindStableState.uasset" 4484
"../../Plugins/Runtime/HairStrands/Content/Emitters/SetGroomLocation.uasset" 4485
"../../Plugins/Runtime/HairStrands/Content/Emitters/SetupGridDatas.uasset" 4486
"../../Plugins/Runtime/HairStrands/Content/Emitters/SetupGroomPhysics.uasset" 4487
"../../Plugins/Runtime/HairStrands/Content/Emitters/SpawnStableNodes.uasset" 4488
"../../Plugins/Runtime/HairStrands/Content/Emitters/StoreGroomState.uasset" 4489
"../../Plugins/Runtime/HairStrands/Content/Emitters/TransferGridVelocity.uasset" 4490
"../../Plugins/Runtime/HairStrands/Content/Emitters/UpdateGridVelocity.uasset" 4491
"../../Plugins/Runtime/HairStrands/Content/Emitters/AdvectGroomState.uasset" 4492
"../../Plugins/Runtime/HairStrands/Content/Emitters/IncrementStepIndex.uasset" 4493
"../../Plugins/Runtime/HairStrands/Content/Emitters/InterpolateGroomRoots.uasset" 4494
"../../Plugins/Runtime/HairStrands/Content/Emitters/ProjectGroomState.uasset" 4495
"../../Plugins/Runtime/HairStrands/Content/Emitters/SolveGroomState.uasset" 4496
"../../Plugins/FX/Niagara/Content/Functions/Rotation/InvertQuaternion.uasset" 4497
"../../Plugins/FX/Niagara/Content/Functions/Rotation/SlerpQuaternion.uasset" 4498
"../../Plugins/Runtime/HairStrands/Content/Emitters/ExtractSharedOrientation.uasset" 4499
"../../Plugins/Runtime/HairStrands/Content/Emitters/ExtractSharedPosition.uasset" 4500
"../../Plugins/Runtime/HairStrands/Content/Emitters/ProjectRodConstraints.uasset" 4501
"../../Plugins/Runtime/HairStrands/Content/Emitters/ProjectSpringConstraints.uasset" 4502
"../../Plugins/Runtime/HairStrands/Content/Emitters/ReportSharedOrientation.uasset" 4503
"../../Plugins/Runtime/HairStrands/Content/Emitters/ReportSharedPosition.uasset" 4504
"../../Plugins/Runtime/HairStrands/Content/Emitters/SolveRodConstraints.uasset" 4505
"../../Plugins/Runtime/HairStrands/Content/Emitters/SolveSpringConstraints.uasset" 4506
"../../Plugins/FX/Niagara/Content/Functions/Rotation/AngleBetweenQuaternions.uasset" 4507
"../../Plugins/FX/Niagara/Content/Functions/Trig/SinXoverXinRadians.uasset" 4508
"/Game/VintageRoom/Meshes/SM_Vintage_Interior_Module_T" 4509
"../../../../../../Users/sina/Desktop/dev/DuyguUE/Content/VintageRoom/Materials/MI_Vintage_OuterWall_Skirting.uasset" 4510
"../../../../../../Users/sina/Desktop/dev/DuyguUE/Content/VintageRoom/Materials/MI_Vintage_Wall_Wooden_Parts.uasset" 4511
"../../../../../../Users/sina/Desktop/dev/DuyguUE/Content/VintageRoom/Materials/MI_Vintage_WallPaper01.uasset" 4512
"../../../../../../Users/sina/Desktop/dev/DuyguUE/Content/VintageRoom/Materials/MM_Basic_PBR.uasset" 4513
"../../../../../../Users/sina/Desktop/dev/DuyguUE/Content/VintageRoom/Textures/T_Wall_CrossSections_2K_B.uasset" 4514
"../../../../../../Users/sina/Desktop/dev/DuyguUE/Content/VintageRoom/Textures/T_Wall_CrossSections_2K_N.uasset" 4515
"../../../../../../Users/sina/Desktop/dev/DuyguUE/Content/VintageRoom/Textures/T_Wall_CrossSections_2K_O.uasset" 4516
"../../../../../../Users/sina/Desktop/dev/DuyguUE/Content/VintageRoom/Textures/T_Wall_CrossSections_2K_ORM.uasset" 4517
"../../../../../../Users/sina/Desktop/dev/DuyguUE/Content/VintageRoom/Textures/T_Wall_Wooden_Parts_2K_B.uasset" 4518
"../../../../../../Users/sina/Desktop/dev/DuyguUE/Content/VintageRoom/Textures/T_Wall_Wooden_Parts_2K_N.uasset" 4519
"../../../../../../Users/sina/Desktop/dev/DuyguUE/Content/VintageRoom/Textures/T_Wall_Wooden_Parts_2K_ORM.uasset" 4520
"../../../../../../Users/sina/Desktop/dev/DuyguUE/Content/VintageRoom/Textures/T_WallPaper_2K_B.uasset" 4521
"../../../../../../Users/sina/Desktop/dev/DuyguUE/Content/VintageRoom/Textures/T_WallPaper_2K_N.uasset" 4522
"../../../../../../Users/sina/Desktop/dev/DuyguUE/Content/VintageRoom/Textures/T_WallPaper_2K_ORM.uasset" 4523
"../../../../../../Users/sina/Desktop/dev/DuyguUE/Content/VintageRoom/Materials/MF_Channel_Masks.uasset" 4524
"../../../../../../Users/sina/Desktop/dev/DuyguUE/Content/VintageRoom/Materials/MF_Channel_Masks_Emission.uasset" 4525
"../../../../../../Users/sina/Desktop/dev/DuyguUE/Content/VintageRoom/Materials/MF_RemapValues.uasset" 4526
"../../../../../../Users/sina/Desktop/dev/DuyguUE/Content/VintageRoom/Textures/T_F_B.uasset" 4527
"../../../../../../Users/sina/Desktop/dev/DuyguUE/Content/VintageRoom/Textures/T_F_N.uasset" 4528
"../../../../../../Users/sina/Desktop/dev/DuyguUE/Content/VintageRoom/Textures/T_F_ORM.uasset" 4529
"../../../../../../Users/sina/Desktop/dev/DuyguUE/Content/VintageRoom/Textures/T_Mask.uasset" 4530
"../../../../../../Users/sina/Desktop/dev/DuyguUE/Content/VintageRoom/Textures/T_RGB_Mask.uasset" 4531
"/Game/VintageRoom/Textures/T_SM_Pitcher_01a_1024_B" 4532
"/Game/VintageRoom/Materials/MI_Pitcher" 4533
"/Game/VintageRoom/Meshes/SM_Pitcher" 4534
"/Game/VintageRoom/Meshes/SM_Vintage_Interior_Module_Wall" 4535
"/Game/VintageRoom/Textures/T_Side_Table_01_4K_ORM" 4536
"/Game/VintageRoom/Textures/T_Side_Table_01_4K_N" 4537
"/Game/VintageRoom/Textures/T_Side_Table_01_4K_B" 4538
"/Game/VintageRoom/Materials/MI_SideTable" 4539
"/Game/VintageRoom/Meshes/SM_Side_Table_01" 4540
"/Game/VintageRoom/Textures/T_Phone_01a_4096_ORM" 4541
"/Game/VintageRoom/Textures/T_Phone_01a_4096_N" 4542
"/Game/VintageRoom/Textures/T_Phone_01a_4096_B" 4543
"/Game/VintageRoom/Materials/MI_Phone" 4544
"/Game/VintageRoom/Meshes/SM_Phone_01a" 4545
"/Game/VintageRoom/Materials/MM_HDR" 4546
"/Game/VintageRoom/Materials/MI_HDR" 4547
"/Game/VintageRoom/Meshes/SM_HDRSphere" 4548
"/Game/VintageRoom/Textures/T_Curtain_01_Cloth_4096_ORM" 4549
"/Game/VintageRoom/Textures/T_Curtain_01_Cloth_4096_N" 4550
"/Game/VintageRoom/Textures/T_Curtain_01_Cloth_4096_B" 4551
"/Game/VintageRoom/Materials/MI_Curtain03" 4552
"/Game/VintageRoom/Textures/T_Curtain_01_4096_ORM" 4553
"/Game/VintageRoom/Textures/T_Curtain_01_4096_N" 4554
"/Game/VintageRoom/Textures/T_Curtain_01_4096_B" 4555
"/Game/VintageRoom/Materials/MI_Curtain01" 4556
"/Game/VintageRoom/Meshes/SM_Curtain_Open_01" 4557
"C:/Users/sina/Desktop/dev/DuyguUE/Content/VintageRoom/Materials/MI_WallPainting.uasset" 4558
"/Game/VintageRoom/Textures/T_Wall_Painting_01a_2048_B" 4559
"C:/Users/sina/Desktop/dev/DuyguUE/Content/VintageRoom/Meshes/SM_Wall_Painting_01a.uasset" 4560
"C:/Users/sina/Desktop/dev/DuyguUE/Content/VintageRoom/Textures/T_Windows_2K_ORM.uasset" 4561
"C:/Users/sina/Desktop/dev/DuyguUE/Content/VintageRoom/Textures/T_Windows_2K_O.uasset" 4562
"C:/Users/sina/Desktop/dev/DuyguUE/Content/VintageRoom/Textures/T_Windows_2K_N.uasset" 4563
"C:/Users/sina/Desktop/dev/DuyguUE/Content/VintageRoom/Textures/T_Windows_2K_B.uasset" 4564
"C:/Users/sina/Desktop/dev/DuyguUE/Content/VintageRoom/Materials/MM_Basic_PBR_Translucency.uasset" 4565
"C:/Users/sina/Desktop/dev/DuyguUE/Content/VintageRoom/Materials/MI_Vintage_Wall_WindowGlass.uasset" 4566
"C:/Users/sina/Desktop/dev/DuyguUE/Content/VintageRoom/Meshes/SM_Vintage_Wall_Module_Window01_1_5x3.uasset" 4567
"C:/Users/sina/Desktop/dev/DuyguUE/Content/VintageRoom/Meshes/SM_Vintage_Wall_Module_3x3.uasset" 4568
"C:/Users/sina/Desktop/dev/DuyguUE/Content/VintageRoom/Meshes/SM_Vintage_Wall_Module_1_5x3.uasset" 4569
"C:/Users/sina/Desktop/dev/DuyguUE/Content/VintageRoom/Meshes/SM_Vintage_Interior_Module_Pillar.uasset" 4570
"C:/Users/sina/Desktop/dev/DuyguUE/Content/VintageRoom/Textures/T_Plank_Floor_2K_ORM.uasset" 4571
"C:/Users/sina/Desktop/dev/DuyguUE/Content/VintageRoom/Textures/T_Plank_Floor_2K_B.uasset" 4572
"C:/Users/sina/Desktop/dev/DuyguUE/Content/VintageRoom/Materials/MI_Vintage_Floor01.uasset" 4573
"C:/Users/sina/Desktop/dev/DuyguUE/Content/VintageRoom/Meshes/SM_Vintage_Floor_Module_3x3.uasset" 4574
"C:/Users/sina/Desktop/dev/DuyguUE/Content/VintageRoom/Textures/T_Ceiling_Plaster_2K_ORM.uasset" 4575
"C:/Users/sina/Desktop/dev/DuyguUE/Content/VintageRoom/Textures/T_Ceiling_Plaster_2K_N.uasset" 4576
"C:/Users/sina/Desktop/dev/DuyguUE/Content/VintageRoom/Textures/T_Ceiling_Plaster_2K_B.uasset" 4577
"C:/Users/sina/Desktop/dev/DuyguUE/Content/VintageRoom/Materials/MI_Vintage_Ceiling_Plaster.uasset" 4578
"C:/Users/sina/Desktop/dev/DuyguUE/Content/VintageRoom/Meshes/SM_Vintage_Celing_Module_3x3.uasset" 4579
"/Game/VintageRoom/Textures/T_Wall_Painting_01a_2048_N" 4580
"C:/Users/sina/Desktop/dev/DuyguUE/Content/VintageRoom/Meshes/SM_TV_Stand_01.uasset" 4581
"C:/Users/sina/Desktop/dev/DuyguUE/Content/VintageRoom/Textures/T_TV_Stand_01_4K_ORM.uasset" 4582
"C:/Users/sina/Desktop/dev/DuyguUE/Content/VintageRoom/Textures/T_TV_Stand_01_4K_N.uasset" 4583
"C:/Users/sina/Desktop/dev/DuyguUE/Content/VintageRoom/Textures/T_TV_Stand_01_4K_B.uasset" 4584
"C:/Users/sina/Desktop/dev/DuyguUE/Content/VintageRoom/Materials/MI_TVstand.uasset" 4585
"C:/Users/sina/Desktop/dev/DuyguUE/Content/VintageRoom/Meshes/SM_TVstand.uasset" 4586
"C:/Users/sina/Desktop/dev/DuyguUE/Content/VintageRoom/Textures/T_SM_Television_01a_4096_ORM.uasset" 4587
"C:/Users/sina/Desktop/dev/DuyguUE/Content/VintageRoom/Textures/T_Plank_Floor_2K_N.uasset" 4588
"/Game/VintageRoom/Textures/T_Wall_Painting_01a_2048_ORM" 4589
"/Game/VintageRoom/Textures/T_SM_Television_01a_4096_ORM" 4590
"C:/Users/sina/Desktop/dev/DuyguUE/Content/VintageRoom/Textures/T_SM_Television_01a_4096_B.uasset" 4591
"C:/Users/sina/Desktop/dev/DuyguUE/Content/VintageRoom/Materials/MI_Television.uasset" 4592
"C:/Users/sina/Desktop/dev/DuyguUE/Content/VintageRoom/Textures/T_SM_Television_01a_4096_N.uasset" 4593
"/Game/VintageRoom/Meshes/SM_TVstand" 4594
"/Game/VintageRoom/Meshes/SM_TV_Stand_01" 4595
"/Game/VintageRoom/Meshes/SM_Vintage_Celing_Module_3x3" 4596
"../../../../../../Users/sina/Desktop/dev/DuyguUE/Content/VintageRoom/Materials/MI_Vintage_Door_Wooden_Parts.uasset" 4597
"../../../../../../Users/sina/Desktop/dev/DuyguUE/Content/VintageRoom/Textures/T_Door_Parts_2K_B.uasset" 4598
"../../../../../../Users/sina/Desktop/dev/DuyguUE/Content/VintageRoom/Textures/T_Door_Parts_2K_N.uasset" 4599
"../../../../../../Users/sina/Desktop/dev/DuyguUE/Content/VintageRoom/Textures/T_Door_Parts_2K_ORM.uasset" 4600
"/Game/VintageRoom/Meshes/SM_Vintage_Floor_Module_3x3" 4601
"/Game/VintageRoom/Meshes/SM_Vintage_Interior_Module_Pillar" 4602
"/Game/VintageRoom/Meshes/SM_Vintage_Wall_Module_1_5x3" 4603
"../../../../../../Users/sina/Desktop/dev/DuyguUE/Content/VintageRoom/Materials/MI_Vintage_OuterWall.uasset" 4604
"../../../../../../Users/sina/Desktop/dev/DuyguUE/Content/VintageRoom/Textures/T_Outer_Wall_2K_B.uasset" 4605
"../../../../../../Users/sina/Desktop/dev/DuyguUE/Content/VintageRoom/Textures/T_Outer_Wall_2K_N.uasset" 4606
"../../../../../../Users/sina/Desktop/dev/DuyguUE/Content/VintageRoom/Textures/T_Outer_Wall_2K_ORM.uasset" 4607
"/Game/VintageRoom/Meshes/SM_Vintage_Wall_Module_3x3" 4608
"/Game/VintageRoom/Meshes/SM_Vintage_Wall_Module_Window01_1_5x3" 4609
"/Game/VintageRoom/Meshes/SM_Wall_Painting_01a" 4610
"C:/Users/sina/Desktop/dev/DuyguUE/Content/VintageRoom/Meshes/SM_Television_01a.uasset" 4611
"/Game/VintageRoom/Materials/MI_Television" 4612
"C:/Users/sina/Desktop/dev/DuyguUE/Content/VintageRoom/Meshes/SM_Suitcase_01a.uasset" 4613
"C:/Users/sina/Desktop/dev/DuyguUE/Content/VintageRoom/Textures/T_Suitcase_01a_4096_ORM.uasset" 4614
"C:/Users/sina/Desktop/dev/DuyguUE/Content/VintageRoom/Textures/T_Suitcase_01a_4096_O.uasset" 4615
"C:/Users/sina/Desktop/dev/DuyguUE/Content/VintageRoom/Textures/T_Suitcase_01a_4096_N.uasset" 4616
"C:/Users/sina/Desktop/dev/DuyguUE/Content/VintageRoom/Textures/T_Suitcase_01a_4096_B.uasset" 4617
"C:/Users/sina/Desktop/dev/DuyguUE/Content/VintageRoom/Materials/MI_Suitcase.uasset" 4618
"C:/Users/sina/Desktop/dev/DuyguUE/Content/VintageRoom/Meshes/SM_Suitcase.uasset" 4619
"C:/Users/sina/Desktop/dev/DuyguUE/Content/VintageRoom/Textures/T_Record_Player_01a_4096_ORM.uasset" 4620
"C:/Users/sina/Desktop/dev/DuyguUE/Content/VintageRoom/Textures/T_Record_Player_01a_4096_N.uasset" 4621
"C:/Users/sina/Desktop/dev/DuyguUE/Content/VintageRoom/Textures/T_Record_Player_01a_4096_B.uasset" 4622
"C:/Users/sina/Desktop/dev/DuyguUE/Content/VintageRoom/Materials/MI_RecordPlayer.uasset" 4623
"C:/Users/sina/Desktop/dev/DuyguUE/Content/VintageRoom/Meshes/SM_RecordPlayer.uasset" 4624
"C:/Users/sina/Desktop/dev/DuyguUE/Content/VintageRoom/Textures/T_SM_Globe_01b_Mat_4096_ORM.uasset" 4625
"C:/Users/sina/Desktop/dev/DuyguUE/Content/VintageRoom/Textures/T_SM_Globe_01b_Mat_4096_N.uasset" 4626
"C:/Users/sina/Desktop/dev/DuyguUE/Content/VintageRoom/Textures/T_SM_Globe_01a_Mat_4096_B.uasset" 4627
"C:/Users/sina/Desktop/dev/DuyguUE/Content/VintageRoom/Materials/MI_Globe.uasset" 4628
"C:/Users/sina/Desktop/dev/DuyguUE/Content/VintageRoom/Meshes/SM_Globe.uasset" 4629
"C:/Users/sina/Desktop/dev/DuyguUE/Content/VintageRoom/Textures/T_Floor_Lamp_01a_4096_ORM.uasset" 4630
"C:/Users/sina/Desktop/dev/DuyguUE/Content/VintageRoom/Textures/T_Floor_Lamp_01a_4096_N.uasset" 4631
"C:/Users/sina/Desktop/dev/DuyguUE/Content/VintageRoom/Textures/T_Floor_Lamp_01a_4096_B.uasset" 4632
"C:/Users/sina/Desktop/dev/DuyguUE/Content/VintageRoom/Materials/MI_FloorLamp.uasset" 4633
"C:/Users/sina/Desktop/dev/DuyguUE/Content/VintageRoom/Meshes/SM_FloorLamp_01a.uasset" 4634
"C:/Users/sina/Desktop/dev/DuyguUE/Content/VintageRoom/Textures/T_MAT_DESK01a_4096_N.uasset" 4635
"C:/Users/sina/Desktop/dev/DuyguUE/Content/VintageRoom/Textures/T_MAT_DESK01a_4096_B.uasset" 4636
"C:/Users/sina/Desktop/dev/DuyguUE/Content/VintageRoom/Materials/MI_Desk.uasset" 4637
"C:/Users/sina/Desktop/dev/DuyguUE/Content/VintageRoom/Meshes/SM_Desk_01a.uasset" 4638
"C:/Users/sina/Desktop/dev/DuyguUE/Content/VintageRoom/Textures/T_Chandelier_01a_4096_ORM.uasset" 4639
"C:/Users/sina/Desktop/dev/DuyguUE/Content/VintageRoom/Textures/T_MAT_DESK01a_4096_ORM.uasset" 4640
"C:/Users/sina/Desktop/dev/DuyguUE/Content/VintageRoom/Textures/T_Chandelier_01a_4096_N.uasset" 4641
"/Game/VintageRoom/Textures/T_Chandelier_01a_4096_ORM" 4642
"C:/Users/sina/Desktop/dev/DuyguUE/Content/VintageRoom/Textures/T_Chandelier_01a_4096_B.uasset" 4643
"C:/Users/sina/Desktop/dev/DuyguUE/Content/VintageRoom/Textures/T_Chandelier_01a_1024_E.uasset" 4644
"/Game/VintageRoom/Meshes/SM_Desk_01a" 4645
"/Game/VintageRoom/Meshes/SM_FloorLamp_01a" 4646
"/Game/VintageRoom/Meshes/SM_Globe" 4647
"/Game/VintageRoom/Meshes/SM_RecordPlayer" 4648
"/Game/VintageRoom/Meshes/SM_Suitcase" 4649
"/Game/VintageRoom/Meshes/SM_Suitcase_01a" 4650
"/Game/VintageRoom/Meshes/SM_Television_01a" 4651
"C:/Users/sina/Desktop/dev/DuyguUE/Content/VintageRoom/Meshes/SM_Chandelier_01a.uasset" 4652
"C:/Users/sina/Desktop/dev/DuyguUE/Content/VintageRoom/Textures/T_SM_Chair_Vintage_02a_4096_ORM.uasset" 4653
"C:/Users/sina/Desktop/dev/DuyguUE/Content/VintageRoom/Materials/MI_Chandelier.uasset" 4654
"C:/Users/sina/Desktop/dev/DuyguUE/Content/VintageRoom/Textures/T_SM_Chair_Vintage_02a_4096_N.uasset" 4655
"/Game/VintageRoom/Textures/T_Chandelier_01a_1024_E" 4656
"C:/Users/sina/Desktop/dev/DuyguUE/Content/VintageRoom/Textures/T_SM_Chair_Vintage_02a_4096_B.uasset" 4657
"C:/Users/sina/Desktop/dev/DuyguUE/Content/VintageRoom/Materials/MI_Chair.uasset" 4658
"C:/Users/sina/Desktop/dev/DuyguUE/Content/VintageRoom/Meshes/SM_ChairVintage.uasset" 4659
"C:/Users/sina/Desktop/dev/DuyguUE/Content/VintageRoom/Textures/T_Carpet_01_4096_ORM.uasset" 4660
"C:/Users/sina/Desktop/dev/DuyguUE/Content/VintageRoom/Textures/T_Carpet_01_4096_N.uasset" 4661
"C:/Users/sina/Desktop/dev/DuyguUE/Content/VintageRoom/Textures/T_Carpet_01_4096_B.uasset" 4662
"C:/Users/sina/Desktop/dev/DuyguUE/Content/VintageRoom/Materials/MI_Carpet.uasset" 4663
"C:/Users/sina/Desktop/dev/DuyguUE/Content/VintageRoom/Meshes/SM_Books_01c.uasset" 4664
"C:/Users/sina/Desktop/dev/DuyguUE/Content/VintageRoom/Textures/T_Books_01a_2048_ORM.uasset" 4665
"C:/Users/sina/Desktop/dev/DuyguUE/Content/VintageRoom/Meshes/SM_Carpet_01.uasset" 4666
"C:/Users/sina/Desktop/dev/DuyguUE/Content/VintageRoom/Textures/T_Books_01a_2048_N.uasset" 4667
"C:/Users/sina/Desktop/dev/DuyguUE/Content/VintageRoom/Materials/MI_Book03.uasset" 4668
"C:/Users/sina/Desktop/dev/DuyguUE/Content/VintageRoom/Textures/T_Books_01a_2048_B.uasset" 4669
"/Game/VintageRoom/Textures/T_Chandelier_01a_4096_B" 4670
"C:/Users/sina/Desktop/dev/DuyguUE/Content/VintageRoom/Meshes/SM_Books_01a.uasset" 4671
"C:/Users/sina/Desktop/dev/DuyguUE/Content/VintageRoom/Meshes/SM_Vintage_Wall_Module_Door01_1_5x3.uasset" 4672
"C:/Users/sina/Desktop/dev/DuyguUE/Content/VintageRoom/Meshes/SM_Vintage_Door01.uasset" 4673
"C:/Users/sina/Desktop/dev/DuyguUE/Content/FreeFurniturePack/Textures/T_Old_Table_n.uasset" 4674
"C:/Users/sina/Desktop/dev/DuyguUE/Content/FreeFurniturePack/Textures/T_Old_table_m_r_ao.uasset" 4675
"C:/Users/sina/Desktop/dev/DuyguUE/Content/FreeFurniturePack/Textures/T_Old_Table_a.uasset" 4676
"C:/Users/sina/Desktop/dev/DuyguUE/Content/FreeFurniturePack/Materials/M_Old_Table.uasset" 4677
"C:/Users/sina/Desktop/dev/DuyguUE/Content/FreeFurniturePack/Textures/T_Round_table_m_r_ao.uasset" 4678
"C:/Users/sina/Desktop/dev/DuyguUE/Content/FreeFurniturePack/Textures/T_Round_table_a.uasset" 4679
"C:/Users/sina/Desktop/dev/DuyguUE/Content/FreeFurniturePack/Materials/M_Round_table.uasset" 4680
"C:/Users/sina/Desktop/dev/DuyguUE/Content/FreeFurniturePack/Textures/T_Round_table_n.uasset" 4681
"/Game/VintageRoom/Textures/T_Chandelier_01a_4096_N" 4682
"C:/Users/sina/Desktop/dev/DuyguUE/Content/FreeFurniturePack/Meshes/SM_Old_Table.uasset" 4683
"C:/Users/sina/Desktop/dev/DuyguUE/Content/FreeFurniturePack/Meshes/SM_Classic_Round_Table.uasset" 4684
"C:/Users/sina/Desktop/dev/DuyguUE/Content/FreeFurniturePack/Textures/T_Classic_Picture_n.uasset" 4685
"/Game/VintageRoom/Meshes/SM_Books_01a" 4686
"C:/Users/sina/Desktop/dev/DuyguUE/Content/FreeFurniturePack/Textures/T_Classic_Picture_M_R_AO.uasset" 4687
"/Game/VintageRoom/Meshes/SM_Books_01c" 4688
"/Game/VintageRoom/Meshes/SM_Carpet_01" 4689
"/Game/VintageRoom/Meshes/SM_ChairVintage" 4690
"/Game/VintageRoom/Meshes/SM_Chandelier_01a" 4691
"/Game/VintageRoom/Meshes/SM_Vintage_Wall_Module_Door01_1_5x3" 4692
"/Game/FreeFurniturePack/Textures/T_Old_Table_n" 4693
"/Game/FreeFurniturePack/Textures/T_Old_table_m_r_ao" 4694
"/Game/FreeFurniturePack/Textures/T_Old_Table_a" 4695
"/Game/FreeFurniturePack/Materials/M_Old_Table" 4696
"/Game/FreeFurniturePack/Meshes/SM_Old_Table" 4697
"/Game/FreeFurniturePack/Textures/T_Round_table_n" 4698
"/Game/FreeFurniturePack/Textures/T_Round_table_m_r_ao" 4699
"/Game/FreeFurniturePack/Textures/T_Round_table_a" 4700
"/Game/FreeFurniturePack/Materials/M_Round_table" 4701
"C:/Users/sina/Desktop/dev/DuyguUE/Content/FreeFurniturePack/Textures/T_Classic_Picture_A.uasset" 4702
"C:/Users/sina/Desktop/dev/DuyguUE/Content/FreeFurniturePack/Materials/M_Classic_Picture.uasset" 4703
"C:/Users/sina/Desktop/dev/DuyguUE/Content/FreeFurniturePack/Textures/T_Art_2.uasset" 4704
"C:/Users/sina/Desktop/dev/DuyguUE/Content/FreeFurniturePack/Materials/M_Art_2.uasset" 4705
"C:/Users/sina/Desktop/dev/DuyguUE/Content/FreeFurniturePack/Meshes/SM_Classic_Picture.uasset" 4706
"C:/Users/sina/Desktop/dev/DuyguUE/Content/FreeFurniturePack/Textures/T_Classic_Leather_sofa_2_n.uasset" 4707
"C:/Users/sina/Desktop/dev/DuyguUE/Content/FreeFurniturePack/Textures/T_Classic_Leather_Sofa_2_M_R_AO.uasset" 4708
"C:/Users/sina/Desktop/dev/DuyguUE/Content/FreeFurniturePack/Textures/T_Classic_Leather_sofa_2_a.uasset" 4709
"C:/Users/sina/Desktop/dev/DuyguUE/Content/FreeFurniturePack/Textures/T_Leather_N.uasset" 4710
"../../../Engine/Content/Functions/Engine_MaterialFunctions01/Texturing/DetailTexturing.uasset" 4711
"C:/Users/sina/Desktop/dev/DuyguUE/Content/FreeFurniturePack/Materials/M_Classic_Leather_sofa_2.uasset" 4712
"C:/Users/sina/Desktop/dev/DuyguUE/Content/FreeFurniturePack/Textures/T_Classic_chair_n.uasset" 4713
"C:/Users/sina/Desktop/dev/DuyguUE/Content/FreeFurniturePack/Textures/T_Classic_chair_m_r_ao.uasset" 4714
"C:/Users/sina/Desktop/dev/DuyguUE/Content/FreeFurniturePack/Meshes/SM_Classic_Leather_sofa_2.uasset" 4715
"C:/Users/sina/Desktop/dev/DuyguUE/Content/FreeFurniturePack/Textures/T_Classic_chair_a.uasset" 4716
"C:/Users/sina/Desktop/dev/DuyguUE/Content/FreeFurniturePack/Meshes/SM_Classic_chair.uasset" 4717
"C:/Users/sina/Desktop/dev/DuyguUE/Content/FreeFurniturePack/Meshes/SM_Classic_Commode_2.uasset" 4718
"C:/Users/sina/Desktop/dev/DuyguUE/Content/FreeFurniturePack/Textures/T_Classic_Commode_N.uasset" 4719
"C:/Users/sina/Desktop/dev/DuyguUE/Content/FreeFurniturePack/Textures/T_Classic_Commode_M_R_AO.uasset" 4720
"C:/Users/sina/Desktop/dev/DuyguUE/Content/FreeFurniturePack/Textures/T_Classic_Commode_A.uasset" 4721
"C:/Users/sina/Desktop/dev/DuyguUE/Content/FreeFurniturePack/Materials/M_Classic_Commode.uasset" 4722
"C:/Users/sina/Desktop/dev/DuyguUE/Content/FreeFurniturePack/Meshes/SM_Classic_Commode.uasset" 4723
"C:/Users/sina/Desktop/dev/DuyguUE/Content/VRTemplate/Maps/VRTemplateMap.umap" 4724
"C:/Users/sina/Desktop/dev/DuyguUE/Content/Core/Audios/Silent_Poets_-_Asylum_For_The_Feeling__R2t8pHCbVFc_.uasset" 4725
"../../../Engine/Content/EngineSounds/Submixes/MasterReverbEffectPreset.uasset" 4726
"../../../Engine/Content/EngineSounds/Submixes/MasterEQSubmixDefault.uasset" 4727
"../../../Engine/Content/EngineSounds/Submixes/MasterSubmixDefault.uasset" 4728
"../../../Engine/Content/EngineSounds/Submixes/MasterEQEffectPreset.uasset" 4729
"C:/Users/sina/Desktop/dev/DuyguUE/Content/FreeFurniturePack/Materials/M_Classic_chair.uasset" 4730
"/Game/FreeFurniturePack/Textures/T_Classic_Picture_M_R_AO" 4731
"/Game/FreeFurniturePack/Textures/T_Classic_Picture_n" 4732
"/Game/FreeFurniturePack/Meshes/SM_Classic_Round_Table" 4733
"/Game/FreeFurniturePack/Materials/M_Art_2" 4734
"/Game/FreeFurniturePack/Materials/M_Classic_Picture" 4735
"/Game/Core/Audios/Silent_Poets_-_Asylum_For_The_Feeling__R2t8pHCbVFc_" 4736
"/Game/FreeFurniturePack/Meshes/SM_Classic_Commode" 4737
"/Game/FreeFurniturePack/Meshes/SM_Classic_Commode_2" 4738
"/Game/FreeFurniturePack/Meshes/SM_Classic_chair" 4739
"../../../Engine/Content/EngineSounds/Submixes/MasterReverbSubmixDefault.uasset" 4740
"../../../Engine/Plugins/Interchange/Assets/Content/gltf/MaterialFunctions/MF_RotateV2.uasset" 4741
"../../../Engine/Plugins/Interchange/Assets/Content/gltf/MaterialFunctions/MF_TransformUVs.uasset" 4742
"../../../Engine/Plugins/Interchange/Assets/Content/gltf/Textures/T_Anisotropy_Direction_Linear.uasset" 4743
"../../../Engine/Plugins/Interchange/Assets/Content/gltf/MaterialFunctions/MF_SpecularAnisotropy.uasset" 4744
"../../../Engine/Plugins/Interchange/Assets/Content/gltf/MaterialFunctions/MF_Specular.uasset" 4745
"../../../Engine/Plugins/Interchange/Assets/Content/gltf/MaterialFunctions/MF_Occlusion.uasset" 4746
"/Game/FreeFurniturePack/Meshes/SM_Classic_Leather_sofa_2" 4747
"/Game/FreeFurniturePack/Meshes/SM_Classic_Picture" 4748
"/Engine/EngineSounds/Submixes/MasterReverbEffectPreset" 4749
"/Engine/EngineSounds/Submixes/MasterEQEffectPreset" 4750
"/Game/VRTemplate/Maps/VRTemplateMap" 4751
"../../../../../../Users/sina/Desktop/dev/DuyguUE/Content/VRTemplate/Maps/VRTemplateMap.umap" 4752
"../../../Engine/Plugins/Interchange/Assets/Content/gltf/MaterialFunctions/MF_ScaleNormal.uasset" 4753
"../../../Engine/Plugins/Interchange/Assets/Content/gltf/MaterialFunctions/MF_Normals.uasset" 4754
"../../../Engine/Plugins/Interchange/Assets/Content/gltf/MaterialFunctions/MF_MetallicRoughness.uasset" 4755
"../../../Engine/Plugins/Interchange/Assets/Content/Functions/MF_IridescenceNoLUT.uasset" 4756
"../../../Engine/Plugins/Interchange/Assets/Content/gltf/MaterialFunctions/MF_Iridescence.uasset" 4757
"../../../Engine/Plugins/Interchange/Assets/Content/gltf/MaterialFunctions/MF_IOR.uasset" 4758
"/InterchangeAssets/gltf/MaterialFunctions/MF_SpecularAnisotropy" 4759
"../../../Engine/Plugins/Interchange/Assets/Content/gltf/MaterialFunctions/MF_Emissive.uasset" 4760
"../../../Engine/Plugins/Interchange/Assets/Content/gltf/Textures/T_White_Linear.uasset" 4761
"../../../Engine/Plugins/Interchange/Assets/Content/gltf/MaterialFunctions/MF_RotateNormals_TS.uasset" 4762
"../../../Engine/Plugins/Interchange/Assets/Content/gltf/MaterialFunctions/MF_Clearcoat.uasset" 4763
"../../../Engine/Plugins/Interchange/Assets/Content/gltf/Textures/T_Generic_N.uasset" 4764
"../../../Engine/Plugins/Interchange/Assets/Content/gltf/Textures/T_White_srgb.uasset" 4765
"../../../Engine/Plugins/Interchange/Assets/Content/gltf/MaterialFunctions/MF_BaseColor.uasset" 4766
"../../../Engine/Plugins/Interchange/Assets/Content/gltf/MaterialBodies/MF_ClearCoat_Body.uasset" 4767
"../../../Engine/Plugins/Interchange/Assets/Content/Utilities/New_LUT.uasset" 4768
"../../../Engine/Plugins/Interchange/Assets/Content/Functions/MF_Iridescence.uasset" 4769
"../../../Engine/Plugins/Interchange/Assets/Content/gltf/M_ClearCoat.uasset" 4770
"../../../Engine/Plugins/Interchange/Assets/Content/gltf/MaterialInstances/MI_ClearCoat_Opaque.uasset" 4771
"../../../Engine/Plugins/Interchange/Assets/Content/gltf/MaterialInstances/MI_ClearCoat_Mask.uasset" 4772
"../../../Engine/Plugins/Interchange/Assets/Content/gltf/MaterialInstances/MI_ClearCoat_Blend.uasset" 4773
"../../../Engine/Plugins/Interchange/Assets/Content/gltf/MaterialInstances/MI_ClearCoat_Opaque_DS.uasset" 4774
"../../../Engine/Plugins/Interchange/Assets/Content/gltf/MaterialInstances/MI_ClearCoat_Mask_DS.uasset" 4775
"../../../Engine/Plugins/Interchange/Assets/Content/gltf/MaterialInstances/MI_ClearCoat_Blend_DS.uasset" 4776
"/InterchangeAssets/gltf/MaterialFunctions/MF_TransformUVs" 4777
"/Engine/EngineSounds/Submixes/MasterReverbSubmixDefault" 4778
"/InterchangeAssets/gltf/MaterialFunctions/MF_Occlusion" 4779
"../../../Engine/Plugins/Interchange/Assets/Content/gltf/MaterialBodies/MF_Default_Body.uasset" 4780
"../../../Engine/Plugins/Interchange/Assets/Content/gltf/M_Default.uasset" 4781
"../../../Engine/Plugins/Interchange/Assets/Content/gltf/MaterialInstances/MI_Default_Opaque.uasset" 4782
"../../../Engine/Plugins/Interchange/Assets/Content/gltf/MaterialInstances/MI_Default_Mask.uasset" 4783
"/InterchangeAssets/gltf/MaterialFunctions/MF_Specular" 4784
"../../../Engine/Plugins/Interchange/Assets/Content/gltf/MaterialInstances/MI_Default_Blend.uasset" 4785
"/InterchangeAssets/gltf/MaterialInstances/MI_ClearCoat_Blend_DS" 4786
"../../../Engine/Plugins/Interchange/Assets/Content/gltf/MaterialInstances/MI_Default_Opaque_DS.uasset" 4787
"../../../Engine/Plugins/Interchange/Assets/Content/gltf/MaterialInstances/MI_Default_Mask_DS.uasset" 4788
"/InterchangeAssets/gltf/MaterialInstances/MI_ClearCoat_Mask_DS" 4789
"/InterchangeAssets/gltf/MaterialInstances/MI_ClearCoat_Opaque_DS" 4790
"/InterchangeAssets/gltf/MaterialInstances/MI_ClearCoat_Blend" 4791
"/InterchangeAssets/gltf/MaterialInstances/MI_ClearCoat_Mask" 4792
"/InterchangeAssets/gltf/MaterialInstances/MI_ClearCoat_Opaque" 4793
"../../../Engine/Plugins/Interchange/Assets/Shaders/ThinFilmFunctions.usf" 4794
"/InterchangeAssets/gltf/MaterialInstances/MI_Default_Mask_DS" 4795
"../../../Engine/Plugins/Interchange/Assets/Content/gltf/MaterialInstances/MI_Default_Blend_DS.uasset" 4796
"../../../Engine/Plugins/Interchange/Assets/Content/gltf/MaterialFunctions/MF_Sheen.uasset" 4797
"../../../Engine/Plugins/Interchange/Assets/Content/gltf/MaterialBodies/MF_Sheen_Body.uasset" 4798
"../../../Engine/Plugins/Interchange/Assets/Content/gltf/M_Sheen.uasset" 4799
"../../../Engine/Plugins/Interchange/Assets/Content/gltf/MaterialInstances/MI_Sheen_Mask.uasset" 4800
"../../../Engine/Plugins/Interchange/Assets/Content/gltf/MaterialInstances/MI_Sheen_Opaque.uasset" 4801
"../../../Engine/Plugins/Interchange/Assets/Content/gltf/MaterialInstances/MI_Sheen_Blend.uasset" 4802
"../../../Engine/Plugins/Interchange/Assets/Content/gltf/MaterialInstances/MI_Sheen_Opaque_DS.uasset" 4803
"../../../Engine/Plugins/Interchange/Assets/Content/gltf/MaterialInstances/MI_Sheen_Mask_DS.uasset" 4804
"../../../Engine/Plugins/Interchange/Assets/Content/gltf/MaterialInstances/MI_Sheen_Blend_DS.uasset" 4805
"../../../Engine/Plugins/Interchange/Assets/Content/gltf/MaterialFunctions/MF_Transmission.uasset" 4806
"../../../Engine/Plugins/Interchange/Assets/Content/gltf/MaterialBodies/MF_Transmission_Body.uasset" 4807
"../../../Engine/Plugins/Interchange/Assets/Content/gltf/MaterialFunctions/MF_Temporal_Blur.uasset" 4808
"../../../Engine/Plugins/Interchange/Assets/Content/gltf/MaterialFunctions/MF_Fresnel_DS.uasset" 4809
"../../../Engine/Plugins/Interchange/Assets/Content/gltf/M_Transmission.uasset" 4810
"../../../Engine/Plugins/Interchange/Assets/Content/gltf/MaterialInstances/MI_Transmission.uasset" 4811
"../../../Engine/Plugins/Interchange/Assets/Content/gltf/MaterialInstances/MI_Transmission_DS.uasset" 4812
"../../../Engine/Content/Functions/Engine_MaterialFunctions02/Math/AddComponents.uasset" 4813
"../../../Engine/Plugins/Interchange/Assets/Content/gltf/MaterialFunctions/MF_PerceivedBrightness.uasset" 4814
"../../../Engine/Plugins/Interchange/Assets/Content/gltf/MaterialFunctions/MF_SpecGlossToMetalRoughness.uasset" 4815
"../../../Engine/Plugins/Interchange/Assets/Content/gltf/MaterialFunctions/MF_MaxComponentValue.uasset" 4816
"../../../Engine/Plugins/Interchange/Assets/Content/gltf/MaterialFunctions/MF_DiffuseSpecGloss.uasset" 4817
"../../../Engine/Plugins/Interchange/Assets/Content/gltf/MaterialBodies/MF_SpecularGlossiness_Body.uasset" 4818
"../../../Engine/Plugins/Interchange/Assets/Content/gltf/M_SpecularGlossiness.uasset" 4819
"../../../Engine/Plugins/Interchange/Assets/Content/gltf/MaterialInstances/MI_SpecularGlossiness_Opaque.uasset" 4820
"/InterchangeAssets/gltf/MaterialInstances/MI_Default_Opaque_DS" 4821
"/InterchangeAssets/gltf/MaterialInstances/MI_Default_Blend" 4822
"/InterchangeAssets/gltf/MaterialInstances/MI_Default_Mask" 4823
"/InterchangeAssets/gltf/MaterialInstances/MI_Default_Opaque" 4824
"../../../Engine/Plugins/Interchange/Assets/Content/gltf/MaterialInstances/MI_SpecularGlossiness_Mask.uasset" 4825
"/InterchangeAssets/gltf/MaterialInstances/MI_SpecularGlossiness_Opaque" 4826
"/InterchangeAssets/gltf/MaterialInstances/MI_Transmission_DS" 4827
"/InterchangeAssets/gltf/MaterialInstances/MI_Transmission" 4828
"/InterchangeAssets/gltf/MaterialInstances/MI_Sheen_Blend_DS" 4829
"/InterchangeAssets/gltf/MaterialInstances/MI_Sheen_Mask_DS" 4830
"/InterchangeAssets/gltf/MaterialInstances/MI_Sheen_Opaque_DS" 4831
"/InterchangeAssets/gltf/MaterialInstances/MI_Sheen_Blend" 4832
"/InterchangeAssets/gltf/MaterialInstances/MI_Sheen_Mask" 4833
"/InterchangeAssets/gltf/MaterialInstances/MI_Sheen_Opaque" 4834
"/InterchangeAssets/gltf/MaterialInstances/MI_Default_Blend_DS" 4835
"../../../Engine/Plugins/Interchange/Assets/Content/gltf/MaterialInstances/MI_SpecularGlossiness_Blend.uasset" 4836
"../../../Engine/Plugins/Interchange/Assets/Content/gltf/MaterialInstances/MI_SpecularGlossiness_Mask_DS.uasset" 4837
"../../../Engine/Plugins/Interchange/Assets/Content/gltf/MaterialInstances/MI_SpecularGlossiness_Blend_DS.uasset" 4838
"../../../Engine/Plugins/Interchange/Assets/Content/gltf/MaterialInstances/MI_SpecularGlossiness_Opaque_DS.uasset" 4839
"/InterchangeAssets/gltf/MaterialInstances/MI_SpecularGlossiness_Mask" 4840
"../../../Engine/Plugins/Interchange/Assets/Content/gltf/MaterialBodies/MF_Unlit_Body.uasset" 4841
"../../../Engine/Plugins/Interchange/Assets/Content/gltf/MaterialInstances/MI_Unlit_Opaque.uasset" 4842
"../../../Engine/Plugins/Interchange/Assets/Content/gltf/M_Unlit.uasset" 4843
"../../../Engine/Plugins/Interchange/Assets/Content/gltf/MaterialInstances/MI_Unlit_Mask.uasset" 4844
"../../../Engine/Plugins/Interchange/Assets/Content/gltf/MaterialInstances/MI_Unlit_Blend.uasset" 4845
"../../../Engine/Plugins/Interchange/Assets/Content/gltf/MaterialInstances/MI_Unlit_Opaque_DS.uasset" 4846
"../../../Engine/Plugins/Interchange/Assets/Content/gltf/MaterialInstances/MI_Unlit_Mask_DS.uasset" 4847
"C:/Users/sina/Desktop/dev/DuyguUE/Content/MetaHumans/Common/Materials/M_Hide.uasset" 4848
"../../../Engine/Plugins/Interchange/Assets/Content/gltf/MaterialInstances/MI_Unlit_Blend_DS.uasset" 4849
"C:/Users/sina/Desktop/dev/DuyguUE/Content/MetaHumans/Common/Textures/T_Gray_Teeth_D.uasset" 4850
"C:/Users/sina/Desktop/dev/DuyguUE/Content/MetaHumans/Common/Materials/M_GrayTexture_Teeth.uasset" 4851
"C:/Users/sina/Desktop/dev/DuyguUE/Content/MetaHumans/Common/Textures/T_Gray_Head_D.uasset" 4852
"C:/Users/sina/Desktop/dev/DuyguUE/Content/MetaHumans/Common/Textures/T_Gray_N.uasset" 4853
"C:/Users/sina/Desktop/dev/DuyguUE/Content/MetaHumans/Common/Materials/MF_GrayNormal.uasset" 4854
"C:/Users/sina/Desktop/dev/DuyguUE/Content/MetaHumans/Common/Textures/T_Gray_Eyes_D.uasset" 4855
"C:/Users/sina/Desktop/dev/DuyguUE/Content/MetaHumans/Common/Materials/M_GrayTexture_Eyes.uasset" 4856
"C:/Users/sina/Desktop/dev/DuyguUE/Content/MetaHumans/Common/Materials/M_GrayTexture_Head.uasset" 4857
"C:/Users/sina/Desktop/dev/DuyguUE/Content/MetaHumans/Common/Face/PHYS_Face.uasset" 4858
"C:/Users/sina/Desktop/dev/DuyguUE/Content/MetaHumans/Common/Face/Face_LODSettings.uasset" 4859
"C:/Users/sina/Desktop/dev/DuyguUE/Content/MetaHumans/Common/Face/SKM_Face.uasset" 4860
"/InterchangeAssets/gltf/MaterialInstances/MI_SpecularGlossiness_Blend_DS" 4861
"/InterchangeAssets/gltf/MaterialInstances/MI_SpecularGlossiness_Mask_DS" 4862
"/InterchangeAssets/gltf/MaterialInstances/MI_SpecularGlossiness_Opaque_DS" 4863
"/InterchangeAssets/gltf/MaterialInstances/MI_SpecularGlossiness_Blend" 4864
"/Game/MetaHumans/Common/Face/SKM_Face" 4865
"/InterchangeAssets/gltf/MaterialInstances/MI_Unlit_Blend_DS" 4866
"/InterchangeAssets/gltf/MaterialInstances/MI_Unlit_Mask_DS" 4867
"/InterchangeAssets/gltf/MaterialInstances/MI_Unlit_Opaque_DS" 4868
"/InterchangeAssets/gltf/MaterialInstances/MI_Unlit_Blend" 4869
"/InterchangeAssets/gltf/MaterialInstances/MI_Unlit_Mask" 4870
"/InterchangeAssets/gltf/MaterialInstances/MI_Unlit_Opaque" 4871
"../../../Engine/Plugins/Interchange/Assets/Content/Functions/MX_Transmission.uasset" 4872
"../../../Engine/Content/Functions/Substrate/MF_SchlickInternal.uasset" 4873
"../../../Engine/Plugins/Interchange/Assets/Content/Functions/MF_OrenNayerView.uasset" 4874
"../../../Engine/Plugins/Interchange/Assets/Content/Functions/MX_StandardSurface.uasset" 4875
"../../../Engine/Plugins/Interchange/Assets/Content/Functions/MX_TransmissionSurface.uasset" 4876
"../../../Engine/Plugins/Interchange/Assets/Content/Functions/MX_OpenPBR_Translucent.uasset" 4877
"../../../Engine/Content/Functions/Engine_MaterialFunctions01/Volumetrics/BeersLaw.uasset" 4878
"/InterchangeAssets/Functions/MX_OpenPBR_Translucent" 4879
"../../../Engine/Plugins/Interchange/Assets/Content/Functions/MX_OpenPBR_Opaque.uasset" 4880
"../../../Engine/Plugins/Animation/ControlRig/Content/Controls/ControlRig_Square_Joystick.uasset" 4881
"../../../Engine/Plugins/Animation/ControlRig/Content/Controls/ControlRig_Sphere_solid.uasset" 4882
"../../../Engine/Plugins/Animation/ControlRig/Content/Controls/ControlRig_Arrow2_1mm.uasset" 4883
"../../../Engine/Plugins/Animation/ControlRig/Content/Controls/ControlRig_Arrow2_3mm.uasset" 4884
"../../../Engine/Plugins/Animation/ControlRig/Content/Controls/ControlRig_Arrow2_solid.uasset" 4885
"../../../Engine/Plugins/Animation/ControlRig/Content/Controls/ControlRig_Line.uasset" 4886
"../../../Engine/Plugins/Animation/ControlRig/Content/Controls/ControlRig_Arrow4_3mm.uasset" 4887
"../../../Engine/Plugins/Animation/ControlRig/Content/Controls/ControlRig_Arrow4_solid.uasset" 4888
"../../../Engine/Plugins/Animation/ControlRig/Content/Controls/ControlRig_Arrow4_1mm.uasset" 4889
"/InterchangeAssets/Functions/MX_OpenPBR_Opaque" 4890
"/ControlRig/Controls/ControlRig_Arrow4_solid" 4891
"/ControlRig/Controls/ControlRig_Arrow4_3mm" 4892
"/ControlRig/Controls/ControlRig_Arrow4_1mm" 4893
"/ControlRig/Controls/ControlRig_Arrow2_solid" 4894
"/ControlRig/Controls/ControlRig_Arrow2_3mm" 4895
"/ControlRig/Controls/ControlRig_Arrow2_1mm" 4896
"/ControlRig/Controls/ControlRig_Sphere_solid" 4897
"/ControlRig/Controls/ControlRig_Line" 4898
"/ControlRig/Controls/ControlRig_Square_Joystick" 4899
"../../../Engine/Plugins/Animation/ControlRig/Content/Controls/ControlRig_Arrow_1mm.uasset" 4900
"../../../Engine/Plugins/Animation/ControlRig/Content/Controls/ControlRig_Arrow_3mm.uasset" 4901
"/ControlRig/Controls/ControlRig_Arrow_1mm" 4902
"../../../Engine/Plugins/Animation/ControlRig/Content/Controls/ControlRig_Arrow_solid.uasset" 4903
"../../../Engine/Plugins/Animation/ControlRig/Content/Controls/ControlRig_Box_1mm.uasset" 4904
"../../../Engine/Plugins/Animation/ControlRig/Content/Controls/ControlRig_Box_solid.uasset" 4905
"../../../Engine/Plugins/Animation/ControlRig/Content/Controls/ControlRig_Circle_1mm.uasset" 4906
"../../../Engine/Plugins/Animation/ControlRig/Content/Controls/ControlRig_Circle_3mm.uasset" 4907
"../../../Engine/Plugins/Animation/ControlRig/Content/Controls/ControlRig_Circle_solid.uasset" 4908
"../../../Engine/Plugins/Animation/ControlRig/Content/Controls/ControlRig_Diamond_1mm.uasset" 4909
"/ControlRig/Controls/ControlRig_Circle_solid" 4910
"../../../Engine/Plugins/Animation/ControlRig/Content/Controls/ControlRig_Box_3mm.uasset" 4911
"../../../Engine/Plugins/Animation/ControlRig/Content/Controls/ControlRig_Diamond_3mm.uasset" 4912
"../../../Engine/Plugins/Animation/ControlRig/Content/Controls/ControlRig_Diamond_solid.uasset" 4913
"../../../Engine/Plugins/Animation/ControlRig/Content/Controls/ControlRig_HalfCircle_1mm.uasset" 4914
"../../../Engine/Plugins/Animation/ControlRig/Content/Controls/ControlRig_HalfCircle_3mm.uasset" 4915
"../../../Engine/Plugins/Animation/ControlRig/Content/Controls/ControlRig_HalfCircle_solid.uasset" 4916
"../../../Engine/Plugins/Animation/ControlRig/Content/Controls/ControlRig_Hexagon_1mm.uasset" 4917
"../../../Engine/Plugins/Animation/ControlRig/Content/Controls/ControlRig_Hexagon_3mm.uasset" 4918
"../../../Engine/Plugins/Animation/ControlRig/Content/Controls/ControlRig_Hexagon_solid.uasset" 4919
"../../../Engine/Plugins/Animation/ControlRig/Content/Controls/ControlRig_Octagon_1mm.uasset" 4920
"../../../Engine/Plugins/Animation/ControlRig/Content/Controls/ControlRig_Octagon_3mm.uasset" 4921
"../../../Engine/Plugins/Animation/ControlRig/Content/Controls/ControlRig_Octagon_solid.uasset" 4922
"../../../Engine/Plugins/Animation/ControlRig/Content/Controls/ControlRig_Pyramid_3mm.uasset" 4923
"../../../Engine/Plugins/Animation/ControlRig/Content/Controls/ControlRig_Pyramid_solid.uasset" 4924
"../../../Engine/Plugins/Animation/ControlRig/Content/Controls/ControlRig_QuarterCircle_1mm.uasset" 4925
"../../../Engine/Plugins/Animation/ControlRig/Content/Controls/ControlRig_Pyramid_1mm.uasset" 4926
"../../../Engine/Plugins/Animation/ControlRig/Content/Controls/ControlRig_QuarterCircle_3mm.uasset" 4927
"../../../Engine/Plugins/Animation/ControlRig/Content/Controls/ControlRig_QuarterCircle_solid.uasset" 4928
"../../../Engine/Plugins/Animation/ControlRig/Content/Controls/ControlRig_RoundedSquare_1mm.uasset" 4929
"../../../Engine/Plugins/Animation/ControlRig/Content/Controls/ControlRig_RoundedSquare_3mm.uasset" 4930
"/ControlRig/Controls/ControlRig_Circle_3mm" 4931
"../../../Engine/Plugins/Animation/ControlRig/Content/Controls/ControlRig_RoundedSquare_solid.uasset" 4932
"../../../Engine/Plugins/Animation/ControlRig/Content/Controls/ControlRig_RoundedTriangle_1mm.uasset" 4933
"/ControlRig/Controls/ControlRig_Circle_1mm" 4934
"/ControlRig/Controls/ControlRig_Box_solid" 4935
"/ControlRig/Controls/ControlRig_Box_1mm" 4936
"/ControlRig/Controls/ControlRig_Arrow_solid" 4937
"/ControlRig/Controls/ControlRig_Arrow_3mm" 4938
"/ControlRig/Controls/ControlRig_QuarterCircle_3mm" 4939
"/ControlRig/Controls/ControlRig_QuarterCircle_1mm" 4940
"/ControlRig/Controls/ControlRig_RoundedTriangle_1mm" 4941
"/ControlRig/Controls/ControlRig_RoundedSquare_solid" 4942
"../../../Engine/Plugins/Animation/ControlRig/Content/Controls/ControlRig_RoundedTriangle_3mm.uasset" 4943
"/ControlRig/Controls/ControlRig_RoundedSquare_3mm" 4944
"/ControlRig/Controls/ControlRig_RoundedSquare_1mm" 4945
"/ControlRig/Controls/ControlRig_Octagon_3mm" 4946
"/ControlRig/Controls/ControlRig_Octagon_1mm" 4947
"/ControlRig/Controls/ControlRig_Hexagon_solid" 4948
"/ControlRig/Controls/ControlRig_Hexagon_3mm" 4949
"/ControlRig/Controls/ControlRig_Hexagon_1mm" 4950
"/ControlRig/Controls/ControlRig_HalfCircle_solid" 4951
"/ControlRig/Controls/ControlRig_HalfCircle_3mm" 4952
"/ControlRig/Controls/ControlRig_HalfCircle_1mm" 4953
"/ControlRig/Controls/ControlRig_Diamond_solid" 4954
"/ControlRig/Controls/ControlRig_Diamond_3mm" 4955
"/ControlRig/Controls/ControlRig_Box_3mm" 4956
"/ControlRig/Controls/ControlRig_Pyramid_solid" 4957
"/ControlRig/Controls/ControlRig_Pyramid_3mm" 4958
"/ControlRig/Controls/ControlRig_Pyramid_1mm" 4959
"/ControlRig/Controls/ControlRig_Octagon_solid" 4960
"/ControlRig/Controls/ControlRig_QuarterCircle_solid" 4961
"/ControlRig/Controls/ControlRig_Diamond_1mm" 4962
"../../../Engine/Plugins/Animation/ControlRig/Content/Controls/ControlRig_RoundedTriangle_solid.uasset" 4963
"../../../Engine/Plugins/Animation/ControlRig/Content/Controls/ControlRig_Sphere_1mm.uasset" 4964
"../../../Engine/Plugins/Animation/ControlRig/Content/Controls/ControlRig_Sphere_3mm.uasset" 4965
"../../../Engine/Plugins/Animation/ControlRig/Content/Controls/ControlRig_Square_1mm.uasset" 4966
"../../../Engine/Plugins/Animation/ControlRig/Content/Controls/ControlRig_Square_3mm.uasset" 4967
"../../../Engine/Plugins/Animation/ControlRig/Content/Controls/ControlRig_Star4_1mm.uasset" 4968
"../../../Engine/Plugins/Animation/ControlRig/Content/Controls/ControlRig_Star4_3mm.uasset" 4969
"../../../Engine/Plugins/Animation/ControlRig/Content/Controls/ControlRig_Square_solid.uasset" 4970
"../../../Engine/Plugins/Animation/ControlRig/Content/Controls/ControlRig_Triangle_1mm.uasset" 4971
"../../../Engine/Plugins/Animation/ControlRig/Content/Controls/ControlRig_Star4_solid.uasset" 4972
"../../../Engine/Plugins/Animation/ControlRig/Content/Controls/ControlRig_Triangle_3mm.uasset" 4973
"../../../Engine/Plugins/Animation/ControlRig/Content/Controls/ControlRig_Triangle_solid.uasset" 4974
"../../../Engine/Plugins/Animation/ControlRig/Content/Controls/ControlRig_Wedge_1mm.uasset" 4975
"../../../Engine/Plugins/Animation/ControlRig/Content/Controls/ControlRig_Wedge_3mm.uasset" 4976
"../../../Engine/Content/Maps/Entry_BuiltData.uasset" 4977
"../../../Engine/Plugins/Animation/ControlRig/Content/Controls/ControlRig_Wedge_solid.uasset" 4978
"../../../Engine/Content/Maps/Entry.umap" 4979
"/ControlRig/Controls/ControlRig_RoundedTriangle_3mm" 4980
"/Engine/Maps/Entry" 4981
"/ControlRig/Controls/ControlRig_Wedge_solid" 4982
"/ControlRig/Controls/ControlRig_Wedge_3mm" 4983
"/ControlRig/Controls/ControlRig_Wedge_1mm" 4984
"/ControlRig/Controls/ControlRig_Triangle_solid" 4985
"/ControlRig/Controls/ControlRig_Triangle_3mm" 4986
"/ControlRig/Controls/ControlRig_Triangle_1mm" 4987
"/ControlRig/Controls/ControlRig_Star4_solid" 4988
"/ControlRig/Controls/ControlRig_Star4_3mm" 4989
"/ControlRig/Controls/ControlRig_Star4_1mm" 4990
"/ControlRig/Controls/ControlRig_Square_solid" 4991
"/ControlRig/Controls/ControlRig_Square_3mm" 4992
"/ControlRig/Controls/ControlRig_Square_1mm" 4993
"/ControlRig/Controls/ControlRig_Sphere_3mm" 4994
"/ControlRig/Controls/ControlRig_Sphere_1mm" 4995
"/ControlRig/Controls/ControlRig_RoundedTriangle_solid" 4996
"C:/Users/sina/Desktop/dev/DuyguUE/Content/MetaHumans/Common/Shared/Animation/CR_PlaceHolder.uasset" 4997
"C:/Users/sina/Desktop/dev/DuyguUE/Content/MetaHumans/Common/Shared/Animation/ABP_Clothing_PostProcess.uasset" 4998
"C:/Users/sina/Desktop/dev/DuyguUE/Content/MetaHumans/Common/Controls/SM_MetaHuman_Faceboard_FollowGrp.uasset" 4999
"C:/Users/sina/Desktop/dev/DuyguUE/Content/MetaHumans/Common/Controls/M_RigControlActor_Black.uasset" 5000
"C:/Users/sina/Desktop/dev/DuyguUE/Content/MetaHumans/Common/Controls/SM_MetaHuman_Faceboard_2x.uasset" 5001
"C:/Users/sina/Desktop/dev/DuyguUE/Content/MetaHumans/Common/Controls/SM_MetaHuman_Faceboard_Convergence.uasset" 5002
"C:/Users/sina/Desktop/dev/DuyguUE/Content/MetaHumans/Common/Controls/faceboard_followGrp.uasset" 5003
"/Engine/EditorResources/EmptyActor" 5004
"../../../Engine/Content/EditorResources/EmptyActor.uasset" 5005
"/Engine/EditorResources/AudioIcons/S_AudioComponent_AutoActivate" 5006
"../../../Engine/Content/EditorResources/AudioIcons/S_AudioComponent_AutoActivate.uasset" 5007
"/Engine/EditorResources/AudioIcons/S_AudioComponent" 5008
"../../../Engine/Content/EditorResources/AudioIcons/S_AudioComponent.uasset" 5009
"/Game/MetaHumans/Common/Materials/MF_RedHairBoost" 5010
"/Engine/VREditor/TransformGizmo/TransformGizmoFreeRotation" 5011
"/InterchangeAssets/gltf/MaterialFunctions/MF_RotateNormals_TS" 5012
"/SpeedTreeImporter/SpeedTree9/SpeedTreeBranchMotion" 5013
"/Engine/VREditor/TransformGizmo/TransformGizmoMaterial_Inst" 5014
"C:/Users/sina/Desktop/dev/DuyguUE/Content/MetaHumans/Common/Controls/faceboard_2x.uasset" 5015
"C:/Users/sina/Desktop/dev/DuyguUE/Content/MetaHumans/Common/Controls/convergence_3l.uasset" 5016
"/Game/MetaHumans/Common/Controls/faceboard_followGrp" 5017
"/Game/MetaHumans/Common/Controls/SM_MetaHuman_Faceboard_2x" 5018
"/Game/MetaHumans/Common/Controls/SM_MetaHuman_Faceboard_Convergence" 5019
"/Game/MetaHumans/Common/Controls/SM_MetaHuman_Faceboard_FollowGrp" 5020
"/Game/MetaHumans/Common/Shared/Animation/ABP_Clothing_PostProcess" 5021
"/Game/MetaHumans/Common/Controls/convergence_3l" 5022
"/Game/MetaHumans/Common/Controls/faceboard_2x" 5023
"C:/Users/sina/Desktop/dev/DuyguUE/Content/MetaHumans/Common/Common/Animation/Retargeting/RTG_MetaHuman_m_med_nrw.uasset" 5024
"C:/Users/sina/Desktop/dev/DuyguUE/Content/MetaHumans/Common/Common/Animation/Retargeting/ABP_MetaHuman_m_med_nrw_Retargeting.uasset" 5025
"C:/Users/sina/Desktop/dev/DuyguUE/Content/MetaHumans/Common/Common/m_med_nrw_body_preview.uasset" 5026
"../../../Engine/Content/Functions/Engine_MaterialFunctions02/Utility/BreakOutFloat4Components.uasset" 5027
"../../../Engine/Plugins/VirtualProduction/CameraCalibrationCore/Content/Materials/M_DistortionPostProcess.uasset" 5028
"../../../Engine/Content/EditorMaterials/PreviewShadowIndicatorMaterial.uasset" 5029
"../../../Engine/Content/EngineMaterials/Substrate/GLints/dict_16_192_64_0p5_0p02_0063_0015.uasset" 5030
"../../../Engine/Content/EngineMaterials/Substrate/GLints/dict_16_192_64_0p5_0p02_0063_0014.uasset" 5031
"../../../Engine/Content/EngineMaterials/Substrate/GLints/dict_16_192_64_0p5_0p02_0063_0013.uasset" 5032
"../../../Engine/Content/EngineMaterials/Substrate/GLints/dict_16_192_64_0p5_0p02_0063_0012.uasset" 5033
"../../../Engine/Content/EngineMaterials/Substrate/GLints/dict_16_192_64_0p5_0p02_0063_0011.uasset" 5034
"../../../Engine/Content/EngineMaterials/Substrate/GLints/dict_16_192_64_0p5_0p02_0063_0010.uasset" 5035
"../../../Engine/Content/EngineMaterials/Substrate/GLints/dict_16_192_64_0p5_0p02_0063_0009.uasset" 5036
"../../../Engine/Content/EditorMaterials/PreviewShadowIndicator.uasset" 5037
"../../../Engine/Content/EngineMaterials/Substrate/GLints/dict_16_192_64_0p5_0p02_0063_0008.uasset" 5038
"../../../Engine/Content/EngineMaterials/Substrate/GLints/dict_16_192_64_0p5_0p02_0063_0006.uasset" 5039
"../../../Engine/Content/EngineMaterials/Substrate/GLints/dict_16_192_64_0p5_0p02_0063_0007.uasset" 5040
"../../../Engine/Content/EngineMaterials/Substrate/GLints/dict_16_192_64_0p5_0p02_0063_0005.uasset" 5041
"../../../Engine/Content/EngineMaterials/Substrate/GLints/dict_16_192_64_0p5_0p02_0063_0004.uasset" 5042
"../../../Engine/Content/EngineMaterials/Substrate/GLints/dict_16_192_64_0p5_0p02_0063_0003.uasset" 5043
"../../../Engine/Content/EngineMaterials/Substrate/GLints/dict_16_192_64_0p5_0p02_0063_0002.uasset" 5044
"../../../Engine/Content/EngineMaterials/Substrate/GLints/dict_16_192_64_0p5_0p02_0063_0001.uasset" 5045
"../../../Engine/Content/EngineMaterials/Substrate/GLints/dict_16_192_64_0p5_0p02_0063_0000.uasset" 5046
"../../../Engine/Content/EngineMaterials/Substrate/GLints/dict_16_192_64_0p5_0p02_0062_0015.uasset" 5047
"../../../Engine/Content/EngineMaterials/Substrate/GLints/dict_16_192_64_0p5_0p02_0062_0014.uasset" 5048
"../../../Engine/Content/EngineMaterials/Substrate/GLints/dict_16_192_64_0p5_0p02_0062_0013.uasset" 5049
"../../../Engine/Content/EngineMaterials/Substrate/GLints/dict_16_192_64_0p5_0p02_0062_0012.uasset" 5050
"../../../Engine/Content/EngineMaterials/Substrate/GLints/dict_16_192_64_0p5_0p02_0062_0011.uasset" 5051
"../../../Engine/Content/EngineMaterials/Substrate/GLints/dict_16_192_64_0p5_0p02_0062_0010.uasset" 5052
"../../../Engine/Content/EngineMaterials/Substrate/GLints/dict_16_192_64_0p5_0p02_0062_0009.uasset" 5053
"../../../Engine/Content/EngineMaterials/Substrate/GLints/dict_16_192_64_0p5_0p02_0062_0008.uasset" 5054
"../../../Engine/Content/EngineMaterials/Substrate/GLints/dict_16_192_64_0p5_0p02_0062_0007.uasset" 5055
"/Game/MetaHumans/Common/Common/Animation/Retargeting/ABP_MetaHuman_m_med_nrw_Retargeting" 5056
"/Game/MetaHumans/Common/Common/Animation/Retargeting/IK_MetaHuman_m_med_nrw" 5057
"../../../../../../Users/sina/Desktop/dev/DuyguUE/Content/MetaHumans/Common/Common/Animation/Retargeting/IK_MetaHuman_m_med_nrw.uasset" 5058
"/Game/MetaHumans/Common/Common/m_med_nrw_body_preview" 5059
"../../../Engine/Content/EngineMaterials/Substrate/GLints/dict_16_192_64_0p5_0p02_0062_0006.uasset" 5060
"../../../Engine/Content/EngineMaterials/Substrate/GLints/dict_16_192_64_0p5_0p02_0062_0005.uasset" 5061
"../../../Engine/Content/EngineMaterials/Substrate/GLints/dict_16_192_64_0p5_0p02_0062_0004.uasset" 5062
"/Engine/EngineMaterials/Substrate/GLints/dict_16_192_64_0p5_0p02_0062_0015" 5063
"/Engine/EngineMaterials/Substrate/GLints/dict_16_192_64_0p5_0p02_0063_0000" 5064
"/Engine/EngineMaterials/Substrate/GLints/dict_16_192_64_0p5_0p02_0063_0005" 5065
"/Engine/EngineMaterials/Substrate/GLints/dict_16_192_64_0p5_0p02_0063_0001" 5066
"/Engine/EngineMaterials/Substrate/GLints/dict_16_192_64_0p5_0p02_0063_0002" 5067
"/Engine/EngineMaterials/Substrate/GLints/dict_16_192_64_0p5_0p02_0063_0003" 5068
"/Engine/EngineMaterials/Substrate/GLints/dict_16_192_64_0p5_0p02_0063_0004" 5069
"/Engine/EngineMaterials/Substrate/GLints/dict_16_192_64_0p5_0p02_0063_0006" 5070
"/Engine/EngineMaterials/Substrate/GLints/dict_16_192_64_0p5_0p02_0063_0007" 5071
"/Engine/EngineMaterials/Substrate/GLints/dict_16_192_64_0p5_0p02_0063_0008" 5072
"/Engine/EngineMaterials/Substrate/GLints/dict_16_192_64_0p5_0p02_0063_0009" 5073
"/Engine/EngineMaterials/Substrate/GLints/dict_16_192_64_0p5_0p02_0063_0010" 5074
"/Engine/EngineMaterials/Substrate/GLints/dict_16_192_64_0p5_0p02_0063_0011" 5075
"/Engine/EngineMaterials/Substrate/GLints/dict_16_192_64_0p5_0p02_0063_0012" 5076
"/Engine/EngineMaterials/Substrate/GLints/dict_16_192_64_0p5_0p02_0063_0013" 5077
"/Engine/EngineMaterials/Substrate/GLints/dict_16_192_64_0p5_0p02_0062_0008" 5078
"/Engine/EngineMaterials/Substrate/GLints/dict_16_192_64_0p5_0p02_0062_0009" 5079
"/Engine/EngineMaterials/Substrate/GLints/dict_16_192_64_0p5_0p02_0062_0010" 5080
"/Engine/EngineMaterials/Substrate/GLints/dict_16_192_64_0p5_0p02_0062_0011" 5081
"/Engine/EngineMaterials/Substrate/GLints/dict_16_192_64_0p5_0p02_0063_0014" 5082
"/Engine/EngineMaterials/Substrate/GLints/dict_16_192_64_0p5_0p02_0062_0012" 5083
"/Engine/EngineMaterials/Substrate/GLints/dict_16_192_64_0p5_0p02_0062_0013" 5084
"/Engine/EngineMaterials/Substrate/GLints/dict_16_192_64_0p5_0p02_0062_0014" 5085
"/Engine/EngineMaterials/Substrate/GLints/dict_16_192_64_0p5_0p02_0062_0007" 5086
"/Engine/EngineMaterials/Substrate/GLints/dict_16_192_64_0p5_0p02_0063_0015" 5087
"/Engine/EditorMaterials/PreviewShadowIndicatorMaterial" 5088
"/CameraCalibrationCore/Materials/M_DistortionPostProcess" 5089
"/Engine/EngineMaterials/Substrate/GLints/dict_16_192_64_0p5_0p02_0062_0004" 5090
"../../../Engine/Content/EngineMaterials/Substrate/GLints/dict_16_192_64_0p5_0p02_0062_0002.uasset" 5091
"/Engine/EngineMaterials/Substrate/GLints/dict_16_192_64_0p5_0p02_0062_0005" 5092
"../../../Engine/Content/EngineMaterials/Substrate/GLints/dict_16_192_64_0p5_0p02_0062_0001.uasset" 5093
"../../../Engine/Content/EngineMaterials/Substrate/GLints/dict_16_192_64_0p5_0p02_0062_0000.uasset" 5094
"../../../Engine/Content/EngineMaterials/Substrate/GLints/dict_16_192_64_0p5_0p02_0061_0015.uasset" 5095
"/Engine/EngineMaterials/Substrate/GLints/dict_16_192_64_0p5_0p02_0062_0006" 5096
"/Engine/EngineMaterials/Substrate/GLints/dict_16_192_64_0p5_0p02_0061_0015" 5097
"../../../Engine/Content/EngineMaterials/Substrate/GLints/dict_16_192_64_0p5_0p02_0061_0014.uasset" 5098
"/Engine/EngineMaterials/Substrate/GLints/dict_16_192_64_0p5_0p02_0062_0000" 5099
"../../../Engine/Content/EngineMaterials/Substrate/GLints/dict_16_192_64_0p5_0p02_0061_0013.uasset" 5100
"../../../Engine/Content/EngineMaterials/Substrate/GLints/dict_16_192_64_0p5_0p02_0062_0003.uasset" 5101
"../../../Engine/Content/EngineMaterials/Substrate/GLints/dict_16_192_64_0p5_0p02_0061_0012.uasset" 5102
"/Engine/EngineMaterials/Substrate/GLints/dict_16_192_64_0p5_0p02_0062_0001" 5103
"../../../Engine/Content/EngineMaterials/Substrate/GLints/dict_16_192_64_0p5_0p02_0061_0011.uasset" 5104
"../../../Engine/Content/EngineMaterials/Substrate/GLints/dict_16_192_64_0p5_0p02_0061_0010.uasset" 5105
"/Engine/EngineMaterials/Substrate/GLints/dict_16_192_64_0p5_0p02_0062_0002" 5106
"../../../Engine/Content/EngineMaterials/Substrate/GLints/dict_16_192_64_0p5_0p02_0061_0009.uasset" 5107
"/Engine/EngineMaterials/Substrate/GLints/dict_16_192_64_0p5_0p02_0061_0009" 5108
"../../../Engine/Content/EngineMaterials/Substrate/GLints/dict_16_192_64_0p5_0p02_0061_0008.uasset" 5109
"../../../Engine/Content/EngineMaterials/Substrate/GLints/dict_16_192_64_0p5_0p02_0061_0007.uasset" 5110
"../../../Engine/Content/EngineMaterials/Substrate/GLints/dict_16_192_64_0p5_0p02_0061_0006.uasset" 5111
"../../../Engine/Content/EngineMaterials/Substrate/GLints/dict_16_192_64_0p5_0p02_0061_0005.uasset" 5112
"../../../Engine/Content/EngineMaterials/Substrate/GLints/dict_16_192_64_0p5_0p02_0061_0004.uasset" 5113
"../../../Engine/Content/EngineMaterials/Substrate/GLints/dict_16_192_64_0p5_0p02_0061_0003.uasset" 5114
"../../../Engine/Content/EngineMaterials/Substrate/GLints/dict_16_192_64_0p5_0p02_0061_0002.uasset" 5115
"/Engine/EngineMaterials/Substrate/GLints/dict_16_192_64_0p5_0p02_0061_0010" 5116
"../../../Engine/Content/EngineMaterials/Substrate/GLints/dict_16_192_64_0p5_0p02_0061_0001.uasset" 5117
"../../../Engine/Content/EngineMaterials/Substrate/GLints/dict_16_192_64_0p5_0p02_0061_0000.uasset" 5118
"../../../Engine/Content/EngineMaterials/Substrate/GLints/dict_16_192_64_0p5_0p02_0060_0015.uasset" 5119
"/Engine/EngineMaterials/Substrate/GLints/dict_16_192_64_0p5_0p02_0061_0011" 5120
"../../../Engine/Content/EngineMaterials/Substrate/GLints/dict_16_192_64_0p5_0p02_0060_0014.uasset" 5121
"/Engine/EngineMaterials/Substrate/GLints/dict_16_192_64_0p5_0p02_0061_0012" 5122
"../../../Engine/Content/EngineMaterials/Substrate/GLints/dict_16_192_64_0p5_0p02_0060_0013.uasset" 5123
"../../../Engine/Content/EngineMaterials/Substrate/GLints/dict_16_192_64_0p5_0p02_0060_0012.uasset" 5124
"/Engine/EngineMaterials/Substrate/GLints/dict_16_192_64_0p5_0p02_0061_0013" 5125
"../../../Engine/Content/EngineMaterials/Substrate/GLints/dict_16_192_64_0p5_0p02_0060_0011.uasset" 5126
"/Engine/EngineMaterials/Substrate/GLints/dict_16_192_64_0p5_0p02_0061_0014" 5127
"../../../Engine/Content/EngineMaterials/Substrate/GLints/dict_16_192_64_0p5_0p02_0060_0010.uasset" 5128
"../../../Engine/Content/EngineMaterials/Substrate/GLints/dict_16_192_64_0p5_0p02_0060_0009.uasset" 5129
"../../../Engine/Content/EngineMaterials/Substrate/GLints/dict_16_192_64_0p5_0p02_0060_0008.uasset" 5130
"../../../Engine/Content/EngineMaterials/Substrate/GLints/dict_16_192_64_0p5_0p02_0060_0007.uasset" 5131
"../../../Engine/Content/EngineMaterials/Substrate/GLints/dict_16_192_64_0p5_0p02_0060_0006.uasset" 5132
"../../../Engine/Content/EngineMaterials/Substrate/GLints/dict_16_192_64_0p5_0p02_0060_0005.uasset" 5133
"/Engine/EngineMaterials/Substrate/GLints/dict_16_192_64_0p5_0p02_0060_0007" 5134
"../../../Engine/Content/EngineMaterials/Substrate/GLints/dict_16_192_64_0p5_0p02_0060_0004.uasset" 5135
"/Engine/EngineMaterials/Substrate/GLints/dict_16_192_64_0p5_0p02_0060_0008" 5136
"../../../Engine/Content/EngineMaterials/Substrate/GLints/dict_16_192_64_0p5_0p02_0060_0003.uasset" 5137
"../../../Engine/Content/EngineMaterials/Substrate/GLints/dict_16_192_64_0p5_0p02_0060_0002.uasset" 5138
"../../../Engine/Content/EngineMaterials/Substrate/GLints/dict_16_192_64_0p5_0p02_0060_0001.uasset" 5139
"../../../Engine/Content/EngineMaterials/Substrate/GLints/dict_16_192_64_0p5_0p02_0060_0000.uasset" 5140
"../../../Engine/Content/EngineMaterials/Substrate/GLints/dict_16_192_64_0p5_0p02_0059_0015.uasset" 5141
"/Engine/EngineMaterials/Substrate/GLints/dict_16_192_64_0p5_0p02_0060_0009" 5142
"../../../Engine/Content/EngineMaterials/Substrate/GLints/dict_16_192_64_0p5_0p02_0059_0014.uasset" 5143
"../../../Engine/Content/EngineMaterials/Substrate/GLints/dict_16_192_64_0p5_0p02_0059_0013.uasset" 5144
"/Engine/EngineMaterials/Substrate/GLints/dict_16_192_64_0p5_0p02_0060_0010" 5145
"../../../Engine/Content/EngineMaterials/Substrate/GLints/dict_16_192_64_0p5_0p02_0059_0012.uasset" 5146
"../../../Engine/Content/EngineMaterials/Substrate/GLints/dict_16_192_64_0p5_0p02_0059_0011.uasset" 5147
"../../../Engine/Content/EngineMaterials/Substrate/GLints/dict_16_192_64_0p5_0p02_0059_0010.uasset" 5148
"/Engine/EngineMaterials/Substrate/GLints/dict_16_192_64_0p5_0p02_0060_0011" 5149
"/Engine/EngineMaterials/Substrate/GLints/dict_16_192_64_0p5_0p02_0060_0012" 5150
"/Engine/EngineMaterials/Substrate/GLints/dict_16_192_64_0p5_0p02_0060_0013" 5151
"/Engine/EngineMaterials/Substrate/GLints/dict_16_192_64_0p5_0p02_0060_0014" 5152
"/Engine/EngineMaterials/Substrate/GLints/dict_16_192_64_0p5_0p02_0060_0015" 5153
"/Engine/EngineMaterials/Substrate/GLints/dict_16_192_64_0p5_0p02_0061_0000" 5154
"/Engine/EngineMaterials/Substrate/GLints/dict_16_192_64_0p5_0p02_0061_0001" 5155
"/Engine/EngineMaterials/Substrate/GLints/dict_16_192_64_0p5_0p02_0061_0002" 5156
"/Engine/EngineMaterials/Substrate/GLints/dict_16_192_64_0p5_0p02_0061_0003" 5157
"/Engine/EngineMaterials/Substrate/GLints/dict_16_192_64_0p5_0p02_0061_0004" 5158
"/Engine/EngineMaterials/Substrate/GLints/dict_16_192_64_0p5_0p02_0061_0005" 5159
"/Engine/EngineMaterials/Substrate/GLints/dict_16_192_64_0p5_0p02_0061_0006" 5160
"/Engine/EngineMaterials/Substrate/GLints/dict_16_192_64_0p5_0p02_0061_0007" 5161
"/Engine/EngineMaterials/Substrate/GLints/dict_16_192_64_0p5_0p02_0061_0008" 5162
"/Engine/EngineMaterials/Substrate/GLints/dict_16_192_64_0p5_0p02_0060_0006" 5163
"../../../Engine/Content/EngineMaterials/Substrate/GLints/dict_16_192_64_0p5_0p02_0059_0009.uasset" 5164
"/Engine/EngineMaterials/Substrate/GLints/dict_16_192_64_0p5_0p02_0060_0004" 5165
"../../../Engine/Content/EngineMaterials/Substrate/GLints/dict_16_192_64_0p5_0p02_0059_0007.uasset" 5166
"../../../Engine/Content/EngineMaterials/Substrate/GLints/dict_16_192_64_0p5_0p02_0059_0006.uasset" 5167
"../../../Engine/Content/EngineMaterials/Substrate/GLints/dict_16_192_64_0p5_0p02_0059_0005.uasset" 5168
"../../../Engine/Content/EngineMaterials/Substrate/GLints/dict_16_192_64_0p5_0p02_0059_0004.uasset" 5169
"../../../Engine/Content/EngineMaterials/Substrate/GLints/dict_16_192_64_0p5_0p02_0059_0003.uasset" 5170
"/Engine/EngineMaterials/Substrate/GLints/dict_16_192_64_0p5_0p02_0060_0005" 5171
"../../../Engine/Content/EngineMaterials/Substrate/GLints/dict_16_192_64_0p5_0p02_0059_0002.uasset" 5172
"../../../Engine/Content/EngineMaterials/Substrate/GLints/dict_16_192_64_0p5_0p02_0059_0001.uasset" 5173
"/Engine/EngineMaterials/Substrate/GLints/dict_16_192_64_0p5_0p02_0059_0010" 5174
"../../../Engine/Content/EngineMaterials/Substrate/GLints/dict_16_192_64_0p5_0p02_0059_0000.uasset" 5175
"../../../Engine/Content/EngineMaterials/Substrate/GLints/dict_16_192_64_0p5_0p02_0058_0015.uasset" 5176
"/Engine/EngineMaterials/Substrate/GLints/dict_16_192_64_0p5_0p02_0059_0011" 5177
"../../../Engine/Content/EngineMaterials/Substrate/GLints/dict_16_192_64_0p5_0p02_0058_0014.uasset" 5178
"../../../Engine/Content/EngineMaterials/Substrate/GLints/dict_16_192_64_0p5_0p02_0058_0013.uasset" 5179
"../../../Engine/Content/EngineMaterials/Substrate/GLints/dict_16_192_64_0p5_0p02_0058_0012.uasset" 5180
"../../../Engine/Content/EngineMaterials/Substrate/GLints/dict_16_192_64_0p5_0p02_0058_0011.uasset" 5181
"../../../Engine/Content/EngineMaterials/Substrate/GLints/dict_16_192_64_0p5_0p02_0058_0010.uasset" 5182
"../../../Engine/Content/EngineMaterials/Substrate/GLints/dict_16_192_64_0p5_0p02_0058_0009.uasset" 5183
"../../../Engine/Content/EngineMaterials/Substrate/GLints/dict_16_192_64_0p5_0p02_0058_0008.uasset" 5184
"../../../Engine/Content/EngineMaterials/Substrate/GLints/dict_16_192_64_0p5_0p02_0058_0007.uasset" 5185
"/Engine/EngineMaterials/Substrate/GLints/dict_16_192_64_0p5_0p02_0059_0012" 5186
"/Engine/EngineMaterials/Substrate/GLints/dict_16_192_64_0p5_0p02_0059_0013" 5187
"/Engine/EngineMaterials/Substrate/GLints/dict_16_192_64_0p5_0p02_0059_0014" 5188
"/Engine/EngineMaterials/Substrate/GLints/dict_16_192_64_0p5_0p02_0059_0015" 5189
"/Engine/EngineMaterials/Substrate/GLints/dict_16_192_64_0p5_0p02_0060_0000" 5190
"/Engine/EngineMaterials/Substrate/GLints/dict_16_192_64_0p5_0p02_0060_0001" 5191
"/Engine/EngineMaterials/Substrate/GLints/dict_16_192_64_0p5_0p02_0060_0002" 5192
"/Engine/EngineMaterials/Substrate/GLints/dict_16_192_64_0p5_0p02_0060_0003" 5193
"/Engine/EngineMaterials/Substrate/GLints/dict_16_192_64_0p5_0p02_0062_0003" 5194
"../../../Engine/Content/EngineMaterials/Substrate/GLints/dict_16_192_64_0p5_0p02_0058_0006.uasset" 5195
"/Engine/EngineMaterials/Substrate/GLints/dict_16_192_64_0p5_0p02_0058_0007" 5196
"../../../Engine/Content/EngineMaterials/Substrate/GLints/dict_16_192_64_0p5_0p02_0058_0005.uasset" 5197
"../../../Engine/Content/EngineMaterials/Substrate/GLints/dict_16_192_64_0p5_0p02_0058_0004.uasset" 5198
"/Engine/EngineMaterials/Substrate/GLints/dict_16_192_64_0p5_0p02_0058_0008" 5199
"../../../Engine/Content/EngineMaterials/Substrate/GLints/dict_16_192_64_0p5_0p02_0058_0003.uasset" 5200
"../../../Engine/Content/EngineMaterials/Substrate/GLints/dict_16_192_64_0p5_0p02_0058_0002.uasset" 5201
"../../../Engine/Content/EngineMaterials/Substrate/GLints/dict_16_192_64_0p5_0p02_0058_0001.uasset" 5202
"../../../Engine/Content/EngineMaterials/Substrate/GLints/dict_16_192_64_0p5_0p02_0058_0000.uasset" 5203
"../../../Engine/Content/EngineMaterials/Substrate/GLints/dict_16_192_64_0p5_0p02_0057_0015.uasset" 5204
"../../../Engine/Content/EngineMaterials/Substrate/GLints/dict_16_192_64_0p5_0p02_0057_0014.uasset" 5205
"../../../Engine/Content/EngineMaterials/Substrate/GLints/dict_16_192_64_0p5_0p02_0057_0013.uasset" 5206
"/Engine/EngineMaterials/Substrate/GLints/dict_16_192_64_0p5_0p02_0058_0009" 5207
"../../../Engine/Content/EngineMaterials/Substrate/GLints/dict_16_192_64_0p5_0p02_0057_0012.uasset" 5208
"../../../Engine/Content/EngineMaterials/Substrate/GLints/dict_16_192_64_0p5_0p02_0057_0011.uasset" 5209
"../../../Engine/Content/EngineMaterials/Substrate/GLints/dict_16_192_64_0p5_0p02_0057_0010.uasset" 5210
"/Engine/EngineMaterials/Substrate/GLints/dict_16_192_64_0p5_0p02_0058_0010" 5211
"/Engine/EngineMaterials/Substrate/GLints/dict_16_192_64_0p5_0p02_0058_0011" 5212
"/Engine/EngineMaterials/Substrate/GLints/dict_16_192_64_0p5_0p02_0058_0012" 5213
"/Engine/EngineMaterials/Substrate/GLints/dict_16_192_64_0p5_0p02_0058_0013" 5214
"/Engine/EngineMaterials/Substrate/GLints/dict_16_192_64_0p5_0p02_0058_0014" 5215
"/Engine/EngineMaterials/Substrate/GLints/dict_16_192_64_0p5_0p02_0058_0015" 5216
"/Engine/EngineMaterials/Substrate/GLints/dict_16_192_64_0p5_0p02_0059_0000" 5217
"/Engine/EngineMaterials/Substrate/GLints/dict_16_192_64_0p5_0p02_0059_0001" 5218
"/Engine/EngineMaterials/Substrate/GLints/dict_16_192_64_0p5_0p02_0059_0002" 5219
"../../../Engine/Content/EngineMaterials/Substrate/GLints/dict_16_192_64_0p5_0p02_0059_0008.uasset" 5220
"/Engine/EngineMaterials/Substrate/GLints/dict_16_192_64_0p5_0p02_0059_0003" 5221
"/Engine/EngineMaterials/Substrate/GLints/dict_16_192_64_0p5_0p02_0059_0004" 5222
"/Engine/EngineMaterials/Substrate/GLints/dict_16_192_64_0p5_0p02_0059_0005" 5223
"/Engine/EngineMaterials/Substrate/GLints/dict_16_192_64_0p5_0p02_0059_0006" 5224
"/Engine/EngineMaterials/Substrate/GLints/dict_16_192_64_0p5_0p02_0059_0007" 5225
"/Engine/EngineMaterials/Substrate/GLints/dict_16_192_64_0p5_0p02_0059_0009" 5226
"../../../Engine/Content/EngineMaterials/Substrate/GLints/dict_16_192_64_0p5_0p02_0057_0008.uasset" 5227
"../../../Engine/Content/EngineMaterials/Substrate/GLints/dict_16_192_64_0p5_0p02_0057_0009.uasset" 5228
"../../../Engine/Content/EngineMaterials/Substrate/GLints/dict_16_192_64_0p5_0p02_0057_0006.uasset" 5229
"../../../Engine/Content/EngineMaterials/Substrate/GLints/dict_16_192_64_0p5_0p02_0057_0005.uasset" 5230
"../../../Engine/Content/EngineMaterials/Substrate/GLints/dict_16_192_64_0p5_0p02_0057_0004.uasset" 5231
"../../../Engine/Content/EngineMaterials/Substrate/GLints/dict_16_192_64_0p5_0p02_0057_0007.uasset" 5232
"../../../Engine/Content/EngineMaterials/Substrate/GLints/dict_16_192_64_0p5_0p02_0057_0003.uasset" 5233
"../../../Engine/Content/EngineMaterials/Substrate/GLints/dict_16_192_64_0p5_0p02_0057_0002.uasset" 5234
"../../../Engine/Content/EngineMaterials/Substrate/GLints/dict_16_192_64_0p5_0p02_0057_0000.uasset" 5235
"/Engine/EngineMaterials/Substrate/GLints/dict_16_192_64_0p5_0p02_0057_0010" 5236
"../../../Engine/Content/EngineMaterials/Substrate/GLints/dict_16_192_64_0p5_0p02_0057_0001.uasset" 5237
"../../../Engine/Content/EngineMaterials/Substrate/GLints/dict_16_192_64_0p5_0p02_0056_0015.uasset" 5238
"../../../Engine/Content/EngineMaterials/Substrate/GLints/dict_16_192_64_0p5_0p02_0056_0014.uasset" 5239
"../../../Engine/Content/EngineMaterials/Substrate/GLints/dict_16_192_64_0p5_0p02_0056_0013.uasset" 5240
"../../../Engine/Content/EngineMaterials/Substrate/GLints/dict_16_192_64_0p5_0p02_0056_0012.uasset" 5241
"../../../Engine/Content/EngineMaterials/Substrate/GLints/dict_16_192_64_0p5_0p02_0056_0011.uasset" 5242
"../../../Engine/Content/EngineMaterials/Substrate/GLints/dict_16_192_64_0p5_0p02_0056_0010.uasset" 5243
"../../../Engine/Content/EngineMaterials/Substrate/GLints/dict_16_192_64_0p5_0p02_0056_0009.uasset" 5244
"../../../Engine/Content/EngineMaterials/Substrate/GLints/dict_16_192_64_0p5_0p02_0056_0008.uasset" 5245
"/Engine/EngineMaterials/Substrate/GLints/dict_16_192_64_0p5_0p02_0057_0011" 5246
"/Engine/EngineMaterials/Substrate/GLints/dict_16_192_64_0p5_0p02_0059_0008" 5247
"/Engine/EngineMaterials/Substrate/GLints/dict_16_192_64_0p5_0p02_0057_0012" 5248
"/Engine/EngineMaterials/Substrate/GLints/dict_16_192_64_0p5_0p02_0057_0013" 5249
"/Engine/EngineMaterials/Substrate/GLints/dict_16_192_64_0p5_0p02_0057_0014" 5250
"/Engine/EngineMaterials/Substrate/GLints/dict_16_192_64_0p5_0p02_0057_0015" 5251
"/Engine/EngineMaterials/Substrate/GLints/dict_16_192_64_0p5_0p02_0058_0000" 5252
"/Engine/EngineMaterials/Substrate/GLints/dict_16_192_64_0p5_0p02_0058_0001" 5253
"/Engine/EngineMaterials/Substrate/GLints/dict_16_192_64_0p5_0p02_0058_0002" 5254
"/Engine/EngineMaterials/Substrate/GLints/dict_16_192_64_0p5_0p02_0058_0003" 5255
"/Engine/EngineMaterials/Substrate/GLints/dict_16_192_64_0p5_0p02_0058_0004" 5256
"/Engine/EngineMaterials/Substrate/GLints/dict_16_192_64_0p5_0p02_0058_0005" 5257
"/Engine/EngineMaterials/Substrate/GLints/dict_16_192_64_0p5_0p02_0058_0006" 5258
"/Engine/EngineMaterials/Substrate/GLints/dict_16_192_64_0p5_0p02_0057_0009" 5259
"../../../Engine/Content/EngineMaterials/Substrate/GLints/dict_16_192_64_0p5_0p02_0056_0007.uasset" 5260
"/Engine/EngineMaterials/Substrate/GLints/dict_16_192_64_0p5_0p02_0056_0008" 5261
"../../../Engine/Content/EngineMaterials/Substrate/GLints/dict_16_192_64_0p5_0p02_0056_0006.uasset" 5262
"../../../Engine/Content/EngineMaterials/Substrate/GLints/dict_16_192_64_0p5_0p02_0056_0005.uasset" 5263
"../../../Engine/Content/EngineMaterials/Substrate/GLints/dict_16_192_64_0p5_0p02_0056_0004.uasset" 5264
"../../../Engine/Content/EngineMaterials/Substrate/GLints/dict_16_192_64_0p5_0p02_0056_0003.uasset" 5265
"../../../Engine/Content/EngineMaterials/Substrate/GLints/dict_16_192_64_0p5_0p02_0056_0002.uasset" 5266
"../../../Engine/Content/EngineMaterials/Substrate/GLints/dict_16_192_64_0p5_0p02_0056_0001.uasset" 5267
"../../../Engine/Content/EngineMaterials/Substrate/GLints/dict_16_192_64_0p5_0p02_0056_0000.uasset" 5268
"../../../Engine/Content/EngineMaterials/Substrate/GLints/dict_16_192_64_0p5_0p02_0055_0015.uasset" 5269
"../../../Engine/Content/EngineMaterials/Substrate/GLints/dict_16_192_64_0p5_0p02_0055_0013.uasset" 5270
"../../../Engine/Content/EngineMaterials/Substrate/GLints/dict_16_192_64_0p5_0p02_0055_0012.uasset" 5271
"../../../Engine/Content/EngineMaterials/Substrate/GLints/dict_16_192_64_0p5_0p02_0055_0011.uasset" 5272
"/Engine/EngineMaterials/Substrate/GLints/dict_16_192_64_0p5_0p02_0056_0009" 5273
"../../../Engine/Content/EngineMaterials/Substrate/GLints/dict_16_192_64_0p5_0p02_0055_0010.uasset" 5274
"../../../Engine/Content/EngineMaterials/Substrate/GLints/dict_16_192_64_0p5_0p02_0055_0014.uasset" 5275
"../../../Engine/Content/EngineMaterials/Substrate/GLints/dict_16_192_64_0p5_0p02_0055_0009.uasset" 5276
"/Engine/EngineMaterials/Substrate/GLints/dict_16_192_64_0p5_0p02_0056_0010" 5277
"/Engine/EngineMaterials/Substrate/GLints/dict_16_192_64_0p5_0p02_0056_0011" 5278
"/Engine/EngineMaterials/Substrate/GLints/dict_16_192_64_0p5_0p02_0056_0012" 5279
"/Engine/EngineMaterials/Substrate/GLints/dict_16_192_64_0p5_0p02_0056_0013" 5280
"/Engine/EngineMaterials/Substrate/GLints/dict_16_192_64_0p5_0p02_0056_0014" 5281
"/Engine/EngineMaterials/Substrate/GLints/dict_16_192_64_0p5_0p02_0056_0015" 5282
"/Engine/EngineMaterials/Substrate/GLints/dict_16_192_64_0p5_0p02_0057_0000" 5283
"/Engine/EngineMaterials/Substrate/GLints/dict_16_192_64_0p5_0p02_0057_0001" 5284
"/Engine/EngineMaterials/Substrate/GLints/dict_16_192_64_0p5_0p02_0057_0002" 5285
"/Engine/EngineMaterials/Substrate/GLints/dict_16_192_64_0p5_0p02_0057_0003" 5286
"/Engine/EngineMaterials/Substrate/GLints/dict_16_192_64_0p5_0p02_0057_0004" 5287
"/Engine/EngineMaterials/Substrate/GLints/dict_16_192_64_0p5_0p02_0057_0005" 5288
"/Engine/EngineMaterials/Substrate/GLints/dict_16_192_64_0p5_0p02_0057_0006" 5289
"/Engine/EngineMaterials/Substrate/GLints/dict_16_192_64_0p5_0p02_0057_0007" 5290
"/Engine/EngineMaterials/Substrate/GLints/dict_16_192_64_0p5_0p02_0057_0008" 5291
"/Engine/EngineMaterials/Substrate/GLints/dict_16_192_64_0p5_0p02_0055_0009" 5292
"/Engine/EngineMaterials/Substrate/GLints/dict_16_192_64_0p5_0p02_0055_0010" 5293
"/Engine/EngineMaterials/Substrate/GLints/dict_16_192_64_0p5_0p02_0055_0011" 5294
"/Engine/EngineMaterials/Substrate/GLints/dict_16_192_64_0p5_0p02_0055_0012" 5295
"/Engine/EngineMaterials/Substrate/GLints/dict_16_192_64_0p5_0p02_0055_0013" 5296
"/Engine/EngineMaterials/Substrate/GLints/dict_16_192_64_0p5_0p02_0055_0014" 5297
"/Engine/EngineMaterials/Substrate/GLints/dict_16_192_64_0p5_0p02_0055_0015" 5298
"/Engine/EngineMaterials/Substrate/GLints/dict_16_192_64_0p5_0p02_0056_0000" 5299
"../../../Engine/Content/EngineMaterials/Substrate/GLints/dict_16_192_64_0p5_0p02_0055_0008.uasset" 5300
"../../../Engine/Content/EngineMaterials/Substrate/GLints/dict_16_192_64_0p5_0p02_0055_0007.uasset" 5301
"../../../Engine/Content/EngineMaterials/Substrate/GLints/dict_16_192_64_0p5_0p02_0055_0005.uasset" 5302
"../../../Engine/Content/EngineMaterials/Substrate/GLints/dict_16_192_64_0p5_0p02_0055_0004.uasset" 5303
"/Engine/EngineMaterials/Substrate/GLints/dict_16_192_64_0p5_0p02_0056_0001" 5304
"../../../Engine/Content/EngineMaterials/Substrate/GLints/dict_16_192_64_0p5_0p02_0055_0003.uasset" 5305
"/Engine/EngineMaterials/Substrate/GLints/dict_16_192_64_0p5_0p02_0056_0002" 5306
"../../../Engine/Content/EngineMaterials/Substrate/GLints/dict_16_192_64_0p5_0p02_0055_0002.uasset" 5307
"../../../Engine/Content/EngineMaterials/Substrate/GLints/dict_16_192_64_0p5_0p02_0055_0001.uasset" 5308
"../../../Engine/Content/EngineMaterials/Substrate/GLints/dict_16_192_64_0p5_0p02_0055_0000.uasset" 5309
"/Engine/EngineMaterials/Substrate/GLints/dict_16_192_64_0p5_0p02_0056_0003" 5310
"../../../Engine/Content/EngineMaterials/Substrate/GLints/dict_16_192_64_0p5_0p02_0054_0015.uasset" 5311
"../../../Engine/Content/EngineMaterials/Substrate/GLints/dict_16_192_64_0p5_0p02_0054_0014.uasset" 5312
"../../../Engine/Content/EngineMaterials/Substrate/GLints/dict_16_192_64_0p5_0p02_0054_0013.uasset" 5313
"../../../Engine/Content/EngineMaterials/Substrate/GLints/dict_16_192_64_0p5_0p02_0054_0012.uasset" 5314
"../../../Engine/Content/EngineMaterials/Substrate/GLints/dict_16_192_64_0p5_0p02_0054_0011.uasset" 5315
"../../../Engine/Content/EngineMaterials/Substrate/GLints/dict_16_192_64_0p5_0p02_0054_0010.uasset" 5316
"../../../Engine/Content/EngineMaterials/Substrate/GLints/dict_16_192_64_0p5_0p02_0054_0009.uasset" 5317
"../../../Engine/Content/EngineMaterials/Substrate/GLints/dict_16_192_64_0p5_0p02_0054_0008.uasset" 5318
"/Engine/EngineMaterials/Substrate/GLints/dict_16_192_64_0p5_0p02_0056_0004" 5319
"../../../Engine/Content/EngineMaterials/Substrate/GLints/dict_16_192_64_0p5_0p02_0055_0006.uasset" 5320
"/Engine/EngineMaterials/Substrate/GLints/dict_16_192_64_0p5_0p02_0056_0005" 5321
"/Engine/EngineMaterials/Substrate/GLints/dict_16_192_64_0p5_0p02_0056_0006" 5322
"/Engine/EngineMaterials/Substrate/GLints/dict_16_192_64_0p5_0p02_0056_0007" 5323
"/Engine/EngineMaterials/Substrate/GLints/dict_16_192_64_0p5_0p02_0054_0008" 5324
"../../../Engine/Content/EngineMaterials/Substrate/GLints/dict_16_192_64_0p5_0p02_0054_0007.uasset" 5325
"../../../Engine/Content/EngineMaterials/Substrate/GLints/dict_16_192_64_0p5_0p02_0054_0006.uasset" 5326
"../../../Engine/Content/EngineMaterials/Substrate/GLints/dict_16_192_64_0p5_0p02_0054_0005.uasset" 5327
"../../../Engine/Content/EngineMaterials/Substrate/GLints/dict_16_192_64_0p5_0p02_0054_0004.uasset" 5328
"../../../Engine/Content/EngineMaterials/Substrate/GLints/dict_16_192_64_0p5_0p02_0054_0002.uasset" 5329
"../../../Engine/Content/EngineMaterials/Substrate/GLints/dict_16_192_64_0p5_0p02_0054_0003.uasset" 5330
"/Engine/EngineMaterials/Substrate/GLints/dict_16_192_64_0p5_0p02_0054_0009" 5331
"/Engine/EngineMaterials/Substrate/GLints/dict_16_192_64_0p5_0p02_0054_0010" 5332
"../../../Engine/Content/EngineMaterials/Substrate/GLints/dict_16_192_64_0p5_0p02_0054_0001.uasset" 5333
"../../../Engine/Content/EngineMaterials/Substrate/GLints/dict_16_192_64_0p5_0p02_0054_0000.uasset" 5334
"../../../Engine/Content/EngineMaterials/Substrate/GLints/dict_16_192_64_0p5_0p02_0053_0015.uasset" 5335
"../../../Engine/Content/EngineMaterials/Substrate/GLints/dict_16_192_64_0p5_0p02_0053_0014.uasset" 5336
"../../../Engine/Content/EngineMaterials/Substrate/GLints/dict_16_192_64_0p5_0p02_0053_0013.uasset" 5337
"../../../Engine/Content/EngineMaterials/Substrate/GLints/dict_16_192_64_0p5_0p02_0053_0012.uasset" 5338
"../../../Engine/Content/EngineMaterials/Substrate/GLints/dict_16_192_64_0p5_0p02_0053_0011.uasset" 5339
"../../../Engine/Content/EngineMaterials/Substrate/GLints/dict_16_192_64_0p5_0p02_0053_0010.uasset" 5340
"../../../Engine/Content/EngineMaterials/Substrate/GLints/dict_16_192_64_0p5_0p02_0053_0009.uasset" 5341
"/Engine/EngineMaterials/Substrate/GLints/dict_16_192_64_0p5_0p02_0054_0011" 5342
"/Engine/EngineMaterials/Substrate/GLints/dict_16_192_64_0p5_0p02_0054_0012" 5343
"/Engine/EngineMaterials/Substrate/GLints/dict_16_192_64_0p5_0p02_0054_0013" 5344
"/Engine/EngineMaterials/Substrate/GLints/dict_16_192_64_0p5_0p02_0054_0014" 5345
"/Engine/EngineMaterials/Substrate/GLints/dict_16_192_64_0p5_0p02_0054_0015" 5346
"/Engine/EngineMaterials/Substrate/GLints/dict_16_192_64_0p5_0p02_0055_0000" 5347
"/Engine/EngineMaterials/Substrate/GLints/dict_16_192_64_0p5_0p02_0055_0001" 5348
"/Engine/EngineMaterials/Substrate/GLints/dict_16_192_64_0p5_0p02_0055_0002" 5349
"/Engine/EngineMaterials/Substrate/GLints/dict_16_192_64_0p5_0p02_0055_0003" 5350
"/Engine/EngineMaterials/Substrate/GLints/dict_16_192_64_0p5_0p02_0055_0004" 5351
"/Engine/EngineMaterials/Substrate/GLints/dict_16_192_64_0p5_0p02_0055_0005" 5352
"/Engine/EngineMaterials/Substrate/GLints/dict_16_192_64_0p5_0p02_0055_0006" 5353
"/Engine/EngineMaterials/Substrate/GLints/dict_16_192_64_0p5_0p02_0055_0007" 5354
"/Engine/EngineMaterials/Substrate/GLints/dict_16_192_64_0p5_0p02_0055_0008" 5355
"../../../Engine/Content/EngineMaterials/Substrate/GLints/dict_16_192_64_0p5_0p02_0053_0007.uasset" 5356
"../../../Engine/Content/EngineMaterials/Substrate/GLints/dict_16_192_64_0p5_0p02_0053_0008.uasset" 5357
"/Engine/EngineMaterials/Substrate/GLints/dict_16_192_64_0p5_0p02_0053_0009" 5358
"../../../Engine/Content/EngineMaterials/Substrate/GLints/dict_16_192_64_0p5_0p02_0053_0006.uasset" 5359
"../../../Engine/Content/EngineMaterials/Substrate/GLints/dict_16_192_64_0p5_0p02_0053_0005.uasset" 5360
"../../../Engine/Content/EngineMaterials/Substrate/GLints/dict_16_192_64_0p5_0p02_0053_0004.uasset" 5361
"../../../Engine/Content/EngineMaterials/Substrate/GLints/dict_16_192_64_0p5_0p02_0053_0002.uasset" 5362
"../../../Engine/Content/EngineMaterials/Substrate/GLints/dict_16_192_64_0p5_0p02_0053_0001.uasset" 5363
"../../../Engine/Content/EngineMaterials/Substrate/GLints/dict_16_192_64_0p5_0p02_0053_0000.uasset" 5364
"../../../Engine/Content/EngineMaterials/Substrate/GLints/dict_16_192_64_0p5_0p02_0052_0015.uasset" 5365
"../../../Engine/Content/EngineMaterials/Substrate/GLints/dict_16_192_64_0p5_0p02_0053_0003.uasset" 5366
"../../../Engine/Content/EngineMaterials/Substrate/GLints/dict_16_192_64_0p5_0p02_0052_0014.uasset" 5367
"../../../Engine/Content/EngineMaterials/Substrate/GLints/dict_16_192_64_0p5_0p02_0052_0013.uasset" 5368
"../../../Engine/Content/EngineMaterials/Substrate/GLints/dict_16_192_64_0p5_0p02_0052_0012.uasset" 5369
"../../../Engine/Content/EngineMaterials/Substrate/GLints/dict_16_192_64_0p5_0p02_0052_0011.uasset" 5370
"../../../Engine/Content/EngineMaterials/Substrate/GLints/dict_16_192_64_0p5_0p02_0052_0010.uasset" 5371
"../../../Engine/Content/EngineMaterials/Substrate/GLints/dict_16_192_64_0p5_0p02_0052_0009.uasset" 5372
"/Engine/EngineMaterials/Substrate/GLints/dict_16_192_64_0p5_0p02_0053_0010" 5373
"../../../Engine/Content/EngineMaterials/Substrate/GLints/dict_16_192_64_0p5_0p02_0052_0008.uasset" 5374
"/Engine/EngineMaterials/Substrate/GLints/dict_16_192_64_0p5_0p02_0053_0011" 5375
"/Engine/EngineMaterials/Substrate/GLints/dict_16_192_64_0p5_0p02_0053_0012" 5376
"/Engine/EngineMaterials/Substrate/GLints/dict_16_192_64_0p5_0p02_0053_0013" 5377
"/Engine/EngineMaterials/Substrate/GLints/dict_16_192_64_0p5_0p02_0053_0014" 5378
"/Engine/EngineMaterials/Substrate/GLints/dict_16_192_64_0p5_0p02_0053_0015" 5379
"/Engine/EngineMaterials/Substrate/GLints/dict_16_192_64_0p5_0p02_0054_0000" 5380
"/Engine/EngineMaterials/Substrate/GLints/dict_16_192_64_0p5_0p02_0054_0001" 5381
"/Engine/EngineMaterials/Substrate/GLints/dict_16_192_64_0p5_0p02_0054_0002" 5382
"/Engine/EngineMaterials/Substrate/GLints/dict_16_192_64_0p5_0p02_0054_0003" 5383
"/Engine/EngineMaterials/Substrate/GLints/dict_16_192_64_0p5_0p02_0054_0004" 5384
"/Engine/EngineMaterials/Substrate/GLints/dict_16_192_64_0p5_0p02_0054_0005" 5385
"/Engine/EngineMaterials/Substrate/GLints/dict_16_192_64_0p5_0p02_0054_0006" 5386
"/Engine/EngineMaterials/Substrate/GLints/dict_16_192_64_0p5_0p02_0054_0007" 5387
"../../../Engine/Content/EngineMaterials/Substrate/GLints/dict_16_192_64_0p5_0p02_0052_0007.uasset" 5388
"/Engine/EngineMaterials/Substrate/GLints/dict_16_192_64_0p5_0p02_0052_0008" 5389
"../../../Engine/Content/EngineMaterials/Substrate/GLints/dict_16_192_64_0p5_0p02_0052_0006.uasset" 5390
"../../../Engine/Content/EngineMaterials/Substrate/GLints/dict_16_192_64_0p5_0p02_0052_0005.uasset" 5391
"../../../Engine/Content/EngineMaterials/Substrate/GLints/dict_16_192_64_0p5_0p02_0052_0004.uasset" 5392
"../../../Engine/Content/EngineMaterials/Substrate/GLints/dict_16_192_64_0p5_0p02_0052_0003.uasset" 5393
"../../../Engine/Content/EngineMaterials/Substrate/GLints/dict_16_192_64_0p5_0p02_0052_0002.uasset" 5394
"../../../Engine/Content/EngineMaterials/Substrate/GLints/dict_16_192_64_0p5_0p02_0052_0001.uasset" 5395
"../../../Engine/Content/EngineMaterials/Substrate/GLints/dict_16_192_64_0p5_0p02_0052_0000.uasset" 5396
"../../../Engine/Content/EngineMaterials/Substrate/GLints/dict_16_192_64_0p5_0p02_0051_0015.uasset" 5397
"../../../Engine/Content/EngineMaterials/Substrate/GLints/dict_16_192_64_0p5_0p02_0051_0014.uasset" 5398
"../../../Engine/Content/EngineMaterials/Substrate/GLints/dict_16_192_64_0p5_0p02_0051_0013.uasset" 5399
"../../../Engine/Content/EngineMaterials/Substrate/GLints/dict_16_192_64_0p5_0p02_0051_0012.uasset" 5400
"../../../Engine/Content/EngineMaterials/Substrate/GLints/dict_16_192_64_0p5_0p02_0051_0011.uasset" 5401
"../../../Engine/Content/EngineMaterials/Substrate/GLints/dict_16_192_64_0p5_0p02_0051_0010.uasset" 5402
"../../../Engine/Content/EngineMaterials/Substrate/GLints/dict_16_192_64_0p5_0p02_0051_0009.uasset" 5403
"/Engine/EngineMaterials/Substrate/GLints/dict_16_192_64_0p5_0p02_0052_0009" 5404
"/Engine/EngineMaterials/Substrate/GLints/dict_16_192_64_0p5_0p02_0052_0010" 5405
"/Engine/EngineMaterials/Substrate/GLints/dict_16_192_64_0p5_0p02_0052_0011" 5406
"/Engine/EngineMaterials/Substrate/GLints/dict_16_192_64_0p5_0p02_0052_0012" 5407
"/Engine/EngineMaterials/Substrate/GLints/dict_16_192_64_0p5_0p02_0052_0013" 5408
"/Engine/EngineMaterials/Substrate/GLints/dict_16_192_64_0p5_0p02_0052_0014" 5409
"/Engine/EngineMaterials/Substrate/GLints/dict_16_192_64_0p5_0p02_0052_0015" 5410
"/Engine/EngineMaterials/Substrate/GLints/dict_16_192_64_0p5_0p02_0053_0000" 5411
"/Engine/EngineMaterials/Substrate/GLints/dict_16_192_64_0p5_0p02_0053_0001" 5412
"/Engine/EngineMaterials/Substrate/GLints/dict_16_192_64_0p5_0p02_0053_0002" 5413
"/Engine/EngineMaterials/Substrate/GLints/dict_16_192_64_0p5_0p02_0053_0003" 5414
"/Engine/EngineMaterials/Substrate/GLints/dict_16_192_64_0p5_0p02_0053_0004" 5415
"/Engine/EngineMaterials/Substrate/GLints/dict_16_192_64_0p5_0p02_0053_0005" 5416
"/Engine/EngineMaterials/Substrate/GLints/dict_16_192_64_0p5_0p02_0053_0006" 5417
"/Engine/EngineMaterials/Substrate/GLints/dict_16_192_64_0p5_0p02_0053_0007" 5418
"/Engine/EngineMaterials/Substrate/GLints/dict_16_192_64_0p5_0p02_0053_0008" 5419
"../../../Engine/Content/EngineMaterials/Substrate/GLints/dict_16_192_64_0p5_0p02_0051_0007.uasset" 5420
"../../../Engine/Content/EngineMaterials/Substrate/GLints/dict_16_192_64_0p5_0p02_0051_0008.uasset" 5421
"../../../Engine/Content/EngineMaterials/Substrate/GLints/dict_16_192_64_0p5_0p02_0051_0006.uasset" 5422
"/Engine/EngineMaterials/Substrate/GLints/dict_16_192_64_0p5_0p02_0051_0009" 5423
"../../../Engine/Content/EngineMaterials/Substrate/GLints/dict_16_192_64_0p5_0p02_0051_0005.uasset" 5424
"../../../Engine/Content/EngineMaterials/Substrate/GLints/dict_16_192_64_0p5_0p02_0051_0004.uasset" 5425
"../../../Engine/Content/EngineMaterials/Substrate/GLints/dict_16_192_64_0p5_0p02_0051_0003.uasset" 5426
"../../../Engine/Content/EngineMaterials/Substrate/GLints/dict_16_192_64_0p5_0p02_0051_0002.uasset" 5427
"../../../Engine/Content/EngineMaterials/Substrate/GLints/dict_16_192_64_0p5_0p02_0051_0001.uasset" 5428
"../../../Engine/Content/EngineMaterials/Substrate/GLints/dict_16_192_64_0p5_0p02_0051_0000.uasset" 5429
"../../../Engine/Content/EngineMaterials/Substrate/GLints/dict_16_192_64_0p5_0p02_0050_0015.uasset" 5430
"../../../Engine/Content/EngineMaterials/Substrate/GLints/dict_16_192_64_0p5_0p02_0050_0014.uasset" 5431
"../../../Engine/Content/EngineMaterials/Substrate/GLints/dict_16_192_64_0p5_0p02_0050_0012.uasset" 5432
"../../../Engine/Content/EngineMaterials/Substrate/GLints/dict_16_192_64_0p5_0p02_0050_0011.uasset" 5433
"../../../Engine/Content/EngineMaterials/Substrate/GLints/dict_16_192_64_0p5_0p02_0050_0013.uasset" 5434
"../../../Engine/Content/EngineMaterials/Substrate/GLints/dict_16_192_64_0p5_0p02_0050_0010.uasset" 5435
"../../../Engine/Content/EngineMaterials/Substrate/GLints/dict_16_192_64_0p5_0p02_0050_0009.uasset" 5436
"../../../Engine/Content/EngineMaterials/Substrate/GLints/dict_16_192_64_0p5_0p02_0050_0008.uasset" 5437
"/Engine/EngineMaterials/Substrate/GLints/dict_16_192_64_0p5_0p02_0051_0010" 5438
"/Engine/EngineMaterials/Substrate/GLints/dict_16_192_64_0p5_0p02_0051_0011" 5439
"/Engine/EngineMaterials/Substrate/GLints/dict_16_192_64_0p5_0p02_0051_0012" 5440
"/Engine/EngineMaterials/Substrate/GLints/dict_16_192_64_0p5_0p02_0051_0013" 5441
"/Engine/EngineMaterials/Substrate/GLints/dict_16_192_64_0p5_0p02_0051_0014" 5442
"/Engine/EngineMaterials/Substrate/GLints/dict_16_192_64_0p5_0p02_0051_0015" 5443
"/Engine/EngineMaterials/Substrate/GLints/dict_16_192_64_0p5_0p02_0052_0000" 5444
"/Engine/EngineMaterials/Substrate/GLints/dict_16_192_64_0p5_0p02_0052_0001" 5445
"/Engine/EngineMaterials/Substrate/GLints/dict_16_192_64_0p5_0p02_0052_0002" 5446
"/Engine/EngineMaterials/Substrate/GLints/dict_16_192_64_0p5_0p02_0052_0003" 5447
"/Engine/EngineMaterials/Substrate/GLints/dict_16_192_64_0p5_0p02_0052_0004" 5448
"/Engine/EngineMaterials/Substrate/GLints/dict_16_192_64_0p5_0p02_0052_0005" 5449
"/Engine/EngineMaterials/Substrate/GLints/dict_16_192_64_0p5_0p02_0052_0006" 5450
"/Engine/EngineMaterials/Substrate/GLints/dict_16_192_64_0p5_0p02_0052_0007" 5451
"../../../Engine/Content/EngineMaterials/Substrate/GLints/dict_16_192_64_0p5_0p02_0050_0007.uasset" 5452
"/Engine/EngineMaterials/Substrate/GLints/dict_16_192_64_0p5_0p02_0050_0008" 5453
"../../../Engine/Content/EngineMaterials/Substrate/GLints/dict_16_192_64_0p5_0p02_0050_0006.uasset" 5454
"../../../Engine/Content/EngineMaterials/Substrate/GLints/dict_16_192_64_0p5_0p02_0050_0005.uasset" 5455
"../../../Engine/Content/EngineMaterials/Substrate/GLints/dict_16_192_64_0p5_0p02_0050_0004.uasset" 5456
"../../../Engine/Content/EngineMaterials/Substrate/GLints/dict_16_192_64_0p5_0p02_0050_0003.uasset" 5457
"../../../Engine/Content/EngineMaterials/Substrate/GLints/dict_16_192_64_0p5_0p02_0050_0002.uasset" 5458
"../../../Engine/Content/EngineMaterials/Substrate/GLints/dict_16_192_64_0p5_0p02_0050_0001.uasset" 5459
"/Engine/EngineMaterials/Substrate/GLints/dict_16_192_64_0p5_0p02_0050_0009" 5460
"../../../Engine/Content/EngineMaterials/Substrate/GLints/dict_16_192_64_0p5_0p02_0050_0000.uasset" 5461
"../../../Engine/Content/EngineMaterials/Substrate/GLints/dict_16_192_64_0p5_0p02_0049_0015.uasset" 5462
"../../../Engine/Content/EngineMaterials/Substrate/GLints/dict_16_192_64_0p5_0p02_0049_0014.uasset" 5463
"../../../Engine/Content/EngineMaterials/Substrate/GLints/dict_16_192_64_0p5_0p02_0049_0013.uasset" 5464
"../../../Engine/Content/EngineMaterials/Substrate/GLints/dict_16_192_64_0p5_0p02_0049_0012.uasset" 5465
"../../../Engine/Content/EngineMaterials/Substrate/GLints/dict_16_192_64_0p5_0p02_0049_0011.uasset" 5466
"../../../Engine/Content/EngineMaterials/Substrate/GLints/dict_16_192_64_0p5_0p02_0049_0010.uasset" 5467
"../../../Engine/Content/EngineMaterials/Substrate/GLints/dict_16_192_64_0p5_0p02_0049_0009.uasset" 5468
"/Engine/EngineMaterials/Substrate/GLints/dict_16_192_64_0p5_0p02_0050_0010" 5469
"/Engine/EngineMaterials/Substrate/GLints/dict_16_192_64_0p5_0p02_0050_0011" 5470
"/Engine/EngineMaterials/Substrate/GLints/dict_16_192_64_0p5_0p02_0050_0012" 5471
"/Engine/EngineMaterials/Substrate/GLints/dict_16_192_64_0p5_0p02_0050_0013" 5472
"/Engine/EngineMaterials/Substrate/GLints/dict_16_192_64_0p5_0p02_0050_0014" 5473
"/Engine/EngineMaterials/Substrate/GLints/dict_16_192_64_0p5_0p02_0050_0015" 5474
"/Engine/EngineMaterials/Substrate/GLints/dict_16_192_64_0p5_0p02_0051_0000" 5475
"/Engine/EngineMaterials/Substrate/GLints/dict_16_192_64_0p5_0p02_0051_0001" 5476
"/Engine/EngineMaterials/Substrate/GLints/dict_16_192_64_0p5_0p02_0051_0002" 5477
"/Engine/EngineMaterials/Substrate/GLints/dict_16_192_64_0p5_0p02_0051_0003" 5478
"/Engine/EngineMaterials/Substrate/GLints/dict_16_192_64_0p5_0p02_0051_0004" 5479
"/Engine/EngineMaterials/Substrate/GLints/dict_16_192_64_0p5_0p02_0051_0005" 5480
"/Engine/EngineMaterials/Substrate/GLints/dict_16_192_64_0p5_0p02_0051_0006" 5481
"/Engine/EngineMaterials/Substrate/GLints/dict_16_192_64_0p5_0p02_0051_0007" 5482
"/Engine/EngineMaterials/Substrate/GLints/dict_16_192_64_0p5_0p02_0051_0008" 5483
"../../../Engine/Content/EngineMaterials/Substrate/GLints/dict_16_192_64_0p5_0p02_0049_0008.uasset" 5484
"/Engine/EngineMaterials/Substrate/GLints/dict_16_192_64_0p5_0p02_0049_0009" 5485
"../../../Engine/Content/EngineMaterials/Substrate/GLints/dict_16_192_64_0p5_0p02_0049_0007.uasset" 5486
"../../../Engine/Content/EngineMaterials/Substrate/GLints/dict_16_192_64_0p5_0p02_0049_0006.uasset" 5487
"../../../Engine/Content/EngineMaterials/Substrate/GLints/dict_16_192_64_0p5_0p02_0049_0005.uasset" 5488
"/Engine/EngineMaterials/Substrate/GLints/dict_16_192_64_0p5_0p02_0049_0010" 5489
"../../../Engine/Content/EngineMaterials/Substrate/GLints/dict_16_192_64_0p5_0p02_0049_0004.uasset" 5490
"../../../Engine/Content/EngineMaterials/Substrate/GLints/dict_16_192_64_0p5_0p02_0049_0003.uasset" 5491
"/Engine/EngineMaterials/Substrate/GLints/dict_16_192_64_0p5_0p02_0049_0011" 5492
"../../../Engine/Content/EngineMaterials/Substrate/GLints/dict_16_192_64_0p5_0p02_0049_0002.uasset" 5493
"../../../Engine/Content/EngineMaterials/Substrate/GLints/dict_16_192_64_0p5_0p02_0049_0001.uasset" 5494
"../../../Engine/Content/EngineMaterials/Substrate/GLints/dict_16_192_64_0p5_0p02_0048_0015.uasset" 5495
"../../../Engine/Content/EngineMaterials/Substrate/GLints/dict_16_192_64_0p5_0p02_0049_0000.uasset" 5496
"../../../Engine/Content/EngineMaterials/Substrate/GLints/dict_16_192_64_0p5_0p02_0048_0014.uasset" 5497
"/Engine/EngineMaterials/Substrate/GLints/dict_16_192_64_0p5_0p02_0049_0012" 5498
"../../../Engine/Content/EngineMaterials/Substrate/GLints/dict_16_192_64_0p5_0p02_0048_0013.uasset" 5499
"../../../Engine/Content/EngineMaterials/Substrate/GLints/dict_16_192_64_0p5_0p02_0048_0011.uasset" 5500
"../../../Engine/Content/EngineMaterials/Substrate/GLints/dict_16_192_64_0p5_0p02_0048_0010.uasset" 5501
"../../../Engine/Content/EngineMaterials/Substrate/GLints/dict_16_192_64_0p5_0p02_0048_0012.uasset" 5502
"../../../Engine/Content/EngineMaterials/Substrate/GLints/dict_16_192_64_0p5_0p02_0048_0008.uasset" 5503
"/Engine/EngineMaterials/Substrate/GLints/dict_16_192_64_0p5_0p02_0049_0013" 5504
"../../../Engine/Content/EngineMaterials/Substrate/GLints/dict_16_192_64_0p5_0p02_0048_0009.uasset" 5505
"/Engine/EngineMaterials/Substrate/GLints/dict_16_192_64_0p5_0p02_0049_0014" 5506
"/Engine/EngineMaterials/Substrate/GLints/dict_16_192_64_0p5_0p02_0049_0015" 5507
"/Engine/EngineMaterials/Substrate/GLints/dict_16_192_64_0p5_0p02_0050_0000" 5508
"/Engine/EngineMaterials/Substrate/GLints/dict_16_192_64_0p5_0p02_0050_0001" 5509
"/Engine/EngineMaterials/Substrate/GLints/dict_16_192_64_0p5_0p02_0050_0002" 5510
"/Engine/EngineMaterials/Substrate/GLints/dict_16_192_64_0p5_0p02_0050_0003" 5511
"/Engine/EngineMaterials/Substrate/GLints/dict_16_192_64_0p5_0p02_0050_0004" 5512
"/Engine/EngineMaterials/Substrate/GLints/dict_16_192_64_0p5_0p02_0050_0005" 5513
"/Engine/EngineMaterials/Substrate/GLints/dict_16_192_64_0p5_0p02_0050_0006" 5514
"/Engine/EngineMaterials/Substrate/GLints/dict_16_192_64_0p5_0p02_0050_0007" 5515
"../../../Engine/Content/EngineMaterials/Substrate/GLints/dict_16_192_64_0p5_0p02_0048_0007.uasset" 5516
"../../../Engine/Content/EngineMaterials/Substrate/GLints/dict_16_192_64_0p5_0p02_0048_0006.uasset" 5517
"/Engine/EngineMaterials/Substrate/GLints/dict_16_192_64_0p5_0p02_0048_0009" 5518
"../../../Engine/Content/EngineMaterials/Substrate/GLints/dict_16_192_64_0p5_0p02_0048_0005.uasset" 5519
"../../../Engine/Content/EngineMaterials/Substrate/GLints/dict_16_192_64_0p5_0p02_0048_0004.uasset" 5520
"../../../Engine/Content/EngineMaterials/Substrate/GLints/dict_16_192_64_0p5_0p02_0048_0003.uasset" 5521
"../../../Engine/Content/EngineMaterials/Substrate/GLints/dict_16_192_64_0p5_0p02_0048_0002.uasset" 5522
"../../../Engine/Content/EngineMaterials/Substrate/GLints/dict_16_192_64_0p5_0p02_0048_0001.uasset" 5523
"../../../Engine/Content/EngineMaterials/Substrate/GLints/dict_16_192_64_0p5_0p02_0048_0000.uasset" 5524
"../../../Engine/Content/EngineMaterials/Substrate/GLints/dict_16_192_64_0p5_0p02_0047_0015.uasset" 5525
"../../../Engine/Content/EngineMaterials/Substrate/GLints/dict_16_192_64_0p5_0p02_0047_0014.uasset" 5526
"../../../Engine/Content/EngineMaterials/Substrate/GLints/dict_16_192_64_0p5_0p02_0047_0013.uasset" 5527
"../../../Engine/Content/EngineMaterials/Substrate/GLints/dict_16_192_64_0p5_0p02_0047_0012.uasset" 5528
"/Engine/EngineMaterials/Substrate/GLints/dict_16_192_64_0p5_0p02_0048_0010" 5529
"../../../Engine/Content/EngineMaterials/Substrate/GLints/dict_16_192_64_0p5_0p02_0047_0011.uasset" 5530
"../../../Engine/Content/EngineMaterials/Substrate/GLints/dict_16_192_64_0p5_0p02_0047_0010.uasset" 5531
"../../../Engine/Content/EngineMaterials/Substrate/GLints/dict_16_192_64_0p5_0p02_0047_0009.uasset" 5532
"/Engine/EngineMaterials/Substrate/GLints/dict_16_192_64_0p5_0p02_0048_0011" 5533
"/Engine/EngineMaterials/Substrate/GLints/dict_16_192_64_0p5_0p02_0048_0012" 5534
"/Engine/EngineMaterials/Substrate/GLints/dict_16_192_64_0p5_0p02_0048_0013" 5535
"/Engine/EngineMaterials/Substrate/GLints/dict_16_192_64_0p5_0p02_0048_0014" 5536
"/Engine/EngineMaterials/Substrate/GLints/dict_16_192_64_0p5_0p02_0048_0015" 5537
"/Engine/EngineMaterials/Substrate/GLints/dict_16_192_64_0p5_0p02_0049_0000" 5538
"/Engine/EngineMaterials/Substrate/GLints/dict_16_192_64_0p5_0p02_0049_0001" 5539
"/Engine/EngineMaterials/Substrate/GLints/dict_16_192_64_0p5_0p02_0049_0002" 5540
"/Engine/EngineMaterials/Substrate/GLints/dict_16_192_64_0p5_0p02_0049_0003" 5541
"/Engine/EngineMaterials/Substrate/GLints/dict_16_192_64_0p5_0p02_0049_0004" 5542
"/Engine/EngineMaterials/Substrate/GLints/dict_16_192_64_0p5_0p02_0049_0005" 5543
"/Engine/EngineMaterials/Substrate/GLints/dict_16_192_64_0p5_0p02_0049_0006" 5544
"/Engine/EngineMaterials/Substrate/GLints/dict_16_192_64_0p5_0p02_0049_0007" 5545
"/Engine/EngineMaterials/Substrate/GLints/dict_16_192_64_0p5_0p02_0049_0008" 5546
"/Engine/EngineMaterials/Substrate/GLints/dict_16_192_64_0p5_0p02_0048_0008" 5547
"../../../Engine/Content/EngineMaterials/Substrate/GLints/dict_16_192_64_0p5_0p02_0047_0008.uasset" 5548
"../../../Engine/Content/EngineMaterials/Substrate/GLints/dict_16_192_64_0p5_0p02_0047_0007.uasset" 5549
"../../../Engine/Content/EngineMaterials/Substrate/GLints/dict_16_192_64_0p5_0p02_0047_0006.uasset" 5550
"/Engine/EngineMaterials/Substrate/GLints/dict_16_192_64_0p5_0p02_0047_0009" 5551
"../../../Engine/Content/EngineMaterials/Substrate/GLints/dict_16_192_64_0p5_0p02_0047_0005.uasset" 5552
"../../../Engine/Content/EngineMaterials/Substrate/GLints/dict_16_192_64_0p5_0p02_0047_0004.uasset" 5553
"../../../Engine/Content/EngineMaterials/Substrate/GLints/dict_16_192_64_0p5_0p02_0047_0003.uasset" 5554
"/Engine/EngineMaterials/Substrate/GLints/dict_16_192_64_0p5_0p02_0047_0010" 5555
"../../../Engine/Content/EngineMaterials/Substrate/GLints/dict_16_192_64_0p5_0p02_0047_0002.uasset" 5556
"../../../Engine/Content/EngineMaterials/Substrate/GLints/dict_16_192_64_0p5_0p02_0047_0001.uasset" 5557
"../../../Engine/Content/EngineMaterials/Substrate/GLints/dict_16_192_64_0p5_0p02_0047_0000.uasset" 5558
"../../../Engine/Content/EngineMaterials/Substrate/GLints/dict_16_192_64_0p5_0p02_0046_0015.uasset" 5559
"../../../Engine/Content/EngineMaterials/Substrate/GLints/dict_16_192_64_0p5_0p02_0046_0014.uasset" 5560
"../../../Engine/Content/EngineMaterials/Substrate/GLints/dict_16_192_64_0p5_0p02_0046_0013.uasset" 5561
"/Engine/EngineMaterials/Substrate/GLints/dict_16_192_64_0p5_0p02_0047_0011" 5562
"../../../Engine/Content/EngineMaterials/Substrate/GLints/dict_16_192_64_0p5_0p02_0046_0012.uasset" 5563
"../../../Engine/Content/EngineMaterials/Substrate/GLints/dict_16_192_64_0p5_0p02_0046_0011.uasset" 5564
"../../../Engine/Content/EngineMaterials/Substrate/GLints/dict_16_192_64_0p5_0p02_0046_0009.uasset" 5565
"../../../Engine/Content/EngineMaterials/Substrate/GLints/dict_16_192_64_0p5_0p02_0046_0010.uasset" 5566
"/Engine/EngineMaterials/Substrate/GLints/dict_16_192_64_0p5_0p02_0047_0012" 5567
"/Engine/EngineMaterials/Substrate/GLints/dict_16_192_64_0p5_0p02_0047_0013" 5568
"/Engine/EngineMaterials/Substrate/GLints/dict_16_192_64_0p5_0p02_0047_0014" 5569
"/Engine/EngineMaterials/Substrate/GLints/dict_16_192_64_0p5_0p02_0047_0015" 5570
"/Engine/EngineMaterials/Substrate/GLints/dict_16_192_64_0p5_0p02_0048_0000" 5571
"/Engine/EngineMaterials/Substrate/GLints/dict_16_192_64_0p5_0p02_0048_0001" 5572
"/Engine/EngineMaterials/Substrate/GLints/dict_16_192_64_0p5_0p02_0048_0002" 5573
"/Engine/EngineMaterials/Substrate/GLints/dict_16_192_64_0p5_0p02_0048_0003" 5574
"/Engine/EngineMaterials/Substrate/GLints/dict_16_192_64_0p5_0p02_0048_0004" 5575
"/Engine/EngineMaterials/Substrate/GLints/dict_16_192_64_0p5_0p02_0048_0005" 5576
"/Engine/EngineMaterials/Substrate/GLints/dict_16_192_64_0p5_0p02_0048_0006" 5577
"/Engine/EngineMaterials/Substrate/GLints/dict_16_192_64_0p5_0p02_0048_0007" 5578
"../../../Engine/Content/EngineMaterials/Substrate/GLints/dict_16_192_64_0p5_0p02_0046_0007.uasset" 5579
"../../../Engine/Content/EngineMaterials/Substrate/GLints/dict_16_192_64_0p5_0p02_0046_0006.uasset" 5580
"../../../Engine/Content/EngineMaterials/Substrate/GLints/dict_16_192_64_0p5_0p02_0046_0005.uasset" 5581
"../../../Engine/Content/EngineMaterials/Substrate/GLints/dict_16_192_64_0p5_0p02_0046_0004.uasset" 5582
"/Engine/EngineMaterials/Substrate/GLints/dict_16_192_64_0p5_0p02_0046_0009" 5583
"../../../Engine/Content/EngineMaterials/Substrate/GLints/dict_16_192_64_0p5_0p02_0046_0003.uasset" 5584
"/Engine/EngineMaterials/Substrate/GLints/dict_16_192_64_0p5_0p02_0046_0010" 5585
"../../../Engine/Content/EngineMaterials/Substrate/GLints/dict_16_192_64_0p5_0p02_0046_0002.uasset" 5586
"../../../Engine/Content/EngineMaterials/Substrate/GLints/dict_16_192_64_0p5_0p02_0046_0001.uasset" 5587
"../../../Engine/Content/EngineMaterials/Substrate/GLints/dict_16_192_64_0p5_0p02_0046_0000.uasset" 5588
"../../../Engine/Content/EngineMaterials/Substrate/GLints/dict_16_192_64_0p5_0p02_0045_0015.uasset" 5589
"../../../Engine/Content/EngineMaterials/Substrate/GLints/dict_16_192_64_0p5_0p02_0045_0014.uasset" 5590
"../../../Engine/Content/EngineMaterials/Substrate/GLints/dict_16_192_64_0p5_0p02_0045_0013.uasset" 5591
"/Engine/EngineMaterials/Substrate/GLints/dict_16_192_64_0p5_0p02_0046_0011" 5592
"../../../Engine/Content/EngineMaterials/Substrate/GLints/dict_16_192_64_0p5_0p02_0045_0012.uasset" 5593
"../../../Engine/Content/EngineMaterials/Substrate/GLints/dict_16_192_64_0p5_0p02_0045_0011.uasset" 5594
"../../../Engine/Content/EngineMaterials/Substrate/GLints/dict_16_192_64_0p5_0p02_0045_0010.uasset" 5595
"../../../Engine/Content/EngineMaterials/Substrate/GLints/dict_16_192_64_0p5_0p02_0045_0009.uasset" 5596
"/Engine/EngineMaterials/Substrate/GLints/dict_16_192_64_0p5_0p02_0046_0012" 5597
"/Engine/EngineMaterials/Substrate/GLints/dict_16_192_64_0p5_0p02_0046_0013" 5598
"/Engine/EngineMaterials/Substrate/GLints/dict_16_192_64_0p5_0p02_0046_0014" 5599
"/Engine/EngineMaterials/Substrate/GLints/dict_16_192_64_0p5_0p02_0046_0015" 5600
"/Engine/EngineMaterials/Substrate/GLints/dict_16_192_64_0p5_0p02_0047_0000" 5601
"/Engine/EngineMaterials/Substrate/GLints/dict_16_192_64_0p5_0p02_0047_0001" 5602
"/Engine/EngineMaterials/Substrate/GLints/dict_16_192_64_0p5_0p02_0047_0002" 5603
"/Engine/EngineMaterials/Substrate/GLints/dict_16_192_64_0p5_0p02_0047_0003" 5604
"/Engine/EngineMaterials/Substrate/GLints/dict_16_192_64_0p5_0p02_0047_0004" 5605
"../../../Engine/Content/EngineMaterials/Substrate/GLints/dict_16_192_64_0p5_0p02_0046_0008.uasset" 5606
"/Engine/EngineMaterials/Substrate/GLints/dict_16_192_64_0p5_0p02_0047_0005" 5607
"/Engine/EngineMaterials/Substrate/GLints/dict_16_192_64_0p5_0p02_0047_0006" 5608
"/Engine/EngineMaterials/Substrate/GLints/dict_16_192_64_0p5_0p02_0047_0007" 5609
"/Engine/EngineMaterials/Substrate/GLints/dict_16_192_64_0p5_0p02_0047_0008" 5610
"/Engine/EngineMaterials/Substrate/GLints/dict_16_192_64_0p5_0p02_0046_0005" 5611
"/Engine/EngineMaterials/Substrate/GLints/dict_16_192_64_0p5_0p02_0046_0006" 5612
"/Engine/EngineMaterials/Substrate/GLints/dict_16_192_64_0p5_0p02_0046_0007" 5613
"/Engine/EngineMaterials/Substrate/GLints/dict_16_192_64_0p5_0p02_0045_0009" 5614
"../../../Engine/Content/EngineMaterials/Substrate/GLints/dict_16_192_64_0p5_0p02_0045_0008.uasset" 5615
"../../../Engine/Content/EngineMaterials/Substrate/GLints/dict_16_192_64_0p5_0p02_0045_0007.uasset" 5616
"../../../Engine/Content/EngineMaterials/Substrate/GLints/dict_16_192_64_0p5_0p02_0045_0006.uasset" 5617
"/Engine/EngineMaterials/Substrate/GLints/dict_16_192_64_0p5_0p02_0045_0010" 5618
"../../../Engine/Content/EngineMaterials/Substrate/GLints/dict_16_192_64_0p5_0p02_0045_0005.uasset" 5619
"../../../Engine/Content/EngineMaterials/Substrate/GLints/dict_16_192_64_0p5_0p02_0045_0004.uasset" 5620
"/Engine/EngineMaterials/Substrate/GLints/dict_16_192_64_0p5_0p02_0045_0011" 5621
"../../../Engine/Content/EngineMaterials/Substrate/GLints/dict_16_192_64_0p5_0p02_0045_0003.uasset" 5622
"../../../Engine/Content/EngineMaterials/Substrate/GLints/dict_16_192_64_0p5_0p02_0045_0002.uasset" 5623
"/Engine/EngineMaterials/Substrate/GLints/dict_16_192_64_0p5_0p02_0045_0012" 5624
"../../../Engine/Content/EngineMaterials/Substrate/GLints/dict_16_192_64_0p5_0p02_0045_0001.uasset" 5625
"../../../Engine/Content/EngineMaterials/Substrate/GLints/dict_16_192_64_0p5_0p02_0045_0000.uasset" 5626
"../../../Engine/Content/EngineMaterials/Substrate/GLints/dict_16_192_64_0p5_0p02_0044_0015.uasset" 5627
"../../../Engine/Content/EngineMaterials/Substrate/GLints/dict_16_192_64_0p5_0p02_0044_0014.uasset" 5628
"/Engine/EngineMaterials/Substrate/GLints/dict_16_192_64_0p5_0p02_0045_0013" 5629
"../../../Engine/Content/EngineMaterials/Substrate/GLints/dict_16_192_64_0p5_0p02_0044_0013.uasset" 5630
"../../../Engine/Content/EngineMaterials/Substrate/GLints/dict_16_192_64_0p5_0p02_0044_0012.uasset" 5631
"../../../Engine/Content/EngineMaterials/Substrate/GLints/dict_16_192_64_0p5_0p02_0044_0011.uasset" 5632
"../../../Engine/Content/EngineMaterials/Substrate/GLints/dict_16_192_64_0p5_0p02_0044_0010.uasset" 5633
"../../../Engine/Content/EngineMaterials/Substrate/GLints/dict_16_192_64_0p5_0p02_0044_0009.uasset" 5634
"../../../Engine/Content/EngineMaterials/Substrate/GLints/dict_16_192_64_0p5_0p02_0044_0008.uasset" 5635
"../../../Engine/Content/EngineMaterials/Substrate/GLints/dict_16_192_64_0p5_0p02_0044_0007.uasset" 5636
"../../../Engine/Content/EngineMaterials/Substrate/GLints/dict_16_192_64_0p5_0p02_0044_0006.uasset" 5637
"/Engine/EngineMaterials/Substrate/GLints/dict_16_192_64_0p5_0p02_0045_0014" 5638
"/Engine/EngineMaterials/Substrate/GLints/dict_16_192_64_0p5_0p02_0045_0015" 5639
"/Engine/EngineMaterials/Substrate/GLints/dict_16_192_64_0p5_0p02_0046_0000" 5640
"/Engine/EngineMaterials/Substrate/GLints/dict_16_192_64_0p5_0p02_0046_0001" 5641
"/Engine/EngineMaterials/Substrate/GLints/dict_16_192_64_0p5_0p02_0046_0002" 5642
"/Engine/EngineMaterials/Substrate/GLints/dict_16_192_64_0p5_0p02_0046_0003" 5643
"/Engine/EngineMaterials/Substrate/GLints/dict_16_192_64_0p5_0p02_0046_0004" 5644
"/Engine/EngineMaterials/Substrate/GLints/dict_16_192_64_0p5_0p02_0046_0008" 5645
"../../../Engine/Content/EngineMaterials/Substrate/GLints/dict_16_192_64_0p5_0p02_0044_0005.uasset" 5646
"/Engine/EngineMaterials/Substrate/GLints/dict_16_192_64_0p5_0p02_0044_0006" 5647
"../../../Engine/Content/EngineMaterials/Substrate/GLints/dict_16_192_64_0p5_0p02_0044_0004.uasset" 5648
"../../../Engine/Content/EngineMaterials/Substrate/GLints/dict_16_192_64_0p5_0p02_0044_0003.uasset" 5649
"../../../Engine/Content/EngineMaterials/Substrate/GLints/dict_16_192_64_0p5_0p02_0044_0002.uasset" 5650
"../../../Engine/Content/EngineMaterials/Substrate/GLints/dict_16_192_64_0p5_0p02_0044_0001.uasset" 5651
"../../../Engine/Content/EngineMaterials/Substrate/GLints/dict_16_192_64_0p5_0p02_0044_0000.uasset" 5652
"../../../Engine/Content/EngineMaterials/Substrate/GLints/dict_16_192_64_0p5_0p02_0043_0015.uasset" 5653
"../../../Engine/Content/EngineMaterials/Substrate/GLints/dict_16_192_64_0p5_0p02_0043_0014.uasset" 5654
"../../../Engine/Content/EngineMaterials/Substrate/GLints/dict_16_192_64_0p5_0p02_0043_0013.uasset" 5655
"../../../Engine/Content/EngineMaterials/Substrate/GLints/dict_16_192_64_0p5_0p02_0043_0012.uasset" 5656
"../../../Engine/Content/EngineMaterials/Substrate/GLints/dict_16_192_64_0p5_0p02_0043_0010.uasset" 5657
"../../../Engine/Content/EngineMaterials/Substrate/GLints/dict_16_192_64_0p5_0p02_0043_0009.uasset" 5658
"../../../Engine/Content/EngineMaterials/Substrate/GLints/dict_16_192_64_0p5_0p02_0043_0011.uasset" 5659
"/Engine/EngineMaterials/Substrate/GLints/dict_16_192_64_0p5_0p02_0044_0007" 5660
"/Engine/EngineMaterials/Substrate/GLints/dict_16_192_64_0p5_0p02_0044_0008" 5661
"/Engine/EngineMaterials/Substrate/GLints/dict_16_192_64_0p5_0p02_0044_0009" 5662
"/Engine/EngineMaterials/Substrate/GLints/dict_16_192_64_0p5_0p02_0044_0010" 5663
"/Engine/EngineMaterials/Substrate/GLints/dict_16_192_64_0p5_0p02_0044_0011" 5664
"/Engine/EngineMaterials/Substrate/GLints/dict_16_192_64_0p5_0p02_0044_0012" 5665
"/Engine/EngineMaterials/Substrate/GLints/dict_16_192_64_0p5_0p02_0044_0013" 5666
"/Engine/EngineMaterials/Substrate/GLints/dict_16_192_64_0p5_0p02_0044_0014" 5667
"/Engine/EngineMaterials/Substrate/GLints/dict_16_192_64_0p5_0p02_0044_0015" 5668
"/Engine/EngineMaterials/Substrate/GLints/dict_16_192_64_0p5_0p02_0045_0000" 5669
"/Engine/EngineMaterials/Substrate/GLints/dict_16_192_64_0p5_0p02_0045_0001" 5670
"/Engine/EngineMaterials/Substrate/GLints/dict_16_192_64_0p5_0p02_0045_0002" 5671
"/Engine/EngineMaterials/Substrate/GLints/dict_16_192_64_0p5_0p02_0045_0003" 5672
"/Engine/EngineMaterials/Substrate/GLints/dict_16_192_64_0p5_0p02_0045_0004" 5673
"/Engine/EngineMaterials/Substrate/GLints/dict_16_192_64_0p5_0p02_0045_0005" 5674
"/Engine/EngineMaterials/Substrate/GLints/dict_16_192_64_0p5_0p02_0045_0006" 5675
"/Engine/EngineMaterials/Substrate/GLints/dict_16_192_64_0p5_0p02_0045_0007" 5676
"/Engine/EngineMaterials/Substrate/GLints/dict_16_192_64_0p5_0p02_0045_0008" 5677
"/Engine/EngineMaterials/Substrate/GLints/dict_16_192_64_0p5_0p02_0043_0009" 5678
"../../../Engine/Content/EngineMaterials/Substrate/GLints/dict_16_192_64_0p5_0p02_0043_0008.uasset" 5679
"../../../Engine/Content/EngineMaterials/Substrate/GLints/dict_16_192_64_0p5_0p02_0043_0006.uasset" 5680
"../../../Engine/Content/EngineMaterials/Substrate/GLints/dict_16_192_64_0p5_0p02_0043_0005.uasset" 5681
"/Engine/EngineMaterials/Substrate/GLints/dict_16_192_64_0p5_0p02_0043_0010" 5682
"../../../Engine/Content/EngineMaterials/Substrate/GLints/dict_16_192_64_0p5_0p02_0043_0007.uasset" 5683
"../../../Engine/Content/EngineMaterials/Substrate/GLints/dict_16_192_64_0p5_0p02_0043_0004.uasset" 5684
"../../../Engine/Content/EngineMaterials/Substrate/GLints/dict_16_192_64_0p5_0p02_0043_0003.uasset" 5685
"../../../Engine/Content/EngineMaterials/Substrate/GLints/dict_16_192_64_0p5_0p02_0043_0002.uasset" 5686
"../../../Engine/Content/EngineMaterials/Substrate/GLints/dict_16_192_64_0p5_0p02_0043_0001.uasset" 5687
"../../../Engine/Content/EngineMaterials/Substrate/GLints/dict_16_192_64_0p5_0p02_0043_0000.uasset" 5688
"../../../Engine/Content/EngineMaterials/Substrate/GLints/dict_16_192_64_0p5_0p02_0042_0015.uasset" 5689
"../../../Engine/Content/EngineMaterials/Substrate/GLints/dict_16_192_64_0p5_0p02_0042_0014.uasset" 5690
"../../../Engine/Content/EngineMaterials/Substrate/GLints/dict_16_192_64_0p5_0p02_0042_0012.uasset" 5691
"../../../Engine/Content/EngineMaterials/Substrate/GLints/dict_16_192_64_0p5_0p02_0042_0013.uasset" 5692
"../../../Engine/Content/EngineMaterials/Substrate/GLints/dict_16_192_64_0p5_0p02_0042_0011.uasset" 5693
"/Engine/EngineMaterials/Substrate/GLints/dict_16_192_64_0p5_0p02_0043_0011" 5694
"../../../Engine/Content/EngineMaterials/Substrate/GLints/dict_16_192_64_0p5_0p02_0042_0009.uasset" 5695
"../../../Engine/Content/EngineMaterials/Substrate/GLints/dict_16_192_64_0p5_0p02_0042_0008.uasset" 5696
"../../../Engine/Content/EngineMaterials/Substrate/GLints/dict_16_192_64_0p5_0p02_0042_0010.uasset" 5697
"../../../Engine/Content/EngineMaterials/Substrate/GLints/dict_16_192_64_0p5_0p02_0042_0006.uasset" 5698
"../../../Engine/Content/EngineMaterials/Substrate/GLints/dict_16_192_64_0p5_0p02_0042_0007.uasset" 5699
"/Engine/EngineMaterials/Substrate/GLints/dict_16_192_64_0p5_0p02_0043_0012" 5700
"/Engine/EngineMaterials/Substrate/GLints/dict_16_192_64_0p5_0p02_0043_0013" 5701
"/Engine/EngineMaterials/Substrate/GLints/dict_16_192_64_0p5_0p02_0043_0014" 5702
"/Engine/EngineMaterials/Substrate/GLints/dict_16_192_64_0p5_0p02_0043_0015" 5703
"/Engine/EngineMaterials/Substrate/GLints/dict_16_192_64_0p5_0p02_0044_0000" 5704
"/Engine/EngineMaterials/Substrate/GLints/dict_16_192_64_0p5_0p02_0044_0001" 5705
"/Engine/EngineMaterials/Substrate/GLints/dict_16_192_64_0p5_0p02_0044_0002" 5706
"/Engine/EngineMaterials/Substrate/GLints/dict_16_192_64_0p5_0p02_0044_0003" 5707
"/Engine/EngineMaterials/Substrate/GLints/dict_16_192_64_0p5_0p02_0044_0004" 5708
"/Engine/EngineMaterials/Substrate/GLints/dict_16_192_64_0p5_0p02_0044_0005" 5709
"/Engine/EngineMaterials/Substrate/GLints/dict_16_192_64_0p5_0p02_0042_0006" 5710
"../../../Engine/Content/EngineMaterials/Substrate/GLints/dict_16_192_64_0p5_0p02_0042_0005.uasset" 5711
"../../../Engine/Content/EngineMaterials/Substrate/GLints/dict_16_192_64_0p5_0p02_0042_0004.uasset" 5712
"../../../Engine/Content/EngineMaterials/Substrate/GLints/dict_16_192_64_0p5_0p02_0042_0003.uasset" 5713
"../../../Engine/Content/EngineMaterials/Substrate/GLints/dict_16_192_64_0p5_0p02_0042_0002.uasset" 5714
"../../../Engine/Content/EngineMaterials/Substrate/GLints/dict_16_192_64_0p5_0p02_0042_0001.uasset" 5715
"../../../Engine/Content/EngineMaterials/Substrate/GLints/dict_16_192_64_0p5_0p02_0041_0015.uasset" 5716
"/Engine/EngineMaterials/Substrate/GLints/dict_16_192_64_0p5_0p02_0042_0007" 5717
"../../../Engine/Content/EngineMaterials/Substrate/GLints/dict_16_192_64_0p5_0p02_0041_0014.uasset" 5718
"../../../Engine/Content/EngineMaterials/Substrate/GLints/dict_16_192_64_0p5_0p02_0041_0013.uasset" 5719
"../../../Engine/Content/EngineMaterials/Substrate/GLints/dict_16_192_64_0p5_0p02_0041_0012.uasset" 5720
"../../../Engine/Content/EngineMaterials/Substrate/GLints/dict_16_192_64_0p5_0p02_0041_0011.uasset" 5721
"/Engine/EngineMaterials/Substrate/GLints/dict_16_192_64_0p5_0p02_0042_0008" 5722
"../../../Engine/Content/EngineMaterials/Substrate/GLints/dict_16_192_64_0p5_0p02_0041_0010.uasset" 5723
"../../../Engine/Content/EngineMaterials/Substrate/GLints/dict_16_192_64_0p5_0p02_0042_0000.uasset" 5724
"../../../Engine/Content/EngineMaterials/Substrate/GLints/dict_16_192_64_0p5_0p02_0041_0009.uasset" 5725
"/Engine/EngineMaterials/Substrate/GLints/dict_16_192_64_0p5_0p02_0042_0009" 5726
"/Engine/EngineMaterials/Substrate/GLints/dict_16_192_64_0p5_0p02_0042_0010" 5727
"/Engine/EngineMaterials/Substrate/GLints/dict_16_192_64_0p5_0p02_0042_0011" 5728
"/Engine/EngineMaterials/Substrate/GLints/dict_16_192_64_0p5_0p02_0042_0012" 5729
"/Engine/EngineMaterials/Substrate/GLints/dict_16_192_64_0p5_0p02_0042_0013" 5730
"/Engine/EngineMaterials/Substrate/GLints/dict_16_192_64_0p5_0p02_0042_0014" 5731
"/Engine/EngineMaterials/Substrate/GLints/dict_16_192_64_0p5_0p02_0042_0015" 5732
"/Engine/EngineMaterials/Substrate/GLints/dict_16_192_64_0p5_0p02_0043_0000" 5733
"/Engine/EngineMaterials/Substrate/GLints/dict_16_192_64_0p5_0p02_0043_0001" 5734
"/Engine/EngineMaterials/Substrate/GLints/dict_16_192_64_0p5_0p02_0043_0002" 5735
"/Engine/EngineMaterials/Substrate/GLints/dict_16_192_64_0p5_0p02_0043_0003" 5736
"/Engine/EngineMaterials/Substrate/GLints/dict_16_192_64_0p5_0p02_0043_0004" 5737
"/Engine/EngineMaterials/Substrate/GLints/dict_16_192_64_0p5_0p02_0043_0005" 5738
"/Engine/EngineMaterials/Substrate/GLints/dict_16_192_64_0p5_0p02_0043_0006" 5739
"/Engine/EngineMaterials/Substrate/GLints/dict_16_192_64_0p5_0p02_0043_0007" 5740
"/Engine/EngineMaterials/Substrate/GLints/dict_16_192_64_0p5_0p02_0043_0008" 5741
"/Engine/EngineMaterials/Substrate/GLints/dict_16_192_64_0p5_0p02_0041_0009" 5742
"/Engine/EngineMaterials/Substrate/GLints/dict_16_192_64_0p5_0p02_0041_0010" 5743
"/Engine/EngineMaterials/Substrate/GLints/dict_16_192_64_0p5_0p02_0041_0011" 5744
"../../../Engine/Content/EngineMaterials/Substrate/GLints/dict_16_192_64_0p5_0p02_0041_0008.uasset" 5745
"../../../Engine/Content/EngineMaterials/Substrate/GLints/dict_16_192_64_0p5_0p02_0041_0007.uasset" 5746
"../../../Engine/Content/EngineMaterials/Substrate/GLints/dict_16_192_64_0p5_0p02_0041_0006.uasset" 5747
"../../../Engine/Content/EngineMaterials/Substrate/GLints/dict_16_192_64_0p5_0p02_0041_0005.uasset" 5748
"../../../Engine/Content/EngineMaterials/Substrate/GLints/dict_16_192_64_0p5_0p02_0041_0004.uasset" 5749
"../../../Engine/Content/EngineMaterials/Substrate/GLints/dict_16_192_64_0p5_0p02_0041_0003.uasset" 5750
"../../../Engine/Content/EngineMaterials/Substrate/GLints/dict_16_192_64_0p5_0p02_0041_0002.uasset" 5751
"../../../Engine/Content/EngineMaterials/Substrate/GLints/dict_16_192_64_0p5_0p02_0041_0001.uasset" 5752
"../../../Engine/Content/EngineMaterials/Substrate/GLints/dict_16_192_64_0p5_0p02_0041_0000.uasset" 5753
"../../../Engine/Content/EngineMaterials/Substrate/GLints/dict_16_192_64_0p5_0p02_0040_0015.uasset" 5754
"/Engine/EngineMaterials/Substrate/GLints/dict_16_192_64_0p5_0p02_0041_0012" 5755
"../../../Engine/Content/EngineMaterials/Substrate/GLints/dict_16_192_64_0p5_0p02_0040_0014.uasset" 5756
"/Engine/EngineMaterials/Substrate/GLints/dict_16_192_64_0p5_0p02_0041_0013" 5757
"../../../Engine/Content/EngineMaterials/Substrate/GLints/dict_16_192_64_0p5_0p02_0040_0013.uasset" 5758
"../../../Engine/Content/EngineMaterials/Substrate/GLints/dict_16_192_64_0p5_0p02_0040_0012.uasset" 5759
"/Engine/EngineMaterials/Substrate/GLints/dict_16_192_64_0p5_0p02_0041_0014" 5760
"../../../Engine/Content/EngineMaterials/Substrate/GLints/dict_16_192_64_0p5_0p02_0040_0011.uasset" 5761
"../../../Engine/Content/EngineMaterials/Substrate/GLints/dict_16_192_64_0p5_0p02_0040_0010.uasset" 5762
"../../../Engine/Content/EngineMaterials/Substrate/GLints/dict_16_192_64_0p5_0p02_0040_0009.uasset" 5763
"../../../Engine/Content/EngineMaterials/Substrate/GLints/dict_16_192_64_0p5_0p02_0040_0008.uasset" 5764
"../../../Engine/Content/EngineMaterials/Substrate/GLints/dict_16_192_64_0p5_0p02_0040_0007.uasset" 5765
"/Engine/EngineMaterials/Substrate/GLints/dict_16_192_64_0p5_0p02_0041_0015" 5766
"/Engine/EngineMaterials/Substrate/GLints/dict_16_192_64_0p5_0p02_0042_0000" 5767
"/Engine/EngineMaterials/Substrate/GLints/dict_16_192_64_0p5_0p02_0042_0001" 5768
"/Engine/EngineMaterials/Substrate/GLints/dict_16_192_64_0p5_0p02_0042_0002" 5769
"/Engine/EngineMaterials/Substrate/GLints/dict_16_192_64_0p5_0p02_0042_0003" 5770
"/Engine/EngineMaterials/Substrate/GLints/dict_16_192_64_0p5_0p02_0042_0004" 5771
"../../../Engine/Content/EngineMaterials/Substrate/GLints/dict_16_192_64_0p5_0p02_0040_0006.uasset" 5772
"/Engine/EngineMaterials/Substrate/GLints/dict_16_192_64_0p5_0p02_0042_0005" 5773
"/Engine/EngineMaterials/Substrate/GLints/dict_16_192_64_0p5_0p02_0040_0006" 5774
"../../../Engine/Content/EngineMaterials/Substrate/GLints/dict_16_192_64_0p5_0p02_0040_0004.uasset" 5775
"/Engine/EngineMaterials/Substrate/GLints/dict_16_192_64_0p5_0p02_0040_0007" 5776
"../../../Engine/Content/EngineMaterials/Substrate/GLints/dict_16_192_64_0p5_0p02_0040_0003.uasset" 5777
"/Engine/EngineMaterials/Substrate/GLints/dict_16_192_64_0p5_0p02_0040_0008" 5778
"../../../Engine/Content/EngineMaterials/Substrate/GLints/dict_16_192_64_0p5_0p02_0040_0002.uasset" 5779
"../../../Engine/Content/EngineMaterials/Substrate/GLints/dict_16_192_64_0p5_0p02_0040_0001.uasset" 5780
"/Engine/EngineMaterials/Substrate/GLints/dict_16_192_64_0p5_0p02_0040_0009" 5781
"../../../Engine/Content/EngineMaterials/Substrate/GLints/dict_16_192_64_0p5_0p02_0040_0005.uasset" 5782
"../../../Engine/Content/EngineMaterials/Substrate/GLints/dict_16_192_64_0p5_0p02_0040_0000.uasset" 5783
"/Engine/EngineMaterials/Substrate/GLints/dict_16_192_64_0p5_0p02_0040_0010" 5784
"../../../Engine/Content/EngineMaterials/Substrate/GLints/dict_16_192_64_0p5_0p02_0039_0015.uasset" 5785
"../../../Engine/Content/EngineMaterials/Substrate/GLints/dict_16_192_64_0p5_0p02_0039_0014.uasset" 5786
"../../../Engine/Content/EngineMaterials/Substrate/GLints/dict_16_192_64_0p5_0p02_0039_0013.uasset" 5787
"/Engine/EngineMaterials/Substrate/GLints/dict_16_192_64_0p5_0p02_0040_0011" 5788
"../../../Engine/Content/EngineMaterials/Substrate/GLints/dict_16_192_64_0p5_0p02_0039_0012.uasset" 5789
"../../../Engine/Content/EngineMaterials/Substrate/GLints/dict_16_192_64_0p5_0p02_0039_0011.uasset" 5790
"../../../Engine/Content/EngineMaterials/Substrate/GLints/dict_16_192_64_0p5_0p02_0039_0010.uasset" 5791
"../../../Engine/Content/EngineMaterials/Substrate/GLints/dict_16_192_64_0p5_0p02_0039_0009.uasset" 5792
"/Engine/EngineMaterials/Substrate/GLints/dict_16_192_64_0p5_0p02_0040_0012" 5793
"/Engine/EngineMaterials/Substrate/GLints/dict_16_192_64_0p5_0p02_0040_0013" 5794
"/Engine/EngineMaterials/Substrate/GLints/dict_16_192_64_0p5_0p02_0040_0014" 5795
"/Engine/EngineMaterials/Substrate/GLints/dict_16_192_64_0p5_0p02_0040_0015" 5796
"/Engine/EngineMaterials/Substrate/GLints/dict_16_192_64_0p5_0p02_0041_0000" 5797
"/Engine/EngineMaterials/Substrate/GLints/dict_16_192_64_0p5_0p02_0041_0001" 5798
"/Engine/EngineMaterials/Substrate/GLints/dict_16_192_64_0p5_0p02_0041_0002" 5799
"/Engine/EngineMaterials/Substrate/GLints/dict_16_192_64_0p5_0p02_0041_0003" 5800
"/Engine/EngineMaterials/Substrate/GLints/dict_16_192_64_0p5_0p02_0041_0004" 5801
"/Engine/EngineMaterials/Substrate/GLints/dict_16_192_64_0p5_0p02_0041_0005" 5802
"/Engine/EngineMaterials/Substrate/GLints/dict_16_192_64_0p5_0p02_0041_0006" 5803
"/Engine/EngineMaterials/Substrate/GLints/dict_16_192_64_0p5_0p02_0041_0007" 5804
"/Engine/EngineMaterials/Substrate/GLints/dict_16_192_64_0p5_0p02_0041_0008" 5805
"../../../Engine/Content/EngineMaterials/Substrate/GLints/dict_16_192_64_0p5_0p02_0039_0008.uasset" 5806
"../../../Engine/Content/EngineMaterials/Substrate/GLints/dict_16_192_64_0p5_0p02_0039_0007.uasset" 5807
"../../../Engine/Content/EngineMaterials/Substrate/GLints/dict_16_192_64_0p5_0p02_0039_0006.uasset" 5808
"../../../Engine/Content/EngineMaterials/Substrate/GLints/dict_16_192_64_0p5_0p02_0039_0005.uasset" 5809
"../../../Engine/Content/EngineMaterials/Substrate/GLints/dict_16_192_64_0p5_0p02_0039_0004.uasset" 5810
"../../../Engine/Content/EngineMaterials/Substrate/GLints/dict_16_192_64_0p5_0p02_0039_0003.uasset" 5811
"../../../Engine/Content/EngineMaterials/Substrate/GLints/dict_16_192_64_0p5_0p02_0039_0002.uasset" 5812
"../../../Engine/Content/EngineMaterials/Substrate/GLints/dict_16_192_64_0p5_0p02_0039_0001.uasset" 5813
"/Engine/EngineMaterials/Substrate/GLints/dict_16_192_64_0p5_0p02_0039_0009" 5814
"../../../Engine/Content/EngineMaterials/Substrate/GLints/dict_16_192_64_0p5_0p02_0038_0015.uasset" 5815
"../../../Engine/Content/EngineMaterials/Substrate/GLints/dict_16_192_64_0p5_0p02_0038_0014.uasset" 5816
"../../../Engine/Content/EngineMaterials/Substrate/GLints/dict_16_192_64_0p5_0p02_0038_0013.uasset" 5817
"../../../Engine/Content/EngineMaterials/Substrate/GLints/dict_16_192_64_0p5_0p02_0039_0000.uasset" 5818
"../../../Engine/Content/EngineMaterials/Substrate/GLints/dict_16_192_64_0p5_0p02_0038_0012.uasset" 5819
"../../../Engine/Content/EngineMaterials/Substrate/GLints/dict_16_192_64_0p5_0p02_0038_0011.uasset" 5820
"../../../Engine/Content/EngineMaterials/Substrate/GLints/dict_16_192_64_0p5_0p02_0038_0010.uasset" 5821
"../../../Engine/Content/EngineMaterials/Substrate/GLints/dict_16_192_64_0p5_0p02_0038_0009.uasset" 5822
"/Engine/EngineMaterials/Substrate/GLints/dict_16_192_64_0p5_0p02_0039_0010" 5823
"../../../Engine/Content/EngineMaterials/Substrate/GLints/dict_16_192_64_0p5_0p02_0038_0008.uasset" 5824
"../../../Engine/Content/EngineMaterials/Substrate/GLints/dict_16_192_64_0p5_0p02_0038_0007.uasset" 5825
"../../../Engine/Content/EngineMaterials/Substrate/GLints/dict_16_192_64_0p5_0p02_0038_0006.uasset" 5826
"/Engine/EngineMaterials/Substrate/GLints/dict_16_192_64_0p5_0p02_0039_0011" 5827
"/Engine/EngineMaterials/Substrate/GLints/dict_16_192_64_0p5_0p02_0039_0012" 5828
"/Engine/EngineMaterials/Substrate/GLints/dict_16_192_64_0p5_0p02_0039_0013" 5829
"/Engine/EngineMaterials/Substrate/GLints/dict_16_192_64_0p5_0p02_0039_0014" 5830
"/Engine/EngineMaterials/Substrate/GLints/dict_16_192_64_0p5_0p02_0039_0015" 5831
"/Engine/EngineMaterials/Substrate/GLints/dict_16_192_64_0p5_0p02_0040_0000" 5832
"/Engine/EngineMaterials/Substrate/GLints/dict_16_192_64_0p5_0p02_0040_0001" 5833
"/Engine/EngineMaterials/Substrate/GLints/dict_16_192_64_0p5_0p02_0040_0002" 5834
"/Engine/EngineMaterials/Substrate/GLints/dict_16_192_64_0p5_0p02_0040_0003" 5835
"/Engine/EngineMaterials/Substrate/GLints/dict_16_192_64_0p5_0p02_0040_0004" 5836
"/Engine/EngineMaterials/Substrate/GLints/dict_16_192_64_0p5_0p02_0040_0005" 5837
"/Engine/EngineMaterials/Substrate/GLints/dict_16_192_64_0p5_0p02_0038_0006" 5838
"../../../Engine/Content/EngineMaterials/Substrate/GLints/dict_16_192_64_0p5_0p02_0038_0005.uasset" 5839
"../../../Engine/Content/EngineMaterials/Substrate/GLints/dict_16_192_64_0p5_0p02_0038_0004.uasset" 5840
"../../../Engine/Content/EngineMaterials/Substrate/GLints/dict_16_192_64_0p5_0p02_0038_0003.uasset" 5841
"../../../Engine/Content/EngineMaterials/Substrate/GLints/dict_16_192_64_0p5_0p02_0038_0001.uasset" 5842
"../../../Engine/Content/EngineMaterials/Substrate/GLints/dict_16_192_64_0p5_0p02_0038_0002.uasset" 5843
"../../../Engine/Content/EngineMaterials/Substrate/GLints/dict_16_192_64_0p5_0p02_0038_0000.uasset" 5844
"../../../Engine/Content/EngineMaterials/Substrate/GLints/dict_16_192_64_0p5_0p02_0037_0015.uasset" 5845
"/Engine/EngineMaterials/Substrate/GLints/dict_16_192_64_0p5_0p02_0038_0007" 5846
"../../../Engine/Content/EngineMaterials/Substrate/GLints/dict_16_192_64_0p5_0p02_0037_0014.uasset" 5847
"../../../Engine/Content/EngineMaterials/Substrate/GLints/dict_16_192_64_0p5_0p02_0037_0013.uasset" 5848
"../../../Engine/Content/EngineMaterials/Substrate/GLints/dict_16_192_64_0p5_0p02_0037_0012.uasset" 5849
"../../../Engine/Content/EngineMaterials/Substrate/GLints/dict_16_192_64_0p5_0p02_0037_0011.uasset" 5850
"../../../Engine/Content/EngineMaterials/Substrate/GLints/dict_16_192_64_0p5_0p02_0037_0009.uasset" 5851
"../../../Engine/Content/EngineMaterials/Substrate/GLints/dict_16_192_64_0p5_0p02_0037_0010.uasset" 5852
"/Engine/EngineMaterials/Substrate/GLints/dict_16_192_64_0p5_0p02_0038_0008" 5853
"/Engine/EngineMaterials/Substrate/GLints/dict_16_192_64_0p5_0p02_0038_0009" 5854
"/Engine/EngineMaterials/Substrate/GLints/dict_16_192_64_0p5_0p02_0038_0010" 5855
"/Engine/EngineMaterials/Substrate/GLints/dict_16_192_64_0p5_0p02_0038_0011" 5856
"/Engine/EngineMaterials/Substrate/GLints/dict_16_192_64_0p5_0p02_0038_0012" 5857
"/Engine/EngineMaterials/Substrate/GLints/dict_16_192_64_0p5_0p02_0038_0013" 5858
"/Engine/EngineMaterials/Substrate/GLints/dict_16_192_64_0p5_0p02_0038_0014" 5859
"/Engine/EngineMaterials/Substrate/GLints/dict_16_192_64_0p5_0p02_0038_0015" 5860
"/Engine/EngineMaterials/Substrate/GLints/dict_16_192_64_0p5_0p02_0039_0000" 5861
"/Engine/EngineMaterials/Substrate/GLints/dict_16_192_64_0p5_0p02_0039_0001" 5862
"/Engine/EngineMaterials/Substrate/GLints/dict_16_192_64_0p5_0p02_0039_0002" 5863
"/Engine/EngineMaterials/Substrate/GLints/dict_16_192_64_0p5_0p02_0039_0003" 5864
"/Engine/EngineMaterials/Substrate/GLints/dict_16_192_64_0p5_0p02_0039_0004" 5865
"/Engine/EngineMaterials/Substrate/GLints/dict_16_192_64_0p5_0p02_0039_0005" 5866
"/Engine/EngineMaterials/Substrate/GLints/dict_16_192_64_0p5_0p02_0039_0006" 5867
"/Engine/EngineMaterials/Substrate/GLints/dict_16_192_64_0p5_0p02_0039_0007" 5868
"/Engine/EngineMaterials/Substrate/GLints/dict_16_192_64_0p5_0p02_0039_0008" 5869
"../../../Engine/Content/EngineMaterials/Substrate/GLints/dict_16_192_64_0p5_0p02_0037_0008.uasset" 5870
"../../../Engine/Content/EngineMaterials/Substrate/GLints/dict_16_192_64_0p5_0p02_0037_0007.uasset" 5871
"/Engine/EngineMaterials/Substrate/GLints/dict_16_192_64_0p5_0p02_0037_0009" 5872
"../../../Engine/Content/EngineMaterials/Substrate/GLints/dict_16_192_64_0p5_0p02_0037_0006.uasset" 5873
"../../../Engine/Content/EngineMaterials/Substrate/GLints/dict_16_192_64_0p5_0p02_0037_0005.uasset" 5874
"../../../Engine/Content/EngineMaterials/Substrate/GLints/dict_16_192_64_0p5_0p02_0037_0004.uasset" 5875
"../../../Engine/Content/EngineMaterials/Substrate/GLints/dict_16_192_64_0p5_0p02_0037_0003.uasset" 5876
"../../../Engine/Content/EngineMaterials/Substrate/GLints/dict_16_192_64_0p5_0p02_0037_0002.uasset" 5877
"../../../Engine/Content/EngineMaterials/Substrate/GLints/dict_16_192_64_0p5_0p02_0037_0001.uasset" 5878
"/Engine/EngineMaterials/Substrate/GLints/dict_16_192_64_0p5_0p02_0037_0010" 5879
"../../../Engine/Content/EngineMaterials/Substrate/GLints/dict_16_192_64_0p5_0p02_0037_0000.uasset" 5880
"../../../Engine/Content/EngineMaterials/Substrate/GLints/dict_16_192_64_0p5_0p02_0036_0015.uasset" 5881
"../../../Engine/Content/EngineMaterials/Substrate/GLints/dict_16_192_64_0p5_0p02_0036_0014.uasset" 5882
"../../../Engine/Content/EngineMaterials/Substrate/GLints/dict_16_192_64_0p5_0p02_0036_0013.uasset" 5883
"../../../Engine/Content/EngineMaterials/Substrate/GLints/dict_16_192_64_0p5_0p02_0036_0012.uasset" 5884
"../../../Engine/Content/EngineMaterials/Substrate/GLints/dict_16_192_64_0p5_0p02_0036_0011.uasset" 5885
"../../../Engine/Content/EngineMaterials/Substrate/GLints/dict_16_192_64_0p5_0p02_0036_0010.uasset" 5886
"../../../Engine/Content/EngineMaterials/Substrate/GLints/dict_16_192_64_0p5_0p02_0036_0009.uasset" 5887
"../../../Engine/Content/EngineMaterials/Substrate/GLints/dict_16_192_64_0p5_0p02_0036_0008.uasset" 5888
"../../../Engine/Content/EngineMaterials/Substrate/GLints/dict_16_192_64_0p5_0p02_0036_0007.uasset" 5889
"../../../Engine/Content/EngineMaterials/Substrate/GLints/dict_16_192_64_0p5_0p02_0036_0006.uasset" 5890
"/Engine/EngineMaterials/Substrate/GLints/dict_16_192_64_0p5_0p02_0037_0011" 5891
"/Engine/EngineMaterials/Substrate/GLints/dict_16_192_64_0p5_0p02_0037_0012" 5892
"/Engine/EngineMaterials/Substrate/GLints/dict_16_192_64_0p5_0p02_0037_0013" 5893
"/Engine/EngineMaterials/Substrate/GLints/dict_16_192_64_0p5_0p02_0037_0014" 5894
"/Engine/EngineMaterials/Substrate/GLints/dict_16_192_64_0p5_0p02_0037_0015" 5895
"/Engine/EngineMaterials/Substrate/GLints/dict_16_192_64_0p5_0p02_0038_0000" 5896
"/Engine/EngineMaterials/Substrate/GLints/dict_16_192_64_0p5_0p02_0038_0001" 5897
"/Engine/EngineMaterials/Substrate/GLints/dict_16_192_64_0p5_0p02_0038_0002" 5898
"/Engine/EngineMaterials/Substrate/GLints/dict_16_192_64_0p5_0p02_0038_0003" 5899
"/Engine/EngineMaterials/Substrate/GLints/dict_16_192_64_0p5_0p02_0038_0004" 5900
"/Engine/EngineMaterials/Substrate/GLints/dict_16_192_64_0p5_0p02_0038_0005" 5901
"/Engine/EngineMaterials/Substrate/GLints/dict_16_192_64_0p5_0p02_0036_0006" 5902
"/Engine/EngineMaterials/Substrate/GLints/dict_16_192_64_0p5_0p02_0036_0007" 5903
"../../../Engine/Content/EngineMaterials/Substrate/GLints/dict_16_192_64_0p5_0p02_0036_0005.uasset" 5904
"/Engine/EngineMaterials/Substrate/GLints/dict_16_192_64_0p5_0p02_0036_0008" 5905
"../../../Engine/Content/EngineMaterials/Substrate/GLints/dict_16_192_64_0p5_0p02_0036_0004.uasset" 5906
"/Engine/EngineMaterials/Substrate/GLints/dict_16_192_64_0p5_0p02_0036_0009" 5907
"../../../Engine/Content/EngineMaterials/Substrate/GLints/dict_16_192_64_0p5_0p02_0036_0003.uasset" 5908
"../../../Engine/Content/EngineMaterials/Substrate/GLints/dict_16_192_64_0p5_0p02_0036_0001.uasset" 5909
"../../../Engine/Content/EngineMaterials/Substrate/GLints/dict_16_192_64_0p5_0p02_0036_0002.uasset" 5910
"../../../Engine/Content/EngineMaterials/Substrate/GLints/dict_16_192_64_0p5_0p02_0036_0000.uasset" 5911
"/Engine/EngineMaterials/Substrate/GLints/dict_16_192_64_0p5_0p02_0036_0010" 5912
"../../../Engine/Content/EngineMaterials/Substrate/GLints/dict_16_192_64_0p5_0p02_0035_0014.uasset" 5913
"../../../Engine/Content/EngineMaterials/Substrate/GLints/dict_16_192_64_0p5_0p02_0035_0013.uasset" 5914
"/Engine/EngineMaterials/Substrate/GLints/dict_16_192_64_0p5_0p02_0036_0011" 5915
"../../../Engine/Content/EngineMaterials/Substrate/GLints/dict_16_192_64_0p5_0p02_0035_0012.uasset" 5916
"/Engine/EngineMaterials/Substrate/GLints/dict_16_192_64_0p5_0p02_0036_0012" 5917
"../../../Engine/Content/EngineMaterials/Substrate/GLints/dict_16_192_64_0p5_0p02_0035_0011.uasset" 5918
"/Engine/EngineMaterials/Substrate/GLints/dict_16_192_64_0p5_0p02_0036_0013" 5919
"../../../Engine/Content/EngineMaterials/Substrate/GLints/dict_16_192_64_0p5_0p02_0035_0010.uasset" 5920
"/Engine/EngineMaterials/Substrate/GLints/dict_16_192_64_0p5_0p02_0036_0014" 5921
"/Engine/EngineMaterials/Substrate/GLints/dict_16_192_64_0p5_0p02_0036_0015" 5922
"../../../Engine/Content/EngineMaterials/Substrate/GLints/dict_16_192_64_0p5_0p02_0035_0009.uasset" 5923
"/Engine/EngineMaterials/Substrate/GLints/dict_16_192_64_0p5_0p02_0037_0000" 5924
"/Engine/EngineMaterials/Substrate/GLints/dict_16_192_64_0p5_0p02_0037_0001" 5925
"/Engine/EngineMaterials/Substrate/GLints/dict_16_192_64_0p5_0p02_0037_0002" 5926
"/Engine/EngineMaterials/Substrate/GLints/dict_16_192_64_0p5_0p02_0037_0003" 5927
"/Engine/EngineMaterials/Substrate/GLints/dict_16_192_64_0p5_0p02_0037_0004" 5928
"../../../Engine/Content/EngineMaterials/Substrate/GLints/dict_16_192_64_0p5_0p02_0035_0015.uasset" 5929
"/Engine/EngineMaterials/Substrate/GLints/dict_16_192_64_0p5_0p02_0037_0005" 5930
"/Engine/EngineMaterials/Substrate/GLints/dict_16_192_64_0p5_0p02_0037_0006" 5931
"/Engine/EngineMaterials/Substrate/GLints/dict_16_192_64_0p5_0p02_0037_0007" 5932
"/Engine/EngineMaterials/Substrate/GLints/dict_16_192_64_0p5_0p02_0037_0008" 5933
"/Engine/EngineMaterials/Substrate/GLints/dict_16_192_64_0p5_0p02_0035_0009" 5934
"/Engine/EngineMaterials/Substrate/GLints/dict_16_192_64_0p5_0p02_0035_0010" 5935
"../../../Engine/Content/EngineMaterials/Substrate/GLints/dict_16_192_64_0p5_0p02_0035_0007.uasset" 5936
"/Engine/EngineMaterials/Substrate/GLints/dict_16_192_64_0p5_0p02_0035_0011" 5937
"../../../Engine/Content/EngineMaterials/Substrate/GLints/dict_16_192_64_0p5_0p02_0035_0006.uasset" 5938
"../../../Engine/Content/EngineMaterials/Substrate/GLints/dict_16_192_64_0p5_0p02_0035_0008.uasset" 5939
"../../../Engine/Content/EngineMaterials/Substrate/GLints/dict_16_192_64_0p5_0p02_0035_0005.uasset" 5940
"../../../Engine/Content/EngineMaterials/Substrate/GLints/dict_16_192_64_0p5_0p02_0035_0004.uasset" 5941
"../../../Engine/Content/EngineMaterials/Substrate/GLints/dict_16_192_64_0p5_0p02_0035_0003.uasset" 5942
"../../../Engine/Content/EngineMaterials/Substrate/GLints/dict_16_192_64_0p5_0p02_0035_0001.uasset" 5943
"../../../Engine/Content/EngineMaterials/Substrate/GLints/dict_16_192_64_0p5_0p02_0035_0002.uasset" 5944
"../../../Engine/Content/EngineMaterials/Substrate/GLints/dict_16_192_64_0p5_0p02_0035_0000.uasset" 5945
"../../../Engine/Content/EngineMaterials/Substrate/GLints/dict_16_192_64_0p5_0p02_0034_0015.uasset" 5946
"/Engine/EngineMaterials/Substrate/GLints/dict_16_192_64_0p5_0p02_0035_0012" 5947
"../../../Engine/Content/EngineMaterials/Substrate/GLints/dict_16_192_64_0p5_0p02_0034_0014.uasset" 5948
"../../../Engine/Content/EngineMaterials/Substrate/GLints/dict_16_192_64_0p5_0p02_0034_0013.uasset" 5949
"../../../Engine/Content/EngineMaterials/Substrate/GLints/dict_16_192_64_0p5_0p02_0034_0012.uasset" 5950
"../../../Engine/Content/EngineMaterials/Substrate/GLints/dict_16_192_64_0p5_0p02_0034_0011.uasset" 5951
"../../../Engine/Content/EngineMaterials/Substrate/GLints/dict_16_192_64_0p5_0p02_0034_0010.uasset" 5952
"../../../Engine/Content/EngineMaterials/Substrate/GLints/dict_16_192_64_0p5_0p02_0034_0009.uasset" 5953
"../../../Engine/Content/EngineMaterials/Substrate/GLints/dict_16_192_64_0p5_0p02_0034_0008.uasset" 5954
"../../../Engine/Content/EngineMaterials/Substrate/GLints/dict_16_192_64_0p5_0p02_0034_0007.uasset" 5955
"../../../Engine/Content/EngineMaterials/Substrate/GLints/dict_16_192_64_0p5_0p02_0034_0006.uasset" 5956
"/Engine/EngineMaterials/Substrate/GLints/dict_16_192_64_0p5_0p02_0035_0013" 5957
"/Engine/EngineMaterials/Substrate/GLints/dict_16_192_64_0p5_0p02_0035_0014" 5958
"/Engine/EngineMaterials/Substrate/GLints/dict_16_192_64_0p5_0p02_0035_0015" 5959
"/Engine/EngineMaterials/Substrate/GLints/dict_16_192_64_0p5_0p02_0036_0000" 5960
"/Engine/EngineMaterials/Substrate/GLints/dict_16_192_64_0p5_0p02_0036_0001" 5961
"/Engine/EngineMaterials/Substrate/GLints/dict_16_192_64_0p5_0p02_0036_0002" 5962
"/Engine/EngineMaterials/Substrate/GLints/dict_16_192_64_0p5_0p02_0036_0003" 5963
"/Engine/EngineMaterials/Substrate/GLints/dict_16_192_64_0p5_0p02_0036_0004" 5964
"/Engine/EngineMaterials/Substrate/GLints/dict_16_192_64_0p5_0p02_0036_0005" 5965
"../../../Engine/Content/EngineMaterials/Substrate/GLints/dict_16_192_64_0p5_0p02_0034_0005.uasset" 5966
"/Engine/EngineMaterials/Substrate/GLints/dict_16_192_64_0p5_0p02_0034_0006" 5967
"../../../Engine/Content/EngineMaterials/Substrate/GLints/dict_16_192_64_0p5_0p02_0034_0004.uasset" 5968
"/Engine/EngineMaterials/Substrate/GLints/dict_16_192_64_0p5_0p02_0034_0007" 5969
"../../../Engine/Content/EngineMaterials/Substrate/GLints/dict_16_192_64_0p5_0p02_0034_0002.uasset" 5970
"/Engine/EngineMaterials/Substrate/GLints/dict_16_192_64_0p5_0p02_0034_0008" 5971
"../../../Engine/Content/EngineMaterials/Substrate/GLints/dict_16_192_64_0p5_0p02_0034_0001.uasset" 5972
"../../../Engine/Content/EngineMaterials/Substrate/GLints/dict_16_192_64_0p5_0p02_0034_0000.uasset" 5973
"/Engine/EngineMaterials/Substrate/GLints/dict_16_192_64_0p5_0p02_0034_0009" 5974
"../../../Engine/Content/EngineMaterials/Substrate/GLints/dict_16_192_64_0p5_0p02_0033_0015.uasset" 5975
"../../../Engine/Content/EngineMaterials/Substrate/GLints/dict_16_192_64_0p5_0p02_0033_0014.uasset" 5976
"../../../Engine/Content/EngineMaterials/Substrate/GLints/dict_16_192_64_0p5_0p02_0033_0013.uasset" 5977
"../../../Engine/Content/EngineMaterials/Substrate/GLints/dict_16_192_64_0p5_0p02_0033_0012.uasset" 5978
"../../../Engine/Content/EngineMaterials/Substrate/GLints/dict_16_192_64_0p5_0p02_0033_0011.uasset" 5979
"../../../Engine/Content/EngineMaterials/Substrate/GLints/dict_16_192_64_0p5_0p02_0033_0010.uasset" 5980
"/Engine/EngineMaterials/Substrate/GLints/dict_16_192_64_0p5_0p02_0034_0010" 5981
"../../../Engine/Content/EngineMaterials/Substrate/GLints/dict_16_192_64_0p5_0p02_0033_0009.uasset" 5982
"../../../Engine/Content/EngineMaterials/Substrate/GLints/dict_16_192_64_0p5_0p02_0034_0003.uasset" 5983
"/Engine/EngineMaterials/Substrate/GLints/dict_16_192_64_0p5_0p02_0034_0011" 5984
"/Engine/EngineMaterials/Substrate/GLints/dict_16_192_64_0p5_0p02_0034_0012" 5985
"/Engine/EngineMaterials/Substrate/GLints/dict_16_192_64_0p5_0p02_0034_0013" 5986
"/Engine/EngineMaterials/Substrate/GLints/dict_16_192_64_0p5_0p02_0034_0014" 5987
"/Engine/EngineMaterials/Substrate/GLints/dict_16_192_64_0p5_0p02_0034_0015" 5988
"/Engine/EngineMaterials/Substrate/GLints/dict_16_192_64_0p5_0p02_0035_0000" 5989
"/Engine/EngineMaterials/Substrate/GLints/dict_16_192_64_0p5_0p02_0035_0001" 5990
"/Engine/EngineMaterials/Substrate/GLints/dict_16_192_64_0p5_0p02_0035_0002" 5991
"/Engine/EngineMaterials/Substrate/GLints/dict_16_192_64_0p5_0p02_0035_0003" 5992
"/Engine/EngineMaterials/Substrate/GLints/dict_16_192_64_0p5_0p02_0035_0004" 5993
"/Engine/EngineMaterials/Substrate/GLints/dict_16_192_64_0p5_0p02_0035_0005" 5994
"/Engine/EngineMaterials/Substrate/GLints/dict_16_192_64_0p5_0p02_0035_0006" 5995
"/Engine/EngineMaterials/Substrate/GLints/dict_16_192_64_0p5_0p02_0035_0007" 5996
"/Engine/EngineMaterials/Substrate/GLints/dict_16_192_64_0p5_0p02_0035_0008" 5997
"../../../Engine/Content/EngineMaterials/Substrate/GLints/dict_16_192_64_0p5_0p02_0033_0007.uasset" 5998
"/Engine/EngineMaterials/Substrate/GLints/dict_16_192_64_0p5_0p02_0033_0009" 5999
"../../../Engine/Content/EngineMaterials/Substrate/GLints/dict_16_192_64_0p5_0p02_0033_0006.uasset" 6000
"../../../Engine/Content/EngineMaterials/Substrate/GLints/dict_16_192_64_0p5_0p02_0033_0008.uasset" 6001
"../../../Engine/Content/EngineMaterials/Substrate/GLints/dict_16_192_64_0p5_0p02_0033_0005.uasset" 6002
"../../../Engine/Content/EngineMaterials/Substrate/GLints/dict_16_192_64_0p5_0p02_0033_0004.uasset" 6003
"../../../Engine/Content/EngineMaterials/Substrate/GLints/dict_16_192_64_0p5_0p02_0033_0003.uasset" 6004
"../../../Engine/Content/EngineMaterials/Substrate/GLints/dict_16_192_64_0p5_0p02_0033_0002.uasset" 6005
"../../../Engine/Content/EngineMaterials/Substrate/GLints/dict_16_192_64_0p5_0p02_0033_0001.uasset" 6006
"../../../Engine/Content/EngineMaterials/Substrate/GLints/dict_16_192_64_0p5_0p02_0033_0000.uasset" 6007
"/Engine/EngineMaterials/Substrate/GLints/dict_16_192_64_0p5_0p02_0033_0010" 6008
"/Engine/EngineMaterials/Substrate/GLints/dict_16_192_64_0p5_0p02_0033_0011" 6009
"../../../Engine/Content/EngineMaterials/Substrate/GLints/dict_16_192_64_0p5_0p02_0032_0015.uasset" 6010
"../../../Engine/Content/EngineMaterials/Substrate/GLints/dict_16_192_64_0p5_0p02_0032_0014.uasset" 6011
"../../../Engine/Content/EngineMaterials/Substrate/GLints/dict_16_192_64_0p5_0p02_0032_0013.uasset" 6012
"../../../Engine/Content/EngineMaterials/Substrate/GLints/dict_16_192_64_0p5_0p02_0032_0012.uasset" 6013
"../../../Engine/Content/EngineMaterials/Substrate/GLints/dict_16_192_64_0p5_0p02_0032_0011.uasset" 6014
"../../../Engine/Content/EngineMaterials/Substrate/GLints/dict_16_192_64_0p5_0p02_0032_0010.uasset" 6015
"/Engine/EngineMaterials/Substrate/GLints/dict_16_192_64_0p5_0p02_0033_0012" 6016
"../../../Engine/Content/EngineMaterials/Substrate/GLints/dict_16_192_64_0p5_0p02_0032_0009.uasset" 6017
"../../../Engine/Content/EngineMaterials/Substrate/GLints/dict_16_192_64_0p5_0p02_0032_0008.uasset" 6018
"../../../Engine/Content/EngineMaterials/Substrate/GLints/dict_16_192_64_0p5_0p02_0032_0007.uasset" 6019
"../../../Engine/Content/EngineMaterials/Substrate/GLints/dict_16_192_64_0p5_0p02_0032_0006.uasset" 6020
"/Engine/EngineMaterials/Substrate/GLints/dict_16_192_64_0p5_0p02_0033_0013" 6021
"/Engine/EngineMaterials/Substrate/GLints/dict_16_192_64_0p5_0p02_0033_0014" 6022
"/Engine/EngineMaterials/Substrate/GLints/dict_16_192_64_0p5_0p02_0033_0015" 6023
"/Engine/EngineMaterials/Substrate/GLints/dict_16_192_64_0p5_0p02_0034_0000" 6024
"/Engine/EngineMaterials/Substrate/GLints/dict_16_192_64_0p5_0p02_0034_0001" 6025
"/Engine/EngineMaterials/Substrate/GLints/dict_16_192_64_0p5_0p02_0034_0002" 6026
"/Engine/EngineMaterials/Substrate/GLints/dict_16_192_64_0p5_0p02_0034_0003" 6027
"/Engine/EngineMaterials/Substrate/GLints/dict_16_192_64_0p5_0p02_0034_0004" 6028
"/Engine/EngineMaterials/Substrate/GLints/dict_16_192_64_0p5_0p02_0034_0005" 6029
"../../../Engine/Content/EngineMaterials/Substrate/GLints/dict_16_192_64_0p5_0p02_0032_0005.uasset" 6030
"../../../Engine/Content/EngineMaterials/Substrate/GLints/dict_16_192_64_0p5_0p02_0032_0003.uasset" 6031
"../../../Engine/Content/EngineMaterials/Substrate/GLints/dict_16_192_64_0p5_0p02_0032_0004.uasset" 6032
"../../../Engine/Content/EngineMaterials/Substrate/GLints/dict_16_192_64_0p5_0p02_0032_0002.uasset" 6033
"../../../Engine/Content/EngineMaterials/Substrate/GLints/dict_16_192_64_0p5_0p02_0032_0001.uasset" 6034
"/Engine/EngineMaterials/Substrate/GLints/dict_16_192_64_0p5_0p02_0032_0006" 6035
"../../../Engine/Content/EngineMaterials/Substrate/GLints/dict_16_192_64_0p5_0p02_0032_0000.uasset" 6036
"../../../Engine/Content/EngineMaterials/Substrate/GLints/dict_16_192_64_0p5_0p02_0031_0015.uasset" 6037
"../../../Engine/Content/EngineMaterials/Substrate/GLints/dict_16_192_64_0p5_0p02_0031_0014.uasset" 6038
"/Engine/EngineMaterials/Substrate/GLints/dict_16_192_64_0p5_0p02_0032_0007" 6039
"../../../Engine/Content/EngineMaterials/Substrate/GLints/dict_16_192_64_0p5_0p02_0031_0013.uasset" 6040
"../../../Engine/Content/EngineMaterials/Substrate/GLints/dict_16_192_64_0p5_0p02_0031_0012.uasset" 6041
"/Engine/EngineMaterials/Substrate/GLints/dict_16_192_64_0p5_0p02_0032_0008" 6042
"../../../Engine/Content/EngineMaterials/Substrate/GLints/dict_16_192_64_0p5_0p02_0031_0010.uasset" 6043
"../../../Engine/Content/EngineMaterials/Substrate/GLints/dict_16_192_64_0p5_0p02_0031_0009.uasset" 6044
"../../../Engine/Content/EngineMaterials/Substrate/GLints/dict_16_192_64_0p5_0p02_0031_0011.uasset" 6045
"/Engine/EngineMaterials/Substrate/GLints/dict_16_192_64_0p5_0p02_0032_0009" 6046
"/Engine/EngineMaterials/Substrate/GLints/dict_16_192_64_0p5_0p02_0032_0010" 6047
"/Engine/EngineMaterials/Substrate/GLints/dict_16_192_64_0p5_0p02_0032_0011" 6048
"/Engine/EngineMaterials/Substrate/GLints/dict_16_192_64_0p5_0p02_0032_0012" 6049
"/Engine/EngineMaterials/Substrate/GLints/dict_16_192_64_0p5_0p02_0032_0013" 6050
"/Engine/EngineMaterials/Substrate/GLints/dict_16_192_64_0p5_0p02_0032_0014" 6051
"/Engine/EngineMaterials/Substrate/GLints/dict_16_192_64_0p5_0p02_0032_0015" 6052
"/Engine/EngineMaterials/Substrate/GLints/dict_16_192_64_0p5_0p02_0033_0000" 6053
"/Engine/EngineMaterials/Substrate/GLints/dict_16_192_64_0p5_0p02_0033_0001" 6054
"/Engine/EngineMaterials/Substrate/GLints/dict_16_192_64_0p5_0p02_0033_0002" 6055
"/Engine/EngineMaterials/Substrate/GLints/dict_16_192_64_0p5_0p02_0033_0003" 6056
"/Engine/EngineMaterials/Substrate/GLints/dict_16_192_64_0p5_0p02_0033_0004" 6057
"/Engine/EngineMaterials/Substrate/GLints/dict_16_192_64_0p5_0p02_0033_0005" 6058
"/Engine/EngineMaterials/Substrate/GLints/dict_16_192_64_0p5_0p02_0033_0006" 6059
"/Engine/EngineMaterials/Substrate/GLints/dict_16_192_64_0p5_0p02_0033_0007" 6060
"/Engine/EngineMaterials/Substrate/GLints/dict_16_192_64_0p5_0p02_0033_0008" 6061
"/Engine/EngineMaterials/Substrate/GLints/dict_16_192_64_0p5_0p02_0031_0009" 6062
"../../../Engine/Content/EngineMaterials/Substrate/GLints/dict_16_192_64_0p5_0p02_0031_0008.uasset" 6063
"../../../Engine/Content/EngineMaterials/Substrate/GLints/dict_16_192_64_0p5_0p02_0031_0006.uasset" 6064
"../../../Engine/Content/EngineMaterials/Substrate/GLints/dict_16_192_64_0p5_0p02_0031_0005.uasset" 6065
"../../../Engine/Content/EngineMaterials/Substrate/GLints/dict_16_192_64_0p5_0p02_0031_0004.uasset" 6066
"/Engine/EngineMaterials/Substrate/GLints/dict_16_192_64_0p5_0p02_0031_0010" 6067
"../../../Engine/Content/EngineMaterials/Substrate/GLints/dict_16_192_64_0p5_0p02_0031_0003.uasset" 6068
"../../../Engine/Content/EngineMaterials/Substrate/GLints/dict_16_192_64_0p5_0p02_0031_0002.uasset" 6069
"../../../Engine/Content/EngineMaterials/Substrate/GLints/dict_16_192_64_0p5_0p02_0031_0007.uasset" 6070
"/Engine/EngineMaterials/Substrate/GLints/dict_16_192_64_0p5_0p02_0031_0011" 6071
"../../../Engine/Content/EngineMaterials/Substrate/GLints/dict_16_192_64_0p5_0p02_0031_0001.uasset" 6072
"/Engine/EngineMaterials/Substrate/GLints/dict_16_192_64_0p5_0p02_0031_0012" 6073
"../../../Engine/Content/EngineMaterials/Substrate/GLints/dict_16_192_64_0p5_0p02_0030_0015.uasset" 6074
"../../../Engine/Content/EngineMaterials/Substrate/GLints/dict_16_192_64_0p5_0p02_0031_0000.uasset" 6075
"/Engine/EngineMaterials/Substrate/GLints/dict_16_192_64_0p5_0p02_0031_0013" 6076
"../../../Engine/Content/EngineMaterials/Substrate/GLints/dict_16_192_64_0p5_0p02_0030_0014.uasset" 6077
"../../../Engine/Content/EngineMaterials/Substrate/GLints/dict_16_192_64_0p5_0p02_0030_0012.uasset" 6078
"../../../Engine/Content/EngineMaterials/Substrate/GLints/dict_16_192_64_0p5_0p02_0030_0011.uasset" 6079
"/Engine/EngineMaterials/Substrate/GLints/dict_16_192_64_0p5_0p02_0031_0014" 6080
"../../../Engine/Content/EngineMaterials/Substrate/GLints/dict_16_192_64_0p5_0p02_0030_0010.uasset" 6081
"../../../Engine/Content/EngineMaterials/Substrate/GLints/dict_16_192_64_0p5_0p02_0030_0009.uasset" 6082
"../../../Engine/Content/EngineMaterials/Substrate/GLints/dict_16_192_64_0p5_0p02_0030_0008.uasset" 6083
"../../../Engine/Content/EngineMaterials/Substrate/GLints/dict_16_192_64_0p5_0p02_0030_0007.uasset" 6084
"/Engine/EngineMaterials/Substrate/GLints/dict_16_192_64_0p5_0p02_0031_0015" 6085
"../../../Engine/Content/EngineMaterials/Substrate/GLints/dict_16_192_64_0p5_0p02_0030_0006.uasset" 6086
"/Engine/EngineMaterials/Substrate/GLints/dict_16_192_64_0p5_0p02_0032_0000" 6087
"../../../Engine/Content/EngineMaterials/Substrate/GLints/dict_16_192_64_0p5_0p02_0030_0013.uasset" 6088
"/Engine/EngineMaterials/Substrate/GLints/dict_16_192_64_0p5_0p02_0032_0001" 6089
"/Engine/EngineMaterials/Substrate/GLints/dict_16_192_64_0p5_0p02_0032_0002" 6090
"/Engine/EngineMaterials/Substrate/GLints/dict_16_192_64_0p5_0p02_0032_0003" 6091
"/Engine/EngineMaterials/Substrate/GLints/dict_16_192_64_0p5_0p02_0032_0004" 6092
"/Engine/EngineMaterials/Substrate/GLints/dict_16_192_64_0p5_0p02_0032_0005" 6093
"../../../Engine/Content/EngineMaterials/Substrate/GLints/dict_16_192_64_0p5_0p02_0030_0004.uasset" 6094
"/Engine/EngineMaterials/Substrate/GLints/dict_16_192_64_0p5_0p02_0030_0006" 6095
"../../../Engine/Content/EngineMaterials/Substrate/GLints/dict_16_192_64_0p5_0p02_0030_0005.uasset" 6096
"../../../Engine/Content/EngineMaterials/Substrate/GLints/dict_16_192_64_0p5_0p02_0030_0002.uasset" 6097
"../../../Engine/Content/EngineMaterials/Substrate/GLints/dict_16_192_64_0p5_0p02_0030_0003.uasset" 6098
"../../../Engine/Content/EngineMaterials/Substrate/GLints/dict_16_192_64_0p5_0p02_0030_0001.uasset" 6099
"../../../Engine/Content/EngineMaterials/Substrate/GLints/dict_16_192_64_0p5_0p02_0029_0015.uasset" 6100
"../../../Engine/Content/EngineMaterials/Substrate/GLints/dict_16_192_64_0p5_0p02_0030_0000.uasset" 6101
"../../../Engine/Content/EngineMaterials/Substrate/GLints/dict_16_192_64_0p5_0p02_0029_0013.uasset" 6102
"../../../Engine/Content/EngineMaterials/Substrate/GLints/dict_16_192_64_0p5_0p02_0029_0014.uasset" 6103
"../../../Engine/Content/EngineMaterials/Substrate/GLints/dict_16_192_64_0p5_0p02_0029_0012.uasset" 6104
"/Engine/EngineMaterials/Substrate/GLints/dict_16_192_64_0p5_0p02_0030_0007" 6105
"../../../Engine/Content/EngineMaterials/Substrate/GLints/dict_16_192_64_0p5_0p02_0029_0010.uasset" 6106
"/Engine/EngineMaterials/Substrate/GLints/dict_16_192_64_0p5_0p02_0030_0008" 6107
"../../../Engine/Content/EngineMaterials/Substrate/GLints/dict_16_192_64_0p5_0p02_0029_0009.uasset" 6108
"../../../Engine/Content/EngineMaterials/Substrate/GLints/dict_16_192_64_0p5_0p02_0029_0011.uasset" 6109
"/Engine/EngineMaterials/Substrate/GLints/dict_16_192_64_0p5_0p02_0030_0009" 6110
"/Engine/EngineMaterials/Substrate/GLints/dict_16_192_64_0p5_0p02_0030_0010" 6111
"/Engine/EngineMaterials/Substrate/GLints/dict_16_192_64_0p5_0p02_0030_0011" 6112
"/Engine/EngineMaterials/Substrate/GLints/dict_16_192_64_0p5_0p02_0030_0012" 6113
"/Engine/EngineMaterials/Substrate/GLints/dict_16_192_64_0p5_0p02_0030_0013" 6114
"/Engine/EngineMaterials/Substrate/GLints/dict_16_192_64_0p5_0p02_0030_0014" 6115
"/Engine/EngineMaterials/Substrate/GLints/dict_16_192_64_0p5_0p02_0030_0015" 6116
"/Engine/EngineMaterials/Substrate/GLints/dict_16_192_64_0p5_0p02_0031_0000" 6117
"/Engine/EngineMaterials/Substrate/GLints/dict_16_192_64_0p5_0p02_0031_0001" 6118
"/Engine/EngineMaterials/Substrate/GLints/dict_16_192_64_0p5_0p02_0031_0002" 6119
"/Engine/EngineMaterials/Substrate/GLints/dict_16_192_64_0p5_0p02_0031_0003" 6120
"/Engine/EngineMaterials/Substrate/GLints/dict_16_192_64_0p5_0p02_0031_0004" 6121
"/Engine/EngineMaterials/Substrate/GLints/dict_16_192_64_0p5_0p02_0031_0005" 6122
"/Engine/EngineMaterials/Substrate/GLints/dict_16_192_64_0p5_0p02_0031_0006" 6123
"/Engine/EngineMaterials/Substrate/GLints/dict_16_192_64_0p5_0p02_0031_0007" 6124
"/Engine/EngineMaterials/Substrate/GLints/dict_16_192_64_0p5_0p02_0031_0008" 6125
"/Engine/EngineMaterials/Substrate/GLints/dict_16_192_64_0p5_0p02_0029_0009" 6126
"/Engine/EngineMaterials/Substrate/GLints/dict_16_192_64_0p5_0p02_0029_0010" 6127
"../../../Engine/Content/EngineMaterials/Substrate/GLints/dict_16_192_64_0p5_0p02_0029_0008.uasset" 6128
"../../../Engine/Content/EngineMaterials/Substrate/GLints/dict_16_192_64_0p5_0p02_0029_0007.uasset" 6129
"../../../Engine/Content/EngineMaterials/Substrate/GLints/dict_16_192_64_0p5_0p02_0029_0006.uasset" 6130
"../../../Engine/Content/EngineMaterials/Substrate/GLints/dict_16_192_64_0p5_0p02_0029_0005.uasset" 6131
"../../../Engine/Content/EngineMaterials/Substrate/GLints/dict_16_192_64_0p5_0p02_0029_0004.uasset" 6132
"../../../Engine/Content/EngineMaterials/Substrate/GLints/dict_16_192_64_0p5_0p02_0029_0003.uasset" 6133
"../../../Engine/Content/EngineMaterials/Substrate/GLints/dict_16_192_64_0p5_0p02_0029_0001.uasset" 6134
"../../../Engine/Content/EngineMaterials/Substrate/GLints/dict_16_192_64_0p5_0p02_0029_0002.uasset" 6135
"../../../Engine/Content/EngineMaterials/Substrate/GLints/dict_16_192_64_0p5_0p02_0029_0000.uasset" 6136
"/Engine/EngineMaterials/Substrate/GLints/dict_16_192_64_0p5_0p02_0029_0011" 6137
"../../../Engine/Content/EngineMaterials/Substrate/GLints/dict_16_192_64_0p5_0p02_0028_0015.uasset" 6138
"../../../Engine/Content/EngineMaterials/Substrate/GLints/dict_16_192_64_0p5_0p02_0028_0014.uasset" 6139
"/Engine/EngineMaterials/Substrate/GLints/dict_16_192_64_0p5_0p02_0029_0012" 6140
"../../../Engine/Content/EngineMaterials/Substrate/GLints/dict_16_192_64_0p5_0p02_0028_0013.uasset" 6141
"../../../Engine/Content/EngineMaterials/Substrate/GLints/dict_16_192_64_0p5_0p02_0028_0011.uasset" 6142
"../../../Engine/Content/EngineMaterials/Substrate/GLints/dict_16_192_64_0p5_0p02_0028_0012.uasset" 6143
"../../../Engine/Content/EngineMaterials/Substrate/GLints/dict_16_192_64_0p5_0p02_0028_0010.uasset" 6144
"../../../Engine/Content/EngineMaterials/Substrate/GLints/dict_16_192_64_0p5_0p02_0028_0009.uasset" 6145
"../../../Engine/Content/EngineMaterials/Substrate/GLints/dict_16_192_64_0p5_0p02_0028_0008.uasset" 6146
"../../../Engine/Content/EngineMaterials/Substrate/GLints/dict_16_192_64_0p5_0p02_0028_0006.uasset" 6147
"../../../Engine/Content/EngineMaterials/Substrate/GLints/dict_16_192_64_0p5_0p02_0028_0007.uasset" 6148
"/Engine/EngineMaterials/Substrate/GLints/dict_16_192_64_0p5_0p02_0029_0013" 6149
"/Engine/EngineMaterials/Substrate/GLints/dict_16_192_64_0p5_0p02_0029_0014" 6150
"/Engine/EngineMaterials/Substrate/GLints/dict_16_192_64_0p5_0p02_0029_0015" 6151
"/Engine/EngineMaterials/Substrate/GLints/dict_16_192_64_0p5_0p02_0030_0000" 6152
"/Engine/EngineMaterials/Substrate/GLints/dict_16_192_64_0p5_0p02_0030_0001" 6153
"/Engine/EngineMaterials/Substrate/GLints/dict_16_192_64_0p5_0p02_0030_0002" 6154
"/Engine/EngineMaterials/Substrate/GLints/dict_16_192_64_0p5_0p02_0030_0003" 6155
"/Engine/EngineMaterials/Substrate/GLints/dict_16_192_64_0p5_0p02_0030_0004" 6156
"/Engine/EngineMaterials/Substrate/GLints/dict_16_192_64_0p5_0p02_0030_0005" 6157
"/Engine/EngineMaterials/Substrate/GLints/dict_16_192_64_0p5_0p02_0028_0006" 6158
"../../../Engine/Content/EngineMaterials/Substrate/GLints/dict_16_192_64_0p5_0p02_0028_0005.uasset" 6159
"../../../Engine/Content/EngineMaterials/Substrate/GLints/dict_16_192_64_0p5_0p02_0028_0004.uasset" 6160
"/Engine/EngineMaterials/Substrate/GLints/dict_16_192_64_0p5_0p02_0028_0007" 6161
"../../../Engine/Content/EngineMaterials/Substrate/GLints/dict_16_192_64_0p5_0p02_0028_0002.uasset" 6162
"../../../Engine/Content/EngineMaterials/Substrate/GLints/dict_16_192_64_0p5_0p02_0028_0001.uasset" 6163
"../../../Engine/Content/EngineMaterials/Substrate/GLints/dict_16_192_64_0p5_0p02_0028_0000.uasset" 6164
"/Engine/EngineMaterials/Substrate/GLints/dict_16_192_64_0p5_0p02_0028_0008" 6165
"../../../Engine/Content/EngineMaterials/Substrate/GLints/dict_16_192_64_0p5_0p02_0027_0015.uasset" 6166
"../../../Engine/Content/EngineMaterials/Substrate/GLints/dict_16_192_64_0p5_0p02_0028_0003.uasset" 6167
"../../../Engine/Content/EngineMaterials/Substrate/GLints/dict_16_192_64_0p5_0p02_0027_0014.uasset" 6168
"/Engine/EngineMaterials/Substrate/GLints/dict_16_192_64_0p5_0p02_0028_0009" 6169
"../../../Engine/Content/EngineMaterials/Substrate/GLints/dict_16_192_64_0p5_0p02_0027_0013.uasset" 6170
"../../../Engine/Content/EngineMaterials/Substrate/GLints/dict_16_192_64_0p5_0p02_0027_0011.uasset" 6171
"../../../Engine/Content/EngineMaterials/Substrate/GLints/dict_16_192_64_0p5_0p02_0027_0012.uasset" 6172
"../../../Engine/Content/EngineMaterials/Substrate/GLints/dict_16_192_64_0p5_0p02_0027_0010.uasset" 6173
"../../../Engine/Content/EngineMaterials/Substrate/GLints/dict_16_192_64_0p5_0p02_0027_0009.uasset" 6174
"/Engine/EngineMaterials/Substrate/GLints/dict_16_192_64_0p5_0p02_0028_0010" 6175
"/Engine/EngineMaterials/Substrate/GLints/dict_16_192_64_0p5_0p02_0028_0011" 6176
"/Engine/EngineMaterials/Substrate/GLints/dict_16_192_64_0p5_0p02_0028_0012" 6177
"/Engine/EngineMaterials/Substrate/GLints/dict_16_192_64_0p5_0p02_0028_0013" 6178
"/Engine/EngineMaterials/Substrate/GLints/dict_16_192_64_0p5_0p02_0028_0014" 6179
"/Engine/EngineMaterials/Substrate/GLints/dict_16_192_64_0p5_0p02_0028_0015" 6180
"/Engine/EngineMaterials/Substrate/GLints/dict_16_192_64_0p5_0p02_0029_0000" 6181
"/Engine/EngineMaterials/Substrate/GLints/dict_16_192_64_0p5_0p02_0029_0001" 6182
"/Engine/EngineMaterials/Substrate/GLints/dict_16_192_64_0p5_0p02_0029_0002" 6183
"/Engine/EngineMaterials/Substrate/GLints/dict_16_192_64_0p5_0p02_0029_0003" 6184
"/Engine/EngineMaterials/Substrate/GLints/dict_16_192_64_0p5_0p02_0029_0004" 6185
"/Engine/EngineMaterials/Substrate/GLints/dict_16_192_64_0p5_0p02_0029_0005" 6186
"/Engine/EngineMaterials/Substrate/GLints/dict_16_192_64_0p5_0p02_0029_0006" 6187
"/Engine/EngineMaterials/Substrate/GLints/dict_16_192_64_0p5_0p02_0029_0007" 6188
"/Engine/EngineMaterials/Substrate/GLints/dict_16_192_64_0p5_0p02_0029_0008" 6189
"../../../Engine/Content/EngineMaterials/Substrate/GLints/dict_16_192_64_0p5_0p02_0027_0007.uasset" 6190
"/Engine/EngineMaterials/Substrate/GLints/dict_16_192_64_0p5_0p02_0027_0009" 6191
"../../../Engine/Content/EngineMaterials/Substrate/GLints/dict_16_192_64_0p5_0p02_0027_0006.uasset" 6192
"../../../Engine/Content/EngineMaterials/Substrate/GLints/dict_16_192_64_0p5_0p02_0027_0008.uasset" 6193
"../../../Engine/Content/EngineMaterials/Substrate/GLints/dict_16_192_64_0p5_0p02_0027_0005.uasset" 6194
"../../../Engine/Content/EngineMaterials/Substrate/GLints/dict_16_192_64_0p5_0p02_0027_0004.uasset" 6195
"/Engine/EngineMaterials/Substrate/GLints/dict_16_192_64_0p5_0p02_0027_0010" 6196
"../../../Engine/Content/EngineMaterials/Substrate/GLints/dict_16_192_64_0p5_0p02_0027_0003.uasset" 6197
"../../../Engine/Content/EngineMaterials/Substrate/GLints/dict_16_192_64_0p5_0p02_0027_0002.uasset" 6198
"../../../Engine/Content/EngineMaterials/Substrate/GLints/dict_16_192_64_0p5_0p02_0027_0001.uasset" 6199
"../../../Engine/Content/EngineMaterials/Substrate/GLints/dict_16_192_64_0p5_0p02_0027_0000.uasset" 6200
"../../../Engine/Content/EngineMaterials/Substrate/GLints/dict_16_192_64_0p5_0p02_0026_0015.uasset" 6201
"../../../Engine/Content/EngineMaterials/Substrate/GLints/dict_16_192_64_0p5_0p02_0026_0014.uasset" 6202
"../../../Engine/Content/EngineMaterials/Substrate/GLints/dict_16_192_64_0p5_0p02_0026_0013.uasset" 6203
"../../../Engine/Content/EngineMaterials/Substrate/GLints/dict_16_192_64_0p5_0p02_0026_0012.uasset" 6204
"../../../Engine/Content/EngineMaterials/Substrate/GLints/dict_16_192_64_0p5_0p02_0026_0011.uasset" 6205
"../../../Engine/Content/EngineMaterials/Substrate/GLints/dict_16_192_64_0p5_0p02_0026_0010.uasset" 6206
"../../../Engine/Content/EngineMaterials/Substrate/GLints/dict_16_192_64_0p5_0p02_0026_0009.uasset" 6207
"../../../Engine/Content/EngineMaterials/Substrate/GLints/dict_16_192_64_0p5_0p02_0026_0008.uasset" 6208
"../../../Engine/Content/EngineMaterials/Substrate/GLints/dict_16_192_64_0p5_0p02_0026_0007.uasset" 6209
"/Engine/EngineMaterials/Substrate/GLints/dict_16_192_64_0p5_0p02_0027_0011" 6210
"../../../Engine/Content/EngineMaterials/Substrate/GLints/dict_16_192_64_0p5_0p02_0026_0006.uasset" 6211
"/Engine/EngineMaterials/Substrate/GLints/dict_16_192_64_0p5_0p02_0027_0012" 6212
"/Engine/EngineMaterials/Substrate/GLints/dict_16_192_64_0p5_0p02_0027_0013" 6213
"/Engine/EngineMaterials/Substrate/GLints/dict_16_192_64_0p5_0p02_0027_0014" 6214
"/Engine/EngineMaterials/Substrate/GLints/dict_16_192_64_0p5_0p02_0027_0015" 6215
"/Engine/EngineMaterials/Substrate/GLints/dict_16_192_64_0p5_0p02_0028_0000" 6216
"/Engine/EngineMaterials/Substrate/GLints/dict_16_192_64_0p5_0p02_0028_0001" 6217
"/Engine/EngineMaterials/Substrate/GLints/dict_16_192_64_0p5_0p02_0028_0002" 6218
"/Engine/EngineMaterials/Substrate/GLints/dict_16_192_64_0p5_0p02_0028_0003" 6219
"/Engine/EngineMaterials/Substrate/GLints/dict_16_192_64_0p5_0p02_0028_0004" 6220
"/Engine/EngineMaterials/Substrate/GLints/dict_16_192_64_0p5_0p02_0028_0005" 6221
"/Engine/EngineMaterials/Substrate/GLints/dict_16_192_64_0p5_0p02_0026_0006" 6222
"../../../Engine/Content/EngineMaterials/Substrate/GLints/dict_16_192_64_0p5_0p02_0026_0005.uasset" 6223
"../../../Engine/Content/EngineMaterials/Substrate/GLints/dict_16_192_64_0p5_0p02_0026_0004.uasset" 6224
"../../../Engine/Content/EngineMaterials/Substrate/GLints/dict_16_192_64_0p5_0p02_0026_0003.uasset" 6225
"../../../Engine/Content/EngineMaterials/Substrate/GLints/dict_16_192_64_0p5_0p02_0026_0002.uasset" 6226
"../../../Engine/Content/EngineMaterials/Substrate/GLints/dict_16_192_64_0p5_0p02_0026_0001.uasset" 6227
"/Engine/EngineMaterials/Substrate/GLints/dict_16_192_64_0p5_0p02_0026_0007" 6228
"../../../Engine/Content/EngineMaterials/Substrate/GLints/dict_16_192_64_0p5_0p02_0026_0000.uasset" 6229
"../../../Engine/Content/EngineMaterials/Substrate/GLints/dict_16_192_64_0p5_0p02_0025_0014.uasset" 6230
"../../../Engine/Content/EngineMaterials/Substrate/GLints/dict_16_192_64_0p5_0p02_0025_0015.uasset" 6231
"../../../Engine/Content/EngineMaterials/Substrate/GLints/dict_16_192_64_0p5_0p02_0025_0012.uasset" 6232
"../../../Engine/Content/EngineMaterials/Substrate/GLints/dict_16_192_64_0p5_0p02_0025_0013.uasset" 6233
"../../../Engine/Content/EngineMaterials/Substrate/GLints/dict_16_192_64_0p5_0p02_0025_0011.uasset" 6234
"../../../Engine/Content/EngineMaterials/Substrate/GLints/dict_16_192_64_0p5_0p02_0025_0010.uasset" 6235
"../../../Engine/Content/EngineMaterials/Substrate/GLints/dict_16_192_64_0p5_0p02_0025_0009.uasset" 6236
"/Engine/EngineMaterials/Substrate/GLints/dict_16_192_64_0p5_0p02_0026_0008" 6237
"/Engine/EngineMaterials/Substrate/GLints/dict_16_192_64_0p5_0p02_0026_0009" 6238
"/Engine/EngineMaterials/Substrate/GLints/dict_16_192_64_0p5_0p02_0026_0010" 6239
"/Engine/EngineMaterials/Substrate/GLints/dict_16_192_64_0p5_0p02_0026_0011" 6240
"/Engine/EngineMaterials/Substrate/GLints/dict_16_192_64_0p5_0p02_0026_0012" 6241
"/Engine/EngineMaterials/Substrate/GLints/dict_16_192_64_0p5_0p02_0026_0013" 6242
"/Engine/EngineMaterials/Substrate/GLints/dict_16_192_64_0p5_0p02_0026_0014" 6243
"/Engine/EngineMaterials/Substrate/GLints/dict_16_192_64_0p5_0p02_0026_0015" 6244
"/Engine/EngineMaterials/Substrate/GLints/dict_16_192_64_0p5_0p02_0027_0000" 6245
"/Engine/EngineMaterials/Substrate/GLints/dict_16_192_64_0p5_0p02_0027_0001" 6246
"/Engine/EngineMaterials/Substrate/GLints/dict_16_192_64_0p5_0p02_0027_0002" 6247
"/Engine/EngineMaterials/Substrate/GLints/dict_16_192_64_0p5_0p02_0027_0003" 6248
"/Engine/EngineMaterials/Substrate/GLints/dict_16_192_64_0p5_0p02_0027_0004" 6249
"/Engine/EngineMaterials/Substrate/GLints/dict_16_192_64_0p5_0p02_0027_0005" 6250
"/Engine/EngineMaterials/Substrate/GLints/dict_16_192_64_0p5_0p02_0027_0006" 6251
"/Engine/EngineMaterials/Substrate/GLints/dict_16_192_64_0p5_0p02_0027_0007" 6252
"/Engine/EngineMaterials/Substrate/GLints/dict_16_192_64_0p5_0p02_0027_0008" 6253
"/Engine/EngineMaterials/Substrate/GLints/dict_16_192_64_0p5_0p02_0025_0009" 6254
"../../../Engine/Content/EngineMaterials/Substrate/GLints/dict_16_192_64_0p5_0p02_0025_0007.uasset" 6255
"../../../Engine/Content/EngineMaterials/Substrate/GLints/dict_16_192_64_0p5_0p02_0025_0008.uasset" 6256
"../../../Engine/Content/EngineMaterials/Substrate/GLints/dict_16_192_64_0p5_0p02_0025_0005.uasset" 6257
"../../../Engine/Content/EngineMaterials/Substrate/GLints/dict_16_192_64_0p5_0p02_0025_0006.uasset" 6258
"../../../Engine/Content/EngineMaterials/Substrate/GLints/dict_16_192_64_0p5_0p02_0025_0004.uasset" 6259
"../../../Engine/Content/EngineMaterials/Substrate/GLints/dict_16_192_64_0p5_0p02_0025_0003.uasset" 6260
"../../../Engine/Content/EngineMaterials/Substrate/GLints/dict_16_192_64_0p5_0p02_0025_0002.uasset" 6261
"../../../Engine/Content/EngineMaterials/Substrate/GLints/dict_16_192_64_0p5_0p02_0025_0001.uasset" 6262
"../../../Engine/Content/EngineMaterials/Substrate/GLints/dict_16_192_64_0p5_0p02_0025_0000.uasset" 6263
"/Engine/EngineMaterials/Substrate/GLints/dict_16_192_64_0p5_0p02_0025_0010" 6264
"../../../Engine/Content/EngineMaterials/Substrate/GLints/dict_16_192_64_0p5_0p02_0024_0015.uasset" 6265
"../../../Engine/Content/EngineMaterials/Substrate/GLints/dict_16_192_64_0p5_0p02_0024_0014.uasset" 6266
"../../../Engine/Content/EngineMaterials/Substrate/GLints/dict_16_192_64_0p5_0p02_0024_0013.uasset" 6267
"../../../Engine/Content/EngineMaterials/Substrate/GLints/dict_16_192_64_0p5_0p02_0024_0012.uasset" 6268
"../../../Engine/Content/EngineMaterials/Substrate/GLints/dict_16_192_64_0p5_0p02_0024_0011.uasset" 6269
"../../../Engine/Content/EngineMaterials/Substrate/GLints/dict_16_192_64_0p5_0p02_0024_0010.uasset" 6270
"../../../Engine/Content/EngineMaterials/Substrate/GLints/dict_16_192_64_0p5_0p02_0024_0009.uasset" 6271
"../../../Engine/Content/EngineMaterials/Substrate/GLints/dict_16_192_64_0p5_0p02_0024_0008.uasset" 6272
"../../../Engine/Content/EngineMaterials/Substrate/GLints/dict_16_192_64_0p5_0p02_0024_0007.uasset" 6273
"../../../Engine/Content/EngineMaterials/Substrate/GLints/dict_16_192_64_0p5_0p02_0024_0006.uasset" 6274
"/Engine/EngineMaterials/Substrate/GLints/dict_16_192_64_0p5_0p02_0025_0011" 6275
"/Engine/EngineMaterials/Substrate/GLints/dict_16_192_64_0p5_0p02_0025_0012" 6276
"/Engine/EngineMaterials/Substrate/GLints/dict_16_192_64_0p5_0p02_0025_0013" 6277
"/Engine/EngineMaterials/Substrate/GLints/dict_16_192_64_0p5_0p02_0025_0014" 6278
"/Engine/EngineMaterials/Substrate/GLints/dict_16_192_64_0p5_0p02_0025_0015" 6279
"/Engine/EngineMaterials/Substrate/GLints/dict_16_192_64_0p5_0p02_0026_0000" 6280
"/Engine/EngineMaterials/Substrate/GLints/dict_16_192_64_0p5_0p02_0026_0001" 6281
"/Engine/EngineMaterials/Substrate/GLints/dict_16_192_64_0p5_0p02_0026_0002" 6282
"/Engine/EngineMaterials/Substrate/GLints/dict_16_192_64_0p5_0p02_0026_0003" 6283
"/Engine/EngineMaterials/Substrate/GLints/dict_16_192_64_0p5_0p02_0026_0004" 6284
"/Engine/EngineMaterials/Substrate/GLints/dict_16_192_64_0p5_0p02_0026_0005" 6285
"/Engine/EngineMaterials/Substrate/GLints/dict_16_192_64_0p5_0p02_0024_0006" 6286
"/Engine/EngineMaterials/Substrate/GLints/dict_16_192_64_0p5_0p02_0024_0007" 6287
"../../../Engine/Content/EngineMaterials/Substrate/GLints/dict_16_192_64_0p5_0p02_0024_0005.uasset" 6288
"../../../Engine/Content/EngineMaterials/Substrate/GLints/dict_16_192_64_0p5_0p02_0024_0004.uasset" 6289
"../../../Engine/Content/EngineMaterials/Substrate/GLints/dict_16_192_64_0p5_0p02_0024_0003.uasset" 6290
"../../../Engine/Content/EngineMaterials/Substrate/GLints/dict_16_192_64_0p5_0p02_0024_0001.uasset" 6291
"../../../Engine/Content/EngineMaterials/Substrate/GLints/dict_16_192_64_0p5_0p02_0024_0002.uasset" 6292
"../../../Engine/Content/EngineMaterials/Substrate/GLints/dict_16_192_64_0p5_0p02_0024_0000.uasset" 6293
"../../../Engine/Content/EngineMaterials/Substrate/GLints/dict_16_192_64_0p5_0p02_0023_0015.uasset" 6294
"../../../Engine/Content/EngineMaterials/Substrate/GLints/dict_16_192_64_0p5_0p02_0023_0014.uasset" 6295
"../../../Engine/Content/EngineMaterials/Substrate/GLints/dict_16_192_64_0p5_0p02_0023_0013.uasset" 6296
"../../../Engine/Content/EngineMaterials/Substrate/GLints/dict_16_192_64_0p5_0p02_0023_0011.uasset" 6297
"../../../Engine/Content/EngineMaterials/Substrate/GLints/dict_16_192_64_0p5_0p02_0023_0010.uasset" 6298
"/Engine/EngineMaterials/Substrate/GLints/dict_16_192_64_0p5_0p02_0024_0008" 6299
"../../../Engine/Content/EngineMaterials/Substrate/GLints/dict_16_192_64_0p5_0p02_0023_0009.uasset" 6300
"../../../Engine/Content/EngineMaterials/Substrate/GLints/dict_16_192_64_0p5_0p02_0023_0012.uasset" 6301
"/Engine/EngineMaterials/Substrate/GLints/dict_16_192_64_0p5_0p02_0024_0009" 6302
"/Engine/EngineMaterials/Substrate/GLints/dict_16_192_64_0p5_0p02_0024_0010" 6303
"/Engine/EngineMaterials/Substrate/GLints/dict_16_192_64_0p5_0p02_0024_0011" 6304
"/Engine/EngineMaterials/Substrate/GLints/dict_16_192_64_0p5_0p02_0024_0012" 6305
"/Engine/EngineMaterials/Substrate/GLints/dict_16_192_64_0p5_0p02_0024_0013" 6306
"/Engine/EngineMaterials/Substrate/GLints/dict_16_192_64_0p5_0p02_0024_0014" 6307
"/Engine/EngineMaterials/Substrate/GLints/dict_16_192_64_0p5_0p02_0024_0015" 6308
"/Engine/EngineMaterials/Substrate/GLints/dict_16_192_64_0p5_0p02_0025_0000" 6309
"/Engine/EngineMaterials/Substrate/GLints/dict_16_192_64_0p5_0p02_0025_0001" 6310
"/Engine/EngineMaterials/Substrate/GLints/dict_16_192_64_0p5_0p02_0025_0002" 6311
"/Engine/EngineMaterials/Substrate/GLints/dict_16_192_64_0p5_0p02_0025_0003" 6312
"/Engine/EngineMaterials/Substrate/GLints/dict_16_192_64_0p5_0p02_0025_0004" 6313
"/Engine/EngineMaterials/Substrate/GLints/dict_16_192_64_0p5_0p02_0025_0005" 6314
"/Engine/EngineMaterials/Substrate/GLints/dict_16_192_64_0p5_0p02_0025_0006" 6315
"/Engine/EngineMaterials/Substrate/GLints/dict_16_192_64_0p5_0p02_0025_0007" 6316
"/Engine/EngineMaterials/Substrate/GLints/dict_16_192_64_0p5_0p02_0025_0008" 6317
"/Engine/EngineMaterials/Substrate/GLints/dict_16_192_64_0p5_0p02_0023_0009" 6318
"../../../Engine/Content/EngineMaterials/Substrate/GLints/dict_16_192_64_0p5_0p02_0023_0008.uasset" 6319
"../../../Engine/Content/EngineMaterials/Substrate/GLints/dict_16_192_64_0p5_0p02_0023_0007.uasset" 6320
"../../../Engine/Content/EngineMaterials/Substrate/GLints/dict_16_192_64_0p5_0p02_0023_0006.uasset" 6321
"../../../Engine/Content/EngineMaterials/Substrate/GLints/dict_16_192_64_0p5_0p02_0023_0005.uasset" 6322
"../../../Engine/Content/EngineMaterials/Substrate/GLints/dict_16_192_64_0p5_0p02_0023_0003.uasset" 6323
"../../../Engine/Content/EngineMaterials/Substrate/GLints/dict_16_192_64_0p5_0p02_0023_0002.uasset" 6324
"../../../Engine/Content/EngineMaterials/Substrate/GLints/dict_16_192_64_0p5_0p02_0023_0004.uasset" 6325
"../../../Engine/Content/EngineMaterials/Substrate/GLints/dict_16_192_64_0p5_0p02_0023_0001.uasset" 6326
"../../../Engine/Content/EngineMaterials/Substrate/GLints/dict_16_192_64_0p5_0p02_0023_0000.uasset" 6327
"../../../Engine/Content/EngineMaterials/Substrate/GLints/dict_16_192_64_0p5_0p02_0022_0014.uasset" 6328
"../../../Engine/Content/EngineMaterials/Substrate/GLints/dict_16_192_64_0p5_0p02_0022_0013.uasset" 6329
"../../../Engine/Content/EngineMaterials/Substrate/GLints/dict_16_192_64_0p5_0p02_0022_0015.uasset" 6330
"../../../Engine/Content/EngineMaterials/Substrate/GLints/dict_16_192_64_0p5_0p02_0022_0012.uasset" 6331
"../../../Engine/Content/EngineMaterials/Substrate/GLints/dict_16_192_64_0p5_0p02_0022_0010.uasset" 6332
"../../../Engine/Content/EngineMaterials/Substrate/GLints/dict_16_192_64_0p5_0p02_0022_0011.uasset" 6333
"../../../Engine/Content/EngineMaterials/Substrate/GLints/dict_16_192_64_0p5_0p02_0022_0009.uasset" 6334
"../../../Engine/Content/EngineMaterials/Substrate/GLints/dict_16_192_64_0p5_0p02_0022_0007.uasset" 6335
"../../../Engine/Content/EngineMaterials/Substrate/GLints/dict_16_192_64_0p5_0p02_0022_0008.uasset" 6336
"../../../Engine/Content/EngineMaterials/Substrate/GLints/dict_16_192_64_0p5_0p02_0022_0006.uasset" 6337
"/Engine/EngineMaterials/Substrate/GLints/dict_16_192_64_0p5_0p02_0023_0010" 6338
"/Engine/EngineMaterials/Substrate/GLints/dict_16_192_64_0p5_0p02_0023_0011" 6339
"/Engine/EngineMaterials/Substrate/GLints/dict_16_192_64_0p5_0p02_0023_0012" 6340
"/Engine/EngineMaterials/Substrate/GLints/dict_16_192_64_0p5_0p02_0023_0013" 6341
"/Engine/EngineMaterials/Substrate/GLints/dict_16_192_64_0p5_0p02_0023_0014" 6342
"/Engine/EngineMaterials/Substrate/GLints/dict_16_192_64_0p5_0p02_0023_0015" 6343
"/Engine/EngineMaterials/Substrate/GLints/dict_16_192_64_0p5_0p02_0024_0000" 6344
"/Engine/EngineMaterials/Substrate/GLints/dict_16_192_64_0p5_0p02_0024_0001" 6345
"/Engine/EngineMaterials/Substrate/GLints/dict_16_192_64_0p5_0p02_0024_0002" 6346
"/Engine/EngineMaterials/Substrate/GLints/dict_16_192_64_0p5_0p02_0024_0003" 6347
"/Engine/EngineMaterials/Substrate/GLints/dict_16_192_64_0p5_0p02_0024_0004" 6348
"/Engine/EngineMaterials/Substrate/GLints/dict_16_192_64_0p5_0p02_0024_0005" 6349
"/Engine/EngineMaterials/Substrate/GLints/dict_16_192_64_0p5_0p02_0022_0006" 6350
"../../../Engine/Content/EngineMaterials/Substrate/GLints/dict_16_192_64_0p5_0p02_0022_0005.uasset" 6351
"/Engine/EngineMaterials/Substrate/GLints/dict_16_192_64_0p5_0p02_0022_0007" 6352
"../../../Engine/Content/EngineMaterials/Substrate/GLints/dict_16_192_64_0p5_0p02_0022_0004.uasset" 6353
"../../../Engine/Content/EngineMaterials/Substrate/GLints/dict_16_192_64_0p5_0p02_0022_0003.uasset" 6354
"/Engine/EngineMaterials/Substrate/GLints/dict_16_192_64_0p5_0p02_0022_0008" 6355
"../../../Engine/Content/EngineMaterials/Substrate/GLints/dict_16_192_64_0p5_0p02_0022_0002.uasset" 6356
"../../../Engine/Content/EngineMaterials/Substrate/GLints/dict_16_192_64_0p5_0p02_0022_0001.uasset" 6357
"../../../Engine/Content/EngineMaterials/Substrate/GLints/dict_16_192_64_0p5_0p02_0022_0000.uasset" 6358
"../../../Engine/Content/EngineMaterials/Substrate/GLints/dict_16_192_64_0p5_0p02_0021_0015.uasset" 6359
"../../../Engine/Content/EngineMaterials/Substrate/GLints/dict_16_192_64_0p5_0p02_0021_0014.uasset" 6360
"/Engine/EngineMaterials/Substrate/GLints/dict_16_192_64_0p5_0p02_0022_0009" 6361
"../../../Engine/Content/EngineMaterials/Substrate/GLints/dict_16_192_64_0p5_0p02_0021_0013.uasset" 6362
"../../../Engine/Content/EngineMaterials/Substrate/GLints/dict_16_192_64_0p5_0p02_0021_0012.uasset" 6363
"../../../Engine/Content/EngineMaterials/Substrate/GLints/dict_16_192_64_0p5_0p02_0021_0011.uasset" 6364
"../../../Engine/Content/EngineMaterials/Substrate/GLints/dict_16_192_64_0p5_0p02_0021_0010.uasset" 6365
"/Engine/EngineMaterials/Substrate/GLints/dict_16_192_64_0p5_0p02_0022_0010" 6366
"../../../Engine/Content/EngineMaterials/Substrate/GLints/dict_16_192_64_0p5_0p02_0021_0009.uasset" 6367
"/Engine/EngineMaterials/Substrate/GLints/dict_16_192_64_0p5_0p02_0022_0011" 6368
"/Engine/EngineMaterials/Substrate/GLints/dict_16_192_64_0p5_0p02_0022_0012" 6369
"/Engine/EngineMaterials/Substrate/GLints/dict_16_192_64_0p5_0p02_0022_0013" 6370
"/Engine/EngineMaterials/Substrate/GLints/dict_16_192_64_0p5_0p02_0022_0014" 6371
"/Engine/EngineMaterials/Substrate/GLints/dict_16_192_64_0p5_0p02_0022_0015" 6372
"/Engine/EngineMaterials/Substrate/GLints/dict_16_192_64_0p5_0p02_0023_0000" 6373
"/Engine/EngineMaterials/Substrate/GLints/dict_16_192_64_0p5_0p02_0023_0001" 6374
"/Engine/EngineMaterials/Substrate/GLints/dict_16_192_64_0p5_0p02_0023_0002" 6375
"/Engine/EngineMaterials/Substrate/GLints/dict_16_192_64_0p5_0p02_0023_0003" 6376
"/Engine/EngineMaterials/Substrate/GLints/dict_16_192_64_0p5_0p02_0023_0004" 6377
"/Engine/EngineMaterials/Substrate/GLints/dict_16_192_64_0p5_0p02_0023_0005" 6378
"/Engine/EngineMaterials/Substrate/GLints/dict_16_192_64_0p5_0p02_0023_0006" 6379
"/Engine/EngineMaterials/Substrate/GLints/dict_16_192_64_0p5_0p02_0023_0007" 6380
"/Engine/EngineMaterials/Substrate/GLints/dict_16_192_64_0p5_0p02_0023_0008" 6381
"/Engine/EngineMaterials/Substrate/GLints/dict_16_192_64_0p5_0p02_0021_0009" 6382
"/Engine/EngineMaterials/Substrate/GLints/dict_16_192_64_0p5_0p02_0021_0010" 6383
"../../../Engine/Content/EngineMaterials/Substrate/GLints/dict_16_192_64_0p5_0p02_0021_0007.uasset" 6384
"../../../Engine/Content/EngineMaterials/Substrate/GLints/dict_16_192_64_0p5_0p02_0021_0008.uasset" 6385
"../../../Engine/Content/EngineMaterials/Substrate/GLints/dict_16_192_64_0p5_0p02_0021_0006.uasset" 6386
"../../../Engine/Content/EngineMaterials/Substrate/GLints/dict_16_192_64_0p5_0p02_0021_0005.uasset" 6387
"../../../Engine/Content/EngineMaterials/Substrate/GLints/dict_16_192_64_0p5_0p02_0021_0004.uasset" 6388
"../../../Engine/Content/EngineMaterials/Substrate/GLints/dict_16_192_64_0p5_0p02_0021_0003.uasset" 6389
"../../../Engine/Content/EngineMaterials/Substrate/GLints/dict_16_192_64_0p5_0p02_0021_0002.uasset" 6390
"../../../Engine/Content/EngineMaterials/Substrate/GLints/dict_16_192_64_0p5_0p02_0021_0001.uasset" 6391
"../../../Engine/Content/EngineMaterials/Substrate/GLints/dict_16_192_64_0p5_0p02_0021_0000.uasset" 6392
"../../../Engine/Content/EngineMaterials/Substrate/GLints/dict_16_192_64_0p5_0p02_0020_0015.uasset" 6393
"../../../Engine/Content/EngineMaterials/Substrate/GLints/dict_16_192_64_0p5_0p02_0020_0014.uasset" 6394
"../../../Engine/Content/EngineMaterials/Substrate/GLints/dict_16_192_64_0p5_0p02_0020_0013.uasset" 6395
"../../../Engine/Content/EngineMaterials/Substrate/GLints/dict_16_192_64_0p5_0p02_0020_0012.uasset" 6396
"../../../Engine/Content/EngineMaterials/Substrate/GLints/dict_16_192_64_0p5_0p02_0020_0011.uasset" 6397
"../../../Engine/Content/EngineMaterials/Substrate/GLints/dict_16_192_64_0p5_0p02_0020_0010.uasset" 6398
"../../../Engine/Content/EngineMaterials/Substrate/GLints/dict_16_192_64_0p5_0p02_0020_0009.uasset" 6399
"../../../Engine/Content/EngineMaterials/Substrate/GLints/dict_16_192_64_0p5_0p02_0020_0008.uasset" 6400
"../../../Engine/Content/EngineMaterials/Substrate/GLints/dict_16_192_64_0p5_0p02_0020_0007.uasset" 6401
"../../../Engine/Content/EngineMaterials/Substrate/GLints/dict_16_192_64_0p5_0p02_0020_0006.uasset" 6402
"/Engine/EngineMaterials/Substrate/GLints/dict_16_192_64_0p5_0p02_0021_0011" 6403
"/Engine/EngineMaterials/Substrate/GLints/dict_16_192_64_0p5_0p02_0021_0012" 6404
"/Engine/EngineMaterials/Substrate/GLints/dict_16_192_64_0p5_0p02_0021_0013" 6405
"/Engine/EngineMaterials/Substrate/GLints/dict_16_192_64_0p5_0p02_0021_0014" 6406
"/Engine/EngineMaterials/Substrate/GLints/dict_16_192_64_0p5_0p02_0021_0015" 6407
"/Engine/EngineMaterials/Substrate/GLints/dict_16_192_64_0p5_0p02_0022_0000" 6408
"/Engine/EngineMaterials/Substrate/GLints/dict_16_192_64_0p5_0p02_0022_0001" 6409
"/Engine/EngineMaterials/Substrate/GLints/dict_16_192_64_0p5_0p02_0022_0002" 6410
"/Engine/EngineMaterials/Substrate/GLints/dict_16_192_64_0p5_0p02_0022_0003" 6411
"/Engine/EngineMaterials/Substrate/GLints/dict_16_192_64_0p5_0p02_0022_0004" 6412
"/Engine/EngineMaterials/Substrate/GLints/dict_16_192_64_0p5_0p02_0022_0005" 6413
"/Engine/EngineMaterials/Substrate/GLints/dict_16_192_64_0p5_0p02_0020_0006" 6414
"../../../Engine/Content/EngineMaterials/Substrate/GLints/dict_16_192_64_0p5_0p02_0020_0005.uasset" 6415
"../../../Engine/Content/EngineMaterials/Substrate/GLints/dict_16_192_64_0p5_0p02_0020_0004.uasset" 6416
"../../../Engine/Content/EngineMaterials/Substrate/GLints/dict_16_192_64_0p5_0p02_0020_0002.uasset" 6417
"../../../Engine/Content/EngineMaterials/Substrate/GLints/dict_16_192_64_0p5_0p02_0020_0003.uasset" 6418
"../../../Engine/Content/EngineMaterials/Substrate/GLints/dict_16_192_64_0p5_0p02_0020_0001.uasset" 6419
"../../../Engine/Content/EngineMaterials/Substrate/GLints/dict_16_192_64_0p5_0p02_0020_0000.uasset" 6420
"../../../Engine/Content/EngineMaterials/Substrate/GLints/dict_16_192_64_0p5_0p02_0019_0015.uasset" 6421
"../../../Engine/Content/EngineMaterials/Substrate/GLints/dict_16_192_64_0p5_0p02_0019_0014.uasset" 6422
"../../../Engine/Content/EngineMaterials/Substrate/GLints/dict_16_192_64_0p5_0p02_0019_0013.uasset" 6423
"../../../Engine/Content/EngineMaterials/Substrate/GLints/dict_16_192_64_0p5_0p02_0019_0012.uasset" 6424
"../../../Engine/Content/EngineMaterials/Substrate/GLints/dict_16_192_64_0p5_0p02_0019_0011.uasset" 6425
"/Engine/EngineMaterials/Substrate/GLints/dict_16_192_64_0p5_0p02_0020_0007" 6426
"/Engine/EngineMaterials/Substrate/GLints/dict_16_192_64_0p5_0p02_0020_0008" 6427
"../../../Engine/Content/EngineMaterials/Substrate/GLints/dict_16_192_64_0p5_0p02_0019_0010.uasset" 6428
"../../../Engine/Content/EngineMaterials/Substrate/GLints/dict_16_192_64_0p5_0p02_0019_0009.uasset" 6429
"/Engine/EngineMaterials/Substrate/GLints/dict_16_192_64_0p5_0p02_0020_0009" 6430
"/Engine/EngineMaterials/Substrate/GLints/dict_16_192_64_0p5_0p02_0020_0010" 6431
"/Engine/EngineMaterials/Substrate/GLints/dict_16_192_64_0p5_0p02_0020_0011" 6432
"/Engine/EngineMaterials/Substrate/GLints/dict_16_192_64_0p5_0p02_0020_0012" 6433
"/Engine/EngineMaterials/Substrate/GLints/dict_16_192_64_0p5_0p02_0020_0013" 6434
"/Engine/EngineMaterials/Substrate/GLints/dict_16_192_64_0p5_0p02_0020_0014" 6435
"/Engine/EngineMaterials/Substrate/GLints/dict_16_192_64_0p5_0p02_0020_0015" 6436
"/Engine/EngineMaterials/Substrate/GLints/dict_16_192_64_0p5_0p02_0021_0000" 6437
"/Engine/EngineMaterials/Substrate/GLints/dict_16_192_64_0p5_0p02_0021_0001" 6438
"/Engine/EngineMaterials/Substrate/GLints/dict_16_192_64_0p5_0p02_0021_0002" 6439
"/Engine/EngineMaterials/Substrate/GLints/dict_16_192_64_0p5_0p02_0021_0003" 6440
"/Engine/EngineMaterials/Substrate/GLints/dict_16_192_64_0p5_0p02_0021_0004" 6441
"/Engine/EngineMaterials/Substrate/GLints/dict_16_192_64_0p5_0p02_0021_0005" 6442
"/Engine/EngineMaterials/Substrate/GLints/dict_16_192_64_0p5_0p02_0021_0006" 6443
"/Engine/EngineMaterials/Substrate/GLints/dict_16_192_64_0p5_0p02_0021_0007" 6444
"/Engine/EngineMaterials/Substrate/GLints/dict_16_192_64_0p5_0p02_0021_0008" 6445
"../../../Engine/Content/EngineMaterials/Substrate/GLints/dict_16_192_64_0p5_0p02_0019_0007.uasset" 6446
"../../../Engine/Content/EngineMaterials/Substrate/GLints/dict_16_192_64_0p5_0p02_0019_0008.uasset" 6447
"/Engine/EngineMaterials/Substrate/GLints/dict_16_192_64_0p5_0p02_0019_0009" 6448
"../../../Engine/Content/EngineMaterials/Substrate/GLints/dict_16_192_64_0p5_0p02_0019_0006.uasset" 6449
"../../../Engine/Content/EngineMaterials/Substrate/GLints/dict_16_192_64_0p5_0p02_0019_0004.uasset" 6450
"../../../Engine/Content/EngineMaterials/Substrate/GLints/dict_16_192_64_0p5_0p02_0019_0003.uasset" 6451
"../../../Engine/Content/EngineMaterials/Substrate/GLints/dict_16_192_64_0p5_0p02_0019_0005.uasset" 6452
"../../../Engine/Content/EngineMaterials/Substrate/GLints/dict_16_192_64_0p5_0p02_0019_0002.uasset" 6453
"../../../Engine/Content/EngineMaterials/Substrate/GLints/dict_16_192_64_0p5_0p02_0019_0001.uasset" 6454
"../../../Engine/Content/EngineMaterials/Substrate/GLints/dict_16_192_64_0p5_0p02_0019_0000.uasset" 6455
"../../../Engine/Content/EngineMaterials/Substrate/GLints/dict_16_192_64_0p5_0p02_0018_0015.uasset" 6456
"../../../Engine/Content/EngineMaterials/Substrate/GLints/dict_16_192_64_0p5_0p02_0018_0014.uasset" 6457
"../../../Engine/Content/EngineMaterials/Substrate/GLints/dict_16_192_64_0p5_0p02_0018_0012.uasset" 6458
"../../../Engine/Content/EngineMaterials/Substrate/GLints/dict_16_192_64_0p5_0p02_0018_0013.uasset" 6459
"../../../Engine/Content/EngineMaterials/Substrate/GLints/dict_16_192_64_0p5_0p02_0018_0011.uasset" 6460
"../../../Engine/Content/EngineMaterials/Substrate/GLints/dict_16_192_64_0p5_0p02_0018_0010.uasset" 6461
"/Engine/EngineMaterials/Substrate/GLints/dict_16_192_64_0p5_0p02_0019_0010" 6462
"../../../Engine/Content/EngineMaterials/Substrate/GLints/dict_16_192_64_0p5_0p02_0018_0009.uasset" 6463
"../../../Engine/Content/EngineMaterials/Substrate/GLints/dict_16_192_64_0p5_0p02_0018_0008.uasset" 6464
"../../../Engine/Content/EngineMaterials/Substrate/GLints/dict_16_192_64_0p5_0p02_0018_0007.uasset" 6465
"/Engine/EngineMaterials/Substrate/GLints/dict_16_192_64_0p5_0p02_0019_0011" 6466
"../../../Engine/Content/EngineMaterials/Substrate/GLints/dict_16_192_64_0p5_0p02_0018_0006.uasset" 6467
"/Engine/EngineMaterials/Substrate/GLints/dict_16_192_64_0p5_0p02_0019_0012" 6468
"/Engine/EngineMaterials/Substrate/GLints/dict_16_192_64_0p5_0p02_0019_0013" 6469
"/Engine/EngineMaterials/Substrate/GLints/dict_16_192_64_0p5_0p02_0019_0014" 6470
"/Engine/EngineMaterials/Substrate/GLints/dict_16_192_64_0p5_0p02_0019_0015" 6471
"/Engine/EngineMaterials/Substrate/GLints/dict_16_192_64_0p5_0p02_0020_0000" 6472
"/Engine/EngineMaterials/Substrate/GLints/dict_16_192_64_0p5_0p02_0020_0001" 6473
"/Engine/EngineMaterials/Substrate/GLints/dict_16_192_64_0p5_0p02_0020_0002" 6474
"/Engine/EngineMaterials/Substrate/GLints/dict_16_192_64_0p5_0p02_0020_0003" 6475
"/Engine/EngineMaterials/Substrate/GLints/dict_16_192_64_0p5_0p02_0020_0004" 6476
"/Engine/EngineMaterials/Substrate/GLints/dict_16_192_64_0p5_0p02_0020_0005" 6477
"/Engine/EngineMaterials/Substrate/GLints/dict_16_192_64_0p5_0p02_0018_0006" 6478
"../../../Engine/Content/EngineMaterials/Substrate/GLints/dict_16_192_64_0p5_0p02_0018_0005.uasset" 6479
"../../../Engine/Content/EngineMaterials/Substrate/GLints/dict_16_192_64_0p5_0p02_0018_0003.uasset" 6480
"../../../Engine/Content/EngineMaterials/Substrate/GLints/dict_16_192_64_0p5_0p02_0018_0002.uasset" 6481
"../../../Engine/Content/EngineMaterials/Substrate/GLints/dict_16_192_64_0p5_0p02_0018_0001.uasset" 6482
"../../../Engine/Content/EngineMaterials/Substrate/GLints/dict_16_192_64_0p5_0p02_0018_0004.uasset" 6483
"../../../Engine/Content/EngineMaterials/Substrate/GLints/dict_16_192_64_0p5_0p02_0018_0000.uasset" 6484
"../../../Engine/Content/EngineMaterials/Substrate/GLints/dict_16_192_64_0p5_0p02_0017_0014.uasset" 6485
"../../../Engine/Content/EngineMaterials/Substrate/GLints/dict_16_192_64_0p5_0p02_0017_0013.uasset" 6486
"../../../Engine/Content/EngineMaterials/Substrate/GLints/dict_16_192_64_0p5_0p02_0017_0012.uasset" 6487
"../../../Engine/Content/EngineMaterials/Substrate/GLints/dict_16_192_64_0p5_0p02_0017_0015.uasset" 6488
"../../../Engine/Content/EngineMaterials/Substrate/GLints/dict_16_192_64_0p5_0p02_0017_0011.uasset" 6489
"../../../Engine/Content/EngineMaterials/Substrate/GLints/dict_16_192_64_0p5_0p02_0017_0010.uasset" 6490
"../../../Engine/Content/EngineMaterials/Substrate/GLints/dict_16_192_64_0p5_0p02_0017_0009.uasset" 6491
"/Engine/EngineMaterials/Substrate/GLints/dict_16_192_64_0p5_0p02_0018_0007" 6492
"/Engine/EngineMaterials/Substrate/GLints/dict_16_192_64_0p5_0p02_0018_0008" 6493
"/Engine/EngineMaterials/Substrate/GLints/dict_16_192_64_0p5_0p02_0018_0009" 6494
"/Engine/EngineMaterials/Substrate/GLints/dict_16_192_64_0p5_0p02_0018_0010" 6495
"/Engine/EngineMaterials/Substrate/GLints/dict_16_192_64_0p5_0p02_0018_0011" 6496
"/Engine/EngineMaterials/Substrate/GLints/dict_16_192_64_0p5_0p02_0018_0012" 6497
"/Engine/EngineMaterials/Substrate/GLints/dict_16_192_64_0p5_0p02_0018_0013" 6498
"/Engine/EngineMaterials/Substrate/GLints/dict_16_192_64_0p5_0p02_0018_0014" 6499
"/Engine/EngineMaterials/Substrate/GLints/dict_16_192_64_0p5_0p02_0018_0015" 6500
"/Engine/EngineMaterials/Substrate/GLints/dict_16_192_64_0p5_0p02_0019_0000" 6501
"/Engine/EngineMaterials/Substrate/GLints/dict_16_192_64_0p5_0p02_0019_0001" 6502
"/Engine/EngineMaterials/Substrate/GLints/dict_16_192_64_0p5_0p02_0019_0002" 6503
"/Engine/EngineMaterials/Substrate/GLints/dict_16_192_64_0p5_0p02_0019_0003" 6504
"/Engine/EngineMaterials/Substrate/GLints/dict_16_192_64_0p5_0p02_0019_0004" 6505
"/Engine/EngineMaterials/Substrate/GLints/dict_16_192_64_0p5_0p02_0019_0005" 6506
"/Engine/EngineMaterials/Substrate/GLints/dict_16_192_64_0p5_0p02_0019_0006" 6507
"/Engine/EngineMaterials/Substrate/GLints/dict_16_192_64_0p5_0p02_0019_0007" 6508
"/Engine/EngineMaterials/Substrate/GLints/dict_16_192_64_0p5_0p02_0019_0008" 6509
"../../../Engine/Content/EngineMaterials/Substrate/GLints/dict_16_192_64_0p5_0p02_0017_0008.uasset" 6510
"../../../Engine/Content/EngineMaterials/Substrate/GLints/dict_16_192_64_0p5_0p02_0017_0007.uasset" 6511
"/Engine/EngineMaterials/Substrate/GLints/dict_16_192_64_0p5_0p02_0017_0009" 6512
"../../../Engine/Content/EngineMaterials/Substrate/GLints/dict_16_192_64_0p5_0p02_0017_0006.uasset" 6513
"../../../Engine/Content/EngineMaterials/Substrate/GLints/dict_16_192_64_0p5_0p02_0017_0005.uasset" 6514
"../../../Engine/Content/EngineMaterials/Substrate/GLints/dict_16_192_64_0p5_0p02_0017_0004.uasset" 6515
"../../../Engine/Content/EngineMaterials/Substrate/GLints/dict_16_192_64_0p5_0p02_0017_0003.uasset" 6516
"../../../Engine/Content/EngineMaterials/Substrate/GLints/dict_16_192_64_0p5_0p02_0017_0002.uasset" 6517
"../../../Engine/Content/EngineMaterials/Substrate/GLints/dict_16_192_64_0p5_0p02_0017_0001.uasset" 6518
"../../../Engine/Content/EngineMaterials/Substrate/GLints/dict_16_192_64_0p5_0p02_0017_0000.uasset" 6519
"../../../Engine/Content/EngineMaterials/Substrate/GLints/dict_16_192_64_0p5_0p02_0016_0015.uasset" 6520
"../../../Engine/Content/EngineMaterials/Substrate/GLints/dict_16_192_64_0p5_0p02_0016_0014.uasset" 6521
"../../../Engine/Content/EngineMaterials/Substrate/GLints/dict_16_192_64_0p5_0p02_0016_0013.uasset" 6522
"../../../Engine/Content/EngineMaterials/Substrate/GLints/dict_16_192_64_0p5_0p02_0016_0012.uasset" 6523
"../../../Engine/Content/EngineMaterials/Substrate/GLints/dict_16_192_64_0p5_0p02_0016_0011.uasset" 6524
"/Engine/EngineMaterials/Substrate/GLints/dict_16_192_64_0p5_0p02_0017_0010" 6525
"../../../Engine/Content/EngineMaterials/Substrate/GLints/dict_16_192_64_0p5_0p02_0016_0010.uasset" 6526
"../../../Engine/Content/EngineMaterials/Substrate/GLints/dict_16_192_64_0p5_0p02_0016_0009.uasset" 6527
"../../../Engine/Content/EngineMaterials/Substrate/GLints/dict_16_192_64_0p5_0p02_0016_0007.uasset" 6528
"../../../Engine/Content/EngineMaterials/Substrate/GLints/dict_16_192_64_0p5_0p02_0016_0008.uasset" 6529
"../../../Engine/Content/EngineMaterials/Substrate/GLints/dict_16_192_64_0p5_0p02_0016_0006.uasset" 6530
"/Engine/EngineMaterials/Substrate/GLints/dict_16_192_64_0p5_0p02_0017_0011" 6531
"/Engine/EngineMaterials/Substrate/GLints/dict_16_192_64_0p5_0p02_0017_0012" 6532
"/Engine/EngineMaterials/Substrate/GLints/dict_16_192_64_0p5_0p02_0017_0013" 6533
"/Engine/EngineMaterials/Substrate/GLints/dict_16_192_64_0p5_0p02_0017_0014" 6534
"/Engine/EngineMaterials/Substrate/GLints/dict_16_192_64_0p5_0p02_0017_0015" 6535
"/Engine/EngineMaterials/Substrate/GLints/dict_16_192_64_0p5_0p02_0018_0000" 6536
"/Engine/EngineMaterials/Substrate/GLints/dict_16_192_64_0p5_0p02_0018_0001" 6537
"/Engine/EngineMaterials/Substrate/GLints/dict_16_192_64_0p5_0p02_0018_0002" 6538
"/Engine/EngineMaterials/Substrate/GLints/dict_16_192_64_0p5_0p02_0018_0003" 6539
"/Engine/EngineMaterials/Substrate/GLints/dict_16_192_64_0p5_0p02_0018_0004" 6540
"/Engine/EngineMaterials/Substrate/GLints/dict_16_192_64_0p5_0p02_0018_0005" 6541
"/Engine/EngineMaterials/Substrate/GLints/dict_16_192_64_0p5_0p02_0016_0006" 6542
"../../../Engine/Content/EngineMaterials/Substrate/GLints/dict_16_192_64_0p5_0p02_0016_0005.uasset" 6543
"../../../Engine/Content/EngineMaterials/Substrate/GLints/dict_16_192_64_0p5_0p02_0016_0004.uasset" 6544
"../../../Engine/Content/EngineMaterials/Substrate/GLints/dict_16_192_64_0p5_0p02_0016_0002.uasset" 6545
"../../../Engine/Content/EngineMaterials/Substrate/GLints/dict_16_192_64_0p5_0p02_0016_0003.uasset" 6546
"/Engine/EngineMaterials/Substrate/GLints/dict_16_192_64_0p5_0p02_0016_0007" 6547
"../../../Engine/Content/EngineMaterials/Substrate/GLints/dict_16_192_64_0p5_0p02_0016_0001.uasset" 6548
"../../../Engine/Content/EngineMaterials/Substrate/GLints/dict_16_192_64_0p5_0p02_0016_0000.uasset" 6549
"../../../Engine/Content/EngineMaterials/Substrate/GLints/dict_16_192_64_0p5_0p02_0015_0015.uasset" 6550
"/Engine/EngineMaterials/Substrate/GLints/dict_16_192_64_0p5_0p02_0016_0008" 6551
"/Engine/EngineMaterials/Substrate/GLints/dict_16_192_64_0p5_0p02_0016_0009" 6552
"/Engine/EngineMaterials/Substrate/GLints/dict_16_192_64_0p5_0p02_0016_0010" 6553
"/Engine/EngineMaterials/Substrate/GLints/dict_16_192_64_0p5_0p02_0016_0011" 6554
"/Engine/EngineMaterials/Substrate/GLints/dict_16_192_64_0p5_0p02_0016_0012" 6555
"../../../Engine/Content/EngineMaterials/Substrate/GLints/dict_16_192_64_0p5_0p02_0015_0014.uasset" 6556
"/Engine/EngineMaterials/Substrate/GLints/dict_16_192_64_0p5_0p02_0016_0013" 6557
"/Engine/EngineMaterials/Substrate/GLints/dict_16_192_64_0p5_0p02_0016_0014" 6558
"/Engine/EngineMaterials/Substrate/GLints/dict_16_192_64_0p5_0p02_0016_0015" 6559
"/Engine/EngineMaterials/Substrate/GLints/dict_16_192_64_0p5_0p02_0017_0000" 6560
"/Engine/EngineMaterials/Substrate/GLints/dict_16_192_64_0p5_0p02_0017_0001" 6561
"/Engine/EngineMaterials/Substrate/GLints/dict_16_192_64_0p5_0p02_0017_0002" 6562
"../../../Engine/Content/EngineMaterials/Substrate/GLints/dict_16_192_64_0p5_0p02_0015_0013.uasset" 6563
"../../../Engine/Content/EngineMaterials/Substrate/GLints/dict_16_192_64_0p5_0p02_0015_0011.uasset" 6564
"../../../Engine/Content/EngineMaterials/Substrate/GLints/dict_16_192_64_0p5_0p02_0015_0010.uasset" 6565
"/Engine/EngineMaterials/Substrate/GLints/dict_16_192_64_0p5_0p02_0017_0003" 6566
"../../../Engine/Content/EngineMaterials/Substrate/GLints/dict_16_192_64_0p5_0p02_0015_0012.uasset" 6567
"../../../Engine/Content/EngineMaterials/Substrate/GLints/dict_16_192_64_0p5_0p02_0015_0009.uasset" 6568
"/Engine/EngineMaterials/Substrate/GLints/dict_16_192_64_0p5_0p02_0017_0004" 6569
"/Engine/EngineMaterials/Substrate/GLints/dict_16_192_64_0p5_0p02_0017_0005" 6570
"/Engine/EngineMaterials/Substrate/GLints/dict_16_192_64_0p5_0p02_0017_0006" 6571
"/Engine/EngineMaterials/Substrate/GLints/dict_16_192_64_0p5_0p02_0017_0007" 6572
"/Engine/EngineMaterials/Substrate/GLints/dict_16_192_64_0p5_0p02_0017_0008" 6573
"../../../Engine/Content/EngineMaterials/Substrate/GLints/dict_16_192_64_0p5_0p02_0015_0008.uasset" 6574
"/Engine/EngineMaterials/Substrate/GLints/dict_16_192_64_0p5_0p02_0015_0009" 6575
"../../../Engine/Content/EngineMaterials/Substrate/GLints/dict_16_192_64_0p5_0p02_0015_0007.uasset" 6576
"../../../Engine/Content/EngineMaterials/Substrate/GLints/dict_16_192_64_0p5_0p02_0015_0006.uasset" 6577
"../../../Engine/Content/EngineMaterials/Substrate/GLints/dict_16_192_64_0p5_0p02_0015_0005.uasset" 6578
"../../../Engine/Content/EngineMaterials/Substrate/GLints/dict_16_192_64_0p5_0p02_0015_0004.uasset" 6579
"../../../Engine/Content/EngineMaterials/Substrate/GLints/dict_16_192_64_0p5_0p02_0015_0003.uasset" 6580
"../../../Engine/Content/EngineMaterials/Substrate/GLints/dict_16_192_64_0p5_0p02_0015_0002.uasset" 6581
"../../../Engine/Content/EngineMaterials/Substrate/GLints/dict_16_192_64_0p5_0p02_0015_0001.uasset" 6582
"../../../Engine/Content/EngineMaterials/Substrate/GLints/dict_16_192_64_0p5_0p02_0015_0000.uasset" 6583
"../../../Engine/Content/EngineMaterials/Substrate/GLints/dict_16_192_64_0p5_0p02_0014_0015.uasset" 6584
"/Engine/EngineMaterials/Substrate/GLints/dict_16_192_64_0p5_0p02_0015_0010" 6585
"../../../Engine/Content/EngineMaterials/Substrate/GLints/dict_16_192_64_0p5_0p02_0014_0014.uasset" 6586
"../../../Engine/Content/EngineMaterials/Substrate/GLints/dict_16_192_64_0p5_0p02_0014_0013.uasset" 6587
"/Engine/EngineMaterials/Substrate/GLints/dict_16_192_64_0p5_0p02_0015_0011" 6588
"../../../Engine/Content/EngineMaterials/Substrate/GLints/dict_16_192_64_0p5_0p02_0014_0012.uasset" 6589
"../../../Engine/Content/EngineMaterials/Substrate/GLints/dict_16_192_64_0p5_0p02_0014_0011.uasset" 6590
"../../../Engine/Content/EngineMaterials/Substrate/GLints/dict_16_192_64_0p5_0p02_0014_0010.uasset" 6591
"../../../Engine/Content/EngineMaterials/Substrate/GLints/dict_16_192_64_0p5_0p02_0014_0009.uasset" 6592
"../../../Engine/Content/EngineMaterials/Substrate/GLints/dict_16_192_64_0p5_0p02_0014_0008.uasset" 6593
"../../../Engine/Content/EngineMaterials/Substrate/GLints/dict_16_192_64_0p5_0p02_0014_0007.uasset" 6594
"../../../Engine/Content/EngineMaterials/Substrate/GLints/dict_16_192_64_0p5_0p02_0014_0006.uasset" 6595
"/Engine/EngineMaterials/Substrate/GLints/dict_16_192_64_0p5_0p02_0015_0012" 6596
"/Engine/EngineMaterials/Substrate/GLints/dict_16_192_64_0p5_0p02_0015_0013" 6597
"/Engine/EngineMaterials/Substrate/GLints/dict_16_192_64_0p5_0p02_0015_0014" 6598
"/Engine/EngineMaterials/Substrate/GLints/dict_16_192_64_0p5_0p02_0015_0015" 6599
"/Engine/EngineMaterials/Substrate/GLints/dict_16_192_64_0p5_0p02_0016_0000" 6600
"/Engine/EngineMaterials/Substrate/GLints/dict_16_192_64_0p5_0p02_0016_0001" 6601
"/Engine/EngineMaterials/Substrate/GLints/dict_16_192_64_0p5_0p02_0016_0002" 6602
"/Engine/EngineMaterials/Substrate/GLints/dict_16_192_64_0p5_0p02_0016_0003" 6603
"/Engine/EngineMaterials/Substrate/GLints/dict_16_192_64_0p5_0p02_0016_0004" 6604
"/Engine/EngineMaterials/Substrate/GLints/dict_16_192_64_0p5_0p02_0016_0005" 6605
"/Engine/EngineMaterials/Substrate/GLints/dict_16_192_64_0p5_0p02_0014_0006" 6606
"../../../Engine/Content/EngineMaterials/Substrate/GLints/dict_16_192_64_0p5_0p02_0014_0005.uasset" 6607
"/Engine/EngineMaterials/Substrate/GLints/dict_16_192_64_0p5_0p02_0014_0007" 6608
"../../../Engine/Content/EngineMaterials/Substrate/GLints/dict_16_192_64_0p5_0p02_0014_0004.uasset" 6609
"../../../Engine/Content/EngineMaterials/Substrate/GLints/dict_16_192_64_0p5_0p02_0014_0003.uasset" 6610
"../../../Engine/Content/EngineMaterials/Substrate/GLints/dict_16_192_64_0p5_0p02_0014_0002.uasset" 6611
"../../../Engine/Content/EngineMaterials/Substrate/GLints/dict_16_192_64_0p5_0p02_0014_0001.uasset" 6612
"../../../Engine/Content/EngineMaterials/Substrate/GLints/dict_16_192_64_0p5_0p02_0014_0000.uasset" 6613
"../../../Engine/Content/EngineMaterials/Substrate/GLints/dict_16_192_64_0p5_0p02_0013_0015.uasset" 6614
"../../../Engine/Content/EngineMaterials/Substrate/GLints/dict_16_192_64_0p5_0p02_0013_0014.uasset" 6615
"../../../Engine/Content/EngineMaterials/Substrate/GLints/dict_16_192_64_0p5_0p02_0013_0013.uasset" 6616
"../../../Engine/Content/EngineMaterials/Substrate/GLints/dict_16_192_64_0p5_0p02_0013_0011.uasset" 6617
"../../../Engine/Content/EngineMaterials/Substrate/GLints/dict_16_192_64_0p5_0p02_0013_0010.uasset" 6618
"../../../Engine/Content/EngineMaterials/Substrate/GLints/dict_16_192_64_0p5_0p02_0013_0012.uasset" 6619
"../../../Engine/Content/EngineMaterials/Substrate/GLints/dict_16_192_64_0p5_0p02_0013_0009.uasset" 6620
"/Engine/EngineMaterials/Substrate/GLints/dict_16_192_64_0p5_0p02_0014_0008" 6621
"/Engine/EngineMaterials/Substrate/GLints/dict_16_192_64_0p5_0p02_0014_0009" 6622
"/Engine/EngineMaterials/Substrate/GLints/dict_16_192_64_0p5_0p02_0014_0010" 6623
"/Engine/EngineMaterials/Substrate/GLints/dict_16_192_64_0p5_0p02_0014_0011" 6624
"/Engine/EngineMaterials/Substrate/GLints/dict_16_192_64_0p5_0p02_0014_0012" 6625
"/Engine/EngineMaterials/Substrate/GLints/dict_16_192_64_0p5_0p02_0014_0013" 6626
"/Engine/EngineMaterials/Substrate/GLints/dict_16_192_64_0p5_0p02_0014_0014" 6627
"/Engine/EngineMaterials/Substrate/GLints/dict_16_192_64_0p5_0p02_0014_0015" 6628
"/Engine/EngineMaterials/Substrate/GLints/dict_16_192_64_0p5_0p02_0015_0000" 6629
"/Engine/EngineMaterials/Substrate/GLints/dict_16_192_64_0p5_0p02_0015_0001" 6630
"/Engine/EngineMaterials/Substrate/GLints/dict_16_192_64_0p5_0p02_0015_0002" 6631
"/Engine/EngineMaterials/Substrate/GLints/dict_16_192_64_0p5_0p02_0015_0003" 6632
"/Engine/EngineMaterials/Substrate/GLints/dict_16_192_64_0p5_0p02_0015_0004" 6633
"/Engine/EngineMaterials/Substrate/GLints/dict_16_192_64_0p5_0p02_0015_0005" 6634
"/Engine/EngineMaterials/Substrate/GLints/dict_16_192_64_0p5_0p02_0015_0006" 6635
"/Engine/EngineMaterials/Substrate/GLints/dict_16_192_64_0p5_0p02_0015_0007" 6636
"/Engine/EngineMaterials/Substrate/GLints/dict_16_192_64_0p5_0p02_0015_0008" 6637
"../../../Engine/Content/EngineMaterials/Substrate/GLints/dict_16_192_64_0p5_0p02_0013_0008.uasset" 6638
"../../../Engine/Content/EngineMaterials/Substrate/GLints/dict_16_192_64_0p5_0p02_0013_0007.uasset" 6639
"../../../Engine/Content/EngineMaterials/Substrate/GLints/dict_16_192_64_0p5_0p02_0013_0006.uasset" 6640
"../../../Engine/Content/EngineMaterials/Substrate/GLints/dict_16_192_64_0p5_0p02_0013_0005.uasset" 6641
"../../../Engine/Content/EngineMaterials/Substrate/GLints/dict_16_192_64_0p5_0p02_0013_0004.uasset" 6642
"/Engine/EngineMaterials/Substrate/GLints/dict_16_192_64_0p5_0p02_0013_0009" 6643
"../../../Engine/Content/EngineMaterials/Substrate/GLints/dict_16_192_64_0p5_0p02_0013_0002.uasset" 6644
"../../../Engine/Content/EngineMaterials/Substrate/GLints/dict_16_192_64_0p5_0p02_0013_0003.uasset" 6645
"../../../Engine/Content/EngineMaterials/Substrate/GLints/dict_16_192_64_0p5_0p02_0013_0000.uasset" 6646
"../../../Engine/Content/EngineMaterials/Substrate/GLints/dict_16_192_64_0p5_0p02_0013_0001.uasset" 6647
"../../../Engine/Content/EngineMaterials/Substrate/GLints/dict_16_192_64_0p5_0p02_0012_0015.uasset" 6648
"../../../Engine/Content/EngineMaterials/Substrate/GLints/dict_16_192_64_0p5_0p02_0012_0014.uasset" 6649
"../../../Engine/Content/EngineMaterials/Substrate/GLints/dict_16_192_64_0p5_0p02_0012_0013.uasset" 6650
"../../../Engine/Content/EngineMaterials/Substrate/GLints/dict_16_192_64_0p5_0p02_0012_0012.uasset" 6651
"/Engine/EngineMaterials/Substrate/GLints/dict_16_192_64_0p5_0p02_0013_0010" 6652
"../../../Engine/Content/EngineMaterials/Substrate/GLints/dict_16_192_64_0p5_0p02_0012_0011.uasset" 6653
"../../../Engine/Content/EngineMaterials/Substrate/GLints/dict_16_192_64_0p5_0p02_0012_0010.uasset" 6654
"../../../Engine/Content/EngineMaterials/Substrate/GLints/dict_16_192_64_0p5_0p02_0012_0009.uasset" 6655
"../../../Engine/Content/EngineMaterials/Substrate/GLints/dict_16_192_64_0p5_0p02_0012_0008.uasset" 6656
"../../../Engine/Content/EngineMaterials/Substrate/GLints/dict_16_192_64_0p5_0p02_0012_0007.uasset" 6657
"../../../Engine/Content/EngineMaterials/Substrate/GLints/dict_16_192_64_0p5_0p02_0012_0006.uasset" 6658
"/Engine/EngineMaterials/Substrate/GLints/dict_16_192_64_0p5_0p02_0013_0011" 6659
"/Engine/EngineMaterials/Substrate/GLints/dict_16_192_64_0p5_0p02_0013_0005" 6660
"/Engine/EngineMaterials/Substrate/GLints/dict_16_192_64_0p5_0p02_0013_0012" 6661
"/Engine/EngineMaterials/Substrate/GLints/dict_16_192_64_0p5_0p02_0013_0013" 6662
"/Engine/EngineMaterials/Substrate/GLints/dict_16_192_64_0p5_0p02_0013_0014" 6663
"/Engine/EngineMaterials/Substrate/GLints/dict_16_192_64_0p5_0p02_0013_0015" 6664
"/Engine/EngineMaterials/Substrate/GLints/dict_16_192_64_0p5_0p02_0014_0000" 6665
"/Engine/EngineMaterials/Substrate/GLints/dict_16_192_64_0p5_0p02_0014_0001" 6666
"/Engine/EngineMaterials/Substrate/GLints/dict_16_192_64_0p5_0p02_0014_0002" 6667
"/Engine/EngineMaterials/Substrate/GLints/dict_16_192_64_0p5_0p02_0014_0003" 6668
"/Engine/EngineMaterials/Substrate/GLints/dict_16_192_64_0p5_0p02_0014_0004" 6669
"/Engine/EngineMaterials/Substrate/GLints/dict_16_192_64_0p5_0p02_0013_0006" 6670
"/Engine/EngineMaterials/Substrate/GLints/dict_16_192_64_0p5_0p02_0013_0007" 6671
"/Engine/EngineMaterials/Substrate/GLints/dict_16_192_64_0p5_0p02_0013_0008" 6672
"/Engine/EngineMaterials/Substrate/GLints/dict_16_192_64_0p5_0p02_0014_0005" 6673
"../../../Engine/Content/EngineMaterials/Substrate/GLints/dict_16_192_64_0p5_0p02_0012_0004.uasset" 6674
"/Engine/EngineMaterials/Substrate/GLints/dict_16_192_64_0p5_0p02_0012_0006" 6675
"../../../Engine/Content/EngineMaterials/Substrate/GLints/dict_16_192_64_0p5_0p02_0012_0003.uasset" 6676
"../../../Engine/Content/EngineMaterials/Substrate/GLints/dict_16_192_64_0p5_0p02_0012_0002.uasset" 6677
"../../../Engine/Content/EngineMaterials/Substrate/GLints/dict_16_192_64_0p5_0p02_0012_0001.uasset" 6678
"../../../Engine/Content/EngineMaterials/Substrate/GLints/dict_16_192_64_0p5_0p02_0012_0005.uasset" 6679
"../../../Engine/Content/EngineMaterials/Substrate/GLints/dict_16_192_64_0p5_0p02_0011_0015.uasset" 6680
"../../../Engine/Content/EngineMaterials/Substrate/GLints/dict_16_192_64_0p5_0p02_0012_0000.uasset" 6681
"../../../Engine/Content/EngineMaterials/Substrate/GLints/dict_16_192_64_0p5_0p02_0011_0013.uasset" 6682
"../../../Engine/Content/EngineMaterials/Substrate/GLints/dict_16_192_64_0p5_0p02_0011_0012.uasset" 6683
"../../../Engine/Content/EngineMaterials/Substrate/GLints/dict_16_192_64_0p5_0p02_0011_0011.uasset" 6684
"../../../Engine/Content/EngineMaterials/Substrate/GLints/dict_16_192_64_0p5_0p02_0011_0010.uasset" 6685
"../../../Engine/Content/EngineMaterials/Substrate/GLints/dict_16_192_64_0p5_0p02_0011_0009.uasset" 6686
"../../../Engine/Content/EngineMaterials/Substrate/GLints/dict_16_192_64_0p5_0p02_0011_0008.uasset" 6687
"/Engine/EngineMaterials/Substrate/GLints/dict_16_192_64_0p5_0p02_0012_0007" 6688
"../../../Engine/Content/EngineMaterials/Substrate/GLints/dict_16_192_64_0p5_0p02_0011_0007.uasset" 6689
"../../../Engine/Content/EngineMaterials/Substrate/GLints/dict_16_192_64_0p5_0p02_0011_0014.uasset" 6690
"../../../Engine/Content/EngineMaterials/Substrate/GLints/dict_16_192_64_0p5_0p02_0011_0006.uasset" 6691
"../../../Engine/Content/EngineMaterials/Substrate/GLints/dict_16_192_64_0p5_0p02_0011_0005.uasset" 6692
"/Engine/EngineMaterials/Substrate/GLints/dict_16_192_64_0p5_0p02_0012_0008" 6693
"/Engine/EngineMaterials/Substrate/GLints/dict_16_192_64_0p5_0p02_0012_0009" 6694
"/Engine/EngineMaterials/Substrate/GLints/dict_16_192_64_0p5_0p02_0012_0010" 6695
"/Engine/EngineMaterials/Substrate/GLints/dict_16_192_64_0p5_0p02_0012_0011" 6696
"/Engine/EngineMaterials/Substrate/GLints/dict_16_192_64_0p5_0p02_0012_0012" 6697
"/Engine/EngineMaterials/Substrate/GLints/dict_16_192_64_0p5_0p02_0012_0013" 6698
"/Engine/EngineMaterials/Substrate/GLints/dict_16_192_64_0p5_0p02_0012_0014" 6699
"/Engine/EngineMaterials/Substrate/GLints/dict_16_192_64_0p5_0p02_0012_0015" 6700
"/Engine/EngineMaterials/Substrate/GLints/dict_16_192_64_0p5_0p02_0013_0000" 6701
"/Engine/EngineMaterials/Substrate/GLints/dict_16_192_64_0p5_0p02_0013_0001" 6702
"/Engine/EngineMaterials/Substrate/GLints/dict_16_192_64_0p5_0p02_0013_0002" 6703
"/Engine/EngineMaterials/Substrate/GLints/dict_16_192_64_0p5_0p02_0013_0003" 6704
"/Engine/EngineMaterials/Substrate/GLints/dict_16_192_64_0p5_0p02_0013_0004" 6705
"../../../Engine/Content/EngineMaterials/Substrate/GLints/dict_16_192_64_0p5_0p02_0011_0004.uasset" 6706
"/Engine/EngineMaterials/Substrate/GLints/dict_16_192_64_0p5_0p02_0011_0005" 6707
"../../../Engine/Content/EngineMaterials/Substrate/GLints/dict_16_192_64_0p5_0p02_0011_0003.uasset" 6708
"../../../Engine/Content/EngineMaterials/Substrate/GLints/dict_16_192_64_0p5_0p02_0011_0002.uasset" 6709
"../../../Engine/Content/EngineMaterials/Substrate/GLints/dict_16_192_64_0p5_0p02_0011_0001.uasset" 6710
"../../../Engine/Content/EngineMaterials/Substrate/GLints/dict_16_192_64_0p5_0p02_0011_0000.uasset" 6711
"../../../Engine/Content/EngineMaterials/Substrate/GLints/dict_16_192_64_0p5_0p02_0010_0015.uasset" 6712
"../../../Engine/Content/EngineMaterials/Substrate/GLints/dict_16_192_64_0p5_0p02_0010_0014.uasset" 6713
"../../../Engine/Content/EngineMaterials/Substrate/GLints/dict_16_192_64_0p5_0p02_0010_0013.uasset" 6714
"/Engine/EngineMaterials/Substrate/GLints/dict_16_192_64_0p5_0p02_0011_0006" 6715
"../../../Engine/Content/EngineMaterials/Substrate/GLints/dict_16_192_64_0p5_0p02_0010_0012.uasset" 6716
"../../../Engine/Content/EngineMaterials/Substrate/GLints/dict_16_192_64_0p5_0p02_0010_0011.uasset" 6717
"../../../Engine/Content/EngineMaterials/Substrate/GLints/dict_16_192_64_0p5_0p02_0010_0009.uasset" 6718
"/Engine/EngineMaterials/Substrate/GLints/dict_16_192_64_0p5_0p02_0011_0007" 6719
"../../../Engine/Content/EngineMaterials/Substrate/GLints/dict_16_192_64_0p5_0p02_0010_0008.uasset" 6720
"../../../Engine/Content/EngineMaterials/Substrate/GLints/dict_16_192_64_0p5_0p02_0010_0007.uasset" 6721
"../../../Engine/Content/EngineMaterials/Substrate/GLints/dict_16_192_64_0p5_0p02_0010_0006.uasset" 6722
"/Engine/EngineMaterials/Substrate/GLints/dict_16_192_64_0p5_0p02_0011_0008" 6723
"/Engine/EngineMaterials/Substrate/GLints/dict_16_192_64_0p5_0p02_0011_0009" 6724
"/Engine/EngineMaterials/Substrate/GLints/dict_16_192_64_0p5_0p02_0011_0010" 6725
"../../../Engine/Content/EngineMaterials/Substrate/GLints/dict_16_192_64_0p5_0p02_0010_0010.uasset" 6726
"/Engine/EngineMaterials/Substrate/GLints/dict_16_192_64_0p5_0p02_0011_0011" 6727
"/Engine/EngineMaterials/Substrate/GLints/dict_16_192_64_0p5_0p02_0011_0012" 6728
"/Engine/EngineMaterials/Substrate/GLints/dict_16_192_64_0p5_0p02_0011_0013" 6729
"/Engine/EngineMaterials/Substrate/GLints/dict_16_192_64_0p5_0p02_0011_0014" 6730
"/Engine/EngineMaterials/Substrate/GLints/dict_16_192_64_0p5_0p02_0011_0015" 6731
"/Engine/EngineMaterials/Substrate/GLints/dict_16_192_64_0p5_0p02_0012_0000" 6732
"/Engine/EngineMaterials/Substrate/GLints/dict_16_192_64_0p5_0p02_0012_0001" 6733
"/Engine/EngineMaterials/Substrate/GLints/dict_16_192_64_0p5_0p02_0012_0002" 6734
"/Engine/EngineMaterials/Substrate/GLints/dict_16_192_64_0p5_0p02_0012_0003" 6735
"/Engine/EngineMaterials/Substrate/GLints/dict_16_192_64_0p5_0p02_0012_0004" 6736
"/Engine/EngineMaterials/Substrate/GLints/dict_16_192_64_0p5_0p02_0012_0005" 6737
"../../../Engine/Content/EngineMaterials/Substrate/GLints/dict_16_192_64_0p5_0p02_0010_0005.uasset" 6738
"../../../Engine/Content/EngineMaterials/Substrate/GLints/dict_16_192_64_0p5_0p02_0010_0004.uasset" 6739
"../../../Engine/Content/EngineMaterials/Substrate/GLints/dict_16_192_64_0p5_0p02_0010_0003.uasset" 6740
"../../../Engine/Content/EngineMaterials/Substrate/GLints/dict_16_192_64_0p5_0p02_0010_0002.uasset" 6741
"../../../Engine/Content/EngineMaterials/Substrate/GLints/dict_16_192_64_0p5_0p02_0010_0001.uasset" 6742
"../../../Engine/Content/EngineMaterials/Substrate/GLints/dict_16_192_64_0p5_0p02_0010_0000.uasset" 6743
"../../../Engine/Content/EngineMaterials/Substrate/GLints/dict_16_192_64_0p5_0p02_0009_0015.uasset" 6744
"../../../Engine/Content/EngineMaterials/Substrate/GLints/dict_16_192_64_0p5_0p02_0009_0014.uasset" 6745
"../../../Engine/Content/EngineMaterials/Substrate/GLints/dict_16_192_64_0p5_0p02_0009_0013.uasset" 6746
"../../../Engine/Content/EngineMaterials/Substrate/GLints/dict_16_192_64_0p5_0p02_0009_0012.uasset" 6747
"../../../Engine/Content/EngineMaterials/Substrate/GLints/dict_16_192_64_0p5_0p02_0009_0011.uasset" 6748
"../../../Engine/Content/EngineMaterials/Substrate/GLints/dict_16_192_64_0p5_0p02_0009_0010.uasset" 6749
"../../../Engine/Content/EngineMaterials/Substrate/GLints/dict_16_192_64_0p5_0p02_0009_0009.uasset" 6750
"/Engine/EngineMaterials/Substrate/GLints/dict_16_192_64_0p5_0p02_0010_0006" 6751
"../../../Engine/Content/EngineMaterials/Substrate/GLints/dict_16_192_64_0p5_0p02_0009_0008.uasset" 6752
"../../../Engine/Content/EngineMaterials/Substrate/GLints/dict_16_192_64_0p5_0p02_0009_0007.uasset" 6753
"../../../Engine/Content/EngineMaterials/Substrate/GLints/dict_16_192_64_0p5_0p02_0009_0006.uasset" 6754
"../../../Engine/Content/EngineMaterials/Substrate/GLints/dict_16_192_64_0p5_0p02_0009_0005.uasset" 6755
"/Engine/EngineMaterials/Substrate/GLints/dict_16_192_64_0p5_0p02_0010_0007" 6756
"/Engine/EngineMaterials/Substrate/GLints/dict_16_192_64_0p5_0p02_0010_0008" 6757
"/Engine/EngineMaterials/Substrate/GLints/dict_16_192_64_0p5_0p02_0010_0009" 6758
"/Engine/EngineMaterials/Substrate/GLints/dict_16_192_64_0p5_0p02_0010_0010" 6759
"/Engine/EngineMaterials/Substrate/GLints/dict_16_192_64_0p5_0p02_0010_0011" 6760
"/Engine/EngineMaterials/Substrate/GLints/dict_16_192_64_0p5_0p02_0010_0012" 6761
"/Engine/EngineMaterials/Substrate/GLints/dict_16_192_64_0p5_0p02_0010_0013" 6762
"/Engine/EngineMaterials/Substrate/GLints/dict_16_192_64_0p5_0p02_0010_0014" 6763
"/Engine/EngineMaterials/Substrate/GLints/dict_16_192_64_0p5_0p02_0010_0015" 6764
"/Engine/EngineMaterials/Substrate/GLints/dict_16_192_64_0p5_0p02_0011_0000" 6765
"/Engine/EngineMaterials/Substrate/GLints/dict_16_192_64_0p5_0p02_0011_0001" 6766
"/Engine/EngineMaterials/Substrate/GLints/dict_16_192_64_0p5_0p02_0011_0002" 6767
"/Engine/EngineMaterials/Substrate/GLints/dict_16_192_64_0p5_0p02_0011_0003" 6768
"/Engine/EngineMaterials/Substrate/GLints/dict_16_192_64_0p5_0p02_0011_0004" 6769
"/Engine/EngineMaterials/Substrate/GLints/dict_16_192_64_0p5_0p02_0009_0013" 6770
"/Engine/EngineMaterials/Substrate/GLints/dict_16_192_64_0p5_0p02_0009_0014" 6771
"/Engine/EngineMaterials/Substrate/GLints/dict_16_192_64_0p5_0p02_0009_0015" 6772
"/Engine/EngineMaterials/Substrate/GLints/dict_16_192_64_0p5_0p02_0010_0000" 6773
"/Engine/EngineMaterials/Substrate/GLints/dict_16_192_64_0p5_0p02_0010_0001" 6774
"/Engine/EngineMaterials/Substrate/GLints/dict_16_192_64_0p5_0p02_0010_0002" 6775
"/Engine/EngineMaterials/Substrate/GLints/dict_16_192_64_0p5_0p02_0010_0003" 6776
"/Engine/EngineMaterials/Substrate/GLints/dict_16_192_64_0p5_0p02_0010_0004" 6777
"/Engine/EngineMaterials/Substrate/GLints/dict_16_192_64_0p5_0p02_0010_0005" 6778
"/Engine/EngineMaterials/Substrate/GLints/dict_16_192_64_0p5_0p02_0009_0005" 6779
"../../../Engine/Content/EngineMaterials/Substrate/GLints/dict_16_192_64_0p5_0p02_0009_0004.uasset" 6780
"../../../Engine/Content/EngineMaterials/Substrate/GLints/dict_16_192_64_0p5_0p02_0009_0003.uasset" 6781
"/Engine/EngineMaterials/Substrate/GLints/dict_16_192_64_0p5_0p02_0009_0006" 6782
"../../../Engine/Content/EngineMaterials/Substrate/GLints/dict_16_192_64_0p5_0p02_0009_0002.uasset" 6783
"../../../Engine/Content/EngineMaterials/Substrate/GLints/dict_16_192_64_0p5_0p02_0009_0001.uasset" 6784
"../../../Engine/Content/EngineMaterials/Substrate/GLints/dict_16_192_64_0p5_0p02_0009_0000.uasset" 6785
"../../../Engine/Content/EngineMaterials/Substrate/GLints/dict_16_192_64_0p5_0p02_0008_0015.uasset" 6786
"../../../Engine/Content/EngineMaterials/Substrate/GLints/dict_16_192_64_0p5_0p02_0008_0014.uasset" 6787
"../../../Engine/Content/EngineMaterials/Substrate/GLints/dict_16_192_64_0p5_0p02_0008_0013.uasset" 6788
"../../../Engine/Content/EngineMaterials/Substrate/GLints/dict_16_192_64_0p5_0p02_0008_0012.uasset" 6789
"../../../Engine/Content/EngineMaterials/Substrate/GLints/dict_16_192_64_0p5_0p02_0008_0011.uasset" 6790
"../../../Engine/Content/EngineMaterials/Substrate/GLints/dict_16_192_64_0p5_0p02_0008_0010.uasset" 6791
"../../../Engine/Content/EngineMaterials/Substrate/GLints/dict_16_192_64_0p5_0p02_0008_0009.uasset" 6792
"../../../Engine/Content/EngineMaterials/Substrate/GLints/dict_16_192_64_0p5_0p02_0008_0008.uasset" 6793
"../../../Engine/Content/EngineMaterials/Substrate/GLints/dict_16_192_64_0p5_0p02_0008_0007.uasset" 6794
"/Engine/EngineMaterials/Substrate/GLints/dict_16_192_64_0p5_0p02_0009_0007" 6795
"../../../Engine/Content/EngineMaterials/Substrate/GLints/dict_16_192_64_0p5_0p02_0008_0006.uasset" 6796
"../../../Engine/Content/EngineMaterials/Substrate/GLints/dict_16_192_64_0p5_0p02_0008_0005.uasset" 6797
"../../../Engine/Content/EngineMaterials/Substrate/GLints/dict_16_192_64_0p5_0p02_0008_0004.uasset" 6798
"../../../Engine/Content/EngineMaterials/Substrate/GLints/dict_16_192_64_0p5_0p02_0008_0003.uasset" 6799
"../../../Engine/Content/EngineMaterials/Substrate/GLints/dict_16_192_64_0p5_0p02_0008_0002.uasset" 6800
"../../../Engine/Content/EngineMaterials/Substrate/GLints/dict_16_192_64_0p5_0p02_0008_0001.uasset" 6801
"../../../Engine/Content/EngineMaterials/Substrate/GLints/dict_16_192_64_0p5_0p02_0008_0000.uasset" 6802
"/Engine/EngineMaterials/Substrate/GLints/dict_16_192_64_0p5_0p02_0009_0008" 6803
"../../../Engine/Content/EngineMaterials/Substrate/GLints/dict_16_192_64_0p5_0p02_0007_0015.uasset" 6804
"../../../Engine/Content/EngineMaterials/Substrate/GLints/dict_16_192_64_0p5_0p02_0007_0014.uasset" 6805
"../../../Engine/Content/EngineMaterials/Substrate/GLints/dict_16_192_64_0p5_0p02_0007_0013.uasset" 6806
"/Engine/EngineMaterials/Substrate/GLints/dict_16_192_64_0p5_0p02_0009_0009" 6807
"/Engine/EngineMaterials/Substrate/GLints/dict_16_192_64_0p5_0p02_0009_0010" 6808
"/Engine/EngineMaterials/Substrate/GLints/dict_16_192_64_0p5_0p02_0009_0011" 6809
"/Engine/EngineMaterials/Substrate/GLints/dict_16_192_64_0p5_0p02_0009_0012" 6810
"/Engine/EngineMaterials/Substrate/GLints/dict_16_192_64_0p5_0p02_0007_0013" 6811
"/Engine/EngineMaterials/Substrate/GLints/dict_16_192_64_0p5_0p02_0007_0014" 6812
"../../../Engine/Content/EngineMaterials/Substrate/GLints/dict_16_192_64_0p5_0p02_0007_0012.uasset" 6813
"../../../Engine/Content/EngineMaterials/Substrate/GLints/dict_16_192_64_0p5_0p02_0007_0010.uasset" 6814
"/Engine/EngineMaterials/Substrate/GLints/dict_16_192_64_0p5_0p02_0007_0015" 6815
"../../../Engine/Content/EngineMaterials/Substrate/GLints/dict_16_192_64_0p5_0p02_0007_0009.uasset" 6816
"../../../Engine/Content/EngineMaterials/Substrate/GLints/dict_16_192_64_0p5_0p02_0007_0008.uasset" 6817
"/Engine/EngineMaterials/Substrate/GLints/dict_16_192_64_0p5_0p02_0008_0000" 6818
"../../../Engine/Content/EngineMaterials/Substrate/GLints/dict_16_192_64_0p5_0p02_0007_0007.uasset" 6819
"../../../Engine/Content/EngineMaterials/Substrate/GLints/dict_16_192_64_0p5_0p02_0007_0011.uasset" 6820
"../../../Engine/Content/EngineMaterials/Substrate/GLints/dict_16_192_64_0p5_0p02_0007_0006.uasset" 6821
"../../../Engine/Content/EngineMaterials/Substrate/GLints/dict_16_192_64_0p5_0p02_0007_0005.uasset" 6822
"/Engine/EngineMaterials/Substrate/GLints/dict_16_192_64_0p5_0p02_0008_0001" 6823
"/Engine/EngineMaterials/Substrate/GLints/dict_16_192_64_0p5_0p02_0008_0002" 6824
"/Engine/EngineMaterials/Substrate/GLints/dict_16_192_64_0p5_0p02_0008_0003" 6825
"/Engine/EngineMaterials/Substrate/GLints/dict_16_192_64_0p5_0p02_0008_0004" 6826
"/Engine/EngineMaterials/Substrate/GLints/dict_16_192_64_0p5_0p02_0008_0005" 6827
"/Engine/EngineMaterials/Substrate/GLints/dict_16_192_64_0p5_0p02_0008_0006" 6828
"/Engine/EngineMaterials/Substrate/GLints/dict_16_192_64_0p5_0p02_0008_0007" 6829
"/Engine/EngineMaterials/Substrate/GLints/dict_16_192_64_0p5_0p02_0008_0008" 6830
"/Engine/EngineMaterials/Substrate/GLints/dict_16_192_64_0p5_0p02_0008_0009" 6831
"/Engine/EngineMaterials/Substrate/GLints/dict_16_192_64_0p5_0p02_0008_0010" 6832
"/Engine/EngineMaterials/Substrate/GLints/dict_16_192_64_0p5_0p02_0008_0011" 6833
"/Engine/EngineMaterials/Substrate/GLints/dict_16_192_64_0p5_0p02_0008_0012" 6834
"/Engine/EngineMaterials/Substrate/GLints/dict_16_192_64_0p5_0p02_0008_0013" 6835
"/Engine/EngineMaterials/Substrate/GLints/dict_16_192_64_0p5_0p02_0008_0014" 6836
"/Engine/EngineMaterials/Substrate/GLints/dict_16_192_64_0p5_0p02_0008_0015" 6837
"/Engine/EngineMaterials/Substrate/GLints/dict_16_192_64_0p5_0p02_0009_0000" 6838
"/Engine/EngineMaterials/Substrate/GLints/dict_16_192_64_0p5_0p02_0009_0001" 6839
"/Engine/EngineMaterials/Substrate/GLints/dict_16_192_64_0p5_0p02_0009_0002" 6840
"/Engine/EngineMaterials/Substrate/GLints/dict_16_192_64_0p5_0p02_0009_0003" 6841
"/Engine/EngineMaterials/Substrate/GLints/dict_16_192_64_0p5_0p02_0009_0004" 6842
"../../../Engine/Content/EngineMaterials/Substrate/GLints/dict_16_192_64_0p5_0p02_0007_0003.uasset" 6843
"/Engine/EngineMaterials/Substrate/GLints/dict_16_192_64_0p5_0p02_0007_0005" 6844
"../../../Engine/Content/EngineMaterials/Substrate/GLints/dict_16_192_64_0p5_0p02_0007_0002.uasset" 6845
"../../../Engine/Content/EngineMaterials/Substrate/GLints/dict_16_192_64_0p5_0p02_0007_0001.uasset" 6846
"../../../Engine/Content/EngineMaterials/Substrate/GLints/dict_16_192_64_0p5_0p02_0007_0000.uasset" 6847
"../../../Engine/Content/EngineMaterials/Substrate/GLints/dict_16_192_64_0p5_0p02_0006_0015.uasset" 6848
"../../../Engine/Content/EngineMaterials/Substrate/GLints/dict_16_192_64_0p5_0p02_0007_0004.uasset" 6849
"../../../Engine/Content/EngineMaterials/Substrate/GLints/dict_16_192_64_0p5_0p02_0006_0014.uasset" 6850
"../../../Engine/Content/EngineMaterials/Substrate/GLints/dict_16_192_64_0p5_0p02_0006_0012.uasset" 6851
"../../../Engine/Content/EngineMaterials/Substrate/GLints/dict_16_192_64_0p5_0p02_0006_0013.uasset" 6852
"../../../Engine/Content/EngineMaterials/Substrate/GLints/dict_16_192_64_0p5_0p02_0006_0011.uasset" 6853
"../../../Engine/Content/EngineMaterials/Substrate/GLints/dict_16_192_64_0p5_0p02_0006_0010.uasset" 6854
"../../../Engine/Content/EngineMaterials/Substrate/GLints/dict_16_192_64_0p5_0p02_0006_0009.uasset" 6855
"../../../Engine/Content/EngineMaterials/Substrate/GLints/dict_16_192_64_0p5_0p02_0006_0008.uasset" 6856
"../../../Engine/Content/EngineMaterials/Substrate/GLints/dict_16_192_64_0p5_0p02_0006_0007.uasset" 6857
"/Engine/EngineMaterials/Substrate/GLints/dict_16_192_64_0p5_0p02_0007_0006" 6858
"../../../Engine/Content/EngineMaterials/Substrate/GLints/dict_16_192_64_0p5_0p02_0006_0006.uasset" 6859
"../../../Engine/Content/EngineMaterials/Substrate/GLints/dict_16_192_64_0p5_0p02_0006_0005.uasset" 6860
"../../../Engine/Content/EngineMaterials/Substrate/GLints/dict_16_192_64_0p5_0p02_0006_0004.uasset" 6861
"../../../Engine/Content/EngineMaterials/Substrate/GLints/dict_16_192_64_0p5_0p02_0006_0003.uasset" 6862
"../../../Engine/Content/EngineMaterials/Substrate/GLints/dict_16_192_64_0p5_0p02_0006_0002.uasset" 6863
"../../../Engine/Content/EngineMaterials/Substrate/GLints/dict_16_192_64_0p5_0p02_0006_0001.uasset" 6864
"../../../Engine/Content/EngineMaterials/Substrate/GLints/dict_16_192_64_0p5_0p02_0006_0000.uasset" 6865
"../../../Engine/Content/EngineMaterials/Substrate/GLints/dict_16_192_64_0p5_0p02_0005_0015.uasset" 6866
"../../../Engine/Content/EngineMaterials/Substrate/GLints/dict_16_192_64_0p5_0p02_0005_0014.uasset" 6867
"../../../Engine/Content/EngineMaterials/Substrate/GLints/dict_16_192_64_0p5_0p02_0005_0013.uasset" 6868
"/Engine/EngineMaterials/Substrate/GLints/dict_16_192_64_0p5_0p02_0007_0007" 6869
"/Engine/EngineMaterials/Substrate/GLints/dict_16_192_64_0p5_0p02_0007_0008" 6870
"/Engine/EngineMaterials/Substrate/GLints/dict_16_192_64_0p5_0p02_0007_0009" 6871
"/Engine/EngineMaterials/Substrate/GLints/dict_16_192_64_0p5_0p02_0007_0010" 6872
"/Engine/EngineMaterials/Substrate/GLints/dict_16_192_64_0p5_0p02_0007_0011" 6873
"/Engine/EngineMaterials/Substrate/GLints/dict_16_192_64_0p5_0p02_0007_0012" 6874
"../../../Engine/Content/EngineMaterials/Substrate/GLints/dict_16_192_64_0p5_0p02_0005_0012.uasset" 6875
"../../../Engine/Content/EngineMaterials/Substrate/GLints/dict_16_192_64_0p5_0p02_0005_0010.uasset" 6876
"/Engine/EngineMaterials/Substrate/GLints/dict_16_192_64_0p5_0p02_0005_0013" 6877
"../../../Engine/Content/EngineMaterials/Substrate/GLints/dict_16_192_64_0p5_0p02_0005_0009.uasset" 6878
"../../../Engine/Content/EngineMaterials/Substrate/GLints/dict_16_192_64_0p5_0p02_0005_0008.uasset" 6879
"../../../Engine/Content/EngineMaterials/Substrate/GLints/dict_16_192_64_0p5_0p02_0005_0007.uasset" 6880
"../../../Engine/Content/EngineMaterials/Substrate/GLints/dict_16_192_64_0p5_0p02_0005_0006.uasset" 6881
"../../../Engine/Content/EngineMaterials/Substrate/GLints/dict_16_192_64_0p5_0p02_0005_0005.uasset" 6882
"/Engine/EngineMaterials/Substrate/GLints/dict_16_192_64_0p5_0p02_0005_0014" 6883
"/Engine/EngineMaterials/Substrate/GLints/dict_16_192_64_0p5_0p02_0005_0015" 6884
"/Engine/EngineMaterials/Substrate/GLints/dict_16_192_64_0p5_0p02_0006_0000" 6885
"/Engine/EngineMaterials/Substrate/GLints/dict_16_192_64_0p5_0p02_0006_0001" 6886
"/Engine/EngineMaterials/Substrate/GLints/dict_16_192_64_0p5_0p02_0006_0002" 6887
"/Engine/EngineMaterials/Substrate/GLints/dict_16_192_64_0p5_0p02_0006_0003" 6888
"/Engine/EngineMaterials/Substrate/GLints/dict_16_192_64_0p5_0p02_0006_0004" 6889
"/Engine/EngineMaterials/Substrate/GLints/dict_16_192_64_0p5_0p02_0006_0005" 6890
"/Engine/EngineMaterials/Substrate/GLints/dict_16_192_64_0p5_0p02_0006_0006" 6891
"/Engine/EngineMaterials/Substrate/GLints/dict_16_192_64_0p5_0p02_0006_0007" 6892
"/Engine/EngineMaterials/Substrate/GLints/dict_16_192_64_0p5_0p02_0006_0008" 6893
"/Engine/EngineMaterials/Substrate/GLints/dict_16_192_64_0p5_0p02_0006_0009" 6894
"/Engine/EngineMaterials/Substrate/GLints/dict_16_192_64_0p5_0p02_0006_0010" 6895
"/Engine/EngineMaterials/Substrate/GLints/dict_16_192_64_0p5_0p02_0006_0011" 6896
"/Engine/EngineMaterials/Substrate/GLints/dict_16_192_64_0p5_0p02_0006_0012" 6897
"/Engine/EngineMaterials/Substrate/GLints/dict_16_192_64_0p5_0p02_0006_0013" 6898
"/Engine/EngineMaterials/Substrate/GLints/dict_16_192_64_0p5_0p02_0006_0014" 6899
"/Engine/EngineMaterials/Substrate/GLints/dict_16_192_64_0p5_0p02_0006_0015" 6900
"/Engine/EngineMaterials/Substrate/GLints/dict_16_192_64_0p5_0p02_0007_0000" 6901
"/Engine/EngineMaterials/Substrate/GLints/dict_16_192_64_0p5_0p02_0007_0001" 6902
"/Engine/EngineMaterials/Substrate/GLints/dict_16_192_64_0p5_0p02_0007_0002" 6903
"/Engine/EngineMaterials/Substrate/GLints/dict_16_192_64_0p5_0p02_0007_0003" 6904
"/Engine/EngineMaterials/Substrate/GLints/dict_16_192_64_0p5_0p02_0007_0004" 6905
"/Engine/EngineMaterials/Substrate/GLints/dict_16_192_64_0p5_0p02_0005_0005" 6906
"/Engine/EngineMaterials/Substrate/GLints/dict_16_192_64_0p5_0p02_0005_0006" 6907
"/Engine/EngineMaterials/Substrate/GLints/dict_16_192_64_0p5_0p02_0005_0007" 6908
"../../../Engine/Content/EngineMaterials/Substrate/GLints/dict_16_192_64_0p5_0p02_0005_0004.uasset" 6909
"../../../Engine/Content/EngineMaterials/Substrate/GLints/dict_16_192_64_0p5_0p02_0005_0003.uasset" 6910
"../../../Engine/Content/EngineMaterials/Substrate/GLints/dict_16_192_64_0p5_0p02_0005_0002.uasset" 6911
"../../../Engine/Content/EngineMaterials/Substrate/GLints/dict_16_192_64_0p5_0p02_0005_0001.uasset" 6912
"../../../Engine/Content/EngineMaterials/Substrate/GLints/dict_16_192_64_0p5_0p02_0005_0000.uasset" 6913
"../../../Engine/Content/EngineMaterials/Substrate/GLints/dict_16_192_64_0p5_0p02_0004_0015.uasset" 6914
"../../../Engine/Content/EngineMaterials/Substrate/GLints/dict_16_192_64_0p5_0p02_0004_0014.uasset" 6915
"../../../Engine/Content/EngineMaterials/Substrate/GLints/dict_16_192_64_0p5_0p02_0004_0013.uasset" 6916
"../../../Engine/Content/EngineMaterials/Substrate/GLints/dict_16_192_64_0p5_0p02_0004_0012.uasset" 6917
"../../../Engine/Content/EngineMaterials/Substrate/GLints/dict_16_192_64_0p5_0p02_0004_0011.uasset" 6918
"../../../Engine/Content/EngineMaterials/Substrate/GLints/dict_16_192_64_0p5_0p02_0004_0010.uasset" 6919
"../../../Engine/Content/EngineMaterials/Substrate/GLints/dict_16_192_64_0p5_0p02_0004_0009.uasset" 6920
"../../../Engine/Content/EngineMaterials/Substrate/GLints/dict_16_192_64_0p5_0p02_0004_0008.uasset" 6921
"../../../Engine/Content/EngineMaterials/Substrate/GLints/dict_16_192_64_0p5_0p02_0004_0007.uasset" 6922
"../../../Engine/Content/EngineMaterials/Substrate/GLints/dict_16_192_64_0p5_0p02_0004_0006.uasset" 6923
"../../../Engine/Content/EngineMaterials/Substrate/GLints/dict_16_192_64_0p5_0p02_0004_0005.uasset" 6924
"../../../Engine/Content/EngineMaterials/Substrate/GLints/dict_16_192_64_0p5_0p02_0004_0004.uasset" 6925
"../../../Engine/Content/EngineMaterials/Substrate/GLints/dict_16_192_64_0p5_0p02_0004_0003.uasset" 6926
"../../../Engine/Content/EngineMaterials/Substrate/GLints/dict_16_192_64_0p5_0p02_0004_0002.uasset" 6927
"../../../Engine/Content/EngineMaterials/Substrate/GLints/dict_16_192_64_0p5_0p02_0004_0001.uasset" 6928
"../../../Engine/Content/EngineMaterials/Substrate/GLints/dict_16_192_64_0p5_0p02_0004_0000.uasset" 6929
"../../../Engine/Content/EngineMaterials/Substrate/GLints/dict_16_192_64_0p5_0p02_0003_0015.uasset" 6930
"../../../Engine/Content/EngineMaterials/Substrate/GLints/dict_16_192_64_0p5_0p02_0003_0014.uasset" 6931
"../../../Engine/Content/EngineMaterials/Substrate/GLints/dict_16_192_64_0p5_0p02_0003_0013.uasset" 6932
"/Engine/EngineMaterials/Substrate/GLints/dict_16_192_64_0p5_0p02_0005_0008" 6933
"/Engine/EngineMaterials/Substrate/GLints/dict_16_192_64_0p5_0p02_0005_0009" 6934
"../../../Engine/Content/EngineMaterials/Substrate/GLints/dict_16_192_64_0p5_0p02_0005_0011.uasset" 6935
"/Engine/EngineMaterials/Substrate/GLints/dict_16_192_64_0p5_0p02_0005_0010" 6936
"/Engine/EngineMaterials/Substrate/GLints/dict_16_192_64_0p5_0p02_0005_0012" 6937
"/Engine/EngineMaterials/Substrate/GLints/dict_16_192_64_0p5_0p02_0003_0013" 6938
"../../../Engine/Content/EngineMaterials/Substrate/GLints/dict_16_192_64_0p5_0p02_0003_0012.uasset" 6939
"../../../Engine/Content/EngineMaterials/Substrate/GLints/dict_16_192_64_0p5_0p02_0003_0011.uasset" 6940
"../../../Engine/Content/EngineMaterials/Substrate/GLints/dict_16_192_64_0p5_0p02_0003_0010.uasset" 6941
"../../../Engine/Content/EngineMaterials/Substrate/GLints/dict_16_192_64_0p5_0p02_0003_0009.uasset" 6942
"../../../Engine/Content/EngineMaterials/Substrate/GLints/dict_16_192_64_0p5_0p02_0003_0008.uasset" 6943
"../../../Engine/Content/EngineMaterials/Substrate/GLints/dict_16_192_64_0p5_0p02_0003_0007.uasset" 6944
"../../../Engine/Content/EngineMaterials/Substrate/GLints/dict_16_192_64_0p5_0p02_0003_0006.uasset" 6945
"/Engine/EngineMaterials/Substrate/GLints/dict_16_192_64_0p5_0p02_0003_0014" 6946
"/Engine/EngineMaterials/Substrate/GLints/dict_16_192_64_0p5_0p02_0003_0015" 6947
"/Engine/EngineMaterials/Substrate/GLints/dict_16_192_64_0p5_0p02_0004_0000" 6948
"/Engine/EngineMaterials/Substrate/GLints/dict_16_192_64_0p5_0p02_0004_0001" 6949
"/Engine/EngineMaterials/Substrate/GLints/dict_16_192_64_0p5_0p02_0004_0002" 6950
"/Engine/EngineMaterials/Substrate/GLints/dict_16_192_64_0p5_0p02_0004_0003" 6951
"/Engine/EngineMaterials/Substrate/GLints/dict_16_192_64_0p5_0p02_0004_0004" 6952
"/Engine/EngineMaterials/Substrate/GLints/dict_16_192_64_0p5_0p02_0004_0005" 6953
"/Engine/EngineMaterials/Substrate/GLints/dict_16_192_64_0p5_0p02_0004_0006" 6954
"/Engine/EngineMaterials/Substrate/GLints/dict_16_192_64_0p5_0p02_0004_0007" 6955
"/Engine/EngineMaterials/Substrate/GLints/dict_16_192_64_0p5_0p02_0004_0008" 6956
"/Engine/EngineMaterials/Substrate/GLints/dict_16_192_64_0p5_0p02_0004_0009" 6957
"/Engine/EngineMaterials/Substrate/GLints/dict_16_192_64_0p5_0p02_0004_0010" 6958
"/Engine/EngineMaterials/Substrate/GLints/dict_16_192_64_0p5_0p02_0004_0011" 6959
"/Engine/EngineMaterials/Substrate/GLints/dict_16_192_64_0p5_0p02_0005_0011" 6960
"/Engine/EngineMaterials/Substrate/GLints/dict_16_192_64_0p5_0p02_0004_0012" 6961
"/Engine/EngineMaterials/Substrate/GLints/dict_16_192_64_0p5_0p02_0004_0013" 6962
"/Engine/EngineMaterials/Substrate/GLints/dict_16_192_64_0p5_0p02_0004_0014" 6963
"/Engine/EngineMaterials/Substrate/GLints/dict_16_192_64_0p5_0p02_0004_0015" 6964
"/Engine/EngineMaterials/Substrate/GLints/dict_16_192_64_0p5_0p02_0005_0000" 6965
"/Engine/EngineMaterials/Substrate/GLints/dict_16_192_64_0p5_0p02_0005_0001" 6966
"/Engine/EngineMaterials/Substrate/GLints/dict_16_192_64_0p5_0p02_0005_0002" 6967
"/Engine/EngineMaterials/Substrate/GLints/dict_16_192_64_0p5_0p02_0005_0003" 6968
"/Engine/EngineMaterials/Substrate/GLints/dict_16_192_64_0p5_0p02_0005_0004" 6969
"../../../Engine/Content/EngineMaterials/Substrate/GLints/dict_16_192_64_0p5_0p02_0003_0005.uasset" 6970
"/Engine/EngineMaterials/Substrate/GLints/dict_16_192_64_0p5_0p02_0003_0006" 6971
"../../../Engine/Content/EngineMaterials/Substrate/GLints/dict_16_192_64_0p5_0p02_0003_0004.uasset" 6972
"../../../Engine/Content/EngineMaterials/Substrate/GLints/dict_16_192_64_0p5_0p02_0003_0003.uasset" 6973
"../../../Engine/Content/EngineMaterials/Substrate/GLints/dict_16_192_64_0p5_0p02_0003_0002.uasset" 6974
"../../../Engine/Content/EngineMaterials/Substrate/GLints/dict_16_192_64_0p5_0p02_0003_0001.uasset" 6975
"../../../Engine/Content/EngineMaterials/Substrate/GLints/dict_16_192_64_0p5_0p02_0003_0000.uasset" 6976
"../../../Engine/Content/EngineMaterials/Substrate/GLints/dict_16_192_64_0p5_0p02_0002_0015.uasset" 6977
"../../../Engine/Content/EngineMaterials/Substrate/GLints/dict_16_192_64_0p5_0p02_0002_0014.uasset" 6978
"../../../Engine/Content/EngineMaterials/Substrate/GLints/dict_16_192_64_0p5_0p02_0002_0013.uasset" 6979
"../../../Engine/Content/EngineMaterials/Substrate/GLints/dict_16_192_64_0p5_0p02_0002_0012.uasset" 6980
"../../../Engine/Content/EngineMaterials/Substrate/GLints/dict_16_192_64_0p5_0p02_0002_0011.uasset" 6981
"../../../Engine/Content/EngineMaterials/Substrate/GLints/dict_16_192_64_0p5_0p02_0002_0010.uasset" 6982
"../../../Engine/Content/EngineMaterials/Substrate/GLints/dict_16_192_64_0p5_0p02_0002_0009.uasset" 6983
"../../../Engine/Content/EngineMaterials/Substrate/GLints/dict_16_192_64_0p5_0p02_0002_0008.uasset" 6984
"../../../Engine/Content/EngineMaterials/Substrate/GLints/dict_16_192_64_0p5_0p02_0002_0007.uasset" 6985
"../../../Engine/Content/EngineMaterials/Substrate/GLints/dict_16_192_64_0p5_0p02_0002_0006.uasset" 6986
"../../../Engine/Content/EngineMaterials/Substrate/GLints/dict_16_192_64_0p5_0p02_0002_0004.uasset" 6987
"../../../Engine/Content/EngineMaterials/Substrate/GLints/dict_16_192_64_0p5_0p02_0002_0005.uasset" 6988
"../../../Engine/Content/EngineMaterials/Substrate/GLints/dict_16_192_64_0p5_0p02_0002_0003.uasset" 6989
"../../../Engine/Content/EngineMaterials/Substrate/GLints/dict_16_192_64_0p5_0p02_0002_0002.uasset" 6990
"../../../Engine/Content/EngineMaterials/Substrate/GLints/dict_16_192_64_0p5_0p02_0002_0001.uasset" 6991
"../../../Engine/Content/EngineMaterials/Substrate/GLints/dict_16_192_64_0p5_0p02_0002_0000.uasset" 6992
"../../../Engine/Content/EngineMaterials/Substrate/GLints/dict_16_192_64_0p5_0p02_0001_0015.uasset" 6993
"../../../Engine/Content/EngineMaterials/Substrate/GLints/dict_16_192_64_0p5_0p02_0001_0014.uasset" 6994
"../../../Engine/Content/EngineMaterials/Substrate/GLints/dict_16_192_64_0p5_0p02_0001_0013.uasset" 6995
"/Engine/EngineMaterials/Substrate/GLints/dict_16_192_64_0p5_0p02_0003_0007" 6996
"/Engine/EngineMaterials/Substrate/GLints/dict_16_192_64_0p5_0p02_0003_0008" 6997
"/Engine/EngineMaterials/Substrate/GLints/dict_16_192_64_0p5_0p02_0003_0009" 6998
"/Engine/EngineMaterials/Substrate/GLints/dict_16_192_64_0p5_0p02_0003_0010" 6999
"/Engine/EngineMaterials/Substrate/GLints/dict_16_192_64_0p5_0p02_0003_0011" 7000
"/Engine/EngineMaterials/Substrate/GLints/dict_16_192_64_0p5_0p02_0003_0012" 7001
"../../../Engine/Content/EngineMaterials/Substrate/GLints/dict_16_192_64_0p5_0p02_0001_0012.uasset" 7002
"/Engine/EngineMaterials/Substrate/GLints/dict_16_192_64_0p5_0p02_0001_0013" 7003
"../../../Engine/Content/EngineMaterials/Substrate/GLints/dict_16_192_64_0p5_0p02_0001_0011.uasset" 7004
"../../../Engine/Content/EngineMaterials/Substrate/GLints/dict_16_192_64_0p5_0p02_0001_0010.uasset" 7005
"../../../Engine/Content/EngineMaterials/Substrate/GLints/dict_16_192_64_0p5_0p02_0001_0009.uasset" 7006
"../../../Engine/Content/EngineMaterials/Substrate/GLints/dict_16_192_64_0p5_0p02_0001_0008.uasset" 7007
"../../../Engine/Content/EngineMaterials/Substrate/GLints/dict_16_192_64_0p5_0p02_0001_0007.uasset" 7008
"../../../Engine/Content/EngineMaterials/Substrate/GLints/dict_16_192_64_0p5_0p02_0001_0006.uasset" 7009
"/Engine/EngineMaterials/Substrate/GLints/dict_16_192_64_0p5_0p02_0001_0014" 7010
"/Engine/EngineMaterials/Substrate/GLints/dict_16_192_64_0p5_0p02_0001_0015" 7011
"/Engine/EngineMaterials/Substrate/GLints/dict_16_192_64_0p5_0p02_0002_0000" 7012
"/Engine/EngineMaterials/Substrate/GLints/dict_16_192_64_0p5_0p02_0002_0001" 7013
"/Engine/EngineMaterials/Substrate/GLints/dict_16_192_64_0p5_0p02_0002_0002" 7014
"/Engine/EngineMaterials/Substrate/GLints/dict_16_192_64_0p5_0p02_0002_0003" 7015
"/Engine/EngineMaterials/Substrate/GLints/dict_16_192_64_0p5_0p02_0002_0004" 7016
"/Engine/EngineMaterials/Substrate/GLints/dict_16_192_64_0p5_0p02_0002_0005" 7017
"/Engine/EngineMaterials/Substrate/GLints/dict_16_192_64_0p5_0p02_0002_0006" 7018
"/Engine/EngineMaterials/Substrate/GLints/dict_16_192_64_0p5_0p02_0002_0007" 7019
"/Engine/EngineMaterials/Substrate/GLints/dict_16_192_64_0p5_0p02_0002_0008" 7020
"/Engine/EngineMaterials/Substrate/GLints/dict_16_192_64_0p5_0p02_0002_0009" 7021
"/Engine/EngineMaterials/Substrate/GLints/dict_16_192_64_0p5_0p02_0002_0010" 7022
"/Engine/EngineMaterials/Substrate/GLints/dict_16_192_64_0p5_0p02_0002_0011" 7023
"/Engine/EngineMaterials/Substrate/GLints/dict_16_192_64_0p5_0p02_0002_0012" 7024
"/Engine/EngineMaterials/Substrate/GLints/dict_16_192_64_0p5_0p02_0002_0013" 7025
"/Engine/EngineMaterials/Substrate/GLints/dict_16_192_64_0p5_0p02_0002_0014" 7026
"/Engine/EngineMaterials/Substrate/GLints/dict_16_192_64_0p5_0p02_0002_0015" 7027
"/Engine/EngineMaterials/Substrate/GLints/dict_16_192_64_0p5_0p02_0003_0000" 7028
"/Engine/EngineMaterials/Substrate/GLints/dict_16_192_64_0p5_0p02_0003_0001" 7029
"/Engine/EngineMaterials/Substrate/GLints/dict_16_192_64_0p5_0p02_0003_0002" 7030
"/Engine/EngineMaterials/Substrate/GLints/dict_16_192_64_0p5_0p02_0003_0003" 7031
"/Engine/EngineMaterials/Substrate/GLints/dict_16_192_64_0p5_0p02_0003_0004" 7032
"/Engine/EngineMaterials/Substrate/GLints/dict_16_192_64_0p5_0p02_0003_0005" 7033
"../../../Engine/Content/EngineMaterials/Substrate/GLints/dict_16_192_64_0p5_0p02_0001_0005.uasset" 7034
"../../../Engine/Content/EngineMaterials/Substrate/GLints/dict_16_192_64_0p5_0p02_0001_0004.uasset" 7035
"../../../Engine/Content/EngineMaterials/Substrate/GLints/dict_16_192_64_0p5_0p02_0001_0003.uasset" 7036
"../../../Engine/Content/EngineMaterials/Substrate/GLints/dict_16_192_64_0p5_0p02_0001_0002.uasset" 7037
"../../../Engine/Content/EngineMaterials/Substrate/GLints/dict_16_192_64_0p5_0p02_0001_0001.uasset" 7038
"../../../Engine/Content/EngineMaterials/Substrate/GLints/dict_16_192_64_0p5_0p02_0001_0000.uasset" 7039
"../../../Engine/Content/EngineMaterials/Substrate/GLints/dict_16_192_64_0p5_0p02_0000_0015.uasset" 7040
"../../../Engine/Content/EngineMaterials/Substrate/GLints/dict_16_192_64_0p5_0p02_0000_0014.uasset" 7041
"../../../Engine/Content/EngineMaterials/Substrate/GLints/dict_16_192_64_0p5_0p02_0000_0013.uasset" 7042
"../../../Engine/Content/EngineMaterials/Substrate/GLints/dict_16_192_64_0p5_0p02_0000_0012.uasset" 7043
"../../../Engine/Content/EngineMaterials/Substrate/GLints/dict_16_192_64_0p5_0p02_0000_0011.uasset" 7044
"../../../Engine/Content/EngineMaterials/Substrate/GLints/dict_16_192_64_0p5_0p02_0000_0010.uasset" 7045
"../../../Engine/Content/EngineMaterials/Substrate/GLints/dict_16_192_64_0p5_0p02_0000_0009.uasset" 7046
"../../../Engine/Content/EngineMaterials/Substrate/GLints/dict_16_192_64_0p5_0p02_0000_0008.uasset" 7047
"../../../Engine/Content/EngineMaterials/Substrate/GLints/dict_16_192_64_0p5_0p02_0000_0007.uasset" 7048
"../../../Engine/Content/EngineMaterials/Substrate/GLints/dict_16_192_64_0p5_0p02_0000_0006.uasset" 7049
"../../../Engine/Content/EngineMaterials/Substrate/GLints/dict_16_192_64_0p5_0p02_0000_0005.uasset" 7050
"../../../Engine/Content/EngineMaterials/Substrate/GLints/dict_16_192_64_0p5_0p02_0000_0004.uasset" 7051
"../../../Engine/Content/EngineMaterials/Substrate/GLints/dict_16_192_64_0p5_0p02_0000_0003.uasset" 7052
"../../../Engine/Content/EngineMaterials/Substrate/GLints/dict_16_192_64_0p5_0p02_0000_0002.uasset" 7053
"../../../Engine/Content/EngineMaterials/Substrate/GLints/dict_16_192_64_0p5_0p02_0000_0001.uasset" 7054
"../../../Engine/Content/EngineMaterials/Substrate/GLints/dict_16_192_64_0p5_0p02_0000_0000.uasset" 7055
"../../../Engine/Content/EngineMaterials/Substrate/GLints/AGlintTex2dArray.uasset" 7056
"/Engine/EngineMaterials/Substrate/GLints/dict_16_192_64_0p5_0p02_0001_0006" 7057
"../../../Engine/Content/EngineMaterials/Substrate/Glints2/dict_0007_0255.uasset" 7058
"../../../Engine/Content/EngineMaterials/Substrate/Glints2/dict_0007_0254.uasset" 7059
"/Engine/EngineMaterials/Substrate/GLints/dict_16_192_64_0p5_0p02_0000_0004" 7060
"/Engine/EngineMaterials/Substrate/GLints/dict_16_192_64_0p5_0p02_0000_0005" 7061
"/Engine/EngineMaterials/Substrate/GLints/dict_16_192_64_0p5_0p02_0000_0006" 7062
"/Engine/EngineMaterials/Substrate/GLints/dict_16_192_64_0p5_0p02_0000_0007" 7063
"/Engine/EngineMaterials/Substrate/GLints/dict_16_192_64_0p5_0p02_0000_0008" 7064
"/Engine/EngineMaterials/Substrate/GLints/dict_16_192_64_0p5_0p02_0000_0009" 7065
"/Engine/EngineMaterials/Substrate/GLints/dict_16_192_64_0p5_0p02_0000_0010" 7066
"/Engine/EngineMaterials/Substrate/GLints/dict_16_192_64_0p5_0p02_0001_0007" 7067
"/Engine/EngineMaterials/Substrate/GLints/dict_16_192_64_0p5_0p02_0001_0008" 7068
"/Engine/EngineMaterials/Substrate/GLints/dict_16_192_64_0p5_0p02_0000_0011" 7069
"/Engine/EngineMaterials/Substrate/GLints/dict_16_192_64_0p5_0p02_0001_0009" 7070
"/Engine/EngineMaterials/Substrate/GLints/dict_16_192_64_0p5_0p02_0001_0010" 7071
"/Engine/EngineMaterials/Substrate/GLints/dict_16_192_64_0p5_0p02_0001_0011" 7072
"/Engine/EngineMaterials/Substrate/GLints/dict_16_192_64_0p5_0p02_0000_0012" 7073
"/Engine/EngineMaterials/Substrate/GLints/dict_16_192_64_0p5_0p02_0001_0012" 7074
"/Engine/EngineMaterials/Substrate/GLints/dict_16_192_64_0p5_0p02_0000_0013" 7075
"/Engine/EngineMaterials/Substrate/GLints/dict_16_192_64_0p5_0p02_0000_0014" 7076
"/Engine/EngineMaterials/Substrate/GLints/dict_16_192_64_0p5_0p02_0000_0015" 7077
"/Engine/EngineMaterials/Substrate/GLints/dict_16_192_64_0p5_0p02_0001_0000" 7078
"/Engine/EngineMaterials/Substrate/GLints/dict_16_192_64_0p5_0p02_0001_0001" 7079
"/Engine/EngineMaterials/Substrate/GLints/dict_16_192_64_0p5_0p02_0001_0002" 7080
"/Engine/EngineMaterials/Substrate/GLints/dict_16_192_64_0p5_0p02_0001_0003" 7081
"/Engine/EngineMaterials/Substrate/GLints/dict_16_192_64_0p5_0p02_0001_0004" 7082
"/Engine/EngineMaterials/Substrate/GLints/dict_16_192_64_0p5_0p02_0001_0005" 7083
"../../../Engine/Content/EngineMaterials/Substrate/Glints2/dict_0007_0253.uasset" 7084
"../../../Engine/Content/EngineMaterials/Substrate/Glints2/dict_0007_0252.uasset" 7085
"../../../Engine/Content/EngineMaterials/Substrate/Glints2/dict_0007_0251.uasset" 7086
"../../../Engine/Content/EngineMaterials/Substrate/Glints2/dict_0007_0250.uasset" 7087
"../../../Engine/Content/EngineMaterials/Substrate/Glints2/dict_0007_0249.uasset" 7088
"../../../Engine/Content/EngineMaterials/Substrate/Glints2/dict_0007_0248.uasset" 7089
"../../../Engine/Content/EngineMaterials/Substrate/Glints2/dict_0007_0247.uasset" 7090
"../../../Engine/Content/EngineMaterials/Substrate/Glints2/dict_0007_0246.uasset" 7091
"../../../Engine/Content/EngineMaterials/Substrate/Glints2/dict_0007_0245.uasset" 7092
"../../../Engine/Content/EngineMaterials/Substrate/Glints2/dict_0007_0244.uasset" 7093
"../../../Engine/Content/EngineMaterials/Substrate/Glints2/dict_0007_0243.uasset" 7094
"../../../Engine/Content/EngineMaterials/Substrate/Glints2/dict_0007_0242.uasset" 7095
"../../../Engine/Content/EngineMaterials/Substrate/Glints2/dict_0007_0241.uasset" 7096
"../../../Engine/Content/EngineMaterials/Substrate/Glints2/dict_0007_0240.uasset" 7097
"../../../Engine/Content/EngineMaterials/Substrate/Glints2/dict_0007_0239.uasset" 7098
"../../../Engine/Content/EngineMaterials/Substrate/Glints2/dict_0007_0238.uasset" 7099
"../../../Engine/Content/EngineMaterials/Substrate/Glints2/dict_0007_0237.uasset" 7100
"../../../Engine/Content/EngineMaterials/Substrate/Glints2/dict_0007_0236.uasset" 7101
"../../../Engine/Content/EngineMaterials/Substrate/Glints2/dict_0007_0235.uasset" 7102
"../../../Engine/Content/EngineMaterials/Substrate/Glints2/dict_0007_0234.uasset" 7103
"../../../Engine/Content/EngineMaterials/Substrate/Glints2/dict_0007_0233.uasset" 7104
"../../../Engine/Content/EngineMaterials/Substrate/Glints2/dict_0007_0232.uasset" 7105
"../../../Engine/Content/EngineMaterials/Substrate/Glints2/dict_0007_0231.uasset" 7106
"../../../Engine/Content/EngineMaterials/Substrate/Glints2/dict_0007_0230.uasset" 7107
"../../../Engine/Content/EngineMaterials/Substrate/Glints2/dict_0007_0229.uasset" 7108
"/Engine/EngineMaterials/Substrate/Glints2/dict_0007_0254" 7109
"/Engine/EngineMaterials/Substrate/Glints2/dict_0007_0255" 7110
"/Engine/EngineMaterials/Substrate/GLints/AGlintTex2dArray" 7111
"/Engine/EngineMaterials/Substrate/Glints2/dict_0007_0230" 7112
"/Engine/EngineMaterials/Substrate/Glints2/dict_0007_0231" 7113
"/Engine/EngineMaterials/Substrate/Glints2/dict_0007_0232" 7114
"/Engine/EngineMaterials/Substrate/Glints2/dict_0007_0233" 7115
"/Engine/EngineMaterials/Substrate/Glints2/dict_0007_0234" 7116
"/Engine/EngineMaterials/Substrate/Glints2/dict_0007_0235" 7117
"/Engine/EngineMaterials/Substrate/Glints2/dict_0007_0236" 7118
"/Engine/EngineMaterials/Substrate/Glints2/dict_0007_0237" 7119
"/Engine/EngineMaterials/Substrate/Glints2/dict_0007_0238" 7120
"/Engine/EngineMaterials/Substrate/Glints2/dict_0007_0239" 7121
"/Engine/EngineMaterials/Substrate/Glints2/dict_0007_0240" 7122
"/Engine/EngineMaterials/Substrate/Glints2/dict_0007_0241" 7123
"/Engine/EngineMaterials/Substrate/Glints2/dict_0007_0242" 7124
"/Engine/EngineMaterials/Substrate/Glints2/dict_0007_0243" 7125
"/Engine/EngineMaterials/Substrate/Glints2/dict_0007_0244" 7126
"/Engine/EngineMaterials/Substrate/Glints2/dict_0007_0245" 7127
"/Engine/EngineMaterials/Substrate/Glints2/dict_0007_0246" 7128
"/Engine/EngineMaterials/Substrate/Glints2/dict_0007_0247" 7129
"/Engine/EngineMaterials/Substrate/Glints2/dict_0007_0248" 7130
"/Engine/EngineMaterials/Substrate/Glints2/dict_0007_0249" 7131
"/Engine/EngineMaterials/Substrate/Glints2/dict_0007_0250" 7132
"/Engine/EngineMaterials/Substrate/Glints2/dict_0007_0251" 7133
"/Engine/EngineMaterials/Substrate/Glints2/dict_0007_0252" 7134
"/Engine/EngineMaterials/Substrate/Glints2/dict_0007_0253" 7135
"../../../Engine/Content/EngineMaterials/Substrate/Glints2/dict_0007_0228.uasset" 7136
"../../../Engine/Content/EngineMaterials/Substrate/Glints2/dict_0007_0227.uasset" 7137
"../../../Engine/Content/EngineMaterials/Substrate/Glints2/dict_0007_0226.uasset" 7138
"../../../Engine/Content/EngineMaterials/Substrate/Glints2/dict_0007_0225.uasset" 7139
"../../../Engine/Content/EngineMaterials/Substrate/Glints2/dict_0007_0224.uasset" 7140
"../../../Engine/Content/EngineMaterials/Substrate/Glints2/dict_0007_0223.uasset" 7141
"../../../Engine/Content/EngineMaterials/Substrate/Glints2/dict_0007_0222.uasset" 7142
"../../../Engine/Content/EngineMaterials/Substrate/Glints2/dict_0007_0221.uasset" 7143
"../../../Engine/Content/EngineMaterials/Substrate/Glints2/dict_0007_0220.uasset" 7144
"../../../Engine/Content/EngineMaterials/Substrate/Glints2/dict_0007_0219.uasset" 7145
"../../../Engine/Content/EngineMaterials/Substrate/Glints2/dict_0007_0218.uasset" 7146
"../../../Engine/Content/EngineMaterials/Substrate/Glints2/dict_0007_0217.uasset" 7147
"../../../Engine/Content/EngineMaterials/Substrate/Glints2/dict_0007_0216.uasset" 7148
"../../../Engine/Content/EngineMaterials/Substrate/Glints2/dict_0007_0215.uasset" 7149
"../../../Engine/Content/EngineMaterials/Substrate/Glints2/dict_0007_0214.uasset" 7150
"../../../Engine/Content/EngineMaterials/Substrate/Glints2/dict_0007_0213.uasset" 7151
"../../../Engine/Content/EngineMaterials/Substrate/Glints2/dict_0007_0212.uasset" 7152
"../../../Engine/Content/EngineMaterials/Substrate/Glints2/dict_0007_0211.uasset" 7153
"../../../Engine/Content/EngineMaterials/Substrate/Glints2/dict_0007_0210.uasset" 7154
"../../../Engine/Content/EngineMaterials/Substrate/Glints2/dict_0007_0209.uasset" 7155
"../../../Engine/Content/EngineMaterials/Substrate/Glints2/dict_0007_0208.uasset" 7156
"../../../Engine/Content/EngineMaterials/Substrate/Glints2/dict_0007_0207.uasset" 7157
"../../../Engine/Content/EngineMaterials/Substrate/Glints2/dict_0007_0206.uasset" 7158
"../../../Engine/Content/EngineMaterials/Substrate/Glints2/dict_0007_0205.uasset" 7159
"../../../Engine/Content/EngineMaterials/Substrate/Glints2/dict_0007_0204.uasset" 7160
"../../../Engine/Content/EngineMaterials/Substrate/Glints2/dict_0007_0203.uasset" 7161
"../../../Engine/Content/EngineMaterials/Substrate/Glints2/dict_0007_0202.uasset" 7162
"../../../Engine/Content/EngineMaterials/Substrate/Glints2/dict_0007_0201.uasset" 7163
"../../../Engine/Content/EngineMaterials/Substrate/Glints2/dict_0007_0200.uasset" 7164
"../../../Engine/Content/EngineMaterials/Substrate/Glints2/dict_0007_0199.uasset" 7165
"../../../Engine/Content/EngineMaterials/Substrate/Glints2/dict_0007_0198.uasset" 7166
"/Engine/EngineMaterials/Substrate/Glints2/dict_0007_0229" 7167
"/Engine/EngineMaterials/Substrate/Glints2/dict_0007_0198" 7168
"/Engine/EngineMaterials/Substrate/Glints2/dict_0007_0199" 7169
"/Engine/EngineMaterials/Substrate/Glints2/dict_0007_0200" 7170
"/Engine/EngineMaterials/Substrate/Glints2/dict_0007_0201" 7171
"/Engine/EngineMaterials/Substrate/Glints2/dict_0007_0202" 7172
"/Engine/EngineMaterials/Substrate/Glints2/dict_0007_0203" 7173
"/Engine/EngineMaterials/Substrate/Glints2/dict_0007_0204" 7174
"/Engine/EngineMaterials/Substrate/Glints2/dict_0007_0205" 7175
"/Engine/EngineMaterials/Substrate/Glints2/dict_0007_0206" 7176
"/Engine/EngineMaterials/Substrate/Glints2/dict_0007_0207" 7177
"/Engine/EngineMaterials/Substrate/Glints2/dict_0007_0208" 7178
"/Engine/EngineMaterials/Substrate/Glints2/dict_0007_0209" 7179
"/Engine/EngineMaterials/Substrate/Glints2/dict_0007_0210" 7180
"/Engine/EngineMaterials/Substrate/Glints2/dict_0007_0211" 7181
"/Engine/EngineMaterials/Substrate/Glints2/dict_0007_0212" 7182
"/Engine/EngineMaterials/Substrate/Glints2/dict_0007_0213" 7183
"/Engine/EngineMaterials/Substrate/Glints2/dict_0007_0214" 7184
"/Engine/EngineMaterials/Substrate/Glints2/dict_0007_0215" 7185
"/Engine/EngineMaterials/Substrate/Glints2/dict_0007_0216" 7186
"/Engine/EngineMaterials/Substrate/Glints2/dict_0007_0217" 7187
"/Engine/EngineMaterials/Substrate/Glints2/dict_0007_0218" 7188
"/Engine/EngineMaterials/Substrate/Glints2/dict_0007_0219" 7189
"/Engine/EngineMaterials/Substrate/Glints2/dict_0007_0220" 7190
"/Engine/EngineMaterials/Substrate/Glints2/dict_0007_0221" 7191
"/Engine/EngineMaterials/Substrate/Glints2/dict_0007_0222" 7192
"/Engine/EngineMaterials/Substrate/Glints2/dict_0007_0223" 7193
"/Engine/EngineMaterials/Substrate/Glints2/dict_0007_0224" 7194
"/Engine/EngineMaterials/Substrate/Glints2/dict_0007_0225" 7195
"/Engine/EngineMaterials/Substrate/Glints2/dict_0007_0226" 7196
"/Engine/EngineMaterials/Substrate/Glints2/dict_0007_0227" 7197
"/Engine/EngineMaterials/Substrate/Glints2/dict_0007_0228" 7198
"../../../Engine/Content/EngineMaterials/Substrate/Glints2/dict_0007_0196.uasset" 7199
"../../../Engine/Content/EngineMaterials/Substrate/Glints2/dict_0007_0195.uasset" 7200
"../../../Engine/Content/EngineMaterials/Substrate/Glints2/dict_0007_0194.uasset" 7201
"../../../Engine/Content/EngineMaterials/Substrate/Glints2/dict_0007_0193.uasset" 7202
"../../../Engine/Content/EngineMaterials/Substrate/Glints2/dict_0007_0192.uasset" 7203
"../../../Engine/Content/EngineMaterials/Substrate/Glints2/dict_0007_0191.uasset" 7204
"../../../Engine/Content/EngineMaterials/Substrate/Glints2/dict_0007_0190.uasset" 7205
"../../../Engine/Content/EngineMaterials/Substrate/Glints2/dict_0007_0189.uasset" 7206
"../../../Engine/Content/EngineMaterials/Substrate/Glints2/dict_0007_0188.uasset" 7207
"../../../Engine/Content/EngineMaterials/Substrate/Glints2/dict_0007_0187.uasset" 7208
"../../../Engine/Content/EngineMaterials/Substrate/Glints2/dict_0007_0186.uasset" 7209
"../../../Engine/Content/EngineMaterials/Substrate/Glints2/dict_0007_0185.uasset" 7210
"../../../Engine/Content/EngineMaterials/Substrate/Glints2/dict_0007_0184.uasset" 7211
"../../../Engine/Content/EngineMaterials/Substrate/Glints2/dict_0007_0183.uasset" 7212
"../../../Engine/Content/EngineMaterials/Substrate/Glints2/dict_0007_0182.uasset" 7213
"../../../Engine/Content/EngineMaterials/Substrate/Glints2/dict_0007_0181.uasset" 7214
"../../../Engine/Content/EngineMaterials/Substrate/Glints2/dict_0007_0180.uasset" 7215
"../../../Engine/Content/EngineMaterials/Substrate/Glints2/dict_0007_0179.uasset" 7216
"../../../Engine/Content/EngineMaterials/Substrate/Glints2/dict_0007_0178.uasset" 7217
"../../../Engine/Content/EngineMaterials/Substrate/Glints2/dict_0007_0177.uasset" 7218
"../../../Engine/Content/EngineMaterials/Substrate/Glints2/dict_0007_0176.uasset" 7219
"../../../Engine/Content/EngineMaterials/Substrate/Glints2/dict_0007_0175.uasset" 7220
"../../../Engine/Content/EngineMaterials/Substrate/Glints2/dict_0007_0174.uasset" 7221
"../../../Engine/Content/EngineMaterials/Substrate/Glints2/dict_0007_0173.uasset" 7222
"../../../Engine/Content/EngineMaterials/Substrate/Glints2/dict_0007_0172.uasset" 7223
"../../../Engine/Content/EngineMaterials/Substrate/Glints2/dict_0007_0171.uasset" 7224
"../../../Engine/Content/EngineMaterials/Substrate/Glints2/dict_0007_0170.uasset" 7225
"../../../Engine/Content/EngineMaterials/Substrate/Glints2/dict_0007_0197.uasset" 7226
"../../../Engine/Content/EngineMaterials/Substrate/Glints2/dict_0007_0169.uasset" 7227
"../../../Engine/Content/EngineMaterials/Substrate/Glints2/dict_0007_0167.uasset" 7228
"../../../Engine/Content/EngineMaterials/Substrate/Glints2/dict_0007_0168.uasset" 7229
"../../../Engine/Content/EngineMaterials/Substrate/Glints2/dict_0007_0166.uasset" 7230
"/Engine/EngineMaterials/Substrate/Glints2/dict_0007_0169" 7231
"/Engine/EngineMaterials/Substrate/Glints2/dict_0007_0170" 7232
"/Engine/EngineMaterials/Substrate/Glints2/dict_0007_0171" 7233
"/Engine/EngineMaterials/Substrate/Glints2/dict_0007_0172" 7234
"/Engine/EngineMaterials/Substrate/Glints2/dict_0007_0173" 7235
"/Engine/EngineMaterials/Substrate/Glints2/dict_0007_0174" 7236
"/Engine/EngineMaterials/Substrate/Glints2/dict_0007_0175" 7237
"/Engine/EngineMaterials/Substrate/Glints2/dict_0007_0176" 7238
"/Engine/EngineMaterials/Substrate/Glints2/dict_0007_0177" 7239
"/Engine/EngineMaterials/Substrate/Glints2/dict_0007_0178" 7240
"/Engine/EngineMaterials/Substrate/Glints2/dict_0007_0179" 7241
"/Engine/EngineMaterials/Substrate/Glints2/dict_0007_0180" 7242
"/Engine/EngineMaterials/Substrate/Glints2/dict_0007_0181" 7243
"/Engine/EngineMaterials/Substrate/Glints2/dict_0007_0182" 7244
"/Engine/EngineMaterials/Substrate/Glints2/dict_0007_0183" 7245
"/Engine/EngineMaterials/Substrate/Glints2/dict_0007_0184" 7246
"/Engine/EngineMaterials/Substrate/Glints2/dict_0007_0185" 7247
"/Engine/EngineMaterials/Substrate/Glints2/dict_0007_0186" 7248
"/Engine/EngineMaterials/Substrate/Glints2/dict_0007_0187" 7249
"/Engine/EngineMaterials/Substrate/Glints2/dict_0007_0188" 7250
"/Engine/EngineMaterials/Substrate/Glints2/dict_0007_0189" 7251
"/Engine/EngineMaterials/Substrate/Glints2/dict_0007_0190" 7252
"/Engine/EngineMaterials/Substrate/Glints2/dict_0007_0191" 7253
"/Engine/EngineMaterials/Substrate/Glints2/dict_0007_0192" 7254
"/Engine/EngineMaterials/Substrate/Glints2/dict_0007_0193" 7255
"/Engine/EngineMaterials/Substrate/Glints2/dict_0007_0194" 7256
"/Engine/EngineMaterials/Substrate/Glints2/dict_0007_0195" 7257
"/Engine/EngineMaterials/Substrate/Glints2/dict_0007_0196" 7258
"/Engine/EngineMaterials/Substrate/Glints2/dict_0007_0197" 7259
"../../../Engine/Content/EngineMaterials/Substrate/Glints2/dict_0007_0164.uasset" 7260
"../../../Engine/Content/EngineMaterials/Substrate/Glints2/dict_0007_0163.uasset" 7261
"../../../Engine/Content/EngineMaterials/Substrate/Glints2/dict_0007_0162.uasset" 7262
"../../../Engine/Content/EngineMaterials/Substrate/Glints2/dict_0007_0161.uasset" 7263
"../../../Engine/Content/EngineMaterials/Substrate/Glints2/dict_0007_0160.uasset" 7264
"/Engine/EngineMaterials/Substrate/Glints2/dict_0007_0166" 7265
"../../../Engine/Content/EngineMaterials/Substrate/Glints2/dict_0007_0159.uasset" 7266
"../../../Engine/Content/EngineMaterials/Substrate/Glints2/dict_0007_0158.uasset" 7267
"../../../Engine/Content/EngineMaterials/Substrate/Glints2/dict_0007_0157.uasset" 7268
"../../../Engine/Content/EngineMaterials/Substrate/Glints2/dict_0007_0156.uasset" 7269
"../../../Engine/Content/EngineMaterials/Substrate/Glints2/dict_0007_0155.uasset" 7270
"../../../Engine/Content/EngineMaterials/Substrate/Glints2/dict_0007_0154.uasset" 7271
"../../../Engine/Content/EngineMaterials/Substrate/Glints2/dict_0007_0153.uasset" 7272
"../../../Engine/Content/EngineMaterials/Substrate/Glints2/dict_0007_0152.uasset" 7273
"../../../Engine/Content/EngineMaterials/Substrate/Glints2/dict_0007_0151.uasset" 7274
"../../../Engine/Content/EngineMaterials/Substrate/Glints2/dict_0007_0150.uasset" 7275
"../../../Engine/Content/EngineMaterials/Substrate/Glints2/dict_0007_0149.uasset" 7276
"../../../Engine/Content/EngineMaterials/Substrate/Glints2/dict_0007_0148.uasset" 7277
"../../../Engine/Content/EngineMaterials/Substrate/Glints2/dict_0007_0147.uasset" 7278
"../../../Engine/Content/EngineMaterials/Substrate/Glints2/dict_0007_0146.uasset" 7279
"../../../Engine/Content/EngineMaterials/Substrate/Glints2/dict_0007_0145.uasset" 7280
"../../../Engine/Content/EngineMaterials/Substrate/Glints2/dict_0007_0144.uasset" 7281
"../../../Engine/Content/EngineMaterials/Substrate/Glints2/dict_0007_0143.uasset" 7282
"../../../Engine/Content/EngineMaterials/Substrate/Glints2/dict_0007_0142.uasset" 7283
"../../../Engine/Content/EngineMaterials/Substrate/Glints2/dict_0007_0141.uasset" 7284
"../../../Engine/Content/EngineMaterials/Substrate/Glints2/dict_0007_0140.uasset" 7285
"../../../Engine/Content/EngineMaterials/Substrate/Glints2/dict_0007_0139.uasset" 7286
"../../../Engine/Content/EngineMaterials/Substrate/Glints2/dict_0007_0138.uasset" 7287
"../../../Engine/Content/EngineMaterials/Substrate/Glints2/dict_0007_0137.uasset" 7288
"/Engine/EngineMaterials/Substrate/Glints2/dict_0007_0167" 7289
"../../../Engine/Content/EngineMaterials/Substrate/Glints2/dict_0007_0165.uasset" 7290
"/Engine/EngineMaterials/Substrate/Glints2/dict_0007_0168" 7291
"/Engine/EngineMaterials/Substrate/Glints2/dict_0007_0162" 7292
"/Engine/EngineMaterials/Substrate/Glints2/dict_0007_0163" 7293
"/Engine/EngineMaterials/Substrate/Glints2/dict_0007_0164" 7294
"../../../Engine/Content/EngineMaterials/Substrate/Glints2/dict_0007_0136.uasset" 7295
"../../../Engine/Content/EngineMaterials/Substrate/Glints2/dict_0007_0135.uasset" 7296
"../../../Engine/Content/EngineMaterials/Substrate/Glints2/dict_0007_0134.uasset" 7297
"../../../Engine/Content/EngineMaterials/Substrate/Glints2/dict_0007_0132.uasset" 7298
"../../../Engine/Content/EngineMaterials/Substrate/Glints2/dict_0007_0133.uasset" 7299
"../../../Engine/Content/EngineMaterials/Substrate/Glints2/dict_0007_0131.uasset" 7300
"/Engine/EngineMaterials/Substrate/Glints2/dict_0007_0132" 7301
"/Engine/EngineMaterials/Substrate/Glints2/dict_0007_0133" 7302
"/Engine/EngineMaterials/Substrate/Glints2/dict_0007_0137" 7303
"/Engine/EngineMaterials/Substrate/Glints2/dict_0007_0138" 7304
"/Engine/EngineMaterials/Substrate/Glints2/dict_0007_0139" 7305
"/Engine/EngineMaterials/Substrate/Glints2/dict_0007_0140" 7306
"/Engine/EngineMaterials/Substrate/Glints2/dict_0007_0141" 7307
"/Engine/EngineMaterials/Substrate/Glints2/dict_0007_0142" 7308
"/Engine/EngineMaterials/Substrate/Glints2/dict_0007_0143" 7309
"/Engine/EngineMaterials/Substrate/Glints2/dict_0007_0144" 7310
"/Engine/EngineMaterials/Substrate/Glints2/dict_0007_0145" 7311
"/Engine/EngineMaterials/Substrate/Glints2/dict_0007_0146" 7312
"/Engine/EngineMaterials/Substrate/Glints2/dict_0007_0147" 7313
"/Engine/EngineMaterials/Substrate/Glints2/dict_0007_0148" 7314
"/Engine/EngineMaterials/Substrate/Glints2/dict_0007_0149" 7315
"/Engine/EngineMaterials/Substrate/Glints2/dict_0007_0150" 7316
"/Engine/EngineMaterials/Substrate/Glints2/dict_0007_0151" 7317
"/Engine/EngineMaterials/Substrate/Glints2/dict_0007_0152" 7318
"/Engine/EngineMaterials/Substrate/Glints2/dict_0007_0153" 7319
"/Engine/EngineMaterials/Substrate/Glints2/dict_0007_0154" 7320
"/Engine/EngineMaterials/Substrate/Glints2/dict_0007_0155" 7321
"/Engine/EngineMaterials/Substrate/Glints2/dict_0007_0156" 7322
"/Engine/EngineMaterials/Substrate/Glints2/dict_0007_0157" 7323
"/Engine/EngineMaterials/Substrate/Glints2/dict_0007_0158" 7324
"/Engine/EngineMaterials/Substrate/Glints2/dict_0007_0159" 7325
"/Engine/EngineMaterials/Substrate/Glints2/dict_0007_0160" 7326
"/Engine/EngineMaterials/Substrate/Glints2/dict_0007_0161" 7327
"/Engine/EngineMaterials/Substrate/Glints2/dict_0007_0134" 7328
"/Engine/EngineMaterials/Substrate/Glints2/dict_0007_0135" 7329
"/Engine/EngineMaterials/Substrate/Glints2/dict_0007_0136" 7330
"/Engine/EngineMaterials/Substrate/Glints2/dict_0007_0165" 7331
"../../../Engine/Content/EngineMaterials/Substrate/Glints2/dict_0007_0130.uasset" 7332
"../../../Engine/Content/EngineMaterials/Substrate/Glints2/dict_0007_0129.uasset" 7333
"../../../Engine/Content/EngineMaterials/Substrate/Glints2/dict_0007_0128.uasset" 7334
"../../../Engine/Content/EngineMaterials/Substrate/Glints2/dict_0007_0127.uasset" 7335
"../../../Engine/Content/EngineMaterials/Substrate/Glints2/dict_0007_0126.uasset" 7336
"../../../Engine/Content/EngineMaterials/Substrate/Glints2/dict_0007_0124.uasset" 7337
"../../../Engine/Content/EngineMaterials/Substrate/Glints2/dict_0007_0125.uasset" 7338
"../../../Engine/Content/EngineMaterials/Substrate/Glints2/dict_0007_0123.uasset" 7339
"../../../Engine/Content/EngineMaterials/Substrate/Glints2/dict_0007_0122.uasset" 7340
"../../../Engine/Content/EngineMaterials/Substrate/Glints2/dict_0007_0121.uasset" 7341
"../../../Engine/Content/EngineMaterials/Substrate/Glints2/dict_0007_0120.uasset" 7342
"../../../Engine/Content/EngineMaterials/Substrate/Glints2/dict_0007_0119.uasset" 7343
"../../../Engine/Content/EngineMaterials/Substrate/Glints2/dict_0007_0118.uasset" 7344
"../../../Engine/Content/EngineMaterials/Substrate/Glints2/dict_0007_0117.uasset" 7345
"../../../Engine/Content/EngineMaterials/Substrate/Glints2/dict_0007_0116.uasset" 7346
"../../../Engine/Content/EngineMaterials/Substrate/Glints2/dict_0007_0115.uasset" 7347
"../../../Engine/Content/EngineMaterials/Substrate/Glints2/dict_0007_0114.uasset" 7348
"../../../Engine/Content/EngineMaterials/Substrate/Glints2/dict_0007_0113.uasset" 7349
"../../../Engine/Content/EngineMaterials/Substrate/Glints2/dict_0007_0112.uasset" 7350
"../../../Engine/Content/EngineMaterials/Substrate/Glints2/dict_0007_0111.uasset" 7351
"../../../Engine/Content/EngineMaterials/Substrate/Glints2/dict_0007_0110.uasset" 7352
"../../../Engine/Content/EngineMaterials/Substrate/Glints2/dict_0007_0109.uasset" 7353
"../../../Engine/Content/EngineMaterials/Substrate/Glints2/dict_0007_0108.uasset" 7354
"../../../Engine/Content/EngineMaterials/Substrate/Glints2/dict_0007_0107.uasset" 7355
"../../../Engine/Content/EngineMaterials/Substrate/Glints2/dict_0007_0106.uasset" 7356
"../../../Engine/Content/EngineMaterials/Substrate/Glints2/dict_0007_0104.uasset" 7357
"../../../Engine/Content/EngineMaterials/Substrate/Glints2/dict_0007_0105.uasset" 7358
"../../../Engine/Content/EngineMaterials/Substrate/Glints2/dict_0007_0103.uasset" 7359
"../../../Engine/Content/EngineMaterials/Substrate/Glints2/dict_0007_0102.uasset" 7360
"../../../Engine/Content/EngineMaterials/Substrate/Glints2/dict_0007_0101.uasset" 7361
"../../../Engine/Content/EngineMaterials/Substrate/Glints2/dict_0007_0100.uasset" 7362
"/Engine/EngineMaterials/Substrate/Glints2/dict_0007_0131" 7363
"/Engine/EngineMaterials/Substrate/Glints2/dict_0007_0106" 7364
"/Engine/EngineMaterials/Substrate/Glints2/dict_0007_0107" 7365
"/Engine/EngineMaterials/Substrate/Glints2/dict_0007_0108" 7366
"/Engine/EngineMaterials/Substrate/Glints2/dict_0007_0109" 7367
"/Engine/EngineMaterials/Substrate/Glints2/dict_0007_0110" 7368
"/Engine/EngineMaterials/Substrate/Glints2/dict_0007_0111" 7369
"/Engine/EngineMaterials/Substrate/Glints2/dict_0007_0112" 7370
"/Engine/EngineMaterials/Substrate/Glints2/dict_0007_0113" 7371
"/Engine/EngineMaterials/Substrate/Glints2/dict_0007_0114" 7372
"/Engine/EngineMaterials/Substrate/Glints2/dict_0007_0115" 7373
"/Engine/EngineMaterials/Substrate/Glints2/dict_0007_0116" 7374
"/Engine/EngineMaterials/Substrate/Glints2/dict_0007_0117" 7375
"/Engine/EngineMaterials/Substrate/Glints2/dict_0007_0118" 7376
"/Engine/EngineMaterials/Substrate/Glints2/dict_0007_0119" 7377
"/Engine/EngineMaterials/Substrate/Glints2/dict_0007_0120" 7378
"/Engine/EngineMaterials/Substrate/Glints2/dict_0007_0121" 7379
"/Engine/EngineMaterials/Substrate/Glints2/dict_0007_0122" 7380
"/Engine/EngineMaterials/Substrate/Glints2/dict_0007_0123" 7381
"/Engine/EngineMaterials/Substrate/Glints2/dict_0007_0124" 7382
"/Engine/EngineMaterials/Substrate/Glints2/dict_0007_0125" 7383
"/Engine/EngineMaterials/Substrate/Glints2/dict_0007_0126" 7384
"/Engine/EngineMaterials/Substrate/Glints2/dict_0007_0127" 7385
"/Engine/EngineMaterials/Substrate/Glints2/dict_0007_0128" 7386
"/Engine/EngineMaterials/Substrate/Glints2/dict_0007_0129" 7387
"/Engine/EngineMaterials/Substrate/Glints2/dict_0007_0130" 7388
"../../../Engine/Content/EngineMaterials/Substrate/Glints2/dict_0007_0098.uasset" 7389
"../../../Engine/Content/EngineMaterials/Substrate/Glints2/dict_0007_0099.uasset" 7390
"/Engine/EngineMaterials/Substrate/Glints2/dict_0007_0100" 7391
"../../../Engine/Content/EngineMaterials/Substrate/Glints2/dict_0007_0097.uasset" 7392
"../../../Engine/Content/EngineMaterials/Substrate/Glints2/dict_0007_0096.uasset" 7393
"../../../Engine/Content/EngineMaterials/Substrate/Glints2/dict_0007_0095.uasset" 7394
"../../../Engine/Content/EngineMaterials/Substrate/Glints2/dict_0007_0094.uasset" 7395
"../../../Engine/Content/EngineMaterials/Substrate/Glints2/dict_0007_0093.uasset" 7396
"../../../Engine/Content/EngineMaterials/Substrate/Glints2/dict_0007_0092.uasset" 7397
"../../../Engine/Content/EngineMaterials/Substrate/Glints2/dict_0007_0091.uasset" 7398
"../../../Engine/Content/EngineMaterials/Substrate/Glints2/dict_0007_0090.uasset" 7399
"../../../Engine/Content/EngineMaterials/Substrate/Glints2/dict_0007_0089.uasset" 7400
"../../../Engine/Content/EngineMaterials/Substrate/Glints2/dict_0007_0088.uasset" 7401
"../../../Engine/Content/EngineMaterials/Substrate/Glints2/dict_0007_0087.uasset" 7402
"../../../Engine/Content/EngineMaterials/Substrate/Glints2/dict_0007_0086.uasset" 7403
"../../../Engine/Content/EngineMaterials/Substrate/Glints2/dict_0007_0085.uasset" 7404
"../../../Engine/Content/EngineMaterials/Substrate/Glints2/dict_0007_0084.uasset" 7405
"../../../Engine/Content/EngineMaterials/Substrate/Glints2/dict_0007_0083.uasset" 7406
"../../../Engine/Content/EngineMaterials/Substrate/Glints2/dict_0007_0082.uasset" 7407
"../../../Engine/Content/EngineMaterials/Substrate/Glints2/dict_0007_0081.uasset" 7408
"../../../Engine/Content/EngineMaterials/Substrate/Glints2/dict_0007_0080.uasset" 7409
"../../../Engine/Content/EngineMaterials/Substrate/Glints2/dict_0007_0079.uasset" 7410
"../../../Engine/Content/EngineMaterials/Substrate/Glints2/dict_0007_0078.uasset" 7411
"../../../Engine/Content/EngineMaterials/Substrate/Glints2/dict_0007_0077.uasset" 7412
"../../../Engine/Content/EngineMaterials/Substrate/Glints2/dict_0007_0076.uasset" 7413
"../../../Engine/Content/EngineMaterials/Substrate/Glints2/dict_0007_0075.uasset" 7414
"../../../Engine/Content/EngineMaterials/Substrate/Glints2/dict_0007_0074.uasset" 7415
"/Engine/EngineMaterials/Substrate/Glints2/dict_0007_0101" 7416
"/Engine/EngineMaterials/Substrate/Glints2/dict_0007_0102" 7417
"/Engine/EngineMaterials/Substrate/Glints2/dict_0007_0103" 7418
"/Engine/EngineMaterials/Substrate/Glints2/dict_0007_0104" 7419
"/Engine/EngineMaterials/Substrate/Glints2/dict_0007_0105" 7420
"../../../Engine/Content/EngineMaterials/Substrate/Glints2/dict_0007_0073.uasset" 7421
"../../../Engine/Content/EngineMaterials/Substrate/Glints2/dict_0007_0072.uasset" 7422
"../../../Engine/Content/EngineMaterials/Substrate/Glints2/dict_0007_0071.uasset" 7423
"../../../Engine/Content/EngineMaterials/Substrate/Glints2/dict_0007_0070.uasset" 7424
"../../../Engine/Content/EngineMaterials/Substrate/Glints2/dict_0007_0069.uasset" 7425
"../../../Engine/Content/EngineMaterials/Substrate/Glints2/dict_0007_0068.uasset" 7426
"/Engine/EngineMaterials/Substrate/Glints2/dict_0007_0074" 7427
"/Engine/EngineMaterials/Substrate/Glints2/dict_0007_0072" 7428
"/Engine/EngineMaterials/Substrate/Glints2/dict_0007_0073" 7429
"/Engine/EngineMaterials/Substrate/Glints2/dict_0007_0075" 7430
"/Engine/EngineMaterials/Substrate/Glints2/dict_0007_0076" 7431
"/Engine/EngineMaterials/Substrate/Glints2/dict_0007_0077" 7432
"/Engine/EngineMaterials/Substrate/Glints2/dict_0007_0078" 7433
"/Engine/EngineMaterials/Substrate/Glints2/dict_0007_0079" 7434
"/Engine/EngineMaterials/Substrate/Glints2/dict_0007_0080" 7435
"/Engine/EngineMaterials/Substrate/Glints2/dict_0007_0081" 7436
"/Engine/EngineMaterials/Substrate/Glints2/dict_0007_0082" 7437
"/Engine/EngineMaterials/Substrate/Glints2/dict_0007_0083" 7438
"/Engine/EngineMaterials/Substrate/Glints2/dict_0007_0084" 7439
"/Engine/EngineMaterials/Substrate/Glints2/dict_0007_0085" 7440
"/Engine/EngineMaterials/Substrate/Glints2/dict_0007_0086" 7441
"/Engine/EngineMaterials/Substrate/Glints2/dict_0007_0087" 7442
"/Engine/EngineMaterials/Substrate/Glints2/dict_0007_0088" 7443
"/Engine/EngineMaterials/Substrate/Glints2/dict_0007_0089" 7444
"/Engine/EngineMaterials/Substrate/Glints2/dict_0007_0090" 7445
"/Engine/EngineMaterials/Substrate/Glints2/dict_0007_0091" 7446
"/Engine/EngineMaterials/Substrate/Glints2/dict_0007_0092" 7447
"/Engine/EngineMaterials/Substrate/Glints2/dict_0007_0093" 7448
"/Engine/EngineMaterials/Substrate/Glints2/dict_0007_0094" 7449
"/Engine/EngineMaterials/Substrate/Glints2/dict_0007_0095" 7450
"/Engine/EngineMaterials/Substrate/Glints2/dict_0007_0096" 7451
"/Engine/EngineMaterials/Substrate/Glints2/dict_0007_0097" 7452
"/Engine/EngineMaterials/Substrate/Glints2/dict_0007_0098" 7453
"/Engine/EngineMaterials/Substrate/Glints2/dict_0007_0099" 7454
"../../../Engine/Content/EngineMaterials/Substrate/Glints2/dict_0007_0067.uasset" 7455
"../../../Engine/Content/EngineMaterials/Substrate/Glints2/dict_0007_0066.uasset" 7456
"../../../Engine/Content/EngineMaterials/Substrate/Glints2/dict_0007_0065.uasset" 7457
"../../../Engine/Content/EngineMaterials/Substrate/Glints2/dict_0007_0064.uasset" 7458
"../../../Engine/Content/EngineMaterials/Substrate/Glints2/dict_0007_0063.uasset" 7459
"../../../Engine/Content/EngineMaterials/Substrate/Glints2/dict_0007_0062.uasset" 7460
"../../../Engine/Content/EngineMaterials/Substrate/Glints2/dict_0007_0061.uasset" 7461
"../../../Engine/Content/EngineMaterials/Substrate/Glints2/dict_0007_0060.uasset" 7462
"../../../Engine/Content/EngineMaterials/Substrate/Glints2/dict_0007_0059.uasset" 7463
"../../../Engine/Content/EngineMaterials/Substrate/Glints2/dict_0007_0058.uasset" 7464
"../../../Engine/Content/EngineMaterials/Substrate/Glints2/dict_0007_0057.uasset" 7465
"../../../Engine/Content/EngineMaterials/Substrate/Glints2/dict_0007_0056.uasset" 7466
"../../../Engine/Content/EngineMaterials/Substrate/Glints2/dict_0007_0055.uasset" 7467
"../../../Engine/Content/EngineMaterials/Substrate/Glints2/dict_0007_0053.uasset" 7468
"../../../Engine/Content/EngineMaterials/Substrate/Glints2/dict_0007_0052.uasset" 7469
"/Engine/EngineMaterials/Substrate/Glints2/dict_0007_0068" 7470
"../../../Engine/Content/EngineMaterials/Substrate/Glints2/dict_0007_0051.uasset" 7471
"../../../Engine/Content/EngineMaterials/Substrate/Glints2/dict_0007_0050.uasset" 7472
"../../../Engine/Content/EngineMaterials/Substrate/Glints2/dict_0007_0049.uasset" 7473
"../../../Engine/Content/EngineMaterials/Substrate/Glints2/dict_0007_0048.uasset" 7474
"../../../Engine/Content/EngineMaterials/Substrate/Glints2/dict_0007_0047.uasset" 7475
"/Engine/EngineMaterials/Substrate/Glints2/dict_0007_0069" 7476
"../../../Engine/Content/EngineMaterials/Substrate/Glints2/dict_0007_0046.uasset" 7477
"../../../Engine/Content/EngineMaterials/Substrate/Glints2/dict_0007_0045.uasset" 7478
"../../../Engine/Content/EngineMaterials/Substrate/Glints2/dict_0007_0044.uasset" 7479
"../../../Engine/Content/EngineMaterials/Substrate/Glints2/dict_0007_0043.uasset" 7480
"../../../Engine/Content/EngineMaterials/Substrate/Glints2/dict_0007_0042.uasset" 7481
"../../../Engine/Content/EngineMaterials/Substrate/Glints2/dict_0007_0041.uasset" 7482
"../../../Engine/Content/EngineMaterials/Substrate/Glints2/dict_0007_0040.uasset" 7483
"/Engine/EngineMaterials/Substrate/Glints2/dict_0007_0070" 7484
"/Engine/EngineMaterials/Substrate/Glints2/dict_0007_0071" 7485
"/Engine/EngineMaterials/Substrate/Glints2/dict_0007_0055" 7486
"/Engine/EngineMaterials/Substrate/Glints2/dict_0007_0056" 7487
"/Engine/EngineMaterials/Substrate/Glints2/dict_0007_0057" 7488
"/Engine/EngineMaterials/Substrate/Glints2/dict_0007_0058" 7489
"/Engine/EngineMaterials/Substrate/Glints2/dict_0007_0059" 7490
"/Engine/EngineMaterials/Substrate/Glints2/dict_0007_0060" 7491
"/Engine/EngineMaterials/Substrate/Glints2/dict_0007_0061" 7492
"/Engine/EngineMaterials/Substrate/Glints2/dict_0007_0062" 7493
"/Engine/EngineMaterials/Substrate/Glints2/dict_0007_0063" 7494
"/Engine/EngineMaterials/Substrate/Glints2/dict_0007_0064" 7495
"/Engine/EngineMaterials/Substrate/Glints2/dict_0007_0065" 7496
"/Engine/EngineMaterials/Substrate/Glints2/dict_0007_0066" 7497
"/Engine/EngineMaterials/Substrate/Glints2/dict_0007_0067" 7498
"../../../Engine/Content/EngineMaterials/Substrate/Glints2/dict_0007_0039.uasset" 7499
"../../../Engine/Content/EngineMaterials/Substrate/Glints2/dict_0007_0038.uasset" 7500
"../../../Engine/Content/EngineMaterials/Substrate/Glints2/dict_0007_0037.uasset" 7501
"../../../Engine/Content/EngineMaterials/Substrate/Glints2/dict_0007_0036.uasset" 7502
"/Engine/EngineMaterials/Substrate/Glints2/dict_0007_0040" 7503
"../../../Engine/Content/EngineMaterials/Substrate/Glints2/dict_0007_0035.uasset" 7504
"../../../Engine/Content/EngineMaterials/Substrate/Glints2/dict_0007_0034.uasset" 7505
"../../../Engine/Content/EngineMaterials/Substrate/Glints2/dict_0007_0033.uasset" 7506
"../../../Engine/Content/EngineMaterials/Substrate/Glints2/dict_0007_0032.uasset" 7507
"/Engine/EngineMaterials/Substrate/Glints2/dict_0007_0041" 7508
"../../../Engine/Content/EngineMaterials/Substrate/Glints2/dict_0007_0031.uasset" 7509
"../../../Engine/Content/EngineMaterials/Substrate/Glints2/dict_0007_0030.uasset" 7510
"../../../Engine/Content/EngineMaterials/Substrate/Glints2/dict_0007_0029.uasset" 7511
"../../../Engine/Content/EngineMaterials/Substrate/Glints2/dict_0007_0028.uasset" 7512
"../../../Engine/Content/EngineMaterials/Substrate/Glints2/dict_0007_0027.uasset" 7513
"/Engine/EngineMaterials/Substrate/Glints2/dict_0007_0042" 7514
"../../../Engine/Content/EngineMaterials/Substrate/Glints2/dict_0007_0026.uasset" 7515
"../../../Engine/Content/EngineMaterials/Substrate/Glints2/dict_0007_0025.uasset" 7516
"../../../Engine/Content/EngineMaterials/Substrate/Glints2/dict_0007_0024.uasset" 7517
"/Engine/EngineMaterials/Substrate/Glints2/dict_0007_0043" 7518
"../../../Engine/Content/EngineMaterials/Substrate/Glints2/dict_0007_0023.uasset" 7519
"../../../Engine/Content/EngineMaterials/Substrate/Glints2/dict_0007_0054.uasset" 7520
"/Engine/EngineMaterials/Substrate/Glints2/dict_0007_0044" 7521
"/Engine/EngineMaterials/Substrate/Glints2/dict_0007_0045" 7522
"/Engine/EngineMaterials/Substrate/Glints2/dict_0007_0046" 7523
"/Engine/EngineMaterials/Substrate/Glints2/dict_0007_0047" 7524
"/Engine/EngineMaterials/Substrate/Glints2/dict_0007_0048" 7525
"/Engine/EngineMaterials/Substrate/Glints2/dict_0007_0049" 7526
"/Engine/EngineMaterials/Substrate/Glints2/dict_0007_0050" 7527
"/Engine/EngineMaterials/Substrate/Glints2/dict_0007_0051" 7528
"/Engine/EngineMaterials/Substrate/Glints2/dict_0007_0052" 7529
"/Engine/EngineMaterials/Substrate/Glints2/dict_0007_0053" 7530
"/Engine/EngineMaterials/Substrate/Glints2/dict_0007_0038" 7531
"/Engine/EngineMaterials/Substrate/Glints2/dict_0007_0039" 7532
"/Engine/EngineMaterials/Substrate/Glints2/dict_0007_0023" 7533
"../../../Engine/Content/EngineMaterials/Substrate/Glints2/dict_0007_0022.uasset" 7534
"/Engine/EngineMaterials/Substrate/Glints2/dict_0007_0024" 7535
"/Engine/EngineMaterials/Substrate/Glints2/dict_0007_0025" 7536
"../../../Engine/Content/EngineMaterials/Substrate/Glints2/dict_0007_0021.uasset" 7537
"/Engine/EngineMaterials/Substrate/Glints2/dict_0007_0026" 7538
"../../../Engine/Content/EngineMaterials/Substrate/Glints2/dict_0007_0020.uasset" 7539
"../../../Engine/Content/EngineMaterials/Substrate/Glints2/dict_0007_0019.uasset" 7540
"../../../Engine/Content/EngineMaterials/Substrate/Glints2/dict_0007_0018.uasset" 7541
"../../../Engine/Content/EngineMaterials/Substrate/Glints2/dict_0007_0017.uasset" 7542
"../../../Engine/Content/EngineMaterials/Substrate/Glints2/dict_0007_0015.uasset" 7543
"../../../Engine/Content/EngineMaterials/Substrate/Glints2/dict_0007_0014.uasset" 7544
"../../../Engine/Content/EngineMaterials/Substrate/Glints2/dict_0007_0013.uasset" 7545
"../../../Engine/Content/EngineMaterials/Substrate/Glints2/dict_0007_0012.uasset" 7546
"../../../Engine/Content/EngineMaterials/Substrate/Glints2/dict_0007_0011.uasset" 7547
"/Engine/EngineMaterials/Substrate/Glints2/dict_0007_0054" 7548
"../../../Engine/Content/EngineMaterials/Substrate/Glints2/dict_0007_0010.uasset" 7549
"../../../Engine/Content/EngineMaterials/Substrate/Glints2/dict_0007_0009.uasset" 7550
"../../../Engine/Content/EngineMaterials/Substrate/Glints2/dict_0007_0008.uasset" 7551
"../../../Engine/Content/EngineMaterials/Substrate/Glints2/dict_0007_0007.uasset" 7552
"../../../Engine/Content/EngineMaterials/Substrate/Glints2/dict_0007_0016.uasset" 7553
"/Engine/EngineMaterials/Substrate/Glints2/dict_0007_0027" 7554
"/Engine/EngineMaterials/Substrate/Glints2/dict_0007_0028" 7555
"/Engine/EngineMaterials/Substrate/Glints2/dict_0007_0029" 7556
"/Engine/EngineMaterials/Substrate/Glints2/dict_0007_0030" 7557
"/Engine/EngineMaterials/Substrate/Glints2/dict_0007_0031" 7558
"/Engine/EngineMaterials/Substrate/Glints2/dict_0007_0032" 7559
"/Engine/EngineMaterials/Substrate/Glints2/dict_0007_0033" 7560
"/Engine/EngineMaterials/Substrate/Glints2/dict_0007_0034" 7561
"/Engine/EngineMaterials/Substrate/Glints2/dict_0007_0035" 7562
"/Engine/EngineMaterials/Substrate/Glints2/dict_0007_0036" 7563
"/Engine/EngineMaterials/Substrate/Glints2/dict_0007_0037" 7564
"/Engine/EngineMaterials/Substrate/Glints2/dict_0007_0007" 7565
"../../../Engine/Content/EngineMaterials/Substrate/Glints2/dict_0007_0006.uasset" 7566
"../../../Engine/Content/EngineMaterials/Substrate/Glints2/dict_0007_0005.uasset" 7567
"../../../Engine/Content/EngineMaterials/Substrate/Glints2/dict_0007_0004.uasset" 7568
"../../../Engine/Content/EngineMaterials/Substrate/Glints2/dict_0007_0003.uasset" 7569
"../../../Engine/Content/EngineMaterials/Substrate/Glints2/dict_0007_0002.uasset" 7570
"../../../Engine/Content/EngineMaterials/Substrate/Glints2/dict_0007_0001.uasset" 7571
"../../../Engine/Content/EngineMaterials/Substrate/Glints2/dict_0007_0000.uasset" 7572
"../../../Engine/Content/EngineMaterials/Substrate/Glints2/dict_0006_0255.uasset" 7573
"/Engine/EngineMaterials/Substrate/Glints2/dict_0007_0008" 7574
"../../../Engine/Content/EngineMaterials/Substrate/Glints2/dict_0006_0254.uasset" 7575
"../../../Engine/Content/EngineMaterials/Substrate/Glints2/dict_0006_0253.uasset" 7576
"../../../Engine/Content/EngineMaterials/Substrate/Glints2/dict_0006_0252.uasset" 7577
"/Engine/EngineMaterials/Substrate/Glints2/dict_0007_0009" 7578
"/Engine/EngineMaterials/Substrate/Glints2/dict_0007_0010" 7579
"../../../Engine/Content/EngineMaterials/Substrate/Glints2/dict_0006_0251.uasset" 7580
"../../../Engine/Content/EngineMaterials/Substrate/Glints2/dict_0006_0250.uasset" 7581
"../../../Engine/Content/EngineMaterials/Substrate/Glints2/dict_0006_0249.uasset" 7582
"../../../Engine/Content/EngineMaterials/Substrate/Glints2/dict_0006_0248.uasset" 7583
"../../../Engine/Content/EngineMaterials/Substrate/Glints2/dict_0006_0247.uasset" 7584
"/Engine/EngineMaterials/Substrate/Glints2/dict_0007_0011" 7585
"/Engine/EngineMaterials/Substrate/Glints2/dict_0007_0012" 7586
"/Engine/EngineMaterials/Substrate/Glints2/dict_0007_0013" 7587
"/Engine/EngineMaterials/Substrate/Glints2/dict_0007_0014" 7588
"/Engine/EngineMaterials/Substrate/Glints2/dict_0007_0015" 7589
"/Engine/EngineMaterials/Substrate/Glints2/dict_0007_0016" 7590
"/Engine/EngineMaterials/Substrate/Glints2/dict_0007_0017" 7591
"/Engine/EngineMaterials/Substrate/Glints2/dict_0007_0018" 7592
"/Engine/EngineMaterials/Substrate/Glints2/dict_0007_0019" 7593
"/Engine/EngineMaterials/Substrate/Glints2/dict_0007_0020" 7594
"/Engine/EngineMaterials/Substrate/Glints2/dict_0007_0021" 7595
"/Engine/EngineMaterials/Substrate/Glints2/dict_0007_0022" 7596
"../../../Engine/Content/EngineMaterials/Substrate/Glints2/dict_0006_0245.uasset" 7597
"../../../Engine/Content/EngineMaterials/Substrate/Glints2/dict_0006_0246.uasset" 7598
"/Engine/EngineMaterials/Substrate/Glints2/dict_0006_0247" 7599
"../../../Engine/Content/EngineMaterials/Substrate/Glints2/dict_0006_0244.uasset" 7600
"../../../Engine/Content/EngineMaterials/Substrate/Glints2/dict_0006_0243.uasset" 7601
"/Engine/EngineMaterials/Substrate/Glints2/dict_0006_0248" 7602
"../../../Engine/Content/EngineMaterials/Substrate/Glints2/dict_0006_0242.uasset" 7603
"../../../Engine/Content/EngineMaterials/Substrate/Glints2/dict_0006_0241.uasset" 7604
"../../../Engine/Content/EngineMaterials/Substrate/Glints2/dict_0006_0240.uasset" 7605
"../../../Engine/Content/EngineMaterials/Substrate/Glints2/dict_0006_0239.uasset" 7606
"../../../Engine/Content/EngineMaterials/Substrate/Glints2/dict_0006_0238.uasset" 7607
"../../../Engine/Content/EngineMaterials/Substrate/Glints2/dict_0006_0237.uasset" 7608
"/Engine/EngineMaterials/Substrate/Glints2/dict_0006_0249" 7609
"../../../Engine/Content/EngineMaterials/Substrate/Glints2/dict_0006_0236.uasset" 7610
"../../../Engine/Content/EngineMaterials/Substrate/Glints2/dict_0006_0235.uasset" 7611
"../../../Engine/Content/EngineMaterials/Substrate/Glints2/dict_0006_0234.uasset" 7612
"../../../Engine/Content/EngineMaterials/Substrate/Glints2/dict_0006_0233.uasset" 7613
"../../../Engine/Content/EngineMaterials/Substrate/Glints2/dict_0006_0232.uasset" 7614
"../../../Engine/Content/EngineMaterials/Substrate/Glints2/dict_0006_0231.uasset" 7615
"/Engine/EngineMaterials/Substrate/Glints2/dict_0006_0250" 7616
"/Engine/EngineMaterials/Substrate/Glints2/dict_0006_0251" 7617
"/Engine/EngineMaterials/Substrate/Glints2/dict_0006_0252" 7618
"/Engine/EngineMaterials/Substrate/Glints2/dict_0006_0253" 7619
"/Engine/EngineMaterials/Substrate/Glints2/dict_0006_0254" 7620
"/Engine/EngineMaterials/Substrate/Glints2/dict_0006_0255" 7621
"/Engine/EngineMaterials/Substrate/Glints2/dict_0007_0000" 7622
"/Engine/EngineMaterials/Substrate/Glints2/dict_0007_0001" 7623
"/Engine/EngineMaterials/Substrate/Glints2/dict_0007_0002" 7624
"/Engine/EngineMaterials/Substrate/Glints2/dict_0007_0003" 7625
"/Engine/EngineMaterials/Substrate/Glints2/dict_0007_0004" 7626
"/Engine/EngineMaterials/Substrate/Glints2/dict_0007_0005" 7627
"/Engine/EngineMaterials/Substrate/Glints2/dict_0007_0006" 7628
"/Engine/EngineMaterials/Substrate/Glints2/dict_0006_0231" 7629
"../../../Engine/Content/EngineMaterials/Substrate/Glints2/dict_0006_0230.uasset" 7630
"../../../Engine/Content/EngineMaterials/Substrate/Glints2/dict_0006_0229.uasset" 7631
"../../../Engine/Content/EngineMaterials/Substrate/Glints2/dict_0006_0228.uasset" 7632
"/Engine/EngineMaterials/Substrate/Glints2/dict_0006_0232" 7633
"../../../Engine/Content/EngineMaterials/Substrate/Glints2/dict_0006_0227.uasset" 7634
"../../../Engine/Content/EngineMaterials/Substrate/Glints2/dict_0006_0226.uasset" 7635
"../../../Engine/Content/EngineMaterials/Substrate/Glints2/dict_0006_0225.uasset" 7636
"../../../Engine/Content/EngineMaterials/Substrate/Glints2/dict_0006_0224.uasset" 7637
"../../../Engine/Content/EngineMaterials/Substrate/Glints2/dict_0006_0223.uasset" 7638
"../../../Engine/Content/EngineMaterials/Substrate/Glints2/dict_0006_0222.uasset" 7639
"/Engine/EngineMaterials/Substrate/Glints2/dict_0006_0233" 7640
"../../../Engine/Content/EngineMaterials/Substrate/Glints2/dict_0006_0221.uasset" 7641
"../../../Engine/Content/EngineMaterials/Substrate/Glints2/dict_0006_0220.uasset" 7642
"../../../Engine/Content/EngineMaterials/Substrate/Glints2/dict_0006_0219.uasset" 7643
"../../../Engine/Content/EngineMaterials/Substrate/Glints2/dict_0006_0217.uasset" 7644
"../../../Engine/Content/EngineMaterials/Substrate/Glints2/dict_0006_0216.uasset" 7645
"../../../Engine/Content/EngineMaterials/Substrate/Glints2/dict_0006_0215.uasset" 7646
"../../../Engine/Content/EngineMaterials/Substrate/Glints2/dict_0006_0218.uasset" 7647
"/Engine/EngineMaterials/Substrate/Glints2/dict_0006_0234" 7648
"/Engine/EngineMaterials/Substrate/Glints2/dict_0006_0235" 7649
"/Engine/EngineMaterials/Substrate/Glints2/dict_0006_0236" 7650
"/Engine/EngineMaterials/Substrate/Glints2/dict_0006_0237" 7651
"/Engine/EngineMaterials/Substrate/Glints2/dict_0006_0238" 7652
"/Engine/EngineMaterials/Substrate/Glints2/dict_0006_0239" 7653
"/Engine/EngineMaterials/Substrate/Glints2/dict_0006_0240" 7654
"/Engine/EngineMaterials/Substrate/Glints2/dict_0006_0241" 7655
"/Engine/EngineMaterials/Substrate/Glints2/dict_0006_0242" 7656
"/Engine/EngineMaterials/Substrate/Glints2/dict_0006_0243" 7657
"/Engine/EngineMaterials/Substrate/Glints2/dict_0006_0244" 7658
"/Engine/EngineMaterials/Substrate/Glints2/dict_0006_0245" 7659
"/Engine/EngineMaterials/Substrate/Glints2/dict_0006_0246" 7660
"/Engine/EngineMaterials/Substrate/Glints2/dict_0006_0215" 7661
"../../../Engine/Content/EngineMaterials/Substrate/Glints2/dict_0006_0214.uasset" 7662
"../../../Engine/Content/EngineMaterials/Substrate/Glints2/dict_0006_0213.uasset" 7663
"../../../Engine/Content/EngineMaterials/Substrate/Glints2/dict_0006_0212.uasset" 7664
"../../../Engine/Content/EngineMaterials/Substrate/Glints2/dict_0006_0211.uasset" 7665
"../../../Engine/Content/EngineMaterials/Substrate/Glints2/dict_0006_0210.uasset" 7666
"../../../Engine/Content/EngineMaterials/Substrate/Glints2/dict_0006_0208.uasset" 7667
"../../../Engine/Content/EngineMaterials/Substrate/Glints2/dict_0006_0207.uasset" 7668
"/Engine/EngineMaterials/Substrate/Glints2/dict_0006_0216" 7669
"../../../Engine/Content/EngineMaterials/Substrate/Glints2/dict_0006_0206.uasset" 7670
"../../../Engine/Content/EngineMaterials/Substrate/Glints2/dict_0006_0209.uasset" 7671
"../../../Engine/Content/EngineMaterials/Substrate/Glints2/dict_0006_0205.uasset" 7672
"../../../Engine/Content/EngineMaterials/Substrate/Glints2/dict_0006_0204.uasset" 7673
"../../../Engine/Content/EngineMaterials/Substrate/Glints2/dict_0006_0203.uasset" 7674
"../../../Engine/Content/EngineMaterials/Substrate/Glints2/dict_0006_0201.uasset" 7675
"../../../Engine/Content/EngineMaterials/Substrate/Glints2/dict_0006_0202.uasset" 7676
"../../../Engine/Content/EngineMaterials/Substrate/Glints2/dict_0006_0200.uasset" 7677
"../../../Engine/Content/EngineMaterials/Substrate/Glints2/dict_0006_0199.uasset" 7678
"/Engine/EngineMaterials/Substrate/Glints2/dict_0006_0217" 7679
"/Engine/EngineMaterials/Substrate/Glints2/dict_0006_0218" 7680
"/Engine/EngineMaterials/Substrate/Glints2/dict_0006_0219" 7681
"/Engine/EngineMaterials/Substrate/Glints2/dict_0006_0220" 7682
"/Engine/EngineMaterials/Substrate/Glints2/dict_0006_0221" 7683
"/Engine/EngineMaterials/Substrate/Glints2/dict_0006_0222" 7684
"/Engine/EngineMaterials/Substrate/Glints2/dict_0006_0223" 7685
"/Engine/EngineMaterials/Substrate/Glints2/dict_0006_0224" 7686
"/Engine/EngineMaterials/Substrate/Glints2/dict_0006_0225" 7687
"/Engine/EngineMaterials/Substrate/Glints2/dict_0006_0226" 7688
"/Engine/EngineMaterials/Substrate/Glints2/dict_0006_0227" 7689
"/Engine/EngineMaterials/Substrate/Glints2/dict_0006_0228" 7690
"/Engine/EngineMaterials/Substrate/Glints2/dict_0006_0229" 7691
"/Engine/EngineMaterials/Substrate/Glints2/dict_0006_0230" 7692
"/Engine/EngineMaterials/Substrate/Glints2/dict_0006_0199" 7693
"../../../Engine/Content/EngineMaterials/Substrate/Glints2/dict_0006_0198.uasset" 7694
"../../../Engine/Content/EngineMaterials/Substrate/Glints2/dict_0006_0197.uasset" 7695
"../../../Engine/Content/EngineMaterials/Substrate/Glints2/dict_0006_0196.uasset" 7696
"../../../Engine/Content/EngineMaterials/Substrate/Glints2/dict_0006_0195.uasset" 7697
"/Engine/EngineMaterials/Substrate/Glints2/dict_0006_0200" 7698
"../../../Engine/Content/EngineMaterials/Substrate/Glints2/dict_0006_0194.uasset" 7699
"../../../Engine/Content/EngineMaterials/Substrate/Glints2/dict_0006_0192.uasset" 7700
"../../../Engine/Content/EngineMaterials/Substrate/Glints2/dict_0006_0191.uasset" 7701
"../../../Engine/Content/EngineMaterials/Substrate/Glints2/dict_0006_0193.uasset" 7702
"../../../Engine/Content/EngineMaterials/Substrate/Glints2/dict_0006_0190.uasset" 7703
"../../../Engine/Content/EngineMaterials/Substrate/Glints2/dict_0006_0189.uasset" 7704
"../../../Engine/Content/EngineMaterials/Substrate/Glints2/dict_0006_0188.uasset" 7705
"../../../Engine/Content/EngineMaterials/Substrate/Glints2/dict_0006_0186.uasset" 7706
"../../../Engine/Content/EngineMaterials/Substrate/Glints2/dict_0006_0187.uasset" 7707
"/Engine/EngineMaterials/Substrate/Glints2/dict_0006_0201" 7708
"../../../Engine/Content/EngineMaterials/Substrate/Glints2/dict_0006_0185.uasset" 7709
"../../../Engine/Content/EngineMaterials/Substrate/Glints2/dict_0006_0184.uasset" 7710
"../../../Engine/Content/EngineMaterials/Substrate/Glints2/dict_0006_0183.uasset" 7711
"/Engine/EngineMaterials/Substrate/Glints2/dict_0006_0202" 7712
"/Engine/EngineMaterials/Substrate/Glints2/dict_0006_0203" 7713
"/Engine/EngineMaterials/Substrate/Glints2/dict_0006_0204" 7714
"/Engine/EngineMaterials/Substrate/Glints2/dict_0006_0205" 7715
"/Engine/EngineMaterials/Substrate/Glints2/dict_0006_0206" 7716
"/Engine/EngineMaterials/Substrate/Glints2/dict_0006_0207" 7717
"/Engine/EngineMaterials/Substrate/Glints2/dict_0006_0208" 7718
"/Engine/EngineMaterials/Substrate/Glints2/dict_0006_0209" 7719
"/Engine/EngineMaterials/Substrate/Glints2/dict_0006_0210" 7720
"/Engine/EngineMaterials/Substrate/Glints2/dict_0006_0211" 7721
"/Engine/EngineMaterials/Substrate/Glints2/dict_0006_0212" 7722
"/Engine/EngineMaterials/Substrate/Glints2/dict_0006_0213" 7723
"/Engine/EngineMaterials/Substrate/Glints2/dict_0006_0214" 7724
"/Engine/EngineMaterials/Substrate/Glints2/dict_0006_0183" 7725
"../../../Engine/Content/EngineMaterials/Substrate/Glints2/dict_0006_0181.uasset" 7726
"../../../Engine/Content/EngineMaterials/Substrate/Glints2/dict_0006_0182.uasset" 7727
"/Engine/EngineMaterials/Substrate/Glints2/dict_0006_0184" 7728
"../../../Engine/Content/EngineMaterials/Substrate/Glints2/dict_0006_0179.uasset" 7729
"../../../Engine/Content/EngineMaterials/Substrate/Glints2/dict_0006_0180.uasset" 7730
"../../../Engine/Content/EngineMaterials/Substrate/Glints2/dict_0006_0177.uasset" 7731
"../../../Engine/Content/EngineMaterials/Substrate/Glints2/dict_0006_0178.uasset" 7732
"../../../Engine/Content/EngineMaterials/Substrate/Glints2/dict_0006_0176.uasset" 7733
"/Engine/EngineMaterials/Substrate/Glints2/dict_0006_0185" 7734
"../../../Engine/Content/EngineMaterials/Substrate/Glints2/dict_0006_0175.uasset" 7735
"../../../Engine/Content/EngineMaterials/Substrate/Glints2/dict_0006_0174.uasset" 7736
"../../../Engine/Content/EngineMaterials/Substrate/Glints2/dict_0006_0173.uasset" 7737
"../../../Engine/Content/EngineMaterials/Substrate/Glints2/dict_0006_0172.uasset" 7738
"/Engine/EngineMaterials/Substrate/Glints2/dict_0006_0186" 7739
"../../../Engine/Content/EngineMaterials/Substrate/Glints2/dict_0006_0170.uasset" 7740
"../../../Engine/Content/EngineMaterials/Substrate/Glints2/dict_0006_0171.uasset" 7741
"../../../Engine/Content/EngineMaterials/Substrate/Glints2/dict_0006_0169.uasset" 7742
"../../../Engine/Content/EngineMaterials/Substrate/Glints2/dict_0006_0168.uasset" 7743
"../../../Engine/Content/EngineMaterials/Substrate/Glints2/dict_0006_0167.uasset" 7744
"/Engine/EngineMaterials/Substrate/Glints2/dict_0006_0187" 7745
"/Engine/EngineMaterials/Substrate/Glints2/dict_0006_0188" 7746
"/Engine/EngineMaterials/Substrate/Glints2/dict_0006_0189" 7747
"/Engine/EngineMaterials/Substrate/Glints2/dict_0006_0190" 7748
"/Engine/EngineMaterials/Substrate/Glints2/dict_0006_0191" 7749
"/Engine/EngineMaterials/Substrate/Glints2/dict_0006_0192" 7750
"/Engine/EngineMaterials/Substrate/Glints2/dict_0006_0193" 7751
"/Engine/EngineMaterials/Substrate/Glints2/dict_0006_0194" 7752
"/Engine/EngineMaterials/Substrate/Glints2/dict_0006_0195" 7753
"/Engine/EngineMaterials/Substrate/Glints2/dict_0006_0196" 7754
"/Engine/EngineMaterials/Substrate/Glints2/dict_0006_0197" 7755
"/Engine/EngineMaterials/Substrate/Glints2/dict_0006_0198" 7756
"../../../Engine/Content/EngineMaterials/Substrate/Glints2/dict_0006_0166.uasset" 7757
"../../../Engine/Content/EngineMaterials/Substrate/Glints2/dict_0006_0165.uasset" 7758
"/Engine/EngineMaterials/Substrate/Glints2/dict_0006_0167" 7759
"../../../Engine/Content/EngineMaterials/Substrate/Glints2/dict_0006_0163.uasset" 7760
"../../../Engine/Content/EngineMaterials/Substrate/Glints2/dict_0006_0164.uasset" 7761
"../../../Engine/Content/EngineMaterials/Substrate/Glints2/dict_0006_0162.uasset" 7762
"../../../Engine/Content/EngineMaterials/Substrate/Glints2/dict_0006_0160.uasset" 7763
"../../../Engine/Content/EngineMaterials/Substrate/Glints2/dict_0006_0159.uasset" 7764
"../../../Engine/Content/EngineMaterials/Substrate/Glints2/dict_0006_0158.uasset" 7765
"../../../Engine/Content/EngineMaterials/Substrate/Glints2/dict_0006_0157.uasset" 7766
"../../../Engine/Content/EngineMaterials/Substrate/Glints2/dict_0006_0156.uasset" 7767
"/Engine/EngineMaterials/Substrate/Glints2/dict_0006_0168" 7768
"../../../Engine/Content/EngineMaterials/Substrate/Glints2/dict_0006_0155.uasset" 7769
"../../../Engine/Content/EngineMaterials/Substrate/Glints2/dict_0006_0154.uasset" 7770
"../../../Engine/Content/EngineMaterials/Substrate/Glints2/dict_0006_0153.uasset" 7771
"../../../Engine/Content/EngineMaterials/Substrate/Glints2/dict_0006_0152.uasset" 7772
"../../../Engine/Content/EngineMaterials/Substrate/Glints2/dict_0006_0151.uasset" 7773
"../../../Engine/Content/EngineMaterials/Substrate/Glints2/dict_0006_0161.uasset" 7774
"/Engine/EngineMaterials/Substrate/Glints2/dict_0006_0169" 7775
"/Engine/EngineMaterials/Substrate/Glints2/dict_0006_0170" 7776
"/Engine/EngineMaterials/Substrate/Glints2/dict_0006_0171" 7777
"/Engine/EngineMaterials/Substrate/Glints2/dict_0006_0172" 7778
"/Engine/EngineMaterials/Substrate/Glints2/dict_0006_0173" 7779
"/Engine/EngineMaterials/Substrate/Glints2/dict_0006_0174" 7780
"/Engine/EngineMaterials/Substrate/Glints2/dict_0006_0175" 7781
"/Engine/EngineMaterials/Substrate/Glints2/dict_0006_0176" 7782
"/Engine/EngineMaterials/Substrate/Glints2/dict_0006_0177" 7783
"/Engine/EngineMaterials/Substrate/Glints2/dict_0006_0178" 7784
"/Engine/EngineMaterials/Substrate/Glints2/dict_0006_0179" 7785
"/Engine/EngineMaterials/Substrate/Glints2/dict_0006_0180" 7786
"/Engine/EngineMaterials/Substrate/Glints2/dict_0006_0181" 7787
"/Engine/EngineMaterials/Substrate/Glints2/dict_0006_0182" 7788
"/Engine/EngineMaterials/Substrate/Glints2/dict_0006_0151" 7789
"/Engine/EngineMaterials/Substrate/Glints2/dict_0006_0152" 7790
"/Engine/EngineMaterials/Substrate/Glints2/dict_0006_0153" 7791
"/Engine/EngineMaterials/Substrate/Glints2/dict_0006_0154" 7792
"../../../Engine/Content/EngineMaterials/Substrate/Glints2/dict_0006_0150.uasset" 7793
"/Engine/EngineMaterials/Substrate/Glints2/dict_0006_0155" 7794
"/Engine/EngineMaterials/Substrate/Glints2/dict_0006_0156" 7795
"../../../Engine/Content/EngineMaterials/Substrate/Glints2/dict_0006_0149.uasset" 7796
"../../../Engine/Content/EngineMaterials/Substrate/Glints2/dict_0006_0148.uasset" 7797
"/Engine/EngineMaterials/Substrate/Glints2/dict_0006_0157" 7798
"../../../Engine/Content/EngineMaterials/Substrate/Glints2/dict_0006_0146.uasset" 7799
"../../../Engine/Content/EngineMaterials/Substrate/Glints2/dict_0006_0145.uasset" 7800
"../../../Engine/Content/EngineMaterials/Substrate/Glints2/dict_0006_0144.uasset" 7801
"/Engine/EngineMaterials/Substrate/Glints2/dict_0006_0158" 7802
"../../../Engine/Content/EngineMaterials/Substrate/Glints2/dict_0006_0143.uasset" 7803
"../../../Engine/Content/EngineMaterials/Substrate/Glints2/dict_0006_0142.uasset" 7804
"../../../Engine/Content/EngineMaterials/Substrate/Glints2/dict_0006_0141.uasset" 7805
"../../../Engine/Content/EngineMaterials/Substrate/Glints2/dict_0006_0140.uasset" 7806
"../../../Engine/Content/EngineMaterials/Substrate/Glints2/dict_0006_0139.uasset" 7807
"../../../Engine/Content/EngineMaterials/Substrate/Glints2/dict_0006_0138.uasset" 7808
"../../../Engine/Content/EngineMaterials/Substrate/Glints2/dict_0006_0137.uasset" 7809
"../../../Engine/Content/EngineMaterials/Substrate/Glints2/dict_0006_0136.uasset" 7810
"../../../Engine/Content/EngineMaterials/Substrate/Glints2/dict_0006_0135.uasset" 7811
"/Engine/EngineMaterials/Substrate/Glints2/dict_0006_0159" 7812
"/Engine/EngineMaterials/Substrate/Glints2/dict_0006_0160" 7813
"/Engine/EngineMaterials/Substrate/Glints2/dict_0006_0161" 7814
"/Engine/EngineMaterials/Substrate/Glints2/dict_0006_0162" 7815
"/Engine/EngineMaterials/Substrate/Glints2/dict_0006_0163" 7816
"/Engine/EngineMaterials/Substrate/Glints2/dict_0006_0164" 7817
"/Engine/EngineMaterials/Substrate/Glints2/dict_0006_0165" 7818
"/Engine/EngineMaterials/Substrate/Glints2/dict_0006_0166" 7819
"../../../Engine/Content/EngineMaterials/Substrate/Glints2/dict_0006_0134.uasset" 7820
"/Engine/EngineMaterials/Substrate/Glints2/dict_0006_0135" 7821
"../../../Engine/Content/EngineMaterials/Substrate/Glints2/dict_0006_0133.uasset" 7822
"../../../Engine/Content/EngineMaterials/Substrate/Glints2/dict_0006_0132.uasset" 7823
"../../../Engine/Content/EngineMaterials/Substrate/Glints2/dict_0006_0131.uasset" 7824
"../../../Engine/Content/EngineMaterials/Substrate/Glints2/dict_0006_0130.uasset" 7825
"/Engine/EngineMaterials/Substrate/Glints2/dict_0006_0136" 7826
"../../../Engine/Content/EngineMaterials/Substrate/Glints2/dict_0006_0129.uasset" 7827
"../../../Engine/Content/EngineMaterials/Substrate/Glints2/dict_0006_0128.uasset" 7828
"../../../Engine/Content/EngineMaterials/Substrate/Glints2/dict_0006_0127.uasset" 7829
"../../../Engine/Content/EngineMaterials/Substrate/Glints2/dict_0006_0126.uasset" 7830
"../../../Engine/Content/EngineMaterials/Substrate/Glints2/dict_0006_0125.uasset" 7831
"/Engine/EngineMaterials/Substrate/Glints2/dict_0006_0137" 7832
"../../../Engine/Content/EngineMaterials/Substrate/Glints2/dict_0006_0124.uasset" 7833
"../../../Engine/Content/EngineMaterials/Substrate/Glints2/dict_0006_0123.uasset" 7834
"../../../Engine/Content/EngineMaterials/Substrate/Glints2/dict_0006_0122.uasset" 7835
"/Engine/EngineMaterials/Substrate/Glints2/dict_0006_0138" 7836
"../../../Engine/Content/EngineMaterials/Substrate/Glints2/dict_0006_0121.uasset" 7837
"../../../Engine/Content/EngineMaterials/Substrate/Glints2/dict_0006_0120.uasset" 7838
"../../../Engine/Content/EngineMaterials/Substrate/Glints2/dict_0006_0119.uasset" 7839
"/Engine/EngineMaterials/Substrate/Glints2/dict_0006_0139" 7840
"../../../Engine/Content/EngineMaterials/Substrate/Glints2/dict_0006_0147.uasset" 7841
"/Engine/EngineMaterials/Substrate/Glints2/dict_0006_0140" 7842
"/Engine/EngineMaterials/Substrate/Glints2/dict_0006_0141" 7843
"/Engine/EngineMaterials/Substrate/Glints2/dict_0006_0142" 7844
"/Engine/EngineMaterials/Substrate/Glints2/dict_0006_0143" 7845
"/Engine/EngineMaterials/Substrate/Glints2/dict_0006_0144" 7846
"/Engine/EngineMaterials/Substrate/Glints2/dict_0006_0145" 7847
"/Engine/EngineMaterials/Substrate/Glints2/dict_0006_0146" 7848
"/Engine/EngineMaterials/Substrate/Glints2/dict_0006_0148" 7849
"/Engine/EngineMaterials/Substrate/Glints2/dict_0006_0149" 7850
"/Engine/EngineMaterials/Substrate/Glints2/dict_0006_0150" 7851
"/Engine/EngineMaterials/Substrate/Glints2/dict_0006_0119" 7852
"/Engine/EngineMaterials/Substrate/Glints2/dict_0006_0120" 7853
"../../../Engine/Content/EngineMaterials/Substrate/Glints2/dict_0006_0118.uasset" 7854
"../../../Engine/Content/EngineMaterials/Substrate/Glints2/dict_0006_0117.uasset" 7855
"/Engine/EngineMaterials/Substrate/Glints2/dict_0006_0121" 7856
"../../../Engine/Content/EngineMaterials/Substrate/Glints2/dict_0006_0116.uasset" 7857
"../../../Engine/Content/EngineMaterials/Substrate/Glints2/dict_0006_0115.uasset" 7858
"../../../Engine/Content/EngineMaterials/Substrate/Glints2/dict_0006_0114.uasset" 7859
"/Engine/EngineMaterials/Substrate/Glints2/dict_0006_0122" 7860
"../../../Engine/Content/EngineMaterials/Substrate/Glints2/dict_0006_0113.uasset" 7861
"../../../Engine/Content/EngineMaterials/Substrate/Glints2/dict_0006_0112.uasset" 7862
"/Engine/EngineMaterials/Substrate/Glints2/dict_0006_0147" 7863
"../../../Engine/Content/EngineMaterials/Substrate/Glints2/dict_0006_0111.uasset" 7864
"/Engine/EngineMaterials/Substrate/Glints2/dict_0006_0123" 7865
"../../../Engine/Content/EngineMaterials/Substrate/Glints2/dict_0006_0110.uasset" 7866
"../../../Engine/Content/EngineMaterials/Substrate/Glints2/dict_0006_0108.uasset" 7867
"../../../Engine/Content/EngineMaterials/Substrate/Glints2/dict_0006_0107.uasset" 7868
"/Engine/EngineMaterials/Substrate/Glints2/dict_0006_0124" 7869
"../../../Engine/Content/EngineMaterials/Substrate/Glints2/dict_0006_0106.uasset" 7870
"/Engine/EngineMaterials/Substrate/Glints2/dict_0006_0125" 7871
"../../../Engine/Content/EngineMaterials/Substrate/Glints2/dict_0006_0105.uasset" 7872
"../../../Engine/Content/EngineMaterials/Substrate/Glints2/dict_0006_0104.uasset" 7873
"/Engine/EngineMaterials/Substrate/Glints2/dict_0006_0126" 7874
"../../../Engine/Content/EngineMaterials/Substrate/Glints2/dict_0006_0109.uasset" 7875
"/Engine/EngineMaterials/Substrate/Glints2/dict_0006_0127" 7876
"/Engine/EngineMaterials/Substrate/Glints2/dict_0006_0128" 7877
"/Engine/EngineMaterials/Substrate/Glints2/dict_0006_0129" 7878
"/Engine/EngineMaterials/Substrate/Glints2/dict_0006_0130" 7879
"/Engine/EngineMaterials/Substrate/Glints2/dict_0006_0131" 7880
"/Engine/EngineMaterials/Substrate/Glints2/dict_0006_0132" 7881
"/Engine/EngineMaterials/Substrate/Glints2/dict_0006_0133" 7882
"/Engine/EngineMaterials/Substrate/Glints2/dict_0006_0134" 7883
"/Engine/EngineMaterials/Substrate/Glints2/dict_0006_0104" 7884
"../../../Engine/Content/EngineMaterials/Substrate/Glints2/dict_0006_0103.uasset" 7885
"../../../Engine/Content/EngineMaterials/Substrate/Glints2/dict_0006_0102.uasset" 7886
"../../../Engine/Content/EngineMaterials/Substrate/Glints2/dict_0006_0101.uasset" 7887
"../../../Engine/Content/EngineMaterials/Substrate/Glints2/dict_0006_0100.uasset" 7888
"../../../Engine/Content/EngineMaterials/Substrate/Glints2/dict_0006_0099.uasset" 7889
"../../../Engine/Content/EngineMaterials/Substrate/Glints2/dict_0006_0098.uasset" 7890
"../../../Engine/Content/EngineMaterials/Substrate/Glints2/dict_0006_0097.uasset" 7891
"../../../Engine/Content/EngineMaterials/Substrate/Glints2/dict_0006_0096.uasset" 7892
"../../../Engine/Content/EngineMaterials/Substrate/Glints2/dict_0006_0095.uasset" 7893
"../../../Engine/Content/EngineMaterials/Substrate/Glints2/dict_0006_0094.uasset" 7894
"../../../Engine/Content/EngineMaterials/Substrate/Glints2/dict_0006_0092.uasset" 7895
"../../../Engine/Content/EngineMaterials/Substrate/Glints2/dict_0006_0091.uasset" 7896
"/Engine/EngineMaterials/Substrate/Glints2/dict_0006_0105" 7897
"../../../Engine/Content/EngineMaterials/Substrate/Glints2/dict_0006_0090.uasset" 7898
"../../../Engine/Content/EngineMaterials/Substrate/Glints2/dict_0006_0089.uasset" 7899
"../../../Engine/Content/EngineMaterials/Substrate/Glints2/dict_0006_0088.uasset" 7900
"../../../Engine/Content/EngineMaterials/Substrate/Glints2/dict_0006_0087.uasset" 7901
"/Engine/EngineMaterials/Substrate/Glints2/dict_0006_0106" 7902
"../../../Engine/Content/EngineMaterials/Substrate/Glints2/dict_0006_0093.uasset" 7903
"/Engine/EngineMaterials/Substrate/Glints2/dict_0006_0107" 7904
"/Engine/EngineMaterials/Substrate/Glints2/dict_0006_0108" 7905
"/Engine/EngineMaterials/Substrate/Glints2/dict_0006_0109" 7906
"/Engine/EngineMaterials/Substrate/Glints2/dict_0006_0110" 7907
"/Engine/EngineMaterials/Substrate/Glints2/dict_0006_0111" 7908
"/Engine/EngineMaterials/Substrate/Glints2/dict_0006_0112" 7909
"/Engine/EngineMaterials/Substrate/Glints2/dict_0006_0113" 7910
"/Engine/EngineMaterials/Substrate/Glints2/dict_0006_0114" 7911
"/Engine/EngineMaterials/Substrate/Glints2/dict_0006_0115" 7912
"/Engine/EngineMaterials/Substrate/Glints2/dict_0006_0116" 7913
"/Engine/EngineMaterials/Substrate/Glints2/dict_0006_0117" 7914
"/Engine/EngineMaterials/Substrate/Glints2/dict_0006_0118" 7915
"/Engine/EngineMaterials/Substrate/Glints2/dict_0006_0087" 7916
"../../../Engine/Content/EngineMaterials/Substrate/Glints2/dict_0006_0086.uasset" 7917
"/Engine/EngineMaterials/Substrate/Glints2/dict_0006_0088" 7918
"/Engine/EngineMaterials/Substrate/Glints2/dict_0006_0089" 7919
"/Engine/EngineMaterials/Substrate/Glints2/dict_0006_0090" 7920
"../../../Engine/Content/EngineMaterials/Substrate/Glints2/dict_0006_0084.uasset" 7921
"/Engine/EngineMaterials/Substrate/Glints2/dict_0006_0091" 7922
"../../../Engine/Content/EngineMaterials/Substrate/Glints2/dict_0006_0085.uasset" 7923
"../../../Engine/Content/EngineMaterials/Substrate/Glints2/dict_0006_0082.uasset" 7924
"../../../Engine/Content/EngineMaterials/Substrate/Glints2/dict_0006_0081.uasset" 7925
"/Engine/EngineMaterials/Substrate/Glints2/dict_0006_0092" 7926
"../../../Engine/Content/EngineMaterials/Substrate/Glints2/dict_0006_0080.uasset" 7927
"../../../Engine/Content/EngineMaterials/Substrate/Glints2/dict_0006_0079.uasset" 7928
"../../../Engine/Content/EngineMaterials/Substrate/Glints2/dict_0006_0078.uasset" 7929
"../../../Engine/Content/EngineMaterials/Substrate/Glints2/dict_0006_0083.uasset" 7930
"/Engine/EngineMaterials/Substrate/Glints2/dict_0006_0093" 7931
"../../../Engine/Content/EngineMaterials/Substrate/Glints2/dict_0006_0077.uasset" 7932
"../../../Engine/Content/EngineMaterials/Substrate/Glints2/dict_0006_0076.uasset" 7933
"../../../Engine/Content/EngineMaterials/Substrate/Glints2/dict_0006_0075.uasset" 7934
"../../../Engine/Content/EngineMaterials/Substrate/Glints2/dict_0006_0074.uasset" 7935
"../../../Engine/Content/EngineMaterials/Substrate/Glints2/dict_0006_0073.uasset" 7936
"/Engine/EngineMaterials/Substrate/Glints2/dict_0006_0094" 7937
"../../../Engine/Content/EngineMaterials/Substrate/Glints2/dict_0006_0072.uasset" 7938
"/Engine/EngineMaterials/Substrate/Glints2/dict_0006_0095" 7939
"/Engine/EngineMaterials/Substrate/Glints2/dict_0006_0096" 7940
"/Engine/EngineMaterials/Substrate/Glints2/dict_0006_0097" 7941
"/Engine/EngineMaterials/Substrate/Glints2/dict_0006_0098" 7942
"/Engine/EngineMaterials/Substrate/Glints2/dict_0006_0099" 7943
"/Engine/EngineMaterials/Substrate/Glints2/dict_0006_0100" 7944
"/Engine/EngineMaterials/Substrate/Glints2/dict_0006_0101" 7945
"/Engine/EngineMaterials/Substrate/Glints2/dict_0006_0102" 7946
"/Engine/EngineMaterials/Substrate/Glints2/dict_0006_0103" 7947
"../../../Engine/Content/EngineMaterials/Substrate/Glints2/dict_0006_0070.uasset" 7948
"../../../Engine/Content/EngineMaterials/Substrate/Glints2/dict_0006_0071.uasset" 7949
"../../../Engine/Content/EngineMaterials/Substrate/Glints2/dict_0006_0069.uasset" 7950
"/Engine/EngineMaterials/Substrate/Glints2/dict_0006_0072" 7951
"../../../Engine/Content/EngineMaterials/Substrate/Glints2/dict_0006_0067.uasset" 7952
"../../../Engine/Content/EngineMaterials/Substrate/Glints2/dict_0006_0068.uasset" 7953
"../../../Engine/Content/EngineMaterials/Substrate/Glints2/dict_0006_0066.uasset" 7954
"../../../Engine/Content/EngineMaterials/Substrate/Glints2/dict_0006_0065.uasset" 7955
"../../../Engine/Content/EngineMaterials/Substrate/Glints2/dict_0006_0063.uasset" 7956
"../../../Engine/Content/EngineMaterials/Substrate/Glints2/dict_0006_0064.uasset" 7957
"../../../Engine/Content/EngineMaterials/Substrate/Glints2/dict_0006_0062.uasset" 7958
"../../../Engine/Content/EngineMaterials/Substrate/Glints2/dict_0006_0061.uasset" 7959
"/Engine/EngineMaterials/Substrate/Glints2/dict_0006_0073" 7960
"../../../Engine/Content/EngineMaterials/Substrate/Glints2/dict_0006_0060.uasset" 7961
"../../../Engine/Content/EngineMaterials/Substrate/Glints2/dict_0006_0059.uasset" 7962
"../../../Engine/Content/EngineMaterials/Substrate/Glints2/dict_0006_0058.uasset" 7963
"../../../Engine/Content/EngineMaterials/Substrate/Glints2/dict_0006_0056.uasset" 7964
"../../../Engine/Content/EngineMaterials/Substrate/Glints2/dict_0006_0057.uasset" 7965
"../../../Engine/Content/EngineMaterials/Substrate/Glints2/dict_0006_0055.uasset" 7966
"/Engine/EngineMaterials/Substrate/Glints2/dict_0006_0074" 7967
"/Engine/EngineMaterials/Substrate/Glints2/dict_0006_0075" 7968
"/Engine/EngineMaterials/Substrate/Glints2/dict_0006_0076" 7969
"/Engine/EngineMaterials/Substrate/Glints2/dict_0006_0077" 7970
"/Engine/EngineMaterials/Substrate/Glints2/dict_0006_0078" 7971
"/Engine/EngineMaterials/Substrate/Glints2/dict_0006_0079" 7972
"/Engine/EngineMaterials/Substrate/Glints2/dict_0006_0080" 7973
"/Engine/EngineMaterials/Substrate/Glints2/dict_0006_0081" 7974
"/Engine/EngineMaterials/Substrate/Glints2/dict_0006_0082" 7975
"/Engine/EngineMaterials/Substrate/Glints2/dict_0006_0083" 7976
"/Engine/EngineMaterials/Substrate/Glints2/dict_0006_0084" 7977
"/Engine/EngineMaterials/Substrate/Glints2/dict_0006_0069" 7978
"/Engine/EngineMaterials/Substrate/Glints2/dict_0006_0070" 7979
"/Engine/EngineMaterials/Substrate/Glints2/dict_0006_0071" 7980
"/Engine/EngineMaterials/Substrate/Glints2/dict_0006_0085" 7981
"/Engine/EngineMaterials/Substrate/Glints2/dict_0006_0086" 7982
"../../../Engine/Content/EngineMaterials/Substrate/Glints2/dict_0006_0054.uasset" 7983
"../../../Engine/Content/EngineMaterials/Substrate/Glints2/dict_0006_0053.uasset" 7984
"../../../Engine/Content/EngineMaterials/Substrate/Glints2/dict_0006_0052.uasset" 7985
"/Engine/EngineMaterials/Substrate/Glints2/dict_0006_0055" 7986
"../../../Engine/Content/EngineMaterials/Substrate/Glints2/dict_0006_0051.uasset" 7987
"../../../Engine/Content/EngineMaterials/Substrate/Glints2/dict_0006_0050.uasset" 7988
"/Engine/EngineMaterials/Substrate/Glints2/dict_0006_0056" 7989
"../../../Engine/Content/EngineMaterials/Substrate/Glints2/dict_0006_0049.uasset" 7990
"/Engine/EngineMaterials/Substrate/Glints2/dict_0006_0057" 7991
"../../../Engine/Content/EngineMaterials/Substrate/Glints2/dict_0006_0048.uasset" 7992
"../../../Engine/Content/EngineMaterials/Substrate/Glints2/dict_0006_0047.uasset" 7993
"../../../Engine/Content/EngineMaterials/Substrate/Glints2/dict_0006_0045.uasset" 7994
"../../../Engine/Content/EngineMaterials/Substrate/Glints2/dict_0006_0046.uasset" 7995
"../../../Engine/Content/EngineMaterials/Substrate/Glints2/dict_0006_0044.uasset" 7996
"../../../Engine/Content/EngineMaterials/Substrate/Glints2/dict_0006_0043.uasset" 7997
"../../../Engine/Content/EngineMaterials/Substrate/Glints2/dict_0006_0042.uasset" 7998
"../../../Engine/Content/EngineMaterials/Substrate/Glints2/dict_0006_0040.uasset" 7999
"../../../Engine/Content/EngineMaterials/Substrate/Glints2/dict_0006_0039.uasset" 8000
"/Engine/EngineMaterials/Substrate/Glints2/dict_0006_0058" 8001
"../../../Engine/Content/EngineMaterials/Substrate/Glints2/dict_0006_0038.uasset" 8002
"../../../Engine/Content/EngineMaterials/Substrate/Glints2/dict_0006_0037.uasset" 8003
"../../../Engine/Content/EngineMaterials/Substrate/Glints2/dict_0006_0041.uasset" 8004
"/Engine/EngineMaterials/Substrate/Glints2/dict_0006_0059" 8005
"/Engine/EngineMaterials/Substrate/Glints2/dict_0006_0060" 8006
"/Engine/EngineMaterials/Substrate/Glints2/dict_0006_0061" 8007
"/Engine/EngineMaterials/Substrate/Glints2/dict_0006_0062" 8008
"/Engine/EngineMaterials/Substrate/Glints2/dict_0006_0063" 8009
"/Engine/EngineMaterials/Substrate/Glints2/dict_0006_0064" 8010
"/Engine/EngineMaterials/Substrate/Glints2/dict_0006_0065" 8011
"/Engine/EngineMaterials/Substrate/Glints2/dict_0006_0066" 8012
"/Engine/EngineMaterials/Substrate/Glints2/dict_0006_0067" 8013
"/Engine/EngineMaterials/Substrate/Glints2/dict_0006_0068" 8014
"/Engine/EngineMaterials/Substrate/Glints2/dict_0006_0053" 8015
"/Engine/EngineMaterials/Substrate/Glints2/dict_0006_0054" 8016
"/Engine/EngineMaterials/Substrate/Glints2/dict_0006_0037" 8017
"/Engine/EngineMaterials/Substrate/Glints2/dict_0006_0038" 8018
"/Engine/EngineMaterials/Substrate/Glints2/dict_0006_0039" 8019
"/Engine/EngineMaterials/Substrate/Glints2/dict_0006_0040" 8020
"/Engine/EngineMaterials/Substrate/Glints2/dict_0006_0041" 8021
"/Engine/EngineMaterials/Substrate/Glints2/dict_0006_0042" 8022
"/Engine/EngineMaterials/Substrate/Glints2/dict_0006_0043" 8023
"../../../Engine/Content/EngineMaterials/Substrate/Glints2/dict_0006_0036.uasset" 8024
"/Engine/EngineMaterials/Substrate/Glints2/dict_0006_0044" 8025
"/Engine/EngineMaterials/Substrate/Glints2/dict_0006_0045" 8026
"/Engine/EngineMaterials/Substrate/Glints2/dict_0006_0046" 8027
"../../../Engine/Content/EngineMaterials/Substrate/Glints2/dict_0006_0034.uasset" 8028
"../../../Engine/Content/EngineMaterials/Substrate/Glints2/dict_0006_0035.uasset" 8029
"../../../Engine/Content/EngineMaterials/Substrate/Glints2/dict_0006_0032.uasset" 8030
"../../../Engine/Content/EngineMaterials/Substrate/Glints2/dict_0006_0031.uasset" 8031
"../../../Engine/Content/EngineMaterials/Substrate/Glints2/dict_0006_0030.uasset" 8032
"../../../Engine/Content/EngineMaterials/Substrate/Glints2/dict_0006_0029.uasset" 8033
"../../../Engine/Content/EngineMaterials/Substrate/Glints2/dict_0006_0028.uasset" 8034
"../../../Engine/Content/EngineMaterials/Substrate/Glints2/dict_0006_0027.uasset" 8035
"/Engine/EngineMaterials/Substrate/Glints2/dict_0006_0047" 8036
"../../../Engine/Content/EngineMaterials/Substrate/Glints2/dict_0006_0026.uasset" 8037
"/Engine/EngineMaterials/Substrate/Glints2/dict_0006_0048" 8038
"../../../Engine/Content/EngineMaterials/Substrate/Glints2/dict_0006_0025.uasset" 8039
"../../../Engine/Content/EngineMaterials/Substrate/Glints2/dict_0006_0024.uasset" 8040
"/Engine/EngineMaterials/Substrate/Glints2/dict_0006_0049" 8041
"../../../Engine/Content/EngineMaterials/Substrate/Glints2/dict_0006_0023.uasset" 8042
"../../../Engine/Content/EngineMaterials/Substrate/Glints2/dict_0006_0033.uasset" 8043
"../../../Engine/Content/EngineMaterials/Substrate/Glints2/dict_0006_0021.uasset" 8044
"../../../Engine/Content/EngineMaterials/Substrate/Glints2/dict_0006_0022.uasset" 8045
"/Engine/EngineMaterials/Substrate/Glints2/dict_0006_0050" 8046
"/Engine/EngineMaterials/Substrate/Glints2/dict_0006_0051" 8047
"/Engine/EngineMaterials/Substrate/Glints2/dict_0006_0052" 8048
"../../../Engine/Content/EngineMaterials/Substrate/Glints2/dict_0006_0020.uasset" 8049
"../../../Engine/Content/EngineMaterials/Substrate/Glints2/dict_0006_0019.uasset" 8050
"../../../Engine/Content/EngineMaterials/Substrate/Glints2/dict_0006_0017.uasset" 8051
"../../../Engine/Content/EngineMaterials/Substrate/Glints2/dict_0006_0018.uasset" 8052
"../../../Engine/Content/EngineMaterials/Substrate/Glints2/dict_0006_0016.uasset" 8053
"../../../Engine/Content/EngineMaterials/Substrate/Glints2/dict_0006_0015.uasset" 8054
"../../../Engine/Content/EngineMaterials/Substrate/Glints2/dict_0006_0014.uasset" 8055
"../../../Engine/Content/EngineMaterials/Substrate/Glints2/dict_0006_0013.uasset" 8056
"../../../Engine/Content/EngineMaterials/Substrate/Glints2/dict_0006_0011.uasset" 8057
"../../../Engine/Content/EngineMaterials/Substrate/Glints2/dict_0006_0012.uasset" 8058
"/Engine/EngineMaterials/Substrate/Glints2/dict_0006_0021" 8059
"../../../Engine/Content/EngineMaterials/Substrate/Glints2/dict_0006_0010.uasset" 8060
"../../../Engine/Content/EngineMaterials/Substrate/Glints2/dict_0006_0009.uasset" 8061
"../../../Engine/Content/EngineMaterials/Substrate/Glints2/dict_0006_0008.uasset" 8062
"../../../Engine/Content/EngineMaterials/Substrate/Glints2/dict_0006_0007.uasset" 8063
"../../../Engine/Content/EngineMaterials/Substrate/Glints2/dict_0006_0006.uasset" 8064
"../../../Engine/Content/EngineMaterials/Substrate/Glints2/dict_0006_0005.uasset" 8065
"/Engine/EngineMaterials/Substrate/Glints2/dict_0006_0022" 8066
"/Engine/EngineMaterials/Substrate/Glints2/dict_0006_0023" 8067
"/Engine/EngineMaterials/Substrate/Glints2/dict_0006_0024" 8068
"/Engine/EngineMaterials/Substrate/Glints2/dict_0006_0015" 8069
"/Engine/EngineMaterials/Substrate/Glints2/dict_0006_0016" 8070
"/Engine/EngineMaterials/Substrate/Glints2/dict_0006_0025" 8071
"/Engine/EngineMaterials/Substrate/Glints2/dict_0006_0017" 8072
"/Engine/EngineMaterials/Substrate/Glints2/dict_0006_0026" 8073
"/Engine/EngineMaterials/Substrate/Glints2/dict_0006_0027" 8074
"/Engine/EngineMaterials/Substrate/Glints2/dict_0006_0028" 8075
"/Engine/EngineMaterials/Substrate/Glints2/dict_0006_0029" 8076
"/Engine/EngineMaterials/Substrate/Glints2/dict_0006_0030" 8077
"/Engine/EngineMaterials/Substrate/Glints2/dict_0006_0031" 8078
"/Engine/EngineMaterials/Substrate/Glints2/dict_0006_0032" 8079
"/Engine/EngineMaterials/Substrate/Glints2/dict_0006_0033" 8080
"/Engine/EngineMaterials/Substrate/Glints2/dict_0006_0034" 8081
"/Engine/EngineMaterials/Substrate/Glints2/dict_0006_0018" 8082
"/Engine/EngineMaterials/Substrate/Glints2/dict_0006_0019" 8083
"/Engine/EngineMaterials/Substrate/Glints2/dict_0006_0020" 8084
"/Engine/EngineMaterials/Substrate/Glints2/dict_0006_0035" 8085
"/Engine/EngineMaterials/Substrate/Glints2/dict_0006_0036" 8086
"/Engine/EngineMaterials/Substrate/Glints2/dict_0006_0005" 8087
"../../../Engine/Content/EngineMaterials/Substrate/Glints2/dict_0006_0004.uasset" 8088
"../../../Engine/Content/EngineMaterials/Substrate/Glints2/dict_0006_0003.uasset" 8089
"/Engine/EngineMaterials/Substrate/Glints2/dict_0006_0006" 8090
"../../../Engine/Content/EngineMaterials/Substrate/Glints2/dict_0006_0002.uasset" 8091
"../../../Engine/Content/EngineMaterials/Substrate/Glints2/dict_0006_0001.uasset" 8092
"../../../Engine/Content/EngineMaterials/Substrate/Glints2/dict_0006_0000.uasset" 8093
"../../../Engine/Content/EngineMaterials/Substrate/Glints2/dict_0005_0255.uasset" 8094
"../../../Engine/Content/EngineMaterials/Substrate/Glints2/dict_0005_0254.uasset" 8095
"../../../Engine/Content/EngineMaterials/Substrate/Glints2/dict_0005_0253.uasset" 8096
"../../../Engine/Content/EngineMaterials/Substrate/Glints2/dict_0005_0252.uasset" 8097
"../../../Engine/Content/EngineMaterials/Substrate/Glints2/dict_0005_0251.uasset" 8098
"/Engine/EngineMaterials/Substrate/Glints2/dict_0006_0007" 8099
"../../../Engine/Content/EngineMaterials/Substrate/Glints2/dict_0005_0250.uasset" 8100
"../../../Engine/Content/EngineMaterials/Substrate/Glints2/dict_0005_0249.uasset" 8101
"../../../Engine/Content/EngineMaterials/Substrate/Glints2/dict_0005_0248.uasset" 8102
"../../../Engine/Content/EngineMaterials/Substrate/Glints2/dict_0005_0247.uasset" 8103
"../../../Engine/Content/EngineMaterials/Substrate/Glints2/dict_0005_0246.uasset" 8104
"/Engine/EngineMaterials/Substrate/Glints2/dict_0006_0008" 8105
"../../../Engine/Content/EngineMaterials/Substrate/Glints2/dict_0005_0245.uasset" 8106
"../../../Engine/Content/EngineMaterials/Substrate/Glints2/dict_0005_0244.uasset" 8107
"../../../Engine/Content/EngineMaterials/Substrate/Glints2/dict_0005_0243.uasset" 8108
"../../../Engine/Content/EngineMaterials/Substrate/Glints2/dict_0005_0242.uasset" 8109
"../../../Engine/Content/EngineMaterials/Substrate/Glints2/dict_0005_0241.uasset" 8110
"../../../Engine/Content/EngineMaterials/Substrate/Glints2/dict_0005_0240.uasset" 8111
"../../../Engine/Content/EngineMaterials/Substrate/Glints2/dict_0005_0239.uasset" 8112
"/Engine/EngineMaterials/Substrate/Glints2/dict_0006_0009" 8113
"/Engine/EngineMaterials/Substrate/Glints2/dict_0006_0010" 8114
"/Engine/EngineMaterials/Substrate/Glints2/dict_0006_0011" 8115
"/Engine/EngineMaterials/Substrate/Glints2/dict_0006_0012" 8116
"/Engine/EngineMaterials/Substrate/Glints2/dict_0006_0013" 8117
"/Engine/EngineMaterials/Substrate/Glints2/dict_0006_0014" 8118
"/Engine/EngineMaterials/Substrate/Glints2/dict_0005_0239" 8119
"../../../Engine/Content/EngineMaterials/Substrate/Glints2/dict_0005_0237.uasset" 8120
"../../../Engine/Content/EngineMaterials/Substrate/Glints2/dict_0005_0238.uasset" 8121
"../../../Engine/Content/EngineMaterials/Substrate/Glints2/dict_0005_0236.uasset" 8122
"../../../Engine/Content/EngineMaterials/Substrate/Glints2/dict_0005_0235.uasset" 8123
"../../../Engine/Content/EngineMaterials/Substrate/Glints2/dict_0005_0234.uasset" 8124
"../../../Engine/Content/EngineMaterials/Substrate/Glints2/dict_0005_0233.uasset" 8125
"../../../Engine/Content/EngineMaterials/Substrate/Glints2/dict_0005_0231.uasset" 8126
"../../../Engine/Content/EngineMaterials/Substrate/Glints2/dict_0005_0232.uasset" 8127
"../../../Engine/Content/EngineMaterials/Substrate/Glints2/dict_0005_0230.uasset" 8128
"../../../Engine/Content/EngineMaterials/Substrate/Glints2/dict_0005_0229.uasset" 8129
"/Engine/EngineMaterials/Substrate/Glints2/dict_0005_0240" 8130
"/Engine/EngineMaterials/Substrate/Glints2/dict_0005_0241" 8131
"/Engine/EngineMaterials/Substrate/Glints2/dict_0005_0242" 8132
"/Engine/EngineMaterials/Substrate/Glints2/dict_0005_0243" 8133
"/Engine/EngineMaterials/Substrate/Glints2/dict_0005_0244" 8134
"/Engine/EngineMaterials/Substrate/Glints2/dict_0005_0245" 8135
"/Engine/EngineMaterials/Substrate/Glints2/dict_0005_0246" 8136
"/Engine/EngineMaterials/Substrate/Glints2/dict_0005_0247" 8137
"/Engine/EngineMaterials/Substrate/Glints2/dict_0005_0248" 8138
"/Engine/EngineMaterials/Substrate/Glints2/dict_0005_0249" 8139
"/Engine/EngineMaterials/Substrate/Glints2/dict_0005_0250" 8140
"/Engine/EngineMaterials/Substrate/Glints2/dict_0005_0251" 8141
"/Engine/EngineMaterials/Substrate/Glints2/dict_0005_0252" 8142
"/Engine/EngineMaterials/Substrate/Glints2/dict_0005_0253" 8143
"/Engine/EngineMaterials/Substrate/Glints2/dict_0005_0254" 8144
"/Engine/EngineMaterials/Substrate/Glints2/dict_0005_0255" 8145
"/Engine/EngineMaterials/Substrate/Glints2/dict_0006_0000" 8146
"/Engine/EngineMaterials/Substrate/Glints2/dict_0006_0001" 8147
"/Engine/EngineMaterials/Substrate/Glints2/dict_0006_0002" 8148
"/Engine/EngineMaterials/Substrate/Glints2/dict_0006_0003" 8149
"/Engine/EngineMaterials/Substrate/Glints2/dict_0006_0004" 8150
"../../../Engine/Content/EngineMaterials/Substrate/Glints2/dict_0005_0227.uasset" 8151
"../../../Engine/Content/EngineMaterials/Substrate/Glints2/dict_0005_0228.uasset" 8152
"/Engine/EngineMaterials/Substrate/Glints2/dict_0005_0229" 8153
"../../../Engine/Content/EngineMaterials/Substrate/Glints2/dict_0005_0226.uasset" 8154
"../../../Engine/Content/EngineMaterials/Substrate/Glints2/dict_0005_0225.uasset" 8155
"../../../Engine/Content/EngineMaterials/Substrate/Glints2/dict_0005_0224.uasset" 8156
"../../../Engine/Content/EngineMaterials/Substrate/Glints2/dict_0005_0223.uasset" 8157
"../../../Engine/Content/EngineMaterials/Substrate/Glints2/dict_0005_0222.uasset" 8158
"../../../Engine/Content/EngineMaterials/Substrate/Glints2/dict_0005_0221.uasset" 8159
"../../../Engine/Content/EngineMaterials/Substrate/Glints2/dict_0005_0220.uasset" 8160
"../../../Engine/Content/EngineMaterials/Substrate/Glints2/dict_0005_0219.uasset" 8161
"/Engine/EngineMaterials/Substrate/Glints2/dict_0005_0230" 8162
"../../../Engine/Content/EngineMaterials/Substrate/Glints2/dict_0005_0218.uasset" 8163
"../../../Engine/Content/EngineMaterials/Substrate/Glints2/dict_0005_0217.uasset" 8164
"../../../Engine/Content/EngineMaterials/Substrate/Glints2/dict_0005_0216.uasset" 8165
"../../../Engine/Content/EngineMaterials/Substrate/Glints2/dict_0005_0215.uasset" 8166
"../../../Engine/Content/EngineMaterials/Substrate/Glints2/dict_0005_0214.uasset" 8167
"../../../Engine/Content/EngineMaterials/Substrate/Glints2/dict_0005_0213.uasset" 8168
"/Engine/EngineMaterials/Substrate/Glints2/dict_0005_0231" 8169
"../../../Engine/Content/EngineMaterials/Substrate/Glints2/dict_0005_0212.uasset" 8170
"../../../Engine/Content/EngineMaterials/Substrate/Glints2/dict_0005_0211.uasset" 8171
"../../../Engine/Content/EngineMaterials/Substrate/Glints2/dict_0005_0210.uasset" 8172
"../../../Engine/Content/EngineMaterials/Substrate/Glints2/dict_0005_0209.uasset" 8173
"../../../Engine/Content/EngineMaterials/Substrate/Glints2/dict_0005_0208.uasset" 8174
"../../../Engine/Content/EngineMaterials/Substrate/Glints2/dict_0005_0207.uasset" 8175
"/Engine/EngineMaterials/Substrate/Glints2/dict_0005_0232" 8176
"/Engine/EngineMaterials/Substrate/Glints2/dict_0005_0233" 8177
"/Engine/EngineMaterials/Substrate/Glints2/dict_0005_0234" 8178
"/Engine/EngineMaterials/Substrate/Glints2/dict_0005_0235" 8179
"/Engine/EngineMaterials/Substrate/Glints2/dict_0005_0236" 8180
"/Engine/EngineMaterials/Substrate/Glints2/dict_0005_0237" 8181
"/Engine/EngineMaterials/Substrate/Glints2/dict_0005_0238" 8182
"/Engine/EngineMaterials/Substrate/Glints2/dict_0005_0207" 8183
"/Engine/EngineMaterials/Substrate/Glints2/dict_0005_0208" 8184
"/Engine/EngineMaterials/Substrate/Glints2/dict_0005_0209" 8185
"/Engine/EngineMaterials/Substrate/Glints2/dict_0005_0210" 8186
"/Engine/EngineMaterials/Substrate/Glints2/dict_0005_0211" 8187
"/Engine/EngineMaterials/Substrate/Glints2/dict_0005_0212" 8188
"/Engine/EngineMaterials/Substrate/Glints2/dict_0005_0213" 8189
"/Engine/EngineMaterials/Substrate/Glints2/dict_0005_0214" 8190
"../../../Engine/Content/EngineMaterials/Substrate/Glints2/dict_0005_0205.uasset" 8191
"/Engine/EngineMaterials/Substrate/Glints2/dict_0005_0215" 8192
"../../../Engine/Content/EngineMaterials/Substrate/Glints2/dict_0005_0204.uasset" 8193
"/Engine/EngineMaterials/Substrate/Glints2/dict_0005_0216" 8194
"../../../Engine/Content/EngineMaterials/Substrate/Glints2/dict_0005_0203.uasset" 8195
"../../../Engine/Content/EngineMaterials/Substrate/Glints2/dict_0005_0202.uasset" 8196
"../../../Engine/Content/EngineMaterials/Substrate/Glints2/dict_0005_0201.uasset" 8197
"/Engine/EngineMaterials/Substrate/Glints2/dict_0005_0217" 8198
"../../../Engine/Content/EngineMaterials/Substrate/Glints2/dict_0005_0200.uasset" 8199
"../../../Engine/Content/EngineMaterials/Substrate/Glints2/dict_0005_0199.uasset" 8200
"../../../Engine/Content/EngineMaterials/Substrate/Glints2/dict_0005_0198.uasset" 8201
"/Engine/EngineMaterials/Substrate/Glints2/dict_0005_0218" 8202
"../../../Engine/Content/EngineMaterials/Substrate/Glints2/dict_0005_0197.uasset" 8203
"/Engine/EngineMaterials/Substrate/Glints2/dict_0005_0219" 8204
"../../../Engine/Content/EngineMaterials/Substrate/Glints2/dict_0005_0206.uasset" 8205
"/Engine/EngineMaterials/Substrate/Glints2/dict_0005_0220" 8206
"/Engine/EngineMaterials/Substrate/Glints2/dict_0005_0221" 8207
"/Engine/EngineMaterials/Substrate/Glints2/dict_0005_0222" 8208
"/Engine/EngineMaterials/Substrate/Glints2/dict_0005_0223" 8209
"/Engine/EngineMaterials/Substrate/Glints2/dict_0005_0224" 8210
"/Engine/EngineMaterials/Substrate/Glints2/dict_0005_0225" 8211
"/Engine/EngineMaterials/Substrate/Glints2/dict_0005_0226" 8212
"/Engine/EngineMaterials/Substrate/Glints2/dict_0005_0227" 8213
"/Engine/EngineMaterials/Substrate/Glints2/dict_0005_0228" 8214
"../../../Engine/Content/EngineMaterials/Substrate/Glints2/dict_0005_0196.uasset" 8215
"/Engine/EngineMaterials/Substrate/Glints2/dict_0005_0197" 8216
"../../../Engine/Content/EngineMaterials/Substrate/Glints2/dict_0005_0195.uasset" 8217
"../../../Engine/Content/EngineMaterials/Substrate/Glints2/dict_0005_0194.uasset" 8218
"../../../Engine/Content/EngineMaterials/Substrate/Glints2/dict_0005_0193.uasset" 8219
"../../../Engine/Content/EngineMaterials/Substrate/Glints2/dict_0005_0192.uasset" 8220
"../../../Engine/Content/EngineMaterials/Substrate/Glints2/dict_0005_0191.uasset" 8221
"../../../Engine/Content/EngineMaterials/Substrate/Glints2/dict_0005_0190.uasset" 8222
"../../../Engine/Content/EngineMaterials/Substrate/Glints2/dict_0005_0189.uasset" 8223
"../../../Engine/Content/EngineMaterials/Substrate/Glints2/dict_0005_0188.uasset" 8224
"../../../Engine/Content/EngineMaterials/Substrate/Glints2/dict_0005_0187.uasset" 8225
"../../../Engine/Content/EngineMaterials/Substrate/Glints2/dict_0005_0186.uasset" 8226
"../../../Engine/Content/EngineMaterials/Substrate/Glints2/dict_0005_0185.uasset" 8227
"/Engine/EngineMaterials/Substrate/Glints2/dict_0005_0198" 8228
"../../../Engine/Content/EngineMaterials/Substrate/Glints2/dict_0005_0183.uasset" 8229
"../../../Engine/Content/EngineMaterials/Substrate/Glints2/dict_0005_0182.uasset" 8230
"../../../Engine/Content/EngineMaterials/Substrate/Glints2/dict_0005_0181.uasset" 8231
"/Engine/EngineMaterials/Substrate/Glints2/dict_0005_0199" 8232
"../../../Engine/Content/EngineMaterials/Substrate/Glints2/dict_0005_0180.uasset" 8233
"../../../Engine/Content/EngineMaterials/Substrate/Glints2/dict_0005_0179.uasset" 8234
"../../../Engine/Content/EngineMaterials/Substrate/Glints2/dict_0005_0178.uasset" 8235
"../../../Engine/Content/EngineMaterials/Substrate/Glints2/dict_0005_0177.uasset" 8236
"../../../Engine/Content/EngineMaterials/Substrate/Glints2/dict_0005_0176.uasset" 8237
"/Engine/EngineMaterials/Substrate/Glints2/dict_0005_0200" 8238
"../../../Engine/Content/EngineMaterials/Substrate/Glints2/dict_0005_0175.uasset" 8239
"../../../Engine/Content/EngineMaterials/Substrate/Glints2/dict_0005_0184.uasset" 8240
"/Engine/EngineMaterials/Substrate/Glints2/dict_0005_0201" 8241
"/Engine/EngineMaterials/Substrate/Glints2/dict_0005_0202" 8242
"/Engine/EngineMaterials/Substrate/Glints2/dict_0005_0203" 8243
"/Engine/EngineMaterials/Substrate/Glints2/dict_0005_0204" 8244
"/Engine/EngineMaterials/Substrate/Glints2/dict_0005_0205" 8245
"/Engine/EngineMaterials/Substrate/Glints2/dict_0005_0206" 8246
"/Engine/EngineMaterials/Substrate/Glints2/dict_0005_0175" 8247
"../../../Engine/Content/EngineMaterials/Substrate/Glints2/dict_0005_0174.uasset" 8248
"../../../Engine/Content/EngineMaterials/Substrate/Glints2/dict_0005_0173.uasset" 8249
"../../../Engine/Content/EngineMaterials/Substrate/Glints2/dict_0005_0172.uasset" 8250
"../../../Engine/Content/EngineMaterials/Substrate/Glints2/dict_0005_0171.uasset" 8251
"../../../Engine/Content/EngineMaterials/Substrate/Glints2/dict_0005_0169.uasset" 8252
"../../../Engine/Content/EngineMaterials/Substrate/Glints2/dict_0005_0170.uasset" 8253
"../../../Engine/Content/EngineMaterials/Substrate/Glints2/dict_0005_0168.uasset" 8254
"../../../Engine/Content/EngineMaterials/Substrate/Glints2/dict_0005_0166.uasset" 8255
"../../../Engine/Content/EngineMaterials/Substrate/Glints2/dict_0005_0165.uasset" 8256
"/Engine/EngineMaterials/Substrate/Glints2/dict_0005_0176" 8257
"../../../Engine/Content/EngineMaterials/Substrate/Glints2/dict_0005_0167.uasset" 8258
"/Engine/EngineMaterials/Substrate/Glints2/dict_0005_0177" 8259
"/Engine/EngineMaterials/Substrate/Glints2/dict_0005_0178" 8260
"/Engine/EngineMaterials/Substrate/Glints2/dict_0005_0179" 8261
"/Engine/EngineMaterials/Substrate/Glints2/dict_0005_0180" 8262
"/Engine/EngineMaterials/Substrate/Glints2/dict_0005_0181" 8263
"/Engine/EngineMaterials/Substrate/Glints2/dict_0005_0182" 8264
"/Engine/EngineMaterials/Substrate/Glints2/dict_0005_0183" 8265
"/Engine/EngineMaterials/Substrate/Glints2/dict_0005_0184" 8266
"/Engine/EngineMaterials/Substrate/Glints2/dict_0005_0185" 8267
"/Engine/EngineMaterials/Substrate/Glints2/dict_0005_0186" 8268
"/Engine/EngineMaterials/Substrate/Glints2/dict_0005_0187" 8269
"/Engine/EngineMaterials/Substrate/Glints2/dict_0005_0188" 8270
"/Engine/EngineMaterials/Substrate/Glints2/dict_0005_0189" 8271
"/Engine/EngineMaterials/Substrate/Glints2/dict_0005_0190" 8272
"/Engine/EngineMaterials/Substrate/Glints2/dict_0005_0191" 8273
"/Engine/EngineMaterials/Substrate/Glints2/dict_0005_0192" 8274
"/Engine/EngineMaterials/Substrate/Glints2/dict_0005_0193" 8275
"/Engine/EngineMaterials/Substrate/Glints2/dict_0005_0194" 8276
"/Engine/EngineMaterials/Substrate/Glints2/dict_0005_0195" 8277
"/Engine/EngineMaterials/Substrate/Glints2/dict_0005_0196" 8278
"../../../Engine/Content/EngineMaterials/Substrate/Glints2/dict_0005_0164.uasset" 8279
"../../../Engine/Content/EngineMaterials/Substrate/Glints2/dict_0005_0163.uasset" 8280
"../../../Engine/Content/EngineMaterials/Substrate/Glints2/dict_0005_0161.uasset" 8281
"/Engine/EngineMaterials/Substrate/Glints2/dict_0005_0165" 8282
"../../../Engine/Content/EngineMaterials/Substrate/Glints2/dict_0005_0160.uasset" 8283
"../../../Engine/Content/EngineMaterials/Substrate/Glints2/dict_0005_0159.uasset" 8284
"../../../Engine/Content/EngineMaterials/Substrate/Glints2/dict_0005_0158.uasset" 8285
"../../../Engine/Content/EngineMaterials/Substrate/Glints2/dict_0005_0157.uasset" 8286
"../../../Engine/Content/EngineMaterials/Substrate/Glints2/dict_0005_0156.uasset" 8287
"../../../Engine/Content/EngineMaterials/Substrate/Glints2/dict_0005_0162.uasset" 8288
"/Engine/EngineMaterials/Substrate/Glints2/dict_0005_0166" 8289
"../../../Engine/Content/EngineMaterials/Substrate/Glints2/dict_0005_0155.uasset" 8290
"../../../Engine/Content/EngineMaterials/Substrate/Glints2/dict_0005_0154.uasset" 8291
"../../../Engine/Content/EngineMaterials/Substrate/Glints2/dict_0005_0153.uasset" 8292
"../../../Engine/Content/EngineMaterials/Substrate/Glints2/dict_0005_0151.uasset" 8293
"../../../Engine/Content/EngineMaterials/Substrate/Glints2/dict_0005_0152.uasset" 8294
"../../../Engine/Content/EngineMaterials/Substrate/Glints2/dict_0005_0150.uasset" 8295
"../../../Engine/Content/EngineMaterials/Substrate/Glints2/dict_0005_0148.uasset" 8296
"../../../Engine/Content/EngineMaterials/Substrate/Glints2/dict_0005_0147.uasset" 8297
"../../../Engine/Content/EngineMaterials/Substrate/Glints2/dict_0005_0149.uasset" 8298
"../../../Engine/Content/EngineMaterials/Substrate/Glints2/dict_0005_0146.uasset" 8299
"../../../Engine/Content/EngineMaterials/Substrate/Glints2/dict_0005_0144.uasset" 8300
"../../../Engine/Content/EngineMaterials/Substrate/Glints2/dict_0005_0143.uasset" 8301
"../../../Engine/Content/EngineMaterials/Substrate/Glints2/dict_0005_0145.uasset" 8302
"/Engine/EngineMaterials/Substrate/Glints2/dict_0005_0167" 8303
"/Engine/EngineMaterials/Substrate/Glints2/dict_0005_0168" 8304
"/Engine/EngineMaterials/Substrate/Glints2/dict_0005_0169" 8305
"/Engine/EngineMaterials/Substrate/Glints2/dict_0005_0170" 8306
"/Engine/EngineMaterials/Substrate/Glints2/dict_0005_0171" 8307
"/Engine/EngineMaterials/Substrate/Glints2/dict_0005_0172" 8308
"/Engine/EngineMaterials/Substrate/Glints2/dict_0005_0173" 8309
"/Engine/EngineMaterials/Substrate/Glints2/dict_0005_0174" 8310
"/Engine/EngineMaterials/Substrate/Glints2/dict_0005_0164" 8311
"/Engine/EngineMaterials/Substrate/Glints2/dict_0005_0143" 8312
"/Engine/EngineMaterials/Substrate/Glints2/dict_0005_0144" 8313
"/Engine/EngineMaterials/Substrate/Glints2/dict_0005_0145" 8314
"/Engine/EngineMaterials/Substrate/Glints2/dict_0005_0146" 8315
"../../../Engine/Content/EngineMaterials/Substrate/Glints2/dict_0005_0142.uasset" 8316
"../../../Engine/Content/EngineMaterials/Substrate/Glints2/dict_0005_0141.uasset" 8317
"../../../Engine/Content/EngineMaterials/Substrate/Glints2/dict_0005_0140.uasset" 8318
"../../../Engine/Content/EngineMaterials/Substrate/Glints2/dict_0005_0139.uasset" 8319
"../../../Engine/Content/EngineMaterials/Substrate/Glints2/dict_0005_0138.uasset" 8320
"../../../Engine/Content/EngineMaterials/Substrate/Glints2/dict_0005_0137.uasset" 8321
"../../../Engine/Content/EngineMaterials/Substrate/Glints2/dict_0005_0135.uasset" 8322
"../../../Engine/Content/EngineMaterials/Substrate/Glints2/dict_0005_0136.uasset" 8323
"../../../Engine/Content/EngineMaterials/Substrate/Glints2/dict_0005_0134.uasset" 8324
"../../../Engine/Content/EngineMaterials/Substrate/Glints2/dict_0005_0133.uasset" 8325
"/Engine/EngineMaterials/Substrate/Glints2/dict_0005_0147" 8326
"/Engine/EngineMaterials/Substrate/Glints2/dict_0005_0148" 8327
"/Engine/EngineMaterials/Substrate/Glints2/dict_0005_0149" 8328
"/Engine/EngineMaterials/Substrate/Glints2/dict_0005_0150" 8329
"/Engine/EngineMaterials/Substrate/Glints2/dict_0005_0151" 8330
"/Engine/EngineMaterials/Substrate/Glints2/dict_0005_0152" 8331
"/Engine/EngineMaterials/Substrate/Glints2/dict_0005_0153" 8332
"/Engine/EngineMaterials/Substrate/Glints2/dict_0005_0154" 8333
"../../../Engine/Content/EngineMaterials/Substrate/Glints2/dict_0005_0132.uasset" 8334
"/Engine/EngineMaterials/Substrate/Glints2/dict_0005_0155" 8335
"/Engine/EngineMaterials/Substrate/Glints2/dict_0005_0156" 8336
"/Engine/EngineMaterials/Substrate/Glints2/dict_0005_0157" 8337
"/Engine/EngineMaterials/Substrate/Glints2/dict_0005_0158" 8338
"/Engine/EngineMaterials/Substrate/Glints2/dict_0005_0159" 8339
"/Engine/EngineMaterials/Substrate/Glints2/dict_0005_0160" 8340
"/Engine/EngineMaterials/Substrate/Glints2/dict_0005_0161" 8341
"/Engine/EngineMaterials/Substrate/Glints2/dict_0005_0162" 8342
"/Engine/EngineMaterials/Substrate/Glints2/dict_0005_0163" 8343
"/Engine/EngineMaterials/Substrate/Glints2/dict_0005_0132" 8344
"/Engine/EngineMaterials/Substrate/Glints2/dict_0005_0133" 8345
"/Engine/EngineMaterials/Substrate/Glints2/dict_0005_0134" 8346
"/Engine/EngineMaterials/Substrate/Glints2/dict_0005_0135" 8347
"/Engine/EngineMaterials/Substrate/Glints2/dict_0005_0136" 8348
"../../../Engine/Content/EngineMaterials/Substrate/Glints2/dict_0005_0131.uasset" 8349
"../../../Engine/Content/EngineMaterials/Substrate/Glints2/dict_0005_0130.uasset" 8350
"../../../Engine/Content/EngineMaterials/Substrate/Glints2/dict_0005_0129.uasset" 8351
"../../../Engine/Content/EngineMaterials/Substrate/Glints2/dict_0005_0128.uasset" 8352
"../../../Engine/Content/EngineMaterials/Substrate/Glints2/dict_0005_0127.uasset" 8353
"../../../Engine/Content/EngineMaterials/Substrate/Glints2/dict_0005_0126.uasset" 8354
"../../../Engine/Content/EngineMaterials/Substrate/Glints2/dict_0005_0125.uasset" 8355
"/Engine/EngineMaterials/Substrate/Glints2/dict_0005_0137" 8356
"../../../Engine/Content/EngineMaterials/Substrate/Glints2/dict_0005_0124.uasset" 8357
"../../../Engine/Content/EngineMaterials/Substrate/Glints2/dict_0005_0123.uasset" 8358
"/Engine/EngineMaterials/Substrate/Glints2/dict_0005_0138" 8359
"../../../Engine/Content/EngineMaterials/Substrate/Glints2/dict_0005_0122.uasset" 8360
"/Engine/EngineMaterials/Substrate/Glints2/dict_0005_0139" 8361
"../../../Engine/Content/EngineMaterials/Substrate/Glints2/dict_0005_0121.uasset" 8362
"/Engine/EngineMaterials/Substrate/Glints2/dict_0005_0140" 8363
"../../../Engine/Content/EngineMaterials/Substrate/Glints2/dict_0005_0120.uasset" 8364
"../../../Engine/Content/EngineMaterials/Substrate/Glints2/dict_0005_0119.uasset" 8365
"/Engine/EngineMaterials/Substrate/Glints2/dict_0005_0141" 8366
"../../../Engine/Content/EngineMaterials/Substrate/Glints2/dict_0005_0118.uasset" 8367
"../../../Engine/Content/EngineMaterials/Substrate/Glints2/dict_0005_0116.uasset" 8368
"../../../Engine/Content/EngineMaterials/Substrate/Glints2/dict_0005_0115.uasset" 8369
"/Engine/EngineMaterials/Substrate/Glints2/dict_0005_0142" 8370
"../../../Engine/Content/EngineMaterials/Substrate/Glints2/dict_0005_0114.uasset" 8371
"../../../Engine/Content/EngineMaterials/Substrate/Glints2/dict_0005_0113.uasset" 8372
"../../../Engine/Content/EngineMaterials/Substrate/Glints2/dict_0005_0112.uasset" 8373
"../../../Engine/Content/EngineMaterials/Substrate/Glints2/dict_0005_0111.uasset" 8374
"/Engine/EngineMaterials/Substrate/Glints2/dict_0005_0111" 8375
"../../../Engine/Content/EngineMaterials/Substrate/Glints2/dict_0005_0117.uasset" 8376
"../../../Engine/Content/EngineMaterials/Substrate/Glints2/dict_0005_0109.uasset" 8377
"../../../Engine/Content/EngineMaterials/Substrate/Glints2/dict_0005_0110.uasset" 8378
"../../../Engine/Content/EngineMaterials/Substrate/Glints2/dict_0005_0108.uasset" 8379
"../../../Engine/Content/EngineMaterials/Substrate/Glints2/dict_0005_0106.uasset" 8380
"/Engine/EngineMaterials/Substrate/Glints2/dict_0005_0112" 8381
"../../../Engine/Content/EngineMaterials/Substrate/Glints2/dict_0005_0107.uasset" 8382
"../../../Engine/Content/EngineMaterials/Substrate/Glints2/dict_0005_0104.uasset" 8383
"../../../Engine/Content/EngineMaterials/Substrate/Glints2/dict_0005_0103.uasset" 8384
"../../../Engine/Content/EngineMaterials/Substrate/Glints2/dict_0005_0102.uasset" 8385
"/Engine/EngineMaterials/Substrate/Glints2/dict_0005_0113" 8386
"../../../Engine/Content/EngineMaterials/Substrate/Glints2/dict_0005_0101.uasset" 8387
"../../../Engine/Content/EngineMaterials/Substrate/Glints2/dict_0005_0100.uasset" 8388
"../../../Engine/Content/EngineMaterials/Substrate/Glints2/dict_0005_0105.uasset" 8389
"/Engine/EngineMaterials/Substrate/Glints2/dict_0005_0114" 8390
"/Engine/EngineMaterials/Substrate/Glints2/dict_0005_0115" 8391
"/Engine/EngineMaterials/Substrate/Glints2/dict_0005_0116" 8392
"/Engine/EngineMaterials/Substrate/Glints2/dict_0005_0118" 8393
"/Engine/EngineMaterials/Substrate/Glints2/dict_0005_0119" 8394
"/Engine/EngineMaterials/Substrate/Glints2/dict_0005_0120" 8395
"/Engine/EngineMaterials/Substrate/Glints2/dict_0005_0121" 8396
"/Engine/EngineMaterials/Substrate/Glints2/dict_0005_0122" 8397
"/Engine/EngineMaterials/Substrate/Glints2/dict_0005_0123" 8398
"/Engine/EngineMaterials/Substrate/Glints2/dict_0005_0124" 8399
"/Engine/EngineMaterials/Substrate/Glints2/dict_0005_0125" 8400
"/Engine/EngineMaterials/Substrate/Glints2/dict_0005_0126" 8401
"/Engine/EngineMaterials/Substrate/Glints2/dict_0005_0127" 8402
"/Engine/EngineMaterials/Substrate/Glints2/dict_0005_0128" 8403
"/Engine/EngineMaterials/Substrate/Glints2/dict_0005_0129" 8404
"/Engine/EngineMaterials/Substrate/Glints2/dict_0005_0130" 8405
"/Engine/EngineMaterials/Substrate/Glints2/dict_0005_0131" 8406
"/Engine/EngineMaterials/Substrate/Glints2/dict_0005_0100" 8407
"/Engine/EngineMaterials/Substrate/Glints2/dict_0005_0101" 8408
"../../../Engine/Content/EngineMaterials/Substrate/Glints2/dict_0005_0099.uasset" 8409
"/Engine/EngineMaterials/Substrate/Glints2/dict_0005_0102" 8410
"../../../Engine/Content/EngineMaterials/Substrate/Glints2/dict_0005_0098.uasset" 8411
"../../../Engine/Content/EngineMaterials/Substrate/Glints2/dict_0005_0097.uasset" 8412
"../../../Engine/Content/EngineMaterials/Substrate/Glints2/dict_0005_0096.uasset" 8413
"../../../Engine/Content/EngineMaterials/Substrate/Glints2/dict_0005_0095.uasset" 8414
"../../../Engine/Content/EngineMaterials/Substrate/Glints2/dict_0005_0094.uasset" 8415
"../../../Engine/Content/EngineMaterials/Substrate/Glints2/dict_0005_0093.uasset" 8416
"../../../Engine/Content/EngineMaterials/Substrate/Glints2/dict_0005_0092.uasset" 8417
"/Engine/EngineMaterials/Substrate/Glints2/dict_0005_0103" 8418
"../../../Engine/Content/EngineMaterials/Substrate/Glints2/dict_0005_0091.uasset" 8419
"../../../Engine/Content/EngineMaterials/Substrate/Glints2/dict_0005_0090.uasset" 8420
"/Engine/EngineMaterials/Substrate/Glints2/dict_0005_0104" 8421
"/Engine/EngineMaterials/Substrate/Glints2/dict_0005_0105" 8422
"/Engine/EngineMaterials/Substrate/Glints2/dict_0005_0106" 8423
"../../../Engine/Content/EngineMaterials/Substrate/Glints2/dict_0005_0088.uasset" 8424
"../../../Engine/Content/EngineMaterials/Substrate/Glints2/dict_0005_0087.uasset" 8425
"/Engine/EngineMaterials/Substrate/Glints2/dict_0005_0107" 8426
"../../../Engine/Content/EngineMaterials/Substrate/Glints2/dict_0005_0086.uasset" 8427
"../../../Engine/Content/EngineMaterials/Substrate/Glints2/dict_0005_0089.uasset" 8428
"/Engine/EngineMaterials/Substrate/Glints2/dict_0005_0108" 8429
"../../../Engine/Content/EngineMaterials/Substrate/Glints2/dict_0005_0085.uasset" 8430
"../../../Engine/Content/EngineMaterials/Substrate/Glints2/dict_0005_0084.uasset" 8431
"../../../Engine/Content/EngineMaterials/Substrate/Glints2/dict_0005_0083.uasset" 8432
"/Engine/EngineMaterials/Substrate/Glints2/dict_0005_0109" 8433
"../../../Engine/Content/EngineMaterials/Substrate/Glints2/dict_0005_0082.uasset" 8434
"../../../Engine/Content/EngineMaterials/Substrate/Glints2/dict_0005_0080.uasset" 8435
"../../../Engine/Content/EngineMaterials/Substrate/Glints2/dict_0005_0081.uasset" 8436
"/Engine/EngineMaterials/Substrate/Glints2/dict_0005_0117" 8437
"/Engine/EngineMaterials/Substrate/Glints2/dict_0005_0110" 8438
"../../../Engine/Content/EngineMaterials/Substrate/Glints2/dict_0005_0078.uasset" 8439
"../../../Engine/Content/EngineMaterials/Substrate/Glints2/dict_0005_0079.uasset" 8440
"/Engine/EngineMaterials/Substrate/Glints2/dict_0005_0080" 8441
"../../../Engine/Content/EngineMaterials/Substrate/Glints2/dict_0005_0077.uasset" 8442
"../../../Engine/Content/EngineMaterials/Substrate/Glints2/dict_0005_0075.uasset" 8443
"../../../Engine/Content/EngineMaterials/Substrate/Glints2/dict_0005_0074.uasset" 8444
"../../../Engine/Content/EngineMaterials/Substrate/Glints2/dict_0005_0076.uasset" 8445
"../../../Engine/Content/EngineMaterials/Substrate/Glints2/dict_0005_0073.uasset" 8446
"../../../Engine/Content/EngineMaterials/Substrate/Glints2/dict_0005_0072.uasset" 8447
"../../../Engine/Content/EngineMaterials/Substrate/Glints2/dict_0005_0071.uasset" 8448
"../../../Engine/Content/EngineMaterials/Substrate/Glints2/dict_0005_0070.uasset" 8449
"../../../Engine/Content/EngineMaterials/Substrate/Glints2/dict_0005_0069.uasset" 8450
"../../../Engine/Content/EngineMaterials/Substrate/Glints2/dict_0005_0068.uasset" 8451
"/Engine/EngineMaterials/Substrate/Glints2/dict_0005_0081" 8452
"/Engine/EngineMaterials/Substrate/Glints2/dict_0005_0082" 8453
"/Engine/EngineMaterials/Substrate/Glints2/dict_0005_0083" 8454
"/Engine/EngineMaterials/Substrate/Glints2/dict_0005_0084" 8455
"/Engine/EngineMaterials/Substrate/Glints2/dict_0005_0085" 8456
"/Engine/EngineMaterials/Substrate/Glints2/dict_0005_0086" 8457
"/Engine/EngineMaterials/Substrate/Glints2/dict_0005_0087" 8458
"/Engine/EngineMaterials/Substrate/Glints2/dict_0005_0088" 8459
"/Engine/EngineMaterials/Substrate/Glints2/dict_0005_0089" 8460
"/Engine/EngineMaterials/Substrate/Glints2/dict_0005_0090" 8461
"/Engine/EngineMaterials/Substrate/Glints2/dict_0005_0091" 8462
"/Engine/EngineMaterials/Substrate/Glints2/dict_0005_0092" 8463
"/Engine/EngineMaterials/Substrate/Glints2/dict_0005_0093" 8464
"/Engine/EngineMaterials/Substrate/Glints2/dict_0005_0094" 8465
"/Engine/EngineMaterials/Substrate/Glints2/dict_0005_0095" 8466
"/Engine/EngineMaterials/Substrate/Glints2/dict_0005_0096" 8467
"/Engine/EngineMaterials/Substrate/Glints2/dict_0005_0097" 8468
"/Engine/EngineMaterials/Substrate/Glints2/dict_0005_0098" 8469
"/Engine/EngineMaterials/Substrate/Glints2/dict_0005_0099" 8470
"/Engine/EngineMaterials/Substrate/Glints2/dict_0005_0068" 8471
"/Engine/EngineMaterials/Substrate/Glints2/dict_0005_0069" 8472
"../../../Engine/Content/EngineMaterials/Substrate/Glints2/dict_0005_0067.uasset" 8473
"../../../Engine/Content/EngineMaterials/Substrate/Glints2/dict_0005_0065.uasset" 8474
"../../../Engine/Content/EngineMaterials/Substrate/Glints2/dict_0005_0064.uasset" 8475
"../../../Engine/Content/EngineMaterials/Substrate/Glints2/dict_0005_0063.uasset" 8476
"../../../Engine/Content/EngineMaterials/Substrate/Glints2/dict_0005_0062.uasset" 8477
"../../../Engine/Content/EngineMaterials/Substrate/Glints2/dict_0005_0061.uasset" 8478
"../../../Engine/Content/EngineMaterials/Substrate/Glints2/dict_0005_0060.uasset" 8479
"/Engine/EngineMaterials/Substrate/Glints2/dict_0005_0070" 8480
"../../../Engine/Content/EngineMaterials/Substrate/Glints2/dict_0005_0059.uasset" 8481
"../../../Engine/Content/EngineMaterials/Substrate/Glints2/dict_0005_0058.uasset" 8482
"../../../Engine/Content/EngineMaterials/Substrate/Glints2/dict_0005_0057.uasset" 8483
"../../../Engine/Content/EngineMaterials/Substrate/Glints2/dict_0005_0056.uasset" 8484
"../../../Engine/Content/EngineMaterials/Substrate/Glints2/dict_0005_0055.uasset" 8485
"../../../Engine/Content/EngineMaterials/Substrate/Glints2/dict_0005_0054.uasset" 8486
"../../../Engine/Content/EngineMaterials/Substrate/Glints2/dict_0005_0053.uasset" 8487
"../../../Engine/Content/EngineMaterials/Substrate/Glints2/dict_0005_0052.uasset" 8488
"../../../Engine/Content/EngineMaterials/Substrate/Glints2/dict_0005_0051.uasset" 8489
"../../../Engine/Content/EngineMaterials/Substrate/Glints2/dict_0005_0050.uasset" 8490
"/Engine/EngineMaterials/Substrate/Glints2/dict_0005_0071" 8491
"../../../Engine/Content/EngineMaterials/Substrate/Glints2/dict_0005_0049.uasset" 8492
"../../../Engine/Content/EngineMaterials/Substrate/Glints2/dict_0005_0066.uasset" 8493
"/Engine/EngineMaterials/Substrate/Glints2/dict_0005_0072" 8494
"/Engine/EngineMaterials/Substrate/Glints2/dict_0005_0073" 8495
"../../../Engine/Content/EngineMaterials/Substrate/Glints2/dict_0005_0048.uasset" 8496
"/Engine/EngineMaterials/Substrate/Glints2/dict_0005_0074" 8497
"/Engine/EngineMaterials/Substrate/Glints2/dict_0005_0075" 8498
"/Engine/EngineMaterials/Substrate/Glints2/dict_0005_0076" 8499
"/Engine/EngineMaterials/Substrate/Glints2/dict_0005_0077" 8500
"/Engine/EngineMaterials/Substrate/Glints2/dict_0005_0078" 8501
"/Engine/EngineMaterials/Substrate/Glints2/dict_0005_0079" 8502
"/Engine/EngineMaterials/Substrate/Glints2/dict_0005_0048" 8503
"../../../Engine/Content/EngineMaterials/Substrate/Glints2/dict_0005_0047.uasset" 8504
"../../../Engine/Content/EngineMaterials/Substrate/Glints2/dict_0005_0046.uasset" 8505
"../../../Engine/Content/EngineMaterials/Substrate/Glints2/dict_0005_0045.uasset" 8506
"../../../Engine/Content/EngineMaterials/Substrate/Glints2/dict_0005_0043.uasset" 8507
"../../../Engine/Content/EngineMaterials/Substrate/Glints2/dict_0005_0042.uasset" 8508
"../../../Engine/Content/EngineMaterials/Substrate/Glints2/dict_0005_0041.uasset" 8509
"../../../Engine/Content/EngineMaterials/Substrate/Glints2/dict_0005_0040.uasset" 8510
"/Engine/EngineMaterials/Substrate/Glints2/dict_0005_0049" 8511
"../../../Engine/Content/EngineMaterials/Substrate/Glints2/dict_0005_0039.uasset" 8512
"/Engine/EngineMaterials/Substrate/Glints2/dict_0005_0050" 8513
"../../../Engine/Content/EngineMaterials/Substrate/Glints2/dict_0005_0038.uasset" 8514
"/Engine/EngineMaterials/Substrate/Glints2/dict_0005_0051" 8515
"../../../Engine/Content/EngineMaterials/Substrate/Glints2/dict_0005_0037.uasset" 8516
"/Engine/EngineMaterials/Substrate/Glints2/dict_0005_0052" 8517
"../../../Engine/Content/EngineMaterials/Substrate/Glints2/dict_0005_0036.uasset" 8518
"../../../Engine/Content/EngineMaterials/Substrate/Glints2/dict_0005_0044.uasset" 8519
"/Engine/EngineMaterials/Substrate/Glints2/dict_0005_0053" 8520
"/Engine/EngineMaterials/Substrate/Glints2/dict_0005_0054" 8521
"/Engine/EngineMaterials/Substrate/Glints2/dict_0005_0055" 8522
"/Engine/EngineMaterials/Substrate/Glints2/dict_0005_0056" 8523
"/Engine/EngineMaterials/Substrate/Glints2/dict_0005_0057" 8524
"/Engine/EngineMaterials/Substrate/Glints2/dict_0005_0058" 8525
"/Engine/EngineMaterials/Substrate/Glints2/dict_0005_0059" 8526
"/Engine/EngineMaterials/Substrate/Glints2/dict_0005_0060" 8527
"/Engine/EngineMaterials/Substrate/Glints2/dict_0005_0061" 8528
"/Engine/EngineMaterials/Substrate/Glints2/dict_0005_0062" 8529
"/Engine/EngineMaterials/Substrate/Glints2/dict_0005_0063" 8530
"/Engine/EngineMaterials/Substrate/Glints2/dict_0005_0064" 8531
"/Engine/EngineMaterials/Substrate/Glints2/dict_0005_0065" 8532
"/Engine/EngineMaterials/Substrate/Glints2/dict_0005_0066" 8533
"/Engine/EngineMaterials/Substrate/Glints2/dict_0005_0067" 8534
"../../../Engine/Content/EngineMaterials/Substrate/Glints2/dict_0005_0035.uasset" 8535
"../../../Engine/Content/EngineMaterials/Substrate/Glints2/dict_0005_0034.uasset" 8536
"../../../Engine/Content/EngineMaterials/Substrate/Glints2/dict_0005_0032.uasset" 8537
"../../../Engine/Content/EngineMaterials/Substrate/Glints2/dict_0005_0033.uasset" 8538
"../../../Engine/Content/EngineMaterials/Substrate/Glints2/dict_0005_0031.uasset" 8539
"../../../Engine/Content/EngineMaterials/Substrate/Glints2/dict_0005_0030.uasset" 8540
"../../../Engine/Content/EngineMaterials/Substrate/Glints2/dict_0005_0029.uasset" 8541
"../../../Engine/Content/EngineMaterials/Substrate/Glints2/dict_0005_0028.uasset" 8542
"../../../Engine/Content/EngineMaterials/Substrate/Glints2/dict_0005_0027.uasset" 8543
"../../../Engine/Content/EngineMaterials/Substrate/Glints2/dict_0005_0025.uasset" 8544
"../../../Engine/Content/EngineMaterials/Substrate/Glints2/dict_0005_0026.uasset" 8545
"../../../Engine/Content/EngineMaterials/Substrate/Glints2/dict_0005_0023.uasset" 8546
"../../../Engine/Content/EngineMaterials/Substrate/Glints2/dict_0005_0022.uasset" 8547
"/Engine/EngineMaterials/Substrate/Glints2/dict_0005_0036" 8548
"../../../Engine/Content/EngineMaterials/Substrate/Glints2/dict_0005_0021.uasset" 8549
"/Engine/EngineMaterials/Substrate/Glints2/dict_0005_0037" 8550
"../../../Engine/Content/EngineMaterials/Substrate/Glints2/dict_0005_0020.uasset" 8551
"../../../Engine/Content/EngineMaterials/Substrate/Glints2/dict_0005_0019.uasset" 8552
"../../../Engine/Content/EngineMaterials/Substrate/Glints2/dict_0005_0024.uasset" 8553
"../../../Engine/Content/EngineMaterials/Substrate/Glints2/dict_0005_0018.uasset" 8554
"../../../Engine/Content/EngineMaterials/Substrate/Glints2/dict_0005_0017.uasset" 8555
"../../../Engine/Content/EngineMaterials/Substrate/Glints2/dict_0005_0016.uasset" 8556
"/Engine/EngineMaterials/Substrate/Glints2/dict_0005_0038" 8557
"/Engine/EngineMaterials/Substrate/Glints2/dict_0005_0039" 8558
"/Engine/EngineMaterials/Substrate/Glints2/dict_0005_0040" 8559
"/Engine/EngineMaterials/Substrate/Glints2/dict_0005_0041" 8560
"/Engine/EngineMaterials/Substrate/Glints2/dict_0005_0042" 8561
"/Engine/EngineMaterials/Substrate/Glints2/dict_0005_0043" 8562
"/Engine/EngineMaterials/Substrate/Glints2/dict_0005_0044" 8563
"/Engine/EngineMaterials/Substrate/Glints2/dict_0005_0045" 8564
"/Engine/EngineMaterials/Substrate/Glints2/dict_0005_0046" 8565
"/Engine/EngineMaterials/Substrate/Glints2/dict_0005_0047" 8566
"/Engine/EngineMaterials/Substrate/Glints2/dict_0005_0016" 8567
"../../../Engine/Content/EngineMaterials/Substrate/Glints2/dict_0005_0015.uasset" 8568
"../../../Engine/Content/EngineMaterials/Substrate/Glints2/dict_0005_0014.uasset" 8569
"/Engine/EngineMaterials/Substrate/Glints2/dict_0005_0017" 8570
"../../../Engine/Content/EngineMaterials/Substrate/Glints2/dict_0005_0013.uasset" 8571
"../../../Engine/Content/EngineMaterials/Substrate/Glints2/dict_0005_0011.uasset" 8572
"../../../Engine/Content/EngineMaterials/Substrate/Glints2/dict_0005_0010.uasset" 8573
"../../../Engine/Content/EngineMaterials/Substrate/Glints2/dict_0005_0012.uasset" 8574
"../../../Engine/Content/EngineMaterials/Substrate/Glints2/dict_0005_0009.uasset" 8575
"../../../Engine/Content/EngineMaterials/Substrate/Glints2/dict_0005_0008.uasset" 8576
"/Engine/EngineMaterials/Substrate/Glints2/dict_0005_0018" 8577
"../../../Engine/Content/EngineMaterials/Substrate/Glints2/dict_0005_0006.uasset" 8578
"../../../Engine/Content/EngineMaterials/Substrate/Glints2/dict_0005_0005.uasset" 8579
"../../../Engine/Content/EngineMaterials/Substrate/Glints2/dict_0005_0004.uasset" 8580
"../../../Engine/Content/EngineMaterials/Substrate/Glints2/dict_0005_0007.uasset" 8581
"/Engine/EngineMaterials/Substrate/Glints2/dict_0005_0019" 8582
"/Engine/EngineMaterials/Substrate/Glints2/dict_0005_0020" 8583
"/Engine/EngineMaterials/Substrate/Glints2/dict_0005_0021" 8584
"/Engine/EngineMaterials/Substrate/Glints2/dict_0005_0022" 8585
"/Engine/EngineMaterials/Substrate/Glints2/dict_0005_0023" 8586
"/Engine/EngineMaterials/Substrate/Glints2/dict_0005_0024" 8587
"/Engine/EngineMaterials/Substrate/Glints2/dict_0005_0025" 8588
"/Engine/EngineMaterials/Substrate/Glints2/dict_0005_0026" 8589
"/Engine/EngineMaterials/Substrate/Glints2/dict_0005_0027" 8590
"/Engine/EngineMaterials/Substrate/Glints2/dict_0005_0028" 8591
"/Engine/EngineMaterials/Substrate/Glints2/dict_0005_0029" 8592
"/Engine/EngineMaterials/Substrate/Glints2/dict_0005_0030" 8593
"/Engine/EngineMaterials/Substrate/Glints2/dict_0005_0031" 8594
"/Engine/EngineMaterials/Substrate/Glints2/dict_0005_0032" 8595
"/Engine/EngineMaterials/Substrate/Glints2/dict_0005_0033" 8596
"/Engine/EngineMaterials/Substrate/Glints2/dict_0005_0034" 8597
"/Engine/EngineMaterials/Substrate/Glints2/dict_0005_0035" 8598
"/Engine/EngineMaterials/Substrate/Glints2/dict_0005_0004" 8599
"../../../Engine/Content/EngineMaterials/Substrate/Glints2/dict_0005_0003.uasset" 8600
"../../../Engine/Content/EngineMaterials/Substrate/Glints2/dict_0005_0001.uasset" 8601
"../../../Engine/Content/EngineMaterials/Substrate/Glints2/dict_0005_0002.uasset" 8602
"/Engine/EngineMaterials/Substrate/Glints2/dict_0005_0005" 8603
"../../../Engine/Content/EngineMaterials/Substrate/Glints2/dict_0005_0000.uasset" 8604
"../../../Engine/Content/EngineMaterials/Substrate/Glints2/dict_0004_0255.uasset" 8605
"../../../Engine/Content/EngineMaterials/Substrate/Glints2/dict_0004_0254.uasset" 8606
"../../../Engine/Content/EngineMaterials/Substrate/Glints2/dict_0004_0253.uasset" 8607
"../../../Engine/Content/EngineMaterials/Substrate/Glints2/dict_0004_0252.uasset" 8608
"../../../Engine/Content/EngineMaterials/Substrate/Glints2/dict_0004_0251.uasset" 8609
"../../../Engine/Content/EngineMaterials/Substrate/Glints2/dict_0004_0250.uasset" 8610
"/Engine/EngineMaterials/Substrate/Glints2/dict_0005_0006" 8611
"../../../Engine/Content/EngineMaterials/Substrate/Glints2/dict_0004_0249.uasset" 8612
"/Engine/EngineMaterials/Substrate/Glints2/dict_0005_0007" 8613
"../../../Engine/Content/EngineMaterials/Substrate/Glints2/dict_0004_0248.uasset" 8614
"../../../Engine/Content/EngineMaterials/Substrate/Glints2/dict_0004_0247.uasset" 8615
"../../../Engine/Content/EngineMaterials/Substrate/Glints2/dict_0004_0246.uasset" 8616
"../../../Engine/Content/EngineMaterials/Substrate/Glints2/dict_0004_0245.uasset" 8617
"../../../Engine/Content/EngineMaterials/Substrate/Glints2/dict_0004_0244.uasset" 8618
"/Engine/EngineMaterials/Substrate/Glints2/dict_0005_0008" 8619
"../../../Engine/Content/EngineMaterials/Substrate/Glints2/dict_0004_0243.uasset" 8620
"../../../Engine/Content/EngineMaterials/Substrate/Glints2/dict_0004_0242.uasset" 8621
"../../../Engine/Content/EngineMaterials/Substrate/Glints2/dict_0004_0241.uasset" 8622
"../../../Engine/Content/EngineMaterials/Substrate/Glints2/dict_0004_0240.uasset" 8623
"/Engine/EngineMaterials/Substrate/Glints2/dict_0005_0009" 8624
"/Engine/EngineMaterials/Substrate/Glints2/dict_0005_0010" 8625
"/Engine/EngineMaterials/Substrate/Glints2/dict_0005_0011" 8626
"/Engine/EngineMaterials/Substrate/Glints2/dict_0005_0012" 8627
"/Engine/EngineMaterials/Substrate/Glints2/dict_0005_0013" 8628
"/Engine/EngineMaterials/Substrate/Glints2/dict_0005_0014" 8629
"/Engine/EngineMaterials/Substrate/Glints2/dict_0005_0015" 8630
"../../../Engine/Content/EngineMaterials/Substrate/Glints2/dict_0004_0239.uasset" 8631
"/Engine/EngineMaterials/Substrate/Glints2/dict_0004_0240" 8632
"../../../Engine/Content/EngineMaterials/Substrate/Glints2/dict_0004_0238.uasset" 8633
"../../../Engine/Content/EngineMaterials/Substrate/Glints2/dict_0004_0237.uasset" 8634
"../../../Engine/Content/EngineMaterials/Substrate/Glints2/dict_0004_0236.uasset" 8635
"/Engine/EngineMaterials/Substrate/Glints2/dict_0004_0241" 8636
"../../../Engine/Content/EngineMaterials/Substrate/Glints2/dict_0004_0235.uasset" 8637
"../../../Engine/Content/EngineMaterials/Substrate/Glints2/dict_0004_0234.uasset" 8638
"../../../Engine/Content/EngineMaterials/Substrate/Glints2/dict_0004_0233.uasset" 8639
"/Engine/EngineMaterials/Substrate/Glints2/dict_0004_0242" 8640
"../../../Engine/Content/EngineMaterials/Substrate/Glints2/dict_0004_0232.uasset" 8641
"../../../Engine/Content/EngineMaterials/Substrate/Glints2/dict_0004_0231.uasset" 8642
"../../../Engine/Content/EngineMaterials/Substrate/Glints2/dict_0004_0230.uasset" 8643
"../../../Engine/Content/EngineMaterials/Substrate/Glints2/dict_0004_0229.uasset" 8644
"../../../Engine/Content/EngineMaterials/Substrate/Glints2/dict_0004_0228.uasset" 8645
"/Engine/EngineMaterials/Substrate/Glints2/dict_0004_0243" 8646
"/Engine/EngineMaterials/Substrate/Glints2/dict_0004_0244" 8647
"/Engine/EngineMaterials/Substrate/Glints2/dict_0004_0245" 8648
"/Engine/EngineMaterials/Substrate/Glints2/dict_0004_0246" 8649
"/Engine/EngineMaterials/Substrate/Glints2/dict_0004_0247" 8650
"/Engine/EngineMaterials/Substrate/Glints2/dict_0004_0248" 8651
"/Engine/EngineMaterials/Substrate/Glints2/dict_0004_0249" 8652
"/Engine/EngineMaterials/Substrate/Glints2/dict_0004_0250" 8653
"/Engine/EngineMaterials/Substrate/Glints2/dict_0004_0251" 8654
"/Engine/EngineMaterials/Substrate/Glints2/dict_0004_0252" 8655
"/Engine/EngineMaterials/Substrate/Glints2/dict_0004_0253" 8656
"/Engine/EngineMaterials/Substrate/Glints2/dict_0004_0254" 8657
"/Engine/EngineMaterials/Substrate/Glints2/dict_0004_0255" 8658
"/Engine/EngineMaterials/Substrate/Glints2/dict_0005_0000" 8659
"/Engine/EngineMaterials/Substrate/Glints2/dict_0005_0001" 8660
"/Engine/EngineMaterials/Substrate/Glints2/dict_0005_0003" 8661
"../../../Engine/Content/EngineMaterials/Substrate/Glints2/dict_0004_0227.uasset" 8662
"/Engine/EngineMaterials/Substrate/Glints2/dict_0004_0228" 8663
"../../../Engine/Content/EngineMaterials/Substrate/Glints2/dict_0004_0226.uasset" 8664
"../../../Engine/Content/EngineMaterials/Substrate/Glints2/dict_0004_0224.uasset" 8665
"../../../Engine/Content/EngineMaterials/Substrate/Glints2/dict_0004_0225.uasset" 8666
"../../../Engine/Content/EngineMaterials/Substrate/Glints2/dict_0004_0223.uasset" 8667
"../../../Engine/Content/EngineMaterials/Substrate/Glints2/dict_0004_0222.uasset" 8668
"../../../Engine/Content/EngineMaterials/Substrate/Glints2/dict_0004_0221.uasset" 8669
"../../../Engine/Content/EngineMaterials/Substrate/Glints2/dict_0004_0220.uasset" 8670
"../../../Engine/Content/EngineMaterials/Substrate/Glints2/dict_0004_0218.uasset" 8671
"/Engine/EngineMaterials/Substrate/Glints2/dict_0004_0229" 8672
"../../../Engine/Content/EngineMaterials/Substrate/Glints2/dict_0004_0217.uasset" 8673
"../../../Engine/Content/EngineMaterials/Substrate/Glints2/dict_0004_0216.uasset" 8674
"../../../Engine/Content/EngineMaterials/Substrate/Glints2/dict_0004_0219.uasset" 8675
"../../../Engine/Content/EngineMaterials/Substrate/Glints2/dict_0004_0214.uasset" 8676
"../../../Engine/Content/EngineMaterials/Substrate/Glints2/dict_0004_0215.uasset" 8677
"../../../Engine/Content/EngineMaterials/Substrate/Glints2/dict_0004_0212.uasset" 8678
"../../../Engine/Content/EngineMaterials/Substrate/Glints2/dict_0004_0213.uasset" 8679
"/Engine/EngineMaterials/Substrate/Glints2/dict_0004_0230" 8680
"../../../Engine/Content/EngineMaterials/Substrate/Glints2/dict_0004_0211.uasset" 8681
"../../../Engine/Content/EngineMaterials/Substrate/Glints2/dict_0004_0209.uasset" 8682
"../../../Engine/Content/EngineMaterials/Substrate/Glints2/dict_0004_0210.uasset" 8683
"/Engine/EngineMaterials/Substrate/Glints2/dict_0004_0231" 8684
"/Engine/EngineMaterials/Substrate/Glints2/dict_0004_0232" 8685
"/Engine/EngineMaterials/Substrate/Glints2/dict_0004_0233" 8686
"/Engine/EngineMaterials/Substrate/Glints2/dict_0004_0234" 8687
"/Engine/EngineMaterials/Substrate/Glints2/dict_0004_0235" 8688
"/Engine/EngineMaterials/Substrate/Glints2/dict_0004_0236" 8689
"/Engine/EngineMaterials/Substrate/Glints2/dict_0004_0237" 8690
"/Engine/EngineMaterials/Substrate/Glints2/dict_0004_0238" 8691
"/Engine/EngineMaterials/Substrate/Glints2/dict_0005_0002" 8692
"/Engine/EngineMaterials/Substrate/Glints2/dict_0004_0239" 8693
"/Engine/EngineMaterials/Substrate/Glints2/dict_0004_0209" 8694
"../../../Engine/Content/EngineMaterials/Substrate/Glints2/dict_0004_0208.uasset" 8695
"/Engine/EngineMaterials/Substrate/Glints2/dict_0004_0210" 8696
"/Engine/EngineMaterials/Substrate/Glints2/dict_0004_0211" 8697
"/Engine/EngineMaterials/Substrate/Glints2/dict_0004_0212" 8698
"/Engine/EngineMaterials/Substrate/Glints2/dict_0004_0213" 8699
"../../../Engine/Content/EngineMaterials/Substrate/Glints2/dict_0004_0207.uasset" 8700
"../../../Engine/Content/EngineMaterials/Substrate/Glints2/dict_0004_0206.uasset" 8701
"../../../Engine/Content/EngineMaterials/Substrate/Glints2/dict_0004_0205.uasset" 8702
"../../../Engine/Content/EngineMaterials/Substrate/Glints2/dict_0004_0203.uasset" 8703
"../../../Engine/Content/EngineMaterials/Substrate/Glints2/dict_0004_0204.uasset" 8704
"/Engine/EngineMaterials/Substrate/Glints2/dict_0004_0214" 8705
"../../../Engine/Content/EngineMaterials/Substrate/Glints2/dict_0004_0201.uasset" 8706
"../../../Engine/Content/EngineMaterials/Substrate/Glints2/dict_0004_0200.uasset" 8707
"../../../Engine/Content/EngineMaterials/Substrate/Glints2/dict_0004_0199.uasset" 8708
"/Engine/EngineMaterials/Substrate/Glints2/dict_0004_0215" 8709
"../../../Engine/Content/EngineMaterials/Substrate/Glints2/dict_0004_0198.uasset" 8710
"../../../Engine/Content/EngineMaterials/Substrate/Glints2/dict_0004_0197.uasset" 8711
"../../../Engine/Content/EngineMaterials/Substrate/Glints2/dict_0004_0196.uasset" 8712
"/Engine/EngineMaterials/Substrate/Glints2/dict_0004_0216" 8713
"/Engine/EngineMaterials/Substrate/Glints2/dict_0004_0217" 8714
"/Engine/EngineMaterials/Substrate/Glints2/dict_0004_0218" 8715
"/Engine/EngineMaterials/Substrate/Glints2/dict_0004_0219" 8716
"/Engine/EngineMaterials/Substrate/Glints2/dict_0004_0220" 8717
"../../../Engine/Content/EngineMaterials/Substrate/Glints2/dict_0004_0202.uasset" 8718
"/Engine/EngineMaterials/Substrate/Glints2/dict_0004_0221" 8719
"/Engine/EngineMaterials/Substrate/Glints2/dict_0004_0222" 8720
"/Engine/EngineMaterials/Substrate/Glints2/dict_0004_0223" 8721
"/Engine/EngineMaterials/Substrate/Glints2/dict_0004_0224" 8722
"/Engine/EngineMaterials/Substrate/Glints2/dict_0004_0225" 8723
"/Engine/EngineMaterials/Substrate/Glints2/dict_0004_0226" 8724
"/Engine/EngineMaterials/Substrate/Glints2/dict_0004_0227" 8725
"../../../Engine/Content/EngineMaterials/Substrate/Glints2/dict_0004_0194.uasset" 8726
"/Engine/EngineMaterials/Substrate/Glints2/dict_0004_0196" 8727
"../../../Engine/Content/EngineMaterials/Substrate/Glints2/dict_0004_0195.uasset" 8728
"../../../Engine/Content/EngineMaterials/Substrate/Glints2/dict_0004_0193.uasset" 8729
"../../../Engine/Content/EngineMaterials/Substrate/Glints2/dict_0004_0192.uasset" 8730
"../../../Engine/Content/EngineMaterials/Substrate/Glints2/dict_0004_0191.uasset" 8731
"../../../Engine/Content/EngineMaterials/Substrate/Glints2/dict_0004_0190.uasset" 8732
"../../../Engine/Content/EngineMaterials/Substrate/Glints2/dict_0004_0189.uasset" 8733
"../../../Engine/Content/EngineMaterials/Substrate/Glints2/dict_0004_0187.uasset" 8734
"../../../Engine/Content/EngineMaterials/Substrate/Glints2/dict_0004_0186.uasset" 8735
"../../../Engine/Content/EngineMaterials/Substrate/Glints2/dict_0004_0188.uasset" 8736
"../../../Engine/Content/EngineMaterials/Substrate/Glints2/dict_0004_0185.uasset" 8737
"../../../Engine/Content/EngineMaterials/Substrate/Glints2/dict_0004_0183.uasset" 8738
"../../../Engine/Content/EngineMaterials/Substrate/Glints2/dict_0004_0182.uasset" 8739
"../../../Engine/Content/EngineMaterials/Substrate/Glints2/dict_0004_0184.uasset" 8740
"../../../Engine/Content/EngineMaterials/Substrate/Glints2/dict_0004_0181.uasset" 8741
"/Engine/EngineMaterials/Substrate/Glints2/dict_0004_0197" 8742
"../../../Engine/Content/EngineMaterials/Substrate/Glints2/dict_0004_0179.uasset" 8743
"../../../Engine/Content/EngineMaterials/Substrate/Glints2/dict_0004_0180.uasset" 8744
"../../../Engine/Content/EngineMaterials/Substrate/Glints2/dict_0004_0178.uasset" 8745
"../../../Engine/Content/EngineMaterials/Substrate/Glints2/dict_0004_0177.uasset" 8746
"/Engine/EngineMaterials/Substrate/Glints2/dict_0004_0198" 8747
"/Engine/EngineMaterials/Substrate/Glints2/dict_0004_0199" 8748
"/Engine/EngineMaterials/Substrate/Glints2/dict_0004_0200" 8749
"/Engine/EngineMaterials/Substrate/Glints2/dict_0004_0201" 8750
"/Engine/EngineMaterials/Substrate/Glints2/dict_0004_0202" 8751
"/Engine/EngineMaterials/Substrate/Glints2/dict_0004_0203" 8752
"/Engine/EngineMaterials/Substrate/Glints2/dict_0004_0204" 8753
"/Engine/EngineMaterials/Substrate/Glints2/dict_0004_0205" 8754
"/Engine/EngineMaterials/Substrate/Glints2/dict_0004_0206" 8755
"/Engine/EngineMaterials/Substrate/Glints2/dict_0004_0207" 8756
"/Engine/EngineMaterials/Substrate/Glints2/dict_0004_0208" 8757
"../../../Engine/Content/EngineMaterials/Substrate/Glints2/dict_0004_0175.uasset" 8758
"/Engine/EngineMaterials/Substrate/Glints2/dict_0004_0177" 8759
"../../../Engine/Content/EngineMaterials/Substrate/Glints2/dict_0004_0176.uasset" 8760
"../../../Engine/Content/EngineMaterials/Substrate/Glints2/dict_0004_0174.uasset" 8761
"../../../Engine/Content/EngineMaterials/Substrate/Glints2/dict_0004_0172.uasset" 8762
"../../../Engine/Content/EngineMaterials/Substrate/Glints2/dict_0004_0171.uasset" 8763
"../../../Engine/Content/EngineMaterials/Substrate/Glints2/dict_0004_0173.uasset" 8764
"../../../Engine/Content/EngineMaterials/Substrate/Glints2/dict_0004_0170.uasset" 8765
"/Engine/EngineMaterials/Substrate/Glints2/dict_0004_0178" 8766
"../../../Engine/Content/EngineMaterials/Substrate/Glints2/dict_0004_0169.uasset" 8767
"../../../Engine/Content/EngineMaterials/Substrate/Glints2/dict_0004_0168.uasset" 8768
"../../../Engine/Content/EngineMaterials/Substrate/Glints2/dict_0004_0167.uasset" 8769
"../../../Engine/Content/EngineMaterials/Substrate/Glints2/dict_0004_0165.uasset" 8770
"../../../Engine/Content/EngineMaterials/Substrate/Glints2/dict_0004_0166.uasset" 8771
"../../../Engine/Content/EngineMaterials/Substrate/Glints2/dict_0004_0164.uasset" 8772
"/Engine/EngineMaterials/Substrate/Glints2/dict_0004_0179" 8773
"/Engine/EngineMaterials/Substrate/Glints2/dict_0004_0180" 8774
"/Engine/EngineMaterials/Substrate/Glints2/dict_0004_0181" 8775
"/Engine/EngineMaterials/Substrate/Glints2/dict_0004_0182" 8776
"/Engine/EngineMaterials/Substrate/Glints2/dict_0004_0183" 8777
"/Engine/EngineMaterials/Substrate/Glints2/dict_0004_0184" 8778
"/Engine/EngineMaterials/Substrate/Glints2/dict_0004_0185" 8779
"/Engine/EngineMaterials/Substrate/Glints2/dict_0004_0186" 8780
"/Engine/EngineMaterials/Substrate/Glints2/dict_0004_0187" 8781
"/Engine/EngineMaterials/Substrate/Glints2/dict_0004_0188" 8782
"/Engine/EngineMaterials/Substrate/Glints2/dict_0004_0189" 8783
"/Engine/EngineMaterials/Substrate/Glints2/dict_0004_0190" 8784
"/Engine/EngineMaterials/Substrate/Glints2/dict_0004_0191" 8785
"/Engine/EngineMaterials/Substrate/Glints2/dict_0004_0192" 8786
"/Engine/EngineMaterials/Substrate/Glints2/dict_0004_0193" 8787
"/Engine/EngineMaterials/Substrate/Glints2/dict_0004_0194" 8788
"/Engine/EngineMaterials/Substrate/Glints2/dict_0004_0195" 8789
"../../../Engine/Content/EngineMaterials/Substrate/Glints2/dict_0004_0162.uasset" 8790
"../../../Engine/Content/EngineMaterials/Substrate/Glints2/dict_0004_0163.uasset" 8791
"/Engine/EngineMaterials/Substrate/Glints2/dict_0004_0164" 8792
"../../../Engine/Content/EngineMaterials/Substrate/Glints2/dict_0004_0161.uasset" 8793
"../../../Engine/Content/EngineMaterials/Substrate/Glints2/dict_0004_0160.uasset" 8794
"/Engine/EngineMaterials/Substrate/Glints2/dict_0004_0165" 8795
"../../../Engine/Content/EngineMaterials/Substrate/Glints2/dict_0004_0159.uasset" 8796
"/Engine/EngineMaterials/Substrate/Glints2/dict_0004_0166" 8797
"../../../Engine/Content/EngineMaterials/Substrate/Glints2/dict_0004_0158.uasset" 8798
"/Engine/EngineMaterials/Substrate/Glints2/dict_0004_0167" 8799
"../../../Engine/Content/EngineMaterials/Substrate/Glints2/dict_0004_0157.uasset" 8800
"../../../Engine/Content/EngineMaterials/Substrate/Glints2/dict_0004_0156.uasset" 8801
"/Engine/EngineMaterials/Substrate/Glints2/dict_0004_0168" 8802
"../../../Engine/Content/EngineMaterials/Substrate/Glints2/dict_0004_0155.uasset" 8803
"../../../Engine/Content/EngineMaterials/Substrate/Glints2/dict_0004_0154.uasset" 8804
"../../../Engine/Content/EngineMaterials/Substrate/Glints2/dict_0004_0153.uasset" 8805
"../../../Engine/Content/EngineMaterials/Substrate/Glints2/dict_0004_0152.uasset" 8806
"../../../Engine/Content/EngineMaterials/Substrate/Glints2/dict_0004_0151.uasset" 8807
"/Engine/EngineMaterials/Substrate/Glints2/dict_0004_0169" 8808
"../../../Engine/Content/EngineMaterials/Substrate/Glints2/dict_0004_0150.uasset" 8809
"../../../Engine/Content/EngineMaterials/Substrate/Glints2/dict_0004_0149.uasset" 8810
"../../../Engine/Content/EngineMaterials/Substrate/Glints2/dict_0004_0148.uasset" 8811
"../../../Engine/Content/EngineMaterials/Substrate/Glints2/dict_0004_0147.uasset" 8812
"/Engine/EngineMaterials/Substrate/Glints2/dict_0004_0170" 8813
"../../../Engine/Content/EngineMaterials/Substrate/Glints2/dict_0004_0146.uasset" 8814
"../../../Engine/Content/EngineMaterials/Substrate/Glints2/dict_0004_0145.uasset" 8815
"/Engine/EngineMaterials/Substrate/Glints2/dict_0004_0171" 8816
"/Engine/EngineMaterials/Substrate/Glints2/dict_0004_0172" 8817
"/Engine/EngineMaterials/Substrate/Glints2/dict_0004_0173" 8818
"/Engine/EngineMaterials/Substrate/Glints2/dict_0004_0174" 8819
"/Engine/EngineMaterials/Substrate/Glints2/dict_0004_0175" 8820
"/Engine/EngineMaterials/Substrate/Glints2/dict_0004_0176" 8821
"/Engine/EngineMaterials/Substrate/Glints2/dict_0004_0145" 8822
"../../../Engine/Content/EngineMaterials/Substrate/Glints2/dict_0004_0144.uasset" 8823
"../../../Engine/Content/EngineMaterials/Substrate/Glints2/dict_0004_0143.uasset" 8824
"../../../Engine/Content/EngineMaterials/Substrate/Glints2/dict_0004_0142.uasset" 8825
"../../../Engine/Content/EngineMaterials/Substrate/Glints2/dict_0004_0141.uasset" 8826
"../../../Engine/Content/EngineMaterials/Substrate/Glints2/dict_0004_0139.uasset" 8827
"../../../Engine/Content/EngineMaterials/Substrate/Glints2/dict_0004_0138.uasset" 8828
"../../../Engine/Content/EngineMaterials/Substrate/Glints2/dict_0004_0137.uasset" 8829
"../../../Engine/Content/EngineMaterials/Substrate/Glints2/dict_0004_0140.uasset" 8830
"../../../Engine/Content/EngineMaterials/Substrate/Glints2/dict_0004_0136.uasset" 8831
"../../../Engine/Content/EngineMaterials/Substrate/Glints2/dict_0004_0135.uasset" 8832
"../../../Engine/Content/EngineMaterials/Substrate/Glints2/dict_0004_0134.uasset" 8833
"../../../Engine/Content/EngineMaterials/Substrate/Glints2/dict_0004_0133.uasset" 8834
"../../../Engine/Content/EngineMaterials/Substrate/Glints2/dict_0004_0132.uasset" 8835
"/Engine/EngineMaterials/Substrate/Glints2/dict_0004_0146" 8836
"/Engine/EngineMaterials/Substrate/Glints2/dict_0004_0147" 8837
"/Engine/EngineMaterials/Substrate/Glints2/dict_0004_0148" 8838
"/Engine/EngineMaterials/Substrate/Glints2/dict_0004_0149" 8839
"/Engine/EngineMaterials/Substrate/Glints2/dict_0004_0150" 8840
"/Engine/EngineMaterials/Substrate/Glints2/dict_0004_0151" 8841
"/Engine/EngineMaterials/Substrate/Glints2/dict_0004_0152" 8842
"/Engine/EngineMaterials/Substrate/Glints2/dict_0004_0153" 8843
"/Engine/EngineMaterials/Substrate/Glints2/dict_0004_0154" 8844
"/Engine/EngineMaterials/Substrate/Glints2/dict_0004_0155" 8845
"/Engine/EngineMaterials/Substrate/Glints2/dict_0004_0156" 8846
"/Engine/EngineMaterials/Substrate/Glints2/dict_0004_0157" 8847
"/Engine/EngineMaterials/Substrate/Glints2/dict_0004_0158" 8848
"/Engine/EngineMaterials/Substrate/Glints2/dict_0004_0159" 8849
"/Engine/EngineMaterials/Substrate/Glints2/dict_0004_0160" 8850
"/Engine/EngineMaterials/Substrate/Glints2/dict_0004_0161" 8851
"/Engine/EngineMaterials/Substrate/Glints2/dict_0004_0162" 8852
"/Engine/EngineMaterials/Substrate/Glints2/dict_0004_0163" 8853
"../../../Engine/Content/EngineMaterials/Substrate/Glints2/dict_0004_0130.uasset" 8854
"../../../Engine/Content/EngineMaterials/Substrate/Glints2/dict_0004_0131.uasset" 8855
"../../../Engine/Content/EngineMaterials/Substrate/Glints2/dict_0004_0128.uasset" 8856
"../../../Engine/Content/EngineMaterials/Substrate/Glints2/dict_0004_0127.uasset" 8857
"../../../Engine/Content/EngineMaterials/Substrate/Glints2/dict_0004_0129.uasset" 8858
"../../../Engine/Content/EngineMaterials/Substrate/Glints2/dict_0004_0126.uasset" 8859
"../../../Engine/Content/EngineMaterials/Substrate/Glints2/dict_0004_0125.uasset" 8860
"../../../Engine/Content/EngineMaterials/Substrate/Glints2/dict_0004_0123.uasset" 8861
"../../../Engine/Content/EngineMaterials/Substrate/Glints2/dict_0004_0122.uasset" 8862
"../../../Engine/Content/EngineMaterials/Substrate/Glints2/dict_0004_0124.uasset" 8863
"../../../Engine/Content/EngineMaterials/Substrate/Glints2/dict_0004_0121.uasset" 8864
"../../../Engine/Content/EngineMaterials/Substrate/Glints2/dict_0004_0120.uasset" 8865
"../../../Engine/Content/EngineMaterials/Substrate/Glints2/dict_0004_0119.uasset" 8866
"../../../Engine/Content/EngineMaterials/Substrate/Glints2/dict_0004_0118.uasset" 8867
"/Engine/EngineMaterials/Substrate/Glints2/dict_0004_0132" 8868
"../../../Engine/Content/EngineMaterials/Substrate/Glints2/dict_0004_0116.uasset" 8869
"../../../Engine/Content/EngineMaterials/Substrate/Glints2/dict_0004_0117.uasset" 8870
"../../../Engine/Content/EngineMaterials/Substrate/Glints2/dict_0004_0115.uasset" 8871
"/Engine/EngineMaterials/Substrate/Glints2/dict_0004_0133" 8872
"../../../Engine/Content/EngineMaterials/Substrate/Glints2/dict_0004_0114.uasset" 8873
"../../../Engine/Content/EngineMaterials/Substrate/Glints2/dict_0004_0113.uasset" 8874
"/Engine/EngineMaterials/Substrate/Glints2/dict_0004_0134" 8875
"/Engine/EngineMaterials/Substrate/Glints2/dict_0004_0135" 8876
"/Engine/EngineMaterials/Substrate/Glints2/dict_0004_0136" 8877
"/Engine/EngineMaterials/Substrate/Glints2/dict_0004_0137" 8878
"/Engine/EngineMaterials/Substrate/Glints2/dict_0004_0138" 8879
"/Engine/EngineMaterials/Substrate/Glints2/dict_0004_0139" 8880
"/Engine/EngineMaterials/Substrate/Glints2/dict_0004_0140" 8881
"/Engine/EngineMaterials/Substrate/Glints2/dict_0004_0141" 8882
"/Engine/EngineMaterials/Substrate/Glints2/dict_0004_0118" 8883
"/Engine/EngineMaterials/Substrate/Glints2/dict_0004_0142" 8884
"/Engine/EngineMaterials/Substrate/Glints2/dict_0004_0119" 8885
"/Engine/EngineMaterials/Substrate/Glints2/dict_0004_0120" 8886
"/Engine/EngineMaterials/Substrate/Glints2/dict_0004_0121" 8887
"/Engine/EngineMaterials/Substrate/Glints2/dict_0004_0122" 8888
"/Engine/EngineMaterials/Substrate/Glints2/dict_0004_0123" 8889
"/Engine/EngineMaterials/Substrate/Glints2/dict_0004_0124" 8890
"/Engine/EngineMaterials/Substrate/Glints2/dict_0004_0125" 8891
"/Engine/EngineMaterials/Substrate/Glints2/dict_0004_0126" 8892
"/Engine/EngineMaterials/Substrate/Glints2/dict_0004_0127" 8893
"/Engine/EngineMaterials/Substrate/Glints2/dict_0004_0128" 8894
"/Engine/EngineMaterials/Substrate/Glints2/dict_0004_0129" 8895
"/Engine/EngineMaterials/Substrate/Glints2/dict_0004_0130" 8896
"/Engine/EngineMaterials/Substrate/Glints2/dict_0004_0143" 8897
"/Engine/EngineMaterials/Substrate/Glints2/dict_0004_0131" 8898
"/Engine/EngineMaterials/Substrate/Glints2/dict_0004_0144" 8899
"../../../Engine/Content/EngineMaterials/Substrate/Glints2/dict_0004_0111.uasset" 8900
"/Engine/EngineMaterials/Substrate/Glints2/dict_0004_0113" 8901
"../../../Engine/Content/EngineMaterials/Substrate/Glints2/dict_0004_0112.uasset" 8902
"../../../Engine/Content/EngineMaterials/Substrate/Glints2/dict_0004_0110.uasset" 8903
"../../../Engine/Content/EngineMaterials/Substrate/Glints2/dict_0004_0109.uasset" 8904
"../../../Engine/Content/EngineMaterials/Substrate/Glints2/dict_0004_0108.uasset" 8905
"../../../Engine/Content/EngineMaterials/Substrate/Glints2/dict_0004_0107.uasset" 8906
"../../../Engine/Content/EngineMaterials/Substrate/Glints2/dict_0004_0106.uasset" 8907
"../../../Engine/Content/EngineMaterials/Substrate/Glints2/dict_0004_0104.uasset" 8908
"../../../Engine/Content/EngineMaterials/Substrate/Glints2/dict_0004_0105.uasset" 8909
"../../../Engine/Content/EngineMaterials/Substrate/Glints2/dict_0004_0103.uasset" 8910
"/Engine/EngineMaterials/Substrate/Glints2/dict_0004_0114" 8911
"../../../Engine/Content/EngineMaterials/Substrate/Glints2/dict_0004_0101.uasset" 8912
"../../../Engine/Content/EngineMaterials/Substrate/Glints2/dict_0004_0102.uasset" 8913
"../../../Engine/Content/EngineMaterials/Substrate/Glints2/dict_0004_0099.uasset" 8914
"../../../Engine/Content/EngineMaterials/Substrate/Glints2/dict_0004_0100.uasset" 8915
"../../../Engine/Content/EngineMaterials/Substrate/Glints2/dict_0004_0098.uasset" 8916
"../../../Engine/Content/EngineMaterials/Substrate/Glints2/dict_0004_0097.uasset" 8917
"../../../Engine/Content/EngineMaterials/Substrate/Glints2/dict_0004_0096.uasset" 8918
"/Engine/EngineMaterials/Substrate/Glints2/dict_0004_0115" 8919
"../../../Engine/Content/EngineMaterials/Substrate/Glints2/dict_0004_0095.uasset" 8920
"../../../Engine/Content/EngineMaterials/Substrate/Glints2/dict_0004_0094.uasset" 8921
"../../../Engine/Content/EngineMaterials/Substrate/Glints2/dict_0004_0093.uasset" 8922
"../../../Engine/Content/EngineMaterials/Substrate/Glints2/dict_0004_0092.uasset" 8923
"../../../Engine/Content/EngineMaterials/Substrate/Glints2/dict_0004_0091.uasset" 8924
"../../../Engine/Content/EngineMaterials/Substrate/Glints2/dict_0004_0090.uasset" 8925
"../../../Engine/Content/EngineMaterials/Substrate/Glints2/dict_0004_0089.uasset" 8926
"../../../Engine/Content/EngineMaterials/Substrate/Glints2/dict_0004_0088.uasset" 8927
"/Engine/EngineMaterials/Substrate/Glints2/dict_0004_0116" 8928
"../../../Engine/Content/EngineMaterials/Substrate/Glints2/dict_0004_0087.uasset" 8929
"../../../Engine/Content/EngineMaterials/Substrate/Glints2/dict_0004_0086.uasset" 8930
"/Engine/EngineMaterials/Substrate/Glints2/dict_0004_0117" 8931
"../../../Engine/Content/EngineMaterials/Substrate/Glints2/dict_0004_0084.uasset" 8932
"../../../Engine/Content/EngineMaterials/Substrate/Glints2/dict_0004_0085.uasset" 8933
"/Engine/EngineMaterials/Substrate/Glints2/dict_0004_0086" 8934
"../../../Engine/Content/EngineMaterials/Substrate/Glints2/dict_0004_0083.uasset" 8935
"../../../Engine/Content/EngineMaterials/Substrate/Glints2/dict_0004_0082.uasset" 8936
"../../../Engine/Content/EngineMaterials/Substrate/Glints2/dict_0004_0081.uasset" 8937
"/Engine/EngineMaterials/Substrate/Glints2/dict_0004_0087" 8938
"/Engine/EngineMaterials/Substrate/Glints2/dict_0004_0088" 8939
"/Engine/EngineMaterials/Substrate/Glints2/dict_0004_0089" 8940
"/Engine/EngineMaterials/Substrate/Glints2/dict_0004_0090" 8941
"/Engine/EngineMaterials/Substrate/Glints2/dict_0004_0091" 8942
"/Engine/EngineMaterials/Substrate/Glints2/dict_0004_0092" 8943
"/Engine/EngineMaterials/Substrate/Glints2/dict_0004_0093" 8944
"/Engine/EngineMaterials/Substrate/Glints2/dict_0004_0094" 8945
"/Engine/EngineMaterials/Substrate/Glints2/dict_0004_0095" 8946
"/Engine/EngineMaterials/Substrate/Glints2/dict_0004_0096" 8947
"/Engine/EngineMaterials/Substrate/Glints2/dict_0004_0097" 8948
"/Engine/EngineMaterials/Substrate/Glints2/dict_0004_0098" 8949
"/Engine/EngineMaterials/Substrate/Glints2/dict_0004_0099" 8950
"/Engine/EngineMaterials/Substrate/Glints2/dict_0004_0100" 8951
"/Engine/EngineMaterials/Substrate/Glints2/dict_0004_0101" 8952
"/Engine/EngineMaterials/Substrate/Glints2/dict_0004_0102" 8953
"/Engine/EngineMaterials/Substrate/Glints2/dict_0004_0103" 8954
"/Engine/EngineMaterials/Substrate/Glints2/dict_0004_0104" 8955
"/Engine/EngineMaterials/Substrate/Glints2/dict_0004_0105" 8956
"/Engine/EngineMaterials/Substrate/Glints2/dict_0004_0106" 8957
"/Engine/EngineMaterials/Substrate/Glints2/dict_0004_0107" 8958
"/Engine/EngineMaterials/Substrate/Glints2/dict_0004_0108" 8959
"/Engine/EngineMaterials/Substrate/Glints2/dict_0004_0109" 8960
"/Engine/EngineMaterials/Substrate/Glints2/dict_0004_0110" 8961
"/Engine/EngineMaterials/Substrate/Glints2/dict_0004_0111" 8962
"/Engine/EngineMaterials/Substrate/Glints2/dict_0004_0112" 8963
"/Engine/EngineMaterials/Substrate/Glints2/dict_0004_0081" 8964
"../../../Engine/Content/EngineMaterials/Substrate/Glints2/dict_0004_0080.uasset" 8965
"../../../Engine/Content/EngineMaterials/Substrate/Glints2/dict_0004_0079.uasset" 8966
"../../../Engine/Content/EngineMaterials/Substrate/Glints2/dict_0004_0077.uasset" 8967
"../../../Engine/Content/EngineMaterials/Substrate/Glints2/dict_0004_0078.uasset" 8968
"../../../Engine/Content/EngineMaterials/Substrate/Glints2/dict_0004_0076.uasset" 8969
"../../../Engine/Content/EngineMaterials/Substrate/Glints2/dict_0004_0075.uasset" 8970
"../../../Engine/Content/EngineMaterials/Substrate/Glints2/dict_0004_0074.uasset" 8971
"../../../Engine/Content/EngineMaterials/Substrate/Glints2/dict_0004_0073.uasset" 8972
"../../../Engine/Content/EngineMaterials/Substrate/Glints2/dict_0004_0072.uasset" 8973
"../../../Engine/Content/EngineMaterials/Substrate/Glints2/dict_0004_0071.uasset" 8974
"../../../Engine/Content/EngineMaterials/Substrate/Glints2/dict_0004_0070.uasset" 8975
"../../../Engine/Content/EngineMaterials/Substrate/Glints2/dict_0004_0069.uasset" 8976
"../../../Engine/Content/EngineMaterials/Substrate/Glints2/dict_0004_0068.uasset" 8977
"/Engine/EngineMaterials/Substrate/Glints2/dict_0004_0082" 8978
"../../../Engine/Content/EngineMaterials/Substrate/Glints2/dict_0004_0067.uasset" 8979
"/Engine/EngineMaterials/Substrate/Glints2/dict_0004_0083" 8980
"../../../Engine/Content/EngineMaterials/Substrate/Glints2/dict_0004_0065.uasset" 8981
"../../../Engine/Content/EngineMaterials/Substrate/Glints2/dict_0004_0064.uasset" 8982
"../../../Engine/Content/EngineMaterials/Substrate/Glints2/dict_0004_0063.uasset" 8983
"../../../Engine/Content/EngineMaterials/Substrate/Glints2/dict_0004_0066.uasset" 8984
"../../../Engine/Content/EngineMaterials/Substrate/Glints2/dict_0004_0062.uasset" 8985
"../../../Engine/Content/EngineMaterials/Substrate/Glints2/dict_0004_0061.uasset" 8986
"../../../Engine/Content/EngineMaterials/Substrate/Glints2/dict_0004_0060.uasset" 8987
"../../../Engine/Content/EngineMaterials/Substrate/Glints2/dict_0004_0059.uasset" 8988
"/Engine/EngineMaterials/Substrate/Glints2/dict_0004_0084" 8989
"../../../Engine/Content/EngineMaterials/Substrate/Glints2/dict_0004_0058.uasset" 8990
"../../../Engine/Content/EngineMaterials/Substrate/Glints2/dict_0004_0057.uasset" 8991
"../../../Engine/Content/EngineMaterials/Substrate/Glints2/dict_0004_0056.uasset" 8992
"../../../Engine/Content/EngineMaterials/Substrate/Glints2/dict_0004_0055.uasset" 8993
"../../../Engine/Content/EngineMaterials/Substrate/Glints2/dict_0004_0054.uasset" 8994
"/Engine/EngineMaterials/Substrate/Glints2/dict_0004_0085" 8995
"/Engine/EngineMaterials/Substrate/Glints2/dict_0004_0054" 8996
"../../../Engine/Content/EngineMaterials/Substrate/Glints2/dict_0004_0053.uasset" 8997
"../../../Engine/Content/EngineMaterials/Substrate/Glints2/dict_0004_0052.uasset" 8998
"../../../Engine/Content/EngineMaterials/Substrate/Glints2/dict_0004_0051.uasset" 8999
"../../../Engine/Content/EngineMaterials/Substrate/Glints2/dict_0004_0050.uasset" 9000
"../../../Engine/Content/EngineMaterials/Substrate/Glints2/dict_0004_0049.uasset" 9001
"/Engine/EngineMaterials/Substrate/Glints2/dict_0004_0055" 9002
"/Engine/EngineMaterials/Substrate/Glints2/dict_0004_0056" 9003
"/Engine/EngineMaterials/Substrate/Glints2/dict_0004_0057" 9004
"/Engine/EngineMaterials/Substrate/Glints2/dict_0004_0058" 9005
"/Engine/EngineMaterials/Substrate/Glints2/dict_0004_0059" 9006
"/Engine/EngineMaterials/Substrate/Glints2/dict_0004_0060" 9007
"/Engine/EngineMaterials/Substrate/Glints2/dict_0004_0061" 9008
"/Engine/EngineMaterials/Substrate/Glints2/dict_0004_0062" 9009
"/Engine/EngineMaterials/Substrate/Glints2/dict_0004_0063" 9010
"/Engine/EngineMaterials/Substrate/Glints2/dict_0004_0064" 9011
"/Engine/EngineMaterials/Substrate/Glints2/dict_0004_0065" 9012
"/Engine/EngineMaterials/Substrate/Glints2/dict_0004_0066" 9013
"/Engine/EngineMaterials/Substrate/Glints2/dict_0004_0067" 9014
"/Engine/EngineMaterials/Substrate/Glints2/dict_0004_0068" 9015
"/Engine/EngineMaterials/Substrate/Glints2/dict_0004_0069" 9016
"/Engine/EngineMaterials/Substrate/Glints2/dict_0004_0070" 9017
"/Engine/EngineMaterials/Substrate/Glints2/dict_0004_0071" 9018
"/Engine/EngineMaterials/Substrate/Glints2/dict_0004_0072" 9019
"/Engine/EngineMaterials/Substrate/Glints2/dict_0004_0073" 9020
"/Engine/EngineMaterials/Substrate/Glints2/dict_0004_0074" 9021
"/Engine/EngineMaterials/Substrate/Glints2/dict_0004_0075" 9022
"/Engine/EngineMaterials/Substrate/Glints2/dict_0004_0076" 9023
"/Engine/EngineMaterials/Substrate/Glints2/dict_0004_0077" 9024
"/Engine/EngineMaterials/Substrate/Glints2/dict_0004_0078" 9025
"/Engine/EngineMaterials/Substrate/Glints2/dict_0004_0079" 9026
"/Engine/EngineMaterials/Substrate/Glints2/dict_0004_0080" 9027
"/Engine/EngineMaterials/Substrate/Glints2/dict_0004_0049" 9028
"../../../Engine/Content/EngineMaterials/Substrate/Glints2/dict_0004_0048.uasset" 9029
"../../../Engine/Content/EngineMaterials/Substrate/Glints2/dict_0004_0047.uasset" 9030
"/Engine/EngineMaterials/Substrate/Glints2/dict_0004_0050" 9031
"../../../Engine/Content/EngineMaterials/Substrate/Glints2/dict_0004_0046.uasset" 9032
"../../../Engine/Content/EngineMaterials/Substrate/Glints2/dict_0004_0045.uasset" 9033
"/Engine/EngineMaterials/Substrate/Glints2/dict_0004_0051" 9034
"../../../Engine/Content/EngineMaterials/Substrate/Glints2/dict_0004_0044.uasset" 9035
"../../../Engine/Content/EngineMaterials/Substrate/Glints2/dict_0004_0043.uasset" 9036
"../../../Engine/Content/EngineMaterials/Substrate/Glints2/dict_0004_0042.uasset" 9037
"/Engine/EngineMaterials/Substrate/Glints2/dict_0004_0052" 9038
"../../../Engine/Content/EngineMaterials/Substrate/Glints2/dict_0004_0041.uasset" 9039
"/Engine/EngineMaterials/Substrate/Glints2/dict_0004_0053" 9040
"../../../Engine/Content/EngineMaterials/Substrate/Glints2/dict_0004_0040.uasset" 9041
"../../../Engine/Content/EngineMaterials/Substrate/Glints2/dict_0004_0039.uasset" 9042
"../../../Engine/Content/EngineMaterials/Substrate/Glints2/dict_0004_0038.uasset" 9043
"../../../Engine/Content/EngineMaterials/Substrate/Glints2/dict_0004_0037.uasset" 9044
"../../../Engine/Content/EngineMaterials/Substrate/Glints2/dict_0004_0036.uasset" 9045
"../../../Engine/Content/EngineMaterials/Substrate/Glints2/dict_0004_0035.uasset" 9046
"../../../Engine/Content/EngineMaterials/Substrate/Glints2/dict_0004_0034.uasset" 9047
"../../../Engine/Content/EngineMaterials/Substrate/Glints2/dict_0004_0033.uasset" 9048
"../../../Engine/Content/EngineMaterials/Substrate/Glints2/dict_0004_0031.uasset" 9049
"../../../Engine/Content/EngineMaterials/Substrate/Glints2/dict_0004_0032.uasset" 9050
"../../../Engine/Content/EngineMaterials/Substrate/Glints2/dict_0004_0030.uasset" 9051
"../../../Engine/Content/EngineMaterials/Substrate/Glints2/dict_0004_0029.uasset" 9052
"/Engine/EngineMaterials/Substrate/Glints2/dict_0004_0029" 9053
"../../../Engine/Content/EngineMaterials/Substrate/Glints2/dict_0004_0027.uasset" 9054
"../../../Engine/Content/EngineMaterials/Substrate/Glints2/dict_0004_0028.uasset" 9055
"../../../Engine/Content/EngineMaterials/Substrate/Glints2/dict_0004_0026.uasset" 9056
"../../../Engine/Content/EngineMaterials/Substrate/Glints2/dict_0004_0025.uasset" 9057
"/Engine/EngineMaterials/Substrate/Glints2/dict_0004_0030" 9058
"../../../Engine/Content/EngineMaterials/Substrate/Glints2/dict_0004_0024.uasset" 9059
"../../../Engine/Content/EngineMaterials/Substrate/Glints2/dict_0004_0023.uasset" 9060
"../../../Engine/Content/EngineMaterials/Substrate/Glints2/dict_0004_0022.uasset" 9061
"../../../Engine/Content/EngineMaterials/Substrate/Glints2/dict_0004_0021.uasset" 9062
"/Engine/EngineMaterials/Substrate/Glints2/dict_0004_0031" 9063
"../../../Engine/Content/EngineMaterials/Substrate/Glints2/dict_0004_0020.uasset" 9064
"../../../Engine/Content/EngineMaterials/Substrate/Glints2/dict_0004_0019.uasset" 9065
"../../../Engine/Content/EngineMaterials/Substrate/Glints2/dict_0004_0018.uasset" 9066
"../../../Engine/Content/EngineMaterials/Substrate/Glints2/dict_0004_0017.uasset" 9067
"/Engine/EngineMaterials/Substrate/Glints2/dict_0004_0032" 9068
"/Engine/EngineMaterials/Substrate/Glints2/dict_0004_0033" 9069
"/Engine/EngineMaterials/Substrate/Glints2/dict_0004_0034" 9070
"/Engine/EngineMaterials/Substrate/Glints2/dict_0004_0035" 9071
"/Engine/EngineMaterials/Substrate/Glints2/dict_0004_0036" 9072
"/Engine/EngineMaterials/Substrate/Glints2/dict_0004_0037" 9073
"/Engine/EngineMaterials/Substrate/Glints2/dict_0004_0038" 9074
"/Engine/EngineMaterials/Substrate/Glints2/dict_0004_0039" 9075
"/Engine/EngineMaterials/Substrate/Glints2/dict_0004_0040" 9076
"/Engine/EngineMaterials/Substrate/Glints2/dict_0004_0041" 9077
"/Engine/EngineMaterials/Substrate/Glints2/dict_0004_0042" 9078
"/Engine/EngineMaterials/Substrate/Glints2/dict_0004_0043" 9079
"/Engine/EngineMaterials/Substrate/Glints2/dict_0004_0044" 9080
"/Engine/EngineMaterials/Substrate/Glints2/dict_0004_0045" 9081
"/Engine/EngineMaterials/Substrate/Glints2/dict_0004_0046" 9082
"/Engine/EngineMaterials/Substrate/Glints2/dict_0004_0047" 9083
"/Engine/EngineMaterials/Substrate/Glints2/dict_0004_0048" 9084
"../../../Engine/Content/EngineMaterials/Substrate/Glints2/dict_0004_0015.uasset" 9085
"../../../Engine/Content/EngineMaterials/Substrate/Glints2/dict_0004_0016.uasset" 9086
"/Engine/EngineMaterials/Substrate/Glints2/dict_0004_0022" 9087
"../../../Engine/Content/EngineMaterials/Substrate/Glints2/dict_0004_0014.uasset" 9088
"../../../Engine/Content/EngineMaterials/Substrate/Glints2/dict_0004_0013.uasset" 9089
"../../../Engine/Content/EngineMaterials/Substrate/Glints2/dict_0004_0012.uasset" 9090
"../../../Engine/Content/EngineMaterials/Substrate/Glints2/dict_0004_0011.uasset" 9091
"../../../Engine/Content/EngineMaterials/Substrate/Glints2/dict_0004_0010.uasset" 9092
"../../../Engine/Content/EngineMaterials/Substrate/Glints2/dict_0004_0009.uasset" 9093
"../../../Engine/Content/EngineMaterials/Substrate/Glints2/dict_0004_0008.uasset" 9094
"../../../Engine/Content/EngineMaterials/Substrate/Glints2/dict_0004_0007.uasset" 9095
"../../../Engine/Content/EngineMaterials/Substrate/Glints2/dict_0004_0006.uasset" 9096
"../../../Engine/Content/EngineMaterials/Substrate/Glints2/dict_0004_0004.uasset" 9097
"../../../Engine/Content/EngineMaterials/Substrate/Glints2/dict_0004_0005.uasset" 9098
"../../../Engine/Content/EngineMaterials/Substrate/Glints2/dict_0004_0002.uasset" 9099
"/Engine/EngineMaterials/Substrate/Glints2/dict_0004_0017" 9100
"../../../Engine/Content/EngineMaterials/Substrate/Glints2/dict_0004_0003.uasset" 9101
"../../../Engine/Content/EngineMaterials/Substrate/Glints2/dict_0004_0001.uasset" 9102
"/Engine/EngineMaterials/Substrate/Glints2/dict_0004_0018" 9103
"../../../Engine/Content/EngineMaterials/Substrate/Glints2/dict_0003_0255.uasset" 9104
"/Engine/EngineMaterials/Substrate/Glints2/dict_0004_0019" 9105
"/Engine/EngineMaterials/Substrate/Glints2/dict_0004_0020" 9106
"../../../Engine/Content/EngineMaterials/Substrate/Glints2/dict_0004_0000.uasset" 9107
"../../../Engine/Content/EngineMaterials/Substrate/Glints2/dict_0003_0253.uasset" 9108
"../../../Engine/Content/EngineMaterials/Substrate/Glints2/dict_0003_0254.uasset" 9109
"/Engine/EngineMaterials/Substrate/Glints2/dict_0004_0023" 9110
"/Engine/EngineMaterials/Substrate/Glints2/dict_0004_0024" 9111
"/Engine/EngineMaterials/Substrate/Glints2/dict_0004_0025" 9112
"/Engine/EngineMaterials/Substrate/Glints2/dict_0004_0026" 9113
"/Engine/EngineMaterials/Substrate/Glints2/dict_0004_0027" 9114
"/Engine/EngineMaterials/Substrate/Glints2/dict_0004_0028" 9115
"/Engine/EngineMaterials/Substrate/Glints2/dict_0004_0021" 9116
"/Engine/EngineMaterials/Substrate/Glints2/dict_0003_0253" 9117
"../../../Engine/Content/EngineMaterials/Substrate/Glints2/dict_0003_0251.uasset" 9118
"../../../Engine/Content/EngineMaterials/Substrate/Glints2/dict_0003_0252.uasset" 9119
"/Engine/EngineMaterials/Substrate/Glints2/dict_0003_0254" 9120
"../../../Engine/Content/EngineMaterials/Substrate/Glints2/dict_0003_0250.uasset" 9121
"../../../Engine/Content/EngineMaterials/Substrate/Glints2/dict_0003_0249.uasset" 9122
"../../../Engine/Content/EngineMaterials/Substrate/Glints2/dict_0003_0248.uasset" 9123
"../../../Engine/Content/EngineMaterials/Substrate/Glints2/dict_0003_0247.uasset" 9124
"../../../Engine/Content/EngineMaterials/Substrate/Glints2/dict_0003_0246.uasset" 9125
"../../../Engine/Content/EngineMaterials/Substrate/Glints2/dict_0003_0245.uasset" 9126
"../../../Engine/Content/EngineMaterials/Substrate/Glints2/dict_0003_0244.uasset" 9127
"../../../Engine/Content/EngineMaterials/Substrate/Glints2/dict_0003_0243.uasset" 9128
"/Engine/EngineMaterials/Substrate/Glints2/dict_0003_0255" 9129
"../../../Engine/Content/EngineMaterials/Substrate/Glints2/dict_0003_0242.uasset" 9130
"../../../Engine/Content/EngineMaterials/Substrate/Glints2/dict_0003_0241.uasset" 9131
"/Engine/EngineMaterials/Substrate/Glints2/dict_0004_0000" 9132
"/Engine/EngineMaterials/Substrate/Glints2/dict_0004_0001" 9133
"/Engine/EngineMaterials/Substrate/Glints2/dict_0004_0002" 9134
"/Engine/EngineMaterials/Substrate/Glints2/dict_0004_0003" 9135
"/Engine/EngineMaterials/Substrate/Glints2/dict_0004_0004" 9136
"/Engine/EngineMaterials/Substrate/Glints2/dict_0004_0005" 9137
"/Engine/EngineMaterials/Substrate/Glints2/dict_0004_0006" 9138
"/Engine/EngineMaterials/Substrate/Glints2/dict_0004_0007" 9139
"/Engine/EngineMaterials/Substrate/Glints2/dict_0004_0008" 9140
"/Engine/EngineMaterials/Substrate/Glints2/dict_0004_0009" 9141
"/Engine/EngineMaterials/Substrate/Glints2/dict_0004_0010" 9142
"/Engine/EngineMaterials/Substrate/Glints2/dict_0004_0011" 9143
"/Engine/EngineMaterials/Substrate/Glints2/dict_0004_0012" 9144
"/Engine/EngineMaterials/Substrate/Glints2/dict_0004_0013" 9145
"/Engine/EngineMaterials/Substrate/Glints2/dict_0004_0014" 9146
"/Engine/EngineMaterials/Substrate/Glints2/dict_0004_0015" 9147
"/Engine/EngineMaterials/Substrate/Glints2/dict_0004_0016" 9148
"../../../Engine/Content/EngineMaterials/Substrate/Glints2/dict_0003_0240.uasset" 9149
"../../../Engine/Content/EngineMaterials/Substrate/Glints2/dict_0003_0239.uasset" 9150
"/Engine/EngineMaterials/Substrate/Glints2/dict_0003_0241" 9151
"../../../Engine/Content/EngineMaterials/Substrate/Glints2/dict_0003_0238.uasset" 9152
"../../../Engine/Content/EngineMaterials/Substrate/Glints2/dict_0003_0237.uasset" 9153
"../../../Engine/Content/EngineMaterials/Substrate/Glints2/dict_0003_0236.uasset" 9154
"../../../Engine/Content/EngineMaterials/Substrate/Glints2/dict_0003_0235.uasset" 9155
"/Engine/EngineMaterials/Substrate/Glints2/dict_0003_0242" 9156
"../../../Engine/Content/EngineMaterials/Substrate/Glints2/dict_0003_0234.uasset" 9157
"../../../Engine/Content/EngineMaterials/Substrate/Glints2/dict_0003_0233.uasset" 9158
"../../../Engine/Content/EngineMaterials/Substrate/Glints2/dict_0003_0232.uasset" 9159
"../../../Engine/Content/EngineMaterials/Substrate/Glints2/dict_0003_0231.uasset" 9160
"../../../Engine/Content/EngineMaterials/Substrate/Glints2/dict_0003_0230.uasset" 9161
"/Engine/EngineMaterials/Substrate/Glints2/dict_0003_0243" 9162
"../../../Engine/Content/EngineMaterials/Substrate/Glints2/dict_0003_0229.uasset" 9163
"../../../Engine/Content/EngineMaterials/Substrate/Glints2/dict_0003_0228.uasset" 9164
"/Engine/EngineMaterials/Substrate/Glints2/dict_0003_0244" 9165
"../../../Engine/Content/EngineMaterials/Substrate/Glints2/dict_0003_0227.uasset" 9166
"../../../Engine/Content/EngineMaterials/Substrate/Glints2/dict_0003_0226.uasset" 9167
"../../../Engine/Content/EngineMaterials/Substrate/Glints2/dict_0003_0225.uasset" 9168
"../../../Engine/Content/EngineMaterials/Substrate/Glints2/dict_0003_0224.uasset" 9169
"../../../Engine/Content/EngineMaterials/Substrate/Glints2/dict_0003_0223.uasset" 9170
"../../../Engine/Content/EngineMaterials/Substrate/Glints2/dict_0003_0222.uasset" 9171
"../../../Engine/Content/EngineMaterials/Substrate/Glints2/dict_0003_0221.uasset" 9172
"/Engine/EngineMaterials/Substrate/Glints2/dict_0003_0245" 9173
"/Engine/EngineMaterials/Substrate/Glints2/dict_0003_0246" 9174
"/Engine/EngineMaterials/Substrate/Glints2/dict_0003_0247" 9175
"/Engine/EngineMaterials/Substrate/Glints2/dict_0003_0248" 9176
"/Engine/EngineMaterials/Substrate/Glints2/dict_0003_0249" 9177
"/Engine/EngineMaterials/Substrate/Glints2/dict_0003_0250" 9178
"/Engine/EngineMaterials/Substrate/Glints2/dict_0003_0251" 9179
"/Engine/EngineMaterials/Substrate/Glints2/dict_0003_0252" 9180
"/Engine/EngineMaterials/Substrate/Glints2/dict_0003_0221" 9181
"../../../Engine/Content/EngineMaterials/Substrate/Glints2/dict_0003_0220.uasset" 9182
"../../../Engine/Content/EngineMaterials/Substrate/Glints2/dict_0003_0219.uasset" 9183
"../../../Engine/Content/EngineMaterials/Substrate/Glints2/dict_0003_0218.uasset" 9184
"../../../Engine/Content/EngineMaterials/Substrate/Glints2/dict_0003_0217.uasset" 9185
"/Engine/EngineMaterials/Substrate/Glints2/dict_0003_0222" 9186
"../../../Engine/Content/EngineMaterials/Substrate/Glints2/dict_0003_0216.uasset" 9187
"../../../Engine/Content/EngineMaterials/Substrate/Glints2/dict_0003_0215.uasset" 9188
"../../../Engine/Content/EngineMaterials/Substrate/Glints2/dict_0003_0214.uasset" 9189
"/Engine/EngineMaterials/Substrate/Glints2/dict_0003_0223" 9190
"../../../Engine/Content/EngineMaterials/Substrate/Glints2/dict_0003_0213.uasset" 9191
"../../../Engine/Content/EngineMaterials/Substrate/Glints2/dict_0003_0212.uasset" 9192
"../../../Engine/Content/EngineMaterials/Substrate/Glints2/dict_0003_0211.uasset" 9193
"../../../Engine/Content/EngineMaterials/Substrate/Glints2/dict_0003_0210.uasset" 9194
"../../../Engine/Content/EngineMaterials/Substrate/Glints2/dict_0003_0209.uasset" 9195
"/Engine/EngineMaterials/Substrate/Glints2/dict_0003_0224" 9196
"/Engine/EngineMaterials/Substrate/Glints2/dict_0003_0225" 9197
"/Engine/EngineMaterials/Substrate/Glints2/dict_0003_0226" 9198
"/Engine/EngineMaterials/Substrate/Glints2/dict_0003_0227" 9199
"/Engine/EngineMaterials/Substrate/Glints2/dict_0003_0228" 9200
"/Engine/EngineMaterials/Substrate/Glints2/dict_0003_0229" 9201
"/Engine/EngineMaterials/Substrate/Glints2/dict_0003_0230" 9202
"/Engine/EngineMaterials/Substrate/Glints2/dict_0003_0231" 9203
"/Engine/EngineMaterials/Substrate/Glints2/dict_0003_0232" 9204
"/Engine/EngineMaterials/Substrate/Glints2/dict_0003_0233" 9205
"/Engine/EngineMaterials/Substrate/Glints2/dict_0003_0234" 9206
"/Engine/EngineMaterials/Substrate/Glints2/dict_0003_0235" 9207
"/Engine/EngineMaterials/Substrate/Glints2/dict_0003_0236" 9208
"/Engine/EngineMaterials/Substrate/Glints2/dict_0003_0237" 9209
"/Engine/EngineMaterials/Substrate/Glints2/dict_0003_0238" 9210
"/Engine/EngineMaterials/Substrate/Glints2/dict_0003_0239" 9211
"../../../Engine/Content/EngineMaterials/Substrate/Glints2/dict_0003_0207.uasset" 9212
"../../../Engine/Content/EngineMaterials/Substrate/Glints2/dict_0003_0208.uasset" 9213
"/Engine/EngineMaterials/Substrate/Glints2/dict_0003_0209" 9214
"../../../Engine/Content/EngineMaterials/Substrate/Glints2/dict_0003_0206.uasset" 9215
"../../../Engine/Content/EngineMaterials/Substrate/Glints2/dict_0003_0205.uasset" 9216
"../../../Engine/Content/EngineMaterials/Substrate/Glints2/dict_0003_0203.uasset" 9217
"../../../Engine/Content/EngineMaterials/Substrate/Glints2/dict_0003_0204.uasset" 9218
"../../../Engine/Content/EngineMaterials/Substrate/Glints2/dict_0003_0202.uasset" 9219
"../../../Engine/Content/EngineMaterials/Substrate/Glints2/dict_0003_0201.uasset" 9220
"../../../Engine/Content/EngineMaterials/Substrate/Glints2/dict_0003_0200.uasset" 9221
"../../../Engine/Content/EngineMaterials/Substrate/Glints2/dict_0003_0199.uasset" 9222
"../../../Engine/Content/EngineMaterials/Substrate/Glints2/dict_0003_0198.uasset" 9223
"../../../Engine/Content/EngineMaterials/Substrate/Glints2/dict_0003_0197.uasset" 9224
"../../../Engine/Content/EngineMaterials/Substrate/Glints2/dict_0003_0196.uasset" 9225
"../../../Engine/Content/EngineMaterials/Substrate/Glints2/dict_0003_0195.uasset" 9226
"../../../Engine/Content/EngineMaterials/Substrate/Glints2/dict_0003_0194.uasset" 9227
"../../../Engine/Content/EngineMaterials/Substrate/Glints2/dict_0003_0193.uasset" 9228
"/Engine/EngineMaterials/Substrate/Glints2/dict_0003_0210" 9229
"../../../Engine/Content/EngineMaterials/Substrate/Glints2/dict_0003_0192.uasset" 9230
"../../../Engine/Content/EngineMaterials/Substrate/Glints2/dict_0003_0191.uasset" 9231
"/Engine/EngineMaterials/Substrate/Glints2/dict_0003_0211" 9232
"../../../Engine/Content/EngineMaterials/Substrate/Glints2/dict_0003_0190.uasset" 9233
"/Engine/EngineMaterials/Substrate/Glints2/dict_0003_0212" 9234
"/Engine/EngineMaterials/Substrate/Glints2/dict_0003_0213" 9235
"/Engine/EngineMaterials/Substrate/Glints2/dict_0003_0214" 9236
"/Engine/EngineMaterials/Substrate/Glints2/dict_0003_0215" 9237
"/Engine/EngineMaterials/Substrate/Glints2/dict_0003_0216" 9238
"/Engine/EngineMaterials/Substrate/Glints2/dict_0003_0217" 9239
"/Engine/EngineMaterials/Substrate/Glints2/dict_0003_0218" 9240
"/Engine/EngineMaterials/Substrate/Glints2/dict_0003_0219" 9241
"/Engine/EngineMaterials/Substrate/Glints2/dict_0003_0220" 9242
"/Engine/EngineMaterials/Substrate/Glints2/dict_0003_0240" 9243
"../../../Engine/Content/EngineMaterials/Substrate/Glints2/dict_0003_0189.uasset" 9244
"../../../Engine/Content/EngineMaterials/Substrate/Glints2/dict_0003_0188.uasset" 9245
"/Engine/EngineMaterials/Substrate/Glints2/dict_0003_0190" 9246
"../../../Engine/Content/EngineMaterials/Substrate/Glints2/dict_0003_0187.uasset" 9247
"../../../Engine/Content/EngineMaterials/Substrate/Glints2/dict_0003_0185.uasset" 9248
"../../../Engine/Content/EngineMaterials/Substrate/Glints2/dict_0003_0186.uasset" 9249
"../../../Engine/Content/EngineMaterials/Substrate/Glints2/dict_0003_0183.uasset" 9250
"../../../Engine/Content/EngineMaterials/Substrate/Glints2/dict_0003_0182.uasset" 9251
"/Engine/EngineMaterials/Substrate/Glints2/dict_0003_0191" 9252
"../../../Engine/Content/EngineMaterials/Substrate/Glints2/dict_0003_0184.uasset" 9253
"../../../Engine/Content/EngineMaterials/Substrate/Glints2/dict_0003_0181.uasset" 9254
"../../../Engine/Content/EngineMaterials/Substrate/Glints2/dict_0003_0180.uasset" 9255
"../../../Engine/Content/EngineMaterials/Substrate/Glints2/dict_0003_0179.uasset" 9256
"../../../Engine/Content/EngineMaterials/Substrate/Glints2/dict_0003_0177.uasset" 9257
"../../../Engine/Content/EngineMaterials/Substrate/Glints2/dict_0003_0178.uasset" 9258
"/Engine/EngineMaterials/Substrate/Glints2/dict_0003_0192" 9259
"/Engine/EngineMaterials/Substrate/Glints2/dict_0003_0193" 9260
"/Engine/EngineMaterials/Substrate/Glints2/dict_0003_0194" 9261
"/Engine/EngineMaterials/Substrate/Glints2/dict_0003_0195" 9262
"/Engine/EngineMaterials/Substrate/Glints2/dict_0003_0196" 9263
"/Engine/EngineMaterials/Substrate/Glints2/dict_0003_0197" 9264
"/Engine/EngineMaterials/Substrate/Glints2/dict_0003_0198" 9265
"/Engine/EngineMaterials/Substrate/Glints2/dict_0003_0199" 9266
"/Engine/EngineMaterials/Substrate/Glints2/dict_0003_0200" 9267
"/Engine/EngineMaterials/Substrate/Glints2/dict_0003_0201" 9268
"/Engine/EngineMaterials/Substrate/Glints2/dict_0003_0202" 9269
"/Engine/EngineMaterials/Substrate/Glints2/dict_0003_0203" 9270
"/Engine/EngineMaterials/Substrate/Glints2/dict_0003_0204" 9271
"/Engine/EngineMaterials/Substrate/Glints2/dict_0003_0205" 9272
"/Engine/EngineMaterials/Substrate/Glints2/dict_0003_0206" 9273
"/Engine/EngineMaterials/Substrate/Glints2/dict_0003_0207" 9274
"/Engine/EngineMaterials/Substrate/Glints2/dict_0003_0208" 9275
"../../../Engine/Content/EngineMaterials/Substrate/Glints2/dict_0003_0176.uasset" 9276
"../../../Engine/Content/EngineMaterials/Substrate/Glints2/dict_0003_0175.uasset" 9277
"../../../Engine/Content/EngineMaterials/Substrate/Glints2/dict_0003_0174.uasset" 9278
"../../../Engine/Content/EngineMaterials/Substrate/Glints2/dict_0003_0173.uasset" 9279
"../../../Engine/Content/EngineMaterials/Substrate/Glints2/dict_0003_0172.uasset" 9280
"../../../Engine/Content/EngineMaterials/Substrate/Glints2/dict_0003_0171.uasset" 9281
"../../../Engine/Content/EngineMaterials/Substrate/Glints2/dict_0003_0170.uasset" 9282
"../../../Engine/Content/EngineMaterials/Substrate/Glints2/dict_0003_0168.uasset" 9283
"../../../Engine/Content/EngineMaterials/Substrate/Glints2/dict_0003_0167.uasset" 9284
"../../../Engine/Content/EngineMaterials/Substrate/Glints2/dict_0003_0169.uasset" 9285
"../../../Engine/Content/EngineMaterials/Substrate/Glints2/dict_0003_0166.uasset" 9286
"../../../Engine/Content/EngineMaterials/Substrate/Glints2/dict_0003_0165.uasset" 9287
"../../../Engine/Content/EngineMaterials/Substrate/Glints2/dict_0003_0164.uasset" 9288
"../../../Engine/Content/EngineMaterials/Substrate/Glints2/dict_0003_0163.uasset" 9289
"../../../Engine/Content/EngineMaterials/Substrate/Glints2/dict_0003_0162.uasset" 9290
"/Engine/EngineMaterials/Substrate/Glints2/dict_0003_0177" 9291
"../../../Engine/Content/EngineMaterials/Substrate/Glints2/dict_0003_0161.uasset" 9292
"../../../Engine/Content/EngineMaterials/Substrate/Glints2/dict_0003_0160.uasset" 9293
"../../../Engine/Content/EngineMaterials/Substrate/Glints2/dict_0003_0159.uasset" 9294
"../../../Engine/Content/EngineMaterials/Substrate/Glints2/dict_0003_0158.uasset" 9295
"/Engine/EngineMaterials/Substrate/Glints2/dict_0003_0178" 9296
"/Engine/EngineMaterials/Substrate/Glints2/dict_0003_0179" 9297
"/Engine/EngineMaterials/Substrate/Glints2/dict_0003_0180" 9298
"/Engine/EngineMaterials/Substrate/Glints2/dict_0003_0181" 9299
"/Engine/EngineMaterials/Substrate/Glints2/dict_0003_0182" 9300
"/Engine/EngineMaterials/Substrate/Glints2/dict_0003_0183" 9301
"/Engine/EngineMaterials/Substrate/Glints2/dict_0003_0184" 9302
"/Engine/EngineMaterials/Substrate/Glints2/dict_0003_0185" 9303
"/Engine/EngineMaterials/Substrate/Glints2/dict_0003_0186" 9304
"/Engine/EngineMaterials/Substrate/Glints2/dict_0003_0187" 9305
"/Engine/EngineMaterials/Substrate/Glints2/dict_0003_0188" 9306
"/Engine/EngineMaterials/Substrate/Glints2/dict_0003_0165" 9307
"/Engine/EngineMaterials/Substrate/Glints2/dict_0003_0167" 9308
"/Engine/EngineMaterials/Substrate/Glints2/dict_0003_0168" 9309
"/Engine/EngineMaterials/Substrate/Glints2/dict_0003_0169" 9310
"/Engine/EngineMaterials/Substrate/Glints2/dict_0003_0170" 9311
"/Engine/EngineMaterials/Substrate/Glints2/dict_0003_0171" 9312
"/Engine/EngineMaterials/Substrate/Glints2/dict_0003_0172" 9313
"/Engine/EngineMaterials/Substrate/Glints2/dict_0003_0173" 9314
"/Engine/EngineMaterials/Substrate/Glints2/dict_0003_0174" 9315
"/Engine/EngineMaterials/Substrate/Glints2/dict_0003_0175" 9316
"/Engine/EngineMaterials/Substrate/Glints2/dict_0003_0176" 9317
"/Engine/EngineMaterials/Substrate/Glints2/dict_0003_0189" 9318
"/Engine/EngineMaterials/Substrate/Glints2/dict_0003_0158" 9319
"../../../Engine/Content/EngineMaterials/Substrate/Glints2/dict_0003_0157.uasset" 9320
"/Engine/EngineMaterials/Substrate/Glints2/dict_0003_0159" 9321
"../../../Engine/Content/EngineMaterials/Substrate/Glints2/dict_0003_0156.uasset" 9322
"../../../Engine/Content/EngineMaterials/Substrate/Glints2/dict_0003_0155.uasset" 9323
"../../../Engine/Content/EngineMaterials/Substrate/Glints2/dict_0003_0154.uasset" 9324
"../../../Engine/Content/EngineMaterials/Substrate/Glints2/dict_0003_0152.uasset" 9325
"../../../Engine/Content/EngineMaterials/Substrate/Glints2/dict_0003_0153.uasset" 9326
"../../../Engine/Content/EngineMaterials/Substrate/Glints2/dict_0003_0151.uasset" 9327
"../../../Engine/Content/EngineMaterials/Substrate/Glints2/dict_0003_0150.uasset" 9328
"/Engine/EngineMaterials/Substrate/Glints2/dict_0003_0160" 9329
"../../../Engine/Content/EngineMaterials/Substrate/Glints2/dict_0003_0148.uasset" 9330
"../../../Engine/Content/EngineMaterials/Substrate/Glints2/dict_0003_0149.uasset" 9331
"../../../Engine/Content/EngineMaterials/Substrate/Glints2/dict_0003_0146.uasset" 9332
"../../../Engine/Content/EngineMaterials/Substrate/Glints2/dict_0003_0147.uasset" 9333
"../../../Engine/Content/EngineMaterials/Substrate/Glints2/dict_0003_0145.uasset" 9334
"../../../Engine/Content/EngineMaterials/Substrate/Glints2/dict_0003_0143.uasset" 9335
"../../../Engine/Content/EngineMaterials/Substrate/Glints2/dict_0003_0144.uasset" 9336
"../../../Engine/Content/EngineMaterials/Substrate/Glints2/dict_0003_0142.uasset" 9337
"../../../Engine/Content/EngineMaterials/Substrate/Glints2/dict_0003_0141.uasset" 9338
"/Engine/EngineMaterials/Substrate/Glints2/dict_0003_0161" 9339
"../../../Engine/Content/EngineMaterials/Substrate/Glints2/dict_0003_0140.uasset" 9340
"../../../Engine/Content/EngineMaterials/Substrate/Glints2/dict_0003_0138.uasset" 9341
"../../../Engine/Content/EngineMaterials/Substrate/Glints2/dict_0003_0137.uasset" 9342
"/Engine/EngineMaterials/Substrate/Glints2/dict_0003_0162" 9343
"../../../Engine/Content/EngineMaterials/Substrate/Glints2/dict_0003_0136.uasset" 9344
"../../../Engine/Content/EngineMaterials/Substrate/Glints2/dict_0003_0135.uasset" 9345
"../../../Engine/Content/EngineMaterials/Substrate/Glints2/dict_0003_0134.uasset" 9346
"../../../Engine/Content/EngineMaterials/Substrate/Glints2/dict_0003_0139.uasset" 9347
"/Engine/EngineMaterials/Substrate/Glints2/dict_0003_0163" 9348
"/Engine/EngineMaterials/Substrate/Glints2/dict_0003_0164" 9349
"/Engine/EngineMaterials/Substrate/Glints2/dict_0003_0166" 9350
"../../../Engine/Content/EngineMaterials/Substrate/Glints2/dict_0003_0133.uasset" 9351
"/Engine/EngineMaterials/Substrate/Glints2/dict_0003_0134" 9352
"../../../Engine/Content/EngineMaterials/Substrate/Glints2/dict_0003_0132.uasset" 9353
"../../../Engine/Content/EngineMaterials/Substrate/Glints2/dict_0003_0131.uasset" 9354
"../../../Engine/Content/EngineMaterials/Substrate/Glints2/dict_0003_0129.uasset" 9355
"../../../Engine/Content/EngineMaterials/Substrate/Glints2/dict_0003_0130.uasset" 9356
"../../../Engine/Content/EngineMaterials/Substrate/Glints2/dict_0003_0128.uasset" 9357
"../../../Engine/Content/EngineMaterials/Substrate/Glints2/dict_0003_0127.uasset" 9358
"../../../Engine/Content/EngineMaterials/Substrate/Glints2/dict_0003_0126.uasset" 9359
"/Engine/EngineMaterials/Substrate/Glints2/dict_0003_0135" 9360
"/Engine/EngineMaterials/Substrate/Glints2/dict_0003_0136" 9361
"/Engine/EngineMaterials/Substrate/Glints2/dict_0003_0137" 9362
"/Engine/EngineMaterials/Substrate/Glints2/dict_0003_0138" 9363
"/Engine/EngineMaterials/Substrate/Glints2/dict_0003_0139" 9364
"/Engine/EngineMaterials/Substrate/Glints2/dict_0003_0140" 9365
"/Engine/EngineMaterials/Substrate/Glints2/dict_0003_0141" 9366
"/Engine/EngineMaterials/Substrate/Glints2/dict_0003_0142" 9367
"/Engine/EngineMaterials/Substrate/Glints2/dict_0003_0143" 9368
"/Engine/EngineMaterials/Substrate/Glints2/dict_0003_0144" 9369
"/Engine/EngineMaterials/Substrate/Glints2/dict_0003_0145" 9370
"/Engine/EngineMaterials/Substrate/Glints2/dict_0003_0146" 9371
"/Engine/EngineMaterials/Substrate/Glints2/dict_0003_0147" 9372
"/Engine/EngineMaterials/Substrate/Glints2/dict_0003_0148" 9373
"/Engine/EngineMaterials/Substrate/Glints2/dict_0003_0149" 9374
"/Engine/EngineMaterials/Substrate/Glints2/dict_0003_0150" 9375
"/Engine/EngineMaterials/Substrate/Glints2/dict_0003_0151" 9376
"/Engine/EngineMaterials/Substrate/Glints2/dict_0003_0152" 9377
"/Engine/EngineMaterials/Substrate/Glints2/dict_0003_0153" 9378
"/Engine/EngineMaterials/Substrate/Glints2/dict_0003_0154" 9379
"/Engine/EngineMaterials/Substrate/Glints2/dict_0003_0155" 9380
"/Engine/EngineMaterials/Substrate/Glints2/dict_0003_0156" 9381
"/Engine/EngineMaterials/Substrate/Glints2/dict_0003_0157" 9382
"/Engine/EngineMaterials/Substrate/Glints2/dict_0003_0126" 9383
"../../../Engine/Content/EngineMaterials/Substrate/Glints2/dict_0003_0125.uasset" 9384
"../../../Engine/Content/EngineMaterials/Substrate/Glints2/dict_0003_0124.uasset" 9385
"../../../Engine/Content/EngineMaterials/Substrate/Glints2/dict_0003_0123.uasset" 9386
"../../../Engine/Content/EngineMaterials/Substrate/Glints2/dict_0003_0122.uasset" 9387
"../../../Engine/Content/EngineMaterials/Substrate/Glints2/dict_0003_0121.uasset" 9388
"../../../Engine/Content/EngineMaterials/Substrate/Glints2/dict_0003_0120.uasset" 9389
"/Engine/EngineMaterials/Substrate/Glints2/dict_0003_0127" 9390
"../../../Engine/Content/EngineMaterials/Substrate/Glints2/dict_0003_0119.uasset" 9391
"../../../Engine/Content/EngineMaterials/Substrate/Glints2/dict_0003_0118.uasset" 9392
"../../../Engine/Content/EngineMaterials/Substrate/Glints2/dict_0003_0117.uasset" 9393
"../../../Engine/Content/EngineMaterials/Substrate/Glints2/dict_0003_0115.uasset" 9394
"../../../Engine/Content/EngineMaterials/Substrate/Glints2/dict_0003_0114.uasset" 9395
"../../../Engine/Content/EngineMaterials/Substrate/Glints2/dict_0003_0116.uasset" 9396
"/Engine/EngineMaterials/Substrate/Glints2/dict_0003_0128" 9397
"../../../Engine/Content/EngineMaterials/Substrate/Glints2/dict_0003_0112.uasset" 9398
"../../../Engine/Content/EngineMaterials/Substrate/Glints2/dict_0003_0111.uasset" 9399
"../../../Engine/Content/EngineMaterials/Substrate/Glints2/dict_0003_0113.uasset" 9400
"../../../Engine/Content/EngineMaterials/Substrate/Glints2/dict_0003_0110.uasset" 9401
"../../../Engine/Content/EngineMaterials/Substrate/Glints2/dict_0003_0109.uasset" 9402
"../../../Engine/Content/EngineMaterials/Substrate/Glints2/dict_0003_0108.uasset" 9403
"/Engine/EngineMaterials/Substrate/Glints2/dict_0003_0129" 9404
"../../../Engine/Content/EngineMaterials/Substrate/Glints2/dict_0003_0107.uasset" 9405
"../../../Engine/Content/EngineMaterials/Substrate/Glints2/dict_0003_0106.uasset" 9406
"../../../Engine/Content/EngineMaterials/Substrate/Glints2/dict_0003_0105.uasset" 9407
"../../../Engine/Content/EngineMaterials/Substrate/Glints2/dict_0003_0104.uasset" 9408
"../../../Engine/Content/EngineMaterials/Substrate/Glints2/dict_0003_0102.uasset" 9409
"../../../Engine/Content/EngineMaterials/Substrate/Glints2/dict_0003_0103.uasset" 9410
"/Engine/EngineMaterials/Substrate/Glints2/dict_0003_0130" 9411
"/Engine/EngineMaterials/Substrate/Glints2/dict_0003_0131" 9412
"/Engine/EngineMaterials/Substrate/Glints2/dict_0003_0132" 9413
"/Engine/EngineMaterials/Substrate/Glints2/dict_0003_0133" 9414
"../../../Engine/Content/EngineMaterials/Substrate/Glints2/dict_0003_0101.uasset" 9415
"../../../Engine/Content/EngineMaterials/Substrate/Glints2/dict_0003_0100.uasset" 9416
"../../../Engine/Content/EngineMaterials/Substrate/Glints2/dict_0003_0099.uasset" 9417
"../../../Engine/Content/EngineMaterials/Substrate/Glints2/dict_0003_0098.uasset" 9418
"../../../Engine/Content/EngineMaterials/Substrate/Glints2/dict_0003_0097.uasset" 9419
"../../../Engine/Content/EngineMaterials/Substrate/Glints2/dict_0003_0095.uasset" 9420
"/Engine/EngineMaterials/Substrate/Glints2/dict_0003_0102" 9421
"../../../Engine/Content/EngineMaterials/Substrate/Glints2/dict_0003_0094.uasset" 9422
"../../../Engine/Content/EngineMaterials/Substrate/Glints2/dict_0003_0096.uasset" 9423
"/Engine/EngineMaterials/Substrate/Glints2/dict_0003_0103" 9424
"/Engine/EngineMaterials/Substrate/Glints2/dict_0003_0104" 9425
"/Engine/EngineMaterials/Substrate/Glints2/dict_0003_0105" 9426
"/Engine/EngineMaterials/Substrate/Glints2/dict_0003_0106" 9427
"/Engine/EngineMaterials/Substrate/Glints2/dict_0003_0107" 9428
"/Engine/EngineMaterials/Substrate/Glints2/dict_0003_0108" 9429
"/Engine/EngineMaterials/Substrate/Glints2/dict_0003_0109" 9430
"/Engine/EngineMaterials/Substrate/Glints2/dict_0003_0110" 9431
"/Engine/EngineMaterials/Substrate/Glints2/dict_0003_0111" 9432
"/Engine/EngineMaterials/Substrate/Glints2/dict_0003_0112" 9433
"/Engine/EngineMaterials/Substrate/Glints2/dict_0003_0113" 9434
"/Engine/EngineMaterials/Substrate/Glints2/dict_0003_0114" 9435
"/Engine/EngineMaterials/Substrate/Glints2/dict_0003_0115" 9436
"/Engine/EngineMaterials/Substrate/Glints2/dict_0003_0116" 9437
"/Engine/EngineMaterials/Substrate/Glints2/dict_0003_0117" 9438
"/Engine/EngineMaterials/Substrate/Glints2/dict_0003_0118" 9439
"/Engine/EngineMaterials/Substrate/Glints2/dict_0003_0119" 9440
"/Engine/EngineMaterials/Substrate/Glints2/dict_0003_0120" 9441
"/Engine/EngineMaterials/Substrate/Glints2/dict_0003_0121" 9442
"/Engine/EngineMaterials/Substrate/Glints2/dict_0003_0122" 9443
"/Engine/EngineMaterials/Substrate/Glints2/dict_0003_0123" 9444
"/Engine/EngineMaterials/Substrate/Glints2/dict_0003_0124" 9445
"/Engine/EngineMaterials/Substrate/Glints2/dict_0003_0125" 9446
"../../../Engine/Content/EngineMaterials/Substrate/Glints2/dict_0003_0093.uasset" 9447
"/Engine/EngineMaterials/Substrate/Glints2/dict_0003_0094" 9448
"../../../Engine/Content/EngineMaterials/Substrate/Glints2/dict_0003_0092.uasset" 9449
"../../../Engine/Content/EngineMaterials/Substrate/Glints2/dict_0003_0090.uasset" 9450
"../../../Engine/Content/EngineMaterials/Substrate/Glints2/dict_0003_0089.uasset" 9451
"../../../Engine/Content/EngineMaterials/Substrate/Glints2/dict_0003_0088.uasset" 9452
"/Engine/EngineMaterials/Substrate/Glints2/dict_0003_0095" 9453
"../../../Engine/Content/EngineMaterials/Substrate/Glints2/dict_0003_0087.uasset" 9454
"../../../Engine/Content/EngineMaterials/Substrate/Glints2/dict_0003_0086.uasset" 9455
"../../../Engine/Content/EngineMaterials/Substrate/Glints2/dict_0003_0085.uasset" 9456
"../../../Engine/Content/EngineMaterials/Substrate/Glints2/dict_0003_0084.uasset" 9457
"../../../Engine/Content/EngineMaterials/Substrate/Glints2/dict_0003_0083.uasset" 9458
"/Engine/EngineMaterials/Substrate/Glints2/dict_0003_0096" 9459
"../../../Engine/Content/EngineMaterials/Substrate/Glints2/dict_0003_0082.uasset" 9460
"../../../Engine/Content/EngineMaterials/Substrate/Glints2/dict_0003_0091.uasset" 9461
"../../../Engine/Content/EngineMaterials/Substrate/Glints2/dict_0003_0080.uasset" 9462
"../../../Engine/Content/EngineMaterials/Substrate/Glints2/dict_0003_0079.uasset" 9463
"../../../Engine/Content/EngineMaterials/Substrate/Glints2/dict_0003_0078.uasset" 9464
"../../../Engine/Content/EngineMaterials/Substrate/Glints2/dict_0003_0077.uasset" 9465
"../../../Engine/Content/EngineMaterials/Substrate/Glints2/dict_0003_0076.uasset" 9466
"/Engine/EngineMaterials/Substrate/Glints2/dict_0003_0097" 9467
"../../../Engine/Content/EngineMaterials/Substrate/Glints2/dict_0003_0075.uasset" 9468
"../../../Engine/Content/EngineMaterials/Substrate/Glints2/dict_0003_0074.uasset" 9469
"../../../Engine/Content/EngineMaterials/Substrate/Glints2/dict_0003_0073.uasset" 9470
"../../../Engine/Content/EngineMaterials/Substrate/Glints2/dict_0003_0072.uasset" 9471
"/Engine/EngineMaterials/Substrate/Glints2/dict_0003_0098" 9472
"../../../Engine/Content/EngineMaterials/Substrate/Glints2/dict_0003_0071.uasset" 9473
"/Engine/EngineMaterials/Substrate/Glints2/dict_0003_0099" 9474
"../../../Engine/Content/EngineMaterials/Substrate/Glints2/dict_0003_0070.uasset" 9475
"/Engine/EngineMaterials/Substrate/Glints2/dict_0003_0100" 9476
"/Engine/EngineMaterials/Substrate/Glints2/dict_0003_0101" 9477
"../../../Engine/Content/EngineMaterials/Substrate/Glints2/dict_0003_0081.uasset" 9478
"../../../Engine/Content/EngineMaterials/Substrate/Glints2/dict_0003_0069.uasset" 9479
"../../../Engine/Content/EngineMaterials/Substrate/Glints2/dict_0003_0068.uasset" 9480
"/Engine/EngineMaterials/Substrate/Glints2/dict_0003_0070" 9481
"../../../Engine/Content/EngineMaterials/Substrate/Glints2/dict_0003_0067.uasset" 9482
"../../../Engine/Content/EngineMaterials/Substrate/Glints2/dict_0003_0066.uasset" 9483
"../../../Engine/Content/EngineMaterials/Substrate/Glints2/dict_0003_0065.uasset" 9484
"../../../Engine/Content/EngineMaterials/Substrate/Glints2/dict_0003_0064.uasset" 9485
"../../../Engine/Content/EngineMaterials/Substrate/Glints2/dict_0003_0063.uasset" 9486
"../../../Engine/Content/EngineMaterials/Substrate/Glints2/dict_0003_0062.uasset" 9487
"/Engine/EngineMaterials/Substrate/Glints2/dict_0003_0071" 9488
"/Engine/EngineMaterials/Substrate/Glints2/dict_0003_0072" 9489
"/Engine/EngineMaterials/Substrate/Glints2/dict_0003_0073" 9490
"/Engine/EngineMaterials/Substrate/Glints2/dict_0003_0074" 9491
"/Engine/EngineMaterials/Substrate/Glints2/dict_0003_0075" 9492
"/Engine/EngineMaterials/Substrate/Glints2/dict_0003_0076" 9493
"/Engine/EngineMaterials/Substrate/Glints2/dict_0003_0077" 9494
"/Engine/EngineMaterials/Substrate/Glints2/dict_0003_0078" 9495
"/Engine/EngineMaterials/Substrate/Glints2/dict_0003_0079" 9496
"/Engine/EngineMaterials/Substrate/Glints2/dict_0003_0080" 9497
"/Engine/EngineMaterials/Substrate/Glints2/dict_0003_0081" 9498
"/Engine/EngineMaterials/Substrate/Glints2/dict_0003_0082" 9499
"/Engine/EngineMaterials/Substrate/Glints2/dict_0003_0083" 9500
"/Engine/EngineMaterials/Substrate/Glints2/dict_0003_0084" 9501
"/Engine/EngineMaterials/Substrate/Glints2/dict_0003_0085" 9502
"/Engine/EngineMaterials/Substrate/Glints2/dict_0003_0086" 9503
"/Engine/EngineMaterials/Substrate/Glints2/dict_0003_0087" 9504
"/Engine/EngineMaterials/Substrate/Glints2/dict_0003_0088" 9505
"/Engine/EngineMaterials/Substrate/Glints2/dict_0003_0089" 9506
"/Engine/EngineMaterials/Substrate/Glints2/dict_0003_0090" 9507
"/Engine/EngineMaterials/Substrate/Glints2/dict_0003_0091" 9508
"/Engine/EngineMaterials/Substrate/Glints2/dict_0003_0092" 9509
"/Engine/EngineMaterials/Substrate/Glints2/dict_0003_0093" 9510
"/Engine/EngineMaterials/Substrate/Glints2/dict_0003_0062" 9511
"../../../Engine/Content/EngineMaterials/Substrate/Glints2/dict_0003_0061.uasset" 9512
"../../../Engine/Content/EngineMaterials/Substrate/Glints2/dict_0003_0060.uasset" 9513
"../../../Engine/Content/EngineMaterials/Substrate/Glints2/dict_0003_0059.uasset" 9514
"../../../Engine/Content/EngineMaterials/Substrate/Glints2/dict_0003_0058.uasset" 9515
"../../../Engine/Content/EngineMaterials/Substrate/Glints2/dict_0003_0057.uasset" 9516
"/Engine/EngineMaterials/Substrate/Glints2/dict_0003_0063" 9517
"../../../Engine/Content/EngineMaterials/Substrate/Glints2/dict_0003_0056.uasset" 9518
"../../../Engine/Content/EngineMaterials/Substrate/Glints2/dict_0003_0055.uasset" 9519
"../../../Engine/Content/EngineMaterials/Substrate/Glints2/dict_0003_0054.uasset" 9520
"../../../Engine/Content/EngineMaterials/Substrate/Glints2/dict_0003_0053.uasset" 9521
"../../../Engine/Content/EngineMaterials/Substrate/Glints2/dict_0003_0052.uasset" 9522
"../../../Engine/Content/EngineMaterials/Substrate/Glints2/dict_0003_0051.uasset" 9523
"../../../Engine/Content/EngineMaterials/Substrate/Glints2/dict_0003_0050.uasset" 9524
"../../../Engine/Content/EngineMaterials/Substrate/Glints2/dict_0003_0049.uasset" 9525
"../../../Engine/Content/EngineMaterials/Substrate/Glints2/dict_0003_0048.uasset" 9526
"../../../Engine/Content/EngineMaterials/Substrate/Glints2/dict_0003_0047.uasset" 9527
"../../../Engine/Content/EngineMaterials/Substrate/Glints2/dict_0003_0046.uasset" 9528
"../../../Engine/Content/EngineMaterials/Substrate/Glints2/dict_0003_0044.uasset" 9529
"../../../Engine/Content/EngineMaterials/Substrate/Glints2/dict_0003_0045.uasset" 9530
"../../../Engine/Content/EngineMaterials/Substrate/Glints2/dict_0003_0043.uasset" 9531
"/Engine/EngineMaterials/Substrate/Glints2/dict_0003_0064" 9532
"../../../Engine/Content/EngineMaterials/Substrate/Glints2/dict_0003_0041.uasset" 9533
"../../../Engine/Content/EngineMaterials/Substrate/Glints2/dict_0003_0040.uasset" 9534
"../../../Engine/Content/EngineMaterials/Substrate/Glints2/dict_0003_0039.uasset" 9535
"../../../Engine/Content/EngineMaterials/Substrate/Glints2/dict_0003_0038.uasset" 9536
"../../../Engine/Content/EngineMaterials/Substrate/Glints2/dict_0003_0042.uasset" 9537
"/Engine/EngineMaterials/Substrate/Glints2/dict_0003_0065" 9538
"/Engine/EngineMaterials/Substrate/Glints2/dict_0003_0066" 9539
"/Engine/EngineMaterials/Substrate/Glints2/dict_0003_0067" 9540
"/Engine/EngineMaterials/Substrate/Glints2/dict_0003_0068" 9541
"/Engine/EngineMaterials/Substrate/Glints2/dict_0003_0069" 9542
"/Engine/EngineMaterials/Substrate/Glints2/dict_0003_0038" 9543
"../../../Engine/Content/EngineMaterials/Substrate/Glints2/dict_0003_0037.uasset" 9544
"../../../Engine/Content/EngineMaterials/Substrate/Glints2/dict_0003_0036.uasset" 9545
"../../../Engine/Content/EngineMaterials/Substrate/Glints2/dict_0003_0035.uasset" 9546
"/Engine/EngineMaterials/Substrate/Glints2/dict_0003_0039" 9547
"../../../Engine/Content/EngineMaterials/Substrate/Glints2/dict_0003_0034.uasset" 9548
"../../../Engine/Content/EngineMaterials/Substrate/Glints2/dict_0003_0033.uasset" 9549
"../../../Engine/Content/EngineMaterials/Substrate/Glints2/dict_0003_0032.uasset" 9550
"../../../Engine/Content/EngineMaterials/Substrate/Glints2/dict_0003_0031.uasset" 9551
"../../../Engine/Content/EngineMaterials/Substrate/Glints2/dict_0003_0030.uasset" 9552
"/Engine/EngineMaterials/Substrate/Glints2/dict_0003_0040" 9553
"/Engine/EngineMaterials/Substrate/Glints2/dict_0003_0041" 9554
"/Engine/EngineMaterials/Substrate/Glints2/dict_0003_0042" 9555
"/Engine/EngineMaterials/Substrate/Glints2/dict_0003_0043" 9556
"/Engine/EngineMaterials/Substrate/Glints2/dict_0003_0044" 9557
"/Engine/EngineMaterials/Substrate/Glints2/dict_0003_0045" 9558
"/Engine/EngineMaterials/Substrate/Glints2/dict_0003_0046" 9559
"/Engine/EngineMaterials/Substrate/Glints2/dict_0003_0047" 9560
"/Engine/EngineMaterials/Substrate/Glints2/dict_0003_0048" 9561
"/Engine/EngineMaterials/Substrate/Glints2/dict_0003_0049" 9562
"/Engine/EngineMaterials/Substrate/Glints2/dict_0003_0050" 9563
"/Engine/EngineMaterials/Substrate/Glints2/dict_0003_0051" 9564
"/Engine/EngineMaterials/Substrate/Glints2/dict_0003_0052" 9565
"/Engine/EngineMaterials/Substrate/Glints2/dict_0003_0053" 9566
"/Engine/EngineMaterials/Substrate/Glints2/dict_0003_0054" 9567
"/Engine/EngineMaterials/Substrate/Glints2/dict_0003_0055" 9568
"/Engine/EngineMaterials/Substrate/Glints2/dict_0003_0056" 9569
"/Engine/EngineMaterials/Substrate/Glints2/dict_0003_0057" 9570
"/Engine/EngineMaterials/Substrate/Glints2/dict_0003_0058" 9571
"/Engine/EngineMaterials/Substrate/Glints2/dict_0003_0059" 9572
"/Engine/EngineMaterials/Substrate/Glints2/dict_0003_0060" 9573
"/Engine/EngineMaterials/Substrate/Glints2/dict_0003_0061" 9574
"../../../Engine/Content/EngineMaterials/Substrate/Glints2/dict_0003_0029.uasset" 9575
"../../../Engine/Content/EngineMaterials/Substrate/Glints2/dict_0003_0028.uasset" 9576
"../../../Engine/Content/EngineMaterials/Substrate/Glints2/dict_0003_0027.uasset" 9577
"../../../Engine/Content/EngineMaterials/Substrate/Glints2/dict_0003_0026.uasset" 9578
"../../../Engine/Content/EngineMaterials/Substrate/Glints2/dict_0003_0025.uasset" 9579
"../../../Engine/Content/EngineMaterials/Substrate/Glints2/dict_0003_0024.uasset" 9580
"/Engine/EngineMaterials/Substrate/Glints2/dict_0003_0030" 9581
"../../../Engine/Content/EngineMaterials/Substrate/Glints2/dict_0003_0023.uasset" 9582
"../../../Engine/Content/EngineMaterials/Substrate/Glints2/dict_0003_0021.uasset" 9583
"../../../Engine/Content/EngineMaterials/Substrate/Glints2/dict_0003_0022.uasset" 9584
"../../../Engine/Content/EngineMaterials/Substrate/Glints2/dict_0003_0020.uasset" 9585
"../../../Engine/Content/EngineMaterials/Substrate/Glints2/dict_0003_0019.uasset" 9586
"../../../Engine/Content/EngineMaterials/Substrate/Glints2/dict_0003_0018.uasset" 9587
"../../../Engine/Content/EngineMaterials/Substrate/Glints2/dict_0003_0017.uasset" 9588
"../../../Engine/Content/EngineMaterials/Substrate/Glints2/dict_0003_0015.uasset" 9589
"../../../Engine/Content/EngineMaterials/Substrate/Glints2/dict_0003_0014.uasset" 9590
"/Engine/EngineMaterials/Substrate/Glints2/dict_0003_0031" 9591
"../../../Engine/Content/EngineMaterials/Substrate/Glints2/dict_0003_0013.uasset" 9592
"../../../Engine/Content/EngineMaterials/Substrate/Glints2/dict_0003_0016.uasset" 9593
"../../../Engine/Content/EngineMaterials/Substrate/Glints2/dict_0003_0012.uasset" 9594
"../../../Engine/Content/EngineMaterials/Substrate/Glints2/dict_0003_0011.uasset" 9595
"../../../Engine/Content/EngineMaterials/Substrate/Glints2/dict_0003_0010.uasset" 9596
"../../../Engine/Content/EngineMaterials/Substrate/Glints2/dict_0003_0009.uasset" 9597
"../../../Engine/Content/EngineMaterials/Substrate/Glints2/dict_0003_0008.uasset" 9598
"../../../Engine/Content/EngineMaterials/Substrate/Glints2/dict_0003_0007.uasset" 9599
"../../../Engine/Content/EngineMaterials/Substrate/Glints2/dict_0003_0006.uasset" 9600
"/Engine/EngineMaterials/Substrate/Glints2/dict_0003_0032" 9601
"/Engine/EngineMaterials/Substrate/Glints2/dict_0003_0033" 9602
"/Engine/EngineMaterials/Substrate/Glints2/dict_0003_0034" 9603
"/Engine/EngineMaterials/Substrate/Glints2/dict_0003_0035" 9604
"/Engine/EngineMaterials/Substrate/Glints2/dict_0003_0036" 9605
"/Engine/EngineMaterials/Substrate/Glints2/dict_0003_0037" 9606
"/Engine/EngineMaterials/Substrate/Glints2/dict_0003_0026" 9607
"/Engine/EngineMaterials/Substrate/Glints2/dict_0003_0027" 9608
"/Engine/EngineMaterials/Substrate/Glints2/dict_0003_0028" 9609
"/Engine/EngineMaterials/Substrate/Glints2/dict_0003_0029" 9610
"/Engine/EngineMaterials/Substrate/Glints2/dict_0003_0006" 9611
"/Engine/EngineMaterials/Substrate/Glints2/dict_0003_0007" 9612
"../../../Engine/Content/EngineMaterials/Substrate/Glints2/dict_0003_0004.uasset" 9613
"../../../Engine/Content/EngineMaterials/Substrate/Glints2/dict_0003_0003.uasset" 9614
"../../../Engine/Content/EngineMaterials/Substrate/Glints2/dict_0003_0002.uasset" 9615
"../../../Engine/Content/EngineMaterials/Substrate/Glints2/dict_0003_0005.uasset" 9616
"/Engine/EngineMaterials/Substrate/Glints2/dict_0003_0008" 9617
"../../../Engine/Content/EngineMaterials/Substrate/Glints2/dict_0003_0001.uasset" 9618
"../../../Engine/Content/EngineMaterials/Substrate/Glints2/dict_0003_0000.uasset" 9619
"../../../Engine/Content/EngineMaterials/Substrate/Glints2/dict_0002_0254.uasset" 9620
"../../../Engine/Content/EngineMaterials/Substrate/Glints2/dict_0002_0255.uasset" 9621
"../../../Engine/Content/EngineMaterials/Substrate/Glints2/dict_0002_0253.uasset" 9622
"../../../Engine/Content/EngineMaterials/Substrate/Glints2/dict_0002_0252.uasset" 9623
"../../../Engine/Content/EngineMaterials/Substrate/Glints2/dict_0002_0251.uasset" 9624
"../../../Engine/Content/EngineMaterials/Substrate/Glints2/dict_0002_0250.uasset" 9625
"/Engine/EngineMaterials/Substrate/Glints2/dict_0003_0009" 9626
"/Engine/EngineMaterials/Substrate/Glints2/dict_0003_0010" 9627
"/Engine/EngineMaterials/Substrate/Glints2/dict_0003_0011" 9628
"/Engine/EngineMaterials/Substrate/Glints2/dict_0003_0012" 9629
"/Engine/EngineMaterials/Substrate/Glints2/dict_0003_0013" 9630
"/Engine/EngineMaterials/Substrate/Glints2/dict_0003_0014" 9631
"/Engine/EngineMaterials/Substrate/Glints2/dict_0003_0015" 9632
"/Engine/EngineMaterials/Substrate/Glints2/dict_0003_0016" 9633
"/Engine/EngineMaterials/Substrate/Glints2/dict_0003_0017" 9634
"/Engine/EngineMaterials/Substrate/Glints2/dict_0003_0018" 9635
"/Engine/EngineMaterials/Substrate/Glints2/dict_0003_0019" 9636
"/Engine/EngineMaterials/Substrate/Glints2/dict_0003_0020" 9637
"/Engine/EngineMaterials/Substrate/Glints2/dict_0003_0021" 9638
"/Engine/EngineMaterials/Substrate/Glints2/dict_0003_0022" 9639
"/Engine/EngineMaterials/Substrate/Glints2/dict_0003_0023" 9640
"/Engine/EngineMaterials/Substrate/Glints2/dict_0003_0024" 9641
"/Engine/EngineMaterials/Substrate/Glints2/dict_0003_0025" 9642
"../../../Engine/Content/EngineMaterials/Substrate/Glints2/dict_0002_0248.uasset" 9643
"../../../Engine/Content/EngineMaterials/Substrate/Glints2/dict_0002_0249.uasset" 9644
"../../../Engine/Content/EngineMaterials/Substrate/Glints2/dict_0002_0247.uasset" 9645
"../../../Engine/Content/EngineMaterials/Substrate/Glints2/dict_0002_0246.uasset" 9646
"../../../Engine/Content/EngineMaterials/Substrate/Glints2/dict_0002_0245.uasset" 9647
"../../../Engine/Content/EngineMaterials/Substrate/Glints2/dict_0002_0244.uasset" 9648
"/Engine/EngineMaterials/Substrate/Glints2/dict_0002_0250" 9649
"../../../Engine/Content/EngineMaterials/Substrate/Glints2/dict_0002_0243.uasset" 9650
"../../../Engine/Content/EngineMaterials/Substrate/Glints2/dict_0002_0242.uasset" 9651
"../../../Engine/Content/EngineMaterials/Substrate/Glints2/dict_0002_0241.uasset" 9652
"../../../Engine/Content/EngineMaterials/Substrate/Glints2/dict_0002_0240.uasset" 9653
"../../../Engine/Content/EngineMaterials/Substrate/Glints2/dict_0002_0239.uasset" 9654
"../../../Engine/Content/EngineMaterials/Substrate/Glints2/dict_0002_0238.uasset" 9655
"../../../Engine/Content/EngineMaterials/Substrate/Glints2/dict_0002_0237.uasset" 9656
"../../../Engine/Content/EngineMaterials/Substrate/Glints2/dict_0002_0236.uasset" 9657
"../../../Engine/Content/EngineMaterials/Substrate/Glints2/dict_0002_0235.uasset" 9658
"../../../Engine/Content/EngineMaterials/Substrate/Glints2/dict_0002_0233.uasset" 9659
"../../../Engine/Content/EngineMaterials/Substrate/Glints2/dict_0002_0232.uasset" 9660
"../../../Engine/Content/EngineMaterials/Substrate/Glints2/dict_0002_0234.uasset" 9661
"/Engine/EngineMaterials/Substrate/Glints2/dict_0002_0251" 9662
"/Engine/EngineMaterials/Substrate/Glints2/dict_0002_0252" 9663
"/Engine/EngineMaterials/Substrate/Glints2/dict_0002_0253" 9664
"/Engine/EngineMaterials/Substrate/Glints2/dict_0002_0254" 9665
"/Engine/EngineMaterials/Substrate/Glints2/dict_0002_0255" 9666
"/Engine/EngineMaterials/Substrate/Glints2/dict_0003_0000" 9667
"/Engine/EngineMaterials/Substrate/Glints2/dict_0003_0001" 9668
"/Engine/EngineMaterials/Substrate/Glints2/dict_0003_0002" 9669
"/Engine/EngineMaterials/Substrate/Glints2/dict_0003_0003" 9670
"/Engine/EngineMaterials/Substrate/Glints2/dict_0003_0004" 9671
"/Engine/EngineMaterials/Substrate/Glints2/dict_0003_0005" 9672
"../../../Engine/Content/EngineMaterials/Substrate/Glints2/dict_0002_0231.uasset" 9673
"../../../Engine/Content/EngineMaterials/Substrate/Glints2/dict_0002_0230.uasset" 9674
"/Engine/EngineMaterials/Substrate/Glints2/dict_0002_0230" 9675
"../../../Engine/Content/EngineMaterials/Substrate/Glints2/dict_0002_0229.uasset" 9676
"../../../Engine/Content/EngineMaterials/Substrate/Glints2/dict_0002_0228.uasset" 9677
"../../../Engine/Content/EngineMaterials/Substrate/Glints2/dict_0002_0227.uasset" 9678
"../../../Engine/Content/EngineMaterials/Substrate/Glints2/dict_0002_0226.uasset" 9679
"../../../Engine/Content/EngineMaterials/Substrate/Glints2/dict_0002_0225.uasset" 9680
"../../../Engine/Content/EngineMaterials/Substrate/Glints2/dict_0002_0224.uasset" 9681
"../../../Engine/Content/EngineMaterials/Substrate/Glints2/dict_0002_0223.uasset" 9682
"../../../Engine/Content/EngineMaterials/Substrate/Glints2/dict_0002_0222.uasset" 9683
"../../../Engine/Content/EngineMaterials/Substrate/Glints2/dict_0002_0221.uasset" 9684
"/Engine/EngineMaterials/Substrate/Glints2/dict_0002_0231" 9685
"../../../Engine/Content/EngineMaterials/Substrate/Glints2/dict_0002_0220.uasset" 9686
"../../../Engine/Content/EngineMaterials/Substrate/Glints2/dict_0002_0219.uasset" 9687
"../../../Engine/Content/EngineMaterials/Substrate/Glints2/dict_0002_0218.uasset" 9688
"/Engine/EngineMaterials/Substrate/Glints2/dict_0002_0233" 9689
"/Engine/EngineMaterials/Substrate/Glints2/dict_0002_0235" 9690
"/Engine/EngineMaterials/Substrate/Glints2/dict_0002_0236" 9691
"/Engine/EngineMaterials/Substrate/Glints2/dict_0002_0237" 9692
"/Engine/EngineMaterials/Substrate/Glints2/dict_0002_0238" 9693
"/Engine/EngineMaterials/Substrate/Glints2/dict_0002_0239" 9694
"/Engine/EngineMaterials/Substrate/Glints2/dict_0002_0240" 9695
"/Engine/EngineMaterials/Substrate/Glints2/dict_0002_0241" 9696
"/Engine/EngineMaterials/Substrate/Glints2/dict_0002_0242" 9697
"/Engine/EngineMaterials/Substrate/Glints2/dict_0002_0243" 9698
"/Engine/EngineMaterials/Substrate/Glints2/dict_0002_0244" 9699
"/Engine/EngineMaterials/Substrate/Glints2/dict_0002_0245" 9700
"/Engine/EngineMaterials/Substrate/Glints2/dict_0002_0246" 9701
"/Engine/EngineMaterials/Substrate/Glints2/dict_0002_0247" 9702
"/Engine/EngineMaterials/Substrate/Glints2/dict_0002_0248" 9703
"/Engine/EngineMaterials/Substrate/Glints2/dict_0002_0249" 9704
"../../../Engine/Content/EngineMaterials/Substrate/Glints2/dict_0002_0217.uasset" 9705
"../../../Engine/Content/EngineMaterials/Substrate/Glints2/dict_0002_0216.uasset" 9706
"../../../Engine/Content/EngineMaterials/Substrate/Glints2/dict_0002_0215.uasset" 9707
"../../../Engine/Content/EngineMaterials/Substrate/Glints2/dict_0002_0214.uasset" 9708
"../../../Engine/Content/EngineMaterials/Substrate/Glints2/dict_0002_0213.uasset" 9709
"../../../Engine/Content/EngineMaterials/Substrate/Glints2/dict_0002_0212.uasset" 9710
"/Engine/EngineMaterials/Substrate/Glints2/dict_0002_0232" 9711
"../../../Engine/Content/EngineMaterials/Substrate/Glints2/dict_0002_0211.uasset" 9712
"../../../Engine/Content/EngineMaterials/Substrate/Glints2/dict_0002_0210.uasset" 9713
"../../../Engine/Content/EngineMaterials/Substrate/Glints2/dict_0002_0209.uasset" 9714
"../../../Engine/Content/EngineMaterials/Substrate/Glints2/dict_0002_0208.uasset" 9715
"../../../Engine/Content/EngineMaterials/Substrate/Glints2/dict_0002_0207.uasset" 9716
"../../../Engine/Content/EngineMaterials/Substrate/Glints2/dict_0002_0205.uasset" 9717
"../../../Engine/Content/EngineMaterials/Substrate/Glints2/dict_0002_0204.uasset" 9718
"../../../Engine/Content/EngineMaterials/Substrate/Glints2/dict_0002_0203.uasset" 9719
"../../../Engine/Content/EngineMaterials/Substrate/Glints2/dict_0002_0202.uasset" 9720
"/Engine/EngineMaterials/Substrate/Glints2/dict_0002_0234" 9721
"../../../Engine/Content/EngineMaterials/Substrate/Glints2/dict_0002_0201.uasset" 9722
"../../../Engine/Content/EngineMaterials/Substrate/Glints2/dict_0002_0200.uasset" 9723
"../../../Engine/Content/EngineMaterials/Substrate/Glints2/dict_0002_0206.uasset" 9724
"/Engine/EngineMaterials/Substrate/Glints2/dict_0002_0218" 9725
"/Engine/EngineMaterials/Substrate/Glints2/dict_0002_0219" 9726
"/Engine/EngineMaterials/Substrate/Glints2/dict_0002_0220" 9727
"/Engine/EngineMaterials/Substrate/Glints2/dict_0002_0221" 9728
"/Engine/EngineMaterials/Substrate/Glints2/dict_0002_0222" 9729
"/Engine/EngineMaterials/Substrate/Glints2/dict_0002_0223" 9730
"/Engine/EngineMaterials/Substrate/Glints2/dict_0002_0224" 9731
"/Engine/EngineMaterials/Substrate/Glints2/dict_0002_0225" 9732
"/Engine/EngineMaterials/Substrate/Glints2/dict_0002_0226" 9733
"/Engine/EngineMaterials/Substrate/Glints2/dict_0002_0227" 9734
"/Engine/EngineMaterials/Substrate/Glints2/dict_0002_0228" 9735
"/Engine/EngineMaterials/Substrate/Glints2/dict_0002_0229" 9736
"/Engine/EngineMaterials/Substrate/Glints2/dict_0002_0200" 9737
"../../../Engine/Content/EngineMaterials/Substrate/Glints2/dict_0002_0198.uasset" 9738
"../../../Engine/Content/EngineMaterials/Substrate/Glints2/dict_0002_0199.uasset" 9739
"../../../Engine/Content/EngineMaterials/Substrate/Glints2/dict_0002_0197.uasset" 9740
"../../../Engine/Content/EngineMaterials/Substrate/Glints2/dict_0002_0196.uasset" 9741
"../../../Engine/Content/EngineMaterials/Substrate/Glints2/dict_0002_0195.uasset" 9742
"/Engine/EngineMaterials/Substrate/Glints2/dict_0002_0201" 9743
"../../../Engine/Content/EngineMaterials/Substrate/Glints2/dict_0002_0193.uasset" 9744
"../../../Engine/Content/EngineMaterials/Substrate/Glints2/dict_0002_0194.uasset" 9745
"../../../Engine/Content/EngineMaterials/Substrate/Glints2/dict_0002_0192.uasset" 9746
"../../../Engine/Content/EngineMaterials/Substrate/Glints2/dict_0002_0190.uasset" 9747
"../../../Engine/Content/EngineMaterials/Substrate/Glints2/dict_0002_0191.uasset" 9748
"../../../Engine/Content/EngineMaterials/Substrate/Glints2/dict_0002_0189.uasset" 9749
"../../../Engine/Content/EngineMaterials/Substrate/Glints2/dict_0002_0188.uasset" 9750
"../../../Engine/Content/EngineMaterials/Substrate/Glints2/dict_0002_0187.uasset" 9751
"/Engine/EngineMaterials/Substrate/Glints2/dict_0002_0202" 9752
"/Engine/EngineMaterials/Substrate/Glints2/dict_0002_0203" 9753
"/Engine/EngineMaterials/Substrate/Glints2/dict_0002_0204" 9754
"../../../Engine/Content/EngineMaterials/Substrate/Glints2/dict_0002_0186.uasset" 9755
"/Engine/EngineMaterials/Substrate/Glints2/dict_0002_0205" 9756
"/Engine/EngineMaterials/Substrate/Glints2/dict_0002_0206" 9757
"/Engine/EngineMaterials/Substrate/Glints2/dict_0002_0207" 9758
"/Engine/EngineMaterials/Substrate/Glints2/dict_0002_0208" 9759
"/Engine/EngineMaterials/Substrate/Glints2/dict_0002_0209" 9760
"/Engine/EngineMaterials/Substrate/Glints2/dict_0002_0210" 9761
"/Engine/EngineMaterials/Substrate/Glints2/dict_0002_0211" 9762
"/Engine/EngineMaterials/Substrate/Glints2/dict_0002_0212" 9763
"/Engine/EngineMaterials/Substrate/Glints2/dict_0002_0213" 9764
"/Engine/EngineMaterials/Substrate/Glints2/dict_0002_0214" 9765
"/Engine/EngineMaterials/Substrate/Glints2/dict_0002_0215" 9766
"/Engine/EngineMaterials/Substrate/Glints2/dict_0002_0216" 9767
"/Engine/EngineMaterials/Substrate/Glints2/dict_0002_0217" 9768
"../../../Engine/Content/EngineMaterials/Substrate/Glints2/dict_0002_0185.uasset" 9769
"../../../Engine/Content/EngineMaterials/Substrate/Glints2/dict_0002_0184.uasset" 9770
"../../../Engine/Content/EngineMaterials/Substrate/Glints2/dict_0002_0183.uasset" 9771
"../../../Engine/Content/EngineMaterials/Substrate/Glints2/dict_0002_0182.uasset" 9772
"../../../Engine/Content/EngineMaterials/Substrate/Glints2/dict_0002_0181.uasset" 9773
"../../../Engine/Content/EngineMaterials/Substrate/Glints2/dict_0002_0180.uasset" 9774
"../../../Engine/Content/EngineMaterials/Substrate/Glints2/dict_0002_0179.uasset" 9775
"/Engine/EngineMaterials/Substrate/Glints2/dict_0002_0186" 9776
"../../../Engine/Content/EngineMaterials/Substrate/Glints2/dict_0002_0178.uasset" 9777
"../../../Engine/Content/EngineMaterials/Substrate/Glints2/dict_0002_0177.uasset" 9778
"../../../Engine/Content/EngineMaterials/Substrate/Glints2/dict_0002_0176.uasset" 9779
"../../../Engine/Content/EngineMaterials/Substrate/Glints2/dict_0002_0174.uasset" 9780
"../../../Engine/Content/EngineMaterials/Substrate/Glints2/dict_0002_0175.uasset" 9781
"../../../Engine/Content/EngineMaterials/Substrate/Glints2/dict_0002_0173.uasset" 9782
"../../../Engine/Content/EngineMaterials/Substrate/Glints2/dict_0002_0172.uasset" 9783
"../../../Engine/Content/EngineMaterials/Substrate/Glints2/dict_0002_0171.uasset" 9784
"../../../Engine/Content/EngineMaterials/Substrate/Glints2/dict_0002_0169.uasset" 9785
"../../../Engine/Content/EngineMaterials/Substrate/Glints2/dict_0002_0168.uasset" 9786
"../../../Engine/Content/EngineMaterials/Substrate/Glints2/dict_0002_0170.uasset" 9787
"/Engine/EngineMaterials/Substrate/Glints2/dict_0002_0187" 9788
"/Engine/EngineMaterials/Substrate/Glints2/dict_0002_0188" 9789
"/Engine/EngineMaterials/Substrate/Glints2/dict_0002_0189" 9790
"/Engine/EngineMaterials/Substrate/Glints2/dict_0002_0190" 9791
"/Engine/EngineMaterials/Substrate/Glints2/dict_0002_0191" 9792
"/Engine/EngineMaterials/Substrate/Glints2/dict_0002_0192" 9793
"/Engine/EngineMaterials/Substrate/Glints2/dict_0002_0193" 9794
"/Engine/EngineMaterials/Substrate/Glints2/dict_0002_0194" 9795
"/Engine/EngineMaterials/Substrate/Glints2/dict_0002_0195" 9796
"/Engine/EngineMaterials/Substrate/Glints2/dict_0002_0196" 9797
"/Engine/EngineMaterials/Substrate/Glints2/dict_0002_0197" 9798
"/Engine/EngineMaterials/Substrate/Glints2/dict_0002_0198" 9799
"/Engine/EngineMaterials/Substrate/Glints2/dict_0002_0199" 9800
"/Engine/EngineMaterials/Substrate/Glints2/dict_0002_0168" 9801
"../../../Engine/Content/EngineMaterials/Substrate/Glints2/dict_0002_0167.uasset" 9802
"/Engine/EngineMaterials/Substrate/Glints2/dict_0002_0169" 9803
"../../../Engine/Content/EngineMaterials/Substrate/Glints2/dict_0002_0166.uasset" 9804
"../../../Engine/Content/EngineMaterials/Substrate/Glints2/dict_0002_0165.uasset" 9805
"/Engine/EngineMaterials/Substrate/Glints2/dict_0002_0170" 9806
"../../../Engine/Content/EngineMaterials/Substrate/Glints2/dict_0002_0164.uasset" 9807
"/Engine/EngineMaterials/Substrate/Glints2/dict_0002_0171" 9808
"../../../Engine/Content/EngineMaterials/Substrate/Glints2/dict_0002_0162.uasset" 9809
"../../../Engine/Content/EngineMaterials/Substrate/Glints2/dict_0002_0161.uasset" 9810
"/Engine/EngineMaterials/Substrate/Glints2/dict_0002_0172" 9811
"../../../Engine/Content/EngineMaterials/Substrate/Glints2/dict_0002_0160.uasset" 9812
"/Engine/EngineMaterials/Substrate/Glints2/dict_0002_0173" 9813
"../../../Engine/Content/EngineMaterials/Substrate/Glints2/dict_0002_0159.uasset" 9814
"/Engine/EngineMaterials/Substrate/Glints2/dict_0002_0174" 9815
"../../../Engine/Content/EngineMaterials/Substrate/Glints2/dict_0002_0163.uasset" 9816
"../../../Engine/Content/EngineMaterials/Substrate/Glints2/dict_0002_0158.uasset" 9817
"../../../Engine/Content/EngineMaterials/Substrate/Glints2/dict_0002_0157.uasset" 9818
"../../../Engine/Content/EngineMaterials/Substrate/Glints2/dict_0002_0156.uasset" 9819
"../../../Engine/Content/EngineMaterials/Substrate/Glints2/dict_0002_0155.uasset" 9820
"../../../Engine/Content/EngineMaterials/Substrate/Glints2/dict_0002_0154.uasset" 9821
"/Engine/EngineMaterials/Substrate/Glints2/dict_0002_0175" 9822
"/Engine/EngineMaterials/Substrate/Glints2/dict_0002_0176" 9823
"/Engine/EngineMaterials/Substrate/Glints2/dict_0002_0177" 9824
"/Engine/EngineMaterials/Substrate/Glints2/dict_0002_0178" 9825
"/Engine/EngineMaterials/Substrate/Glints2/dict_0002_0179" 9826
"/Engine/EngineMaterials/Substrate/Glints2/dict_0002_0180" 9827
"/Engine/EngineMaterials/Substrate/Glints2/dict_0002_0181" 9828
"/Engine/EngineMaterials/Substrate/Glints2/dict_0002_0182" 9829
"/Engine/EngineMaterials/Substrate/Glints2/dict_0002_0183" 9830
"/Engine/EngineMaterials/Substrate/Glints2/dict_0002_0184" 9831
"/Engine/EngineMaterials/Substrate/Glints2/dict_0002_0185" 9832
"/Engine/EngineMaterials/Substrate/Glints2/dict_0002_0154" 9833
"../../../Engine/Content/EngineMaterials/Substrate/Glints2/dict_0002_0153.uasset" 9834
"../../../Engine/Content/EngineMaterials/Substrate/Glints2/dict_0002_0152.uasset" 9835
"../../../Engine/Content/EngineMaterials/Substrate/Glints2/dict_0002_0150.uasset" 9836
"../../../Engine/Content/EngineMaterials/Substrate/Glints2/dict_0002_0151.uasset" 9837
"../../../Engine/Content/EngineMaterials/Substrate/Glints2/dict_0002_0149.uasset" 9838
"../../../Engine/Content/EngineMaterials/Substrate/Glints2/dict_0002_0148.uasset" 9839
"../../../Engine/Content/EngineMaterials/Substrate/Glints2/dict_0002_0147.uasset" 9840
"/Engine/EngineMaterials/Substrate/Glints2/dict_0002_0155" 9841
"../../../Engine/Content/EngineMaterials/Substrate/Glints2/dict_0002_0145.uasset" 9842
"../../../Engine/Content/EngineMaterials/Substrate/Glints2/dict_0002_0144.uasset" 9843
"../../../Engine/Content/EngineMaterials/Substrate/Glints2/dict_0002_0146.uasset" 9844
"../../../Engine/Content/EngineMaterials/Substrate/Glints2/dict_0002_0143.uasset" 9845
"../../../Engine/Content/EngineMaterials/Substrate/Glints2/dict_0002_0141.uasset" 9846
"../../../Engine/Content/EngineMaterials/Substrate/Glints2/dict_0002_0142.uasset" 9847
"../../../Engine/Content/EngineMaterials/Substrate/Glints2/dict_0002_0140.uasset" 9848
"../../../Engine/Content/EngineMaterials/Substrate/Glints2/dict_0002_0139.uasset" 9849
"../../../Engine/Content/EngineMaterials/Substrate/Glints2/dict_0002_0138.uasset" 9850
"../../../Engine/Content/EngineMaterials/Substrate/Glints2/dict_0002_0137.uasset" 9851
"../../../Engine/Content/EngineMaterials/Substrate/Glints2/dict_0002_0136.uasset" 9852
"/Engine/EngineMaterials/Substrate/Glints2/dict_0002_0156" 9853
"/Engine/EngineMaterials/Substrate/Glints2/dict_0002_0157" 9854
"/Engine/EngineMaterials/Substrate/Glints2/dict_0002_0158" 9855
"/Engine/EngineMaterials/Substrate/Glints2/dict_0002_0159" 9856
"/Engine/EngineMaterials/Substrate/Glints2/dict_0002_0160" 9857
"/Engine/EngineMaterials/Substrate/Glints2/dict_0002_0161" 9858
"/Engine/EngineMaterials/Substrate/Glints2/dict_0002_0162" 9859
"/Engine/EngineMaterials/Substrate/Glints2/dict_0002_0163" 9860
"/Engine/EngineMaterials/Substrate/Glints2/dict_0002_0164" 9861
"/Engine/EngineMaterials/Substrate/Glints2/dict_0002_0165" 9862
"/Engine/EngineMaterials/Substrate/Glints2/dict_0002_0166" 9863
"/Engine/EngineMaterials/Substrate/Glints2/dict_0002_0167" 9864
"../../../Engine/Content/EngineMaterials/Substrate/Glints2/dict_0002_0135.uasset" 9865
"/Engine/EngineMaterials/Substrate/Glints2/dict_0002_0136" 9866
"../../../Engine/Content/EngineMaterials/Substrate/Glints2/dict_0002_0134.uasset" 9867
"../../../Engine/Content/EngineMaterials/Substrate/Glints2/dict_0002_0133.uasset" 9868
"../../../Engine/Content/EngineMaterials/Substrate/Glints2/dict_0002_0132.uasset" 9869
"../../../Engine/Content/EngineMaterials/Substrate/Glints2/dict_0002_0130.uasset" 9870
"../../../Engine/Content/EngineMaterials/Substrate/Glints2/dict_0002_0131.uasset" 9871
"../../../Engine/Content/EngineMaterials/Substrate/Glints2/dict_0002_0129.uasset" 9872
"../../../Engine/Content/EngineMaterials/Substrate/Glints2/dict_0002_0127.uasset" 9873
"../../../Engine/Content/EngineMaterials/Substrate/Glints2/dict_0002_0128.uasset" 9874
"../../../Engine/Content/EngineMaterials/Substrate/Glints2/dict_0002_0126.uasset" 9875
"../../../Engine/Content/EngineMaterials/Substrate/Glints2/dict_0002_0125.uasset" 9876
"/Engine/EngineMaterials/Substrate/Glints2/dict_0002_0137" 9877
"../../../Engine/Content/EngineMaterials/Substrate/Glints2/dict_0002_0124.uasset" 9878
"../../../Engine/Content/EngineMaterials/Substrate/Glints2/dict_0002_0122.uasset" 9879
"../../../Engine/Content/EngineMaterials/Substrate/Glints2/dict_0002_0123.uasset" 9880
"/Engine/EngineMaterials/Substrate/Glints2/dict_0002_0138" 9881
"/Engine/EngineMaterials/Substrate/Glints2/dict_0002_0139" 9882
"/Engine/EngineMaterials/Substrate/Glints2/dict_0002_0140" 9883
"/Engine/EngineMaterials/Substrate/Glints2/dict_0002_0141" 9884
"/Engine/EngineMaterials/Substrate/Glints2/dict_0002_0142" 9885
"/Engine/EngineMaterials/Substrate/Glints2/dict_0002_0143" 9886
"/Engine/EngineMaterials/Substrate/Glints2/dict_0002_0144" 9887
"/Engine/EngineMaterials/Substrate/Glints2/dict_0002_0145" 9888
"/Engine/EngineMaterials/Substrate/Glints2/dict_0002_0146" 9889
"/Engine/EngineMaterials/Substrate/Glints2/dict_0002_0147" 9890
"/Engine/EngineMaterials/Substrate/Glints2/dict_0002_0148" 9891
"/Engine/EngineMaterials/Substrate/Glints2/dict_0002_0149" 9892
"/Engine/EngineMaterials/Substrate/Glints2/dict_0002_0150" 9893
"/Engine/EngineMaterials/Substrate/Glints2/dict_0002_0151" 9894
"/Engine/EngineMaterials/Substrate/Glints2/dict_0002_0152" 9895
"/Engine/EngineMaterials/Substrate/Glints2/dict_0002_0153" 9896
"../../../Engine/Content/EngineMaterials/Substrate/Glints2/dict_0002_0121.uasset" 9897
"../../../Engine/Content/EngineMaterials/Substrate/Glints2/dict_0002_0120.uasset" 9898
"../../../Engine/Content/EngineMaterials/Substrate/Glints2/dict_0002_0119.uasset" 9899
"../../../Engine/Content/EngineMaterials/Substrate/Glints2/dict_0002_0118.uasset" 9900
"/Engine/EngineMaterials/Substrate/Glints2/dict_0002_0122" 9901
"../../../Engine/Content/EngineMaterials/Substrate/Glints2/dict_0002_0117.uasset" 9902
"../../../Engine/Content/EngineMaterials/Substrate/Glints2/dict_0002_0116.uasset" 9903
"../../../Engine/Content/EngineMaterials/Substrate/Glints2/dict_0002_0115.uasset" 9904
"../../../Engine/Content/EngineMaterials/Substrate/Glints2/dict_0002_0114.uasset" 9905
"/Engine/EngineMaterials/Substrate/Glints2/dict_0002_0123" 9906
"../../../Engine/Content/EngineMaterials/Substrate/Glints2/dict_0002_0113.uasset" 9907
"../../../Engine/Content/EngineMaterials/Substrate/Glints2/dict_0002_0111.uasset" 9908
"../../../Engine/Content/EngineMaterials/Substrate/Glints2/dict_0002_0110.uasset" 9909
"../../../Engine/Content/EngineMaterials/Substrate/Glints2/dict_0002_0109.uasset" 9910
"../../../Engine/Content/EngineMaterials/Substrate/Glints2/dict_0002_0108.uasset" 9911
"../../../Engine/Content/EngineMaterials/Substrate/Glints2/dict_0002_0112.uasset" 9912
"/Engine/EngineMaterials/Substrate/Glints2/dict_0002_0124" 9913
"../../../Engine/Content/EngineMaterials/Substrate/Glints2/dict_0002_0107.uasset" 9914
"../../../Engine/Content/EngineMaterials/Substrate/Glints2/dict_0002_0106.uasset" 9915
"../../../Engine/Content/EngineMaterials/Substrate/Glints2/dict_0002_0105.uasset" 9916
"../../../Engine/Content/EngineMaterials/Substrate/Glints2/dict_0002_0104.uasset" 9917
"/Engine/EngineMaterials/Substrate/Glints2/dict_0002_0125" 9918
"/Engine/EngineMaterials/Substrate/Glints2/dict_0002_0126" 9919
"/Engine/EngineMaterials/Substrate/Glints2/dict_0002_0127" 9920
"/Engine/EngineMaterials/Substrate/Glints2/dict_0002_0128" 9921
"/Engine/EngineMaterials/Substrate/Glints2/dict_0002_0129" 9922
"/Engine/EngineMaterials/Substrate/Glints2/dict_0002_0130" 9923
"/Engine/EngineMaterials/Substrate/Glints2/dict_0002_0131" 9924
"/Engine/EngineMaterials/Substrate/Glints2/dict_0002_0132" 9925
"/Engine/EngineMaterials/Substrate/Glints2/dict_0002_0133" 9926
"/Engine/EngineMaterials/Substrate/Glints2/dict_0002_0134" 9927
"/Engine/EngineMaterials/Substrate/Glints2/dict_0002_0135" 9928
"../../../Engine/Content/EngineMaterials/Substrate/Glints2/dict_0002_0103.uasset" 9929
"../../../Engine/Content/EngineMaterials/Substrate/Glints2/dict_0002_0102.uasset" 9930
"/Engine/EngineMaterials/Substrate/Glints2/dict_0002_0104" 9931
"../../../Engine/Content/EngineMaterials/Substrate/Glints2/dict_0002_0100.uasset" 9932
"../../../Engine/Content/EngineMaterials/Substrate/Glints2/dict_0002_0101.uasset" 9933
"../../../Engine/Content/EngineMaterials/Substrate/Glints2/dict_0002_0099.uasset" 9934
"../../../Engine/Content/EngineMaterials/Substrate/Glints2/dict_0002_0098.uasset" 9935
"../../../Engine/Content/EngineMaterials/Substrate/Glints2/dict_0002_0096.uasset" 9936
"../../../Engine/Content/EngineMaterials/Substrate/Glints2/dict_0002_0097.uasset" 9937
"../../../Engine/Content/EngineMaterials/Substrate/Glints2/dict_0002_0095.uasset" 9938
"../../../Engine/Content/EngineMaterials/Substrate/Glints2/dict_0002_0094.uasset" 9939
"../../../Engine/Content/EngineMaterials/Substrate/Glints2/dict_0002_0093.uasset" 9940
"../../../Engine/Content/EngineMaterials/Substrate/Glints2/dict_0002_0092.uasset" 9941
"../../../Engine/Content/EngineMaterials/Substrate/Glints2/dict_0002_0091.uasset" 9942
"/Engine/EngineMaterials/Substrate/Glints2/dict_0002_0105" 9943
"../../../Engine/Content/EngineMaterials/Substrate/Glints2/dict_0002_0090.uasset" 9944
"/Engine/EngineMaterials/Substrate/Glints2/dict_0002_0106" 9945
"/Engine/EngineMaterials/Substrate/Glints2/dict_0002_0107" 9946
"/Engine/EngineMaterials/Substrate/Glints2/dict_0002_0108" 9947
"/Engine/EngineMaterials/Substrate/Glints2/dict_0002_0109" 9948
"/Engine/EngineMaterials/Substrate/Glints2/dict_0002_0110" 9949
"/Engine/EngineMaterials/Substrate/Glints2/dict_0002_0111" 9950
"/Engine/EngineMaterials/Substrate/Glints2/dict_0002_0112" 9951
"/Engine/EngineMaterials/Substrate/Glints2/dict_0002_0113" 9952
"/Engine/EngineMaterials/Substrate/Glints2/dict_0002_0114" 9953
"/Engine/EngineMaterials/Substrate/Glints2/dict_0002_0115" 9954
"/Engine/EngineMaterials/Substrate/Glints2/dict_0002_0116" 9955
"/Engine/EngineMaterials/Substrate/Glints2/dict_0002_0117" 9956
"/Engine/EngineMaterials/Substrate/Glints2/dict_0002_0118" 9957
"/Engine/EngineMaterials/Substrate/Glints2/dict_0002_0119" 9958
"/Engine/EngineMaterials/Substrate/Glints2/dict_0002_0120" 9959
"/Engine/EngineMaterials/Substrate/Glints2/dict_0002_0121" 9960
"/Engine/EngineMaterials/Substrate/Glints2/dict_0002_0090" 9961
"../../../Engine/Content/EngineMaterials/Substrate/Glints2/dict_0002_0089.uasset" 9962
"/Engine/EngineMaterials/Substrate/Glints2/dict_0002_0091" 9963
"../../../Engine/Content/EngineMaterials/Substrate/Glints2/dict_0002_0088.uasset" 9964
"../../../Engine/Content/EngineMaterials/Substrate/Glints2/dict_0002_0086.uasset" 9965
"../../../Engine/Content/EngineMaterials/Substrate/Glints2/dict_0002_0085.uasset" 9966
"../../../Engine/Content/EngineMaterials/Substrate/Glints2/dict_0002_0087.uasset" 9967
"../../../Engine/Content/EngineMaterials/Substrate/Glints2/dict_0002_0084.uasset" 9968
"../../../Engine/Content/EngineMaterials/Substrate/Glints2/dict_0002_0083.uasset" 9969
"../../../Engine/Content/EngineMaterials/Substrate/Glints2/dict_0002_0082.uasset" 9970
"../../../Engine/Content/EngineMaterials/Substrate/Glints2/dict_0002_0080.uasset" 9971
"../../../Engine/Content/EngineMaterials/Substrate/Glints2/dict_0002_0081.uasset" 9972
"../../../Engine/Content/EngineMaterials/Substrate/Glints2/dict_0002_0079.uasset" 9973
"/Engine/EngineMaterials/Substrate/Glints2/dict_0002_0092" 9974
"../../../Engine/Content/EngineMaterials/Substrate/Glints2/dict_0002_0078.uasset" 9975
"../../../Engine/Content/EngineMaterials/Substrate/Glints2/dict_0002_0077.uasset" 9976
"../../../Engine/Content/EngineMaterials/Substrate/Glints2/dict_0002_0075.uasset" 9977
"../../../Engine/Content/EngineMaterials/Substrate/Glints2/dict_0002_0074.uasset" 9978
"../../../Engine/Content/EngineMaterials/Substrate/Glints2/dict_0002_0073.uasset" 9979
"/Engine/EngineMaterials/Substrate/Glints2/dict_0002_0093" 9980
"../../../Engine/Content/EngineMaterials/Substrate/Glints2/dict_0002_0072.uasset" 9981
"../../../Engine/Content/EngineMaterials/Substrate/Glints2/dict_0002_0076.uasset" 9982
"/Engine/EngineMaterials/Substrate/Glints2/dict_0002_0094" 9983
"/Engine/EngineMaterials/Substrate/Glints2/dict_0002_0095" 9984
"/Engine/EngineMaterials/Substrate/Glints2/dict_0002_0096" 9985
"../../../Engine/Content/EngineMaterials/Substrate/Glints2/dict_0002_0070.uasset" 9986
"../../../Engine/Content/EngineMaterials/Substrate/Glints2/dict_0002_0071.uasset" 9987
"/Engine/EngineMaterials/Substrate/Glints2/dict_0002_0072" 9988
"../../../Engine/Content/EngineMaterials/Substrate/Glints2/dict_0002_0069.uasset" 9989
"../../../Engine/Content/EngineMaterials/Substrate/Glints2/dict_0002_0068.uasset" 9990
"../../../Engine/Content/EngineMaterials/Substrate/Glints2/dict_0002_0067.uasset" 9991
"../../../Engine/Content/EngineMaterials/Substrate/Glints2/dict_0002_0066.uasset" 9992
"../../../Engine/Content/EngineMaterials/Substrate/Glints2/dict_0002_0065.uasset" 9993
"/Engine/EngineMaterials/Substrate/Glints2/dict_0002_0073" 9994
"/Engine/EngineMaterials/Substrate/Glints2/dict_0002_0074" 9995
"/Engine/EngineMaterials/Substrate/Glints2/dict_0002_0075" 9996
"/Engine/EngineMaterials/Substrate/Glints2/dict_0002_0076" 9997
"/Engine/EngineMaterials/Substrate/Glints2/dict_0002_0077" 9998
"/Engine/EngineMaterials/Substrate/Glints2/dict_0002_0078" 9999
"/Engine/EngineMaterials/Substrate/Glints2/dict_0002_0079" 10000
"/Engine/EngineMaterials/Substrate/Glints2/dict_0002_0080" 10001
"/Engine/EngineMaterials/Substrate/Glints2/dict_0002_0081" 10002
"/Engine/EngineMaterials/Substrate/Glints2/dict_0002_0103" 10003
"/Engine/EngineMaterials/Substrate/Glints2/dict_0002_0102" 10004
"/Engine/EngineMaterials/Substrate/Glints2/dict_0002_0082" 10005
"/Engine/EngineMaterials/Substrate/Glints2/dict_0002_0101" 10006
"/Engine/EngineMaterials/Substrate/Glints2/dict_0002_0083" 10007
"/Engine/EngineMaterials/Substrate/Glints2/dict_0002_0084" 10008
"/Engine/EngineMaterials/Substrate/Glints2/dict_0002_0085" 10009
"/Engine/EngineMaterials/Substrate/Glints2/dict_0002_0086" 10010
"/Engine/EngineMaterials/Substrate/Glints2/dict_0002_0087" 10011
"/Engine/EngineMaterials/Substrate/Glints2/dict_0002_0088" 10012
"/Engine/EngineMaterials/Substrate/Glints2/dict_0002_0089" 10013
"/Engine/EngineMaterials/Substrate/Glints2/dict_0002_0100" 10014
"/Engine/EngineMaterials/Substrate/Glints2/dict_0002_0099" 10015
"/Engine/EngineMaterials/Substrate/Glints2/dict_0002_0098" 10016
"/Engine/EngineMaterials/Substrate/Glints2/dict_0002_0097" 10017
"/Engine/EngineMaterials/Substrate/Glints2/dict_0002_0065" 10018
"../../../Engine/Content/EngineMaterials/Substrate/Glints2/dict_0002_0064.uasset" 10019
"../../../Engine/Content/EngineMaterials/Substrate/Glints2/dict_0002_0063.uasset" 10020
"../../../Engine/Content/EngineMaterials/Substrate/Glints2/dict_0002_0061.uasset" 10021
"/Engine/EngineMaterials/Substrate/Glints2/dict_0002_0066" 10022
"../../../Engine/Content/EngineMaterials/Substrate/Glints2/dict_0002_0062.uasset" 10023
"../../../Engine/Content/EngineMaterials/Substrate/Glints2/dict_0002_0059.uasset" 10024
"../../../Engine/Content/EngineMaterials/Substrate/Glints2/dict_0002_0060.uasset" 10025
"../../../Engine/Content/EngineMaterials/Substrate/Glints2/dict_0002_0057.uasset" 10026
"../../../Engine/Content/EngineMaterials/Substrate/Glints2/dict_0002_0058.uasset" 10027
"../../../Engine/Content/EngineMaterials/Substrate/Glints2/dict_0002_0056.uasset" 10028
"/Engine/EngineMaterials/Substrate/Glints2/dict_0002_0067" 10029
"../../../Engine/Content/EngineMaterials/Substrate/Glints2/dict_0002_0054.uasset" 10030
"../../../Engine/Content/EngineMaterials/Substrate/Glints2/dict_0002_0055.uasset" 10031
"../../../Engine/Content/EngineMaterials/Substrate/Glints2/dict_0002_0053.uasset" 10032
"../../../Engine/Content/EngineMaterials/Substrate/Glints2/dict_0002_0052.uasset" 10033
"../../../Engine/Content/EngineMaterials/Substrate/Glints2/dict_0002_0050.uasset" 10034
"../../../Engine/Content/EngineMaterials/Substrate/Glints2/dict_0002_0051.uasset" 10035
"/Engine/EngineMaterials/Substrate/Glints2/dict_0002_0068" 10036
"../../../Engine/Content/EngineMaterials/Substrate/Glints2/dict_0002_0049.uasset" 10037
"../../../Engine/Content/EngineMaterials/Substrate/Glints2/dict_0002_0048.uasset" 10038
"../../../Engine/Content/EngineMaterials/Substrate/Glints2/dict_0002_0047.uasset" 10039
"../../../Engine/Content/EngineMaterials/Substrate/Glints2/dict_0002_0046.uasset" 10040
"../../../Engine/Content/EngineMaterials/Substrate/Glints2/dict_0002_0045.uasset" 10041
"../../../Engine/Content/EngineMaterials/Substrate/Glints2/dict_0002_0044.uasset" 10042
"../../../Engine/Content/EngineMaterials/Substrate/Glints2/dict_0002_0043.uasset" 10043
"/Engine/EngineMaterials/Substrate/Glints2/dict_0002_0069" 10044
"../../../Engine/Content/EngineMaterials/Substrate/Glints2/dict_0002_0042.uasset" 10045
"../../../Engine/Content/EngineMaterials/Substrate/Glints2/dict_0002_0041.uasset" 10046
"../../../Engine/Content/EngineMaterials/Substrate/Glints2/dict_0002_0040.uasset" 10047
"/Engine/EngineMaterials/Substrate/Glints2/dict_0002_0070" 10048
"/Engine/EngineMaterials/Substrate/Glints2/dict_0002_0071" 10049
"../../../Engine/Content/EngineMaterials/Substrate/Glints2/dict_0002_0039.uasset" 10050
"../../../Engine/Content/EngineMaterials/Substrate/Glints2/dict_0002_0038.uasset" 10051
"../../../Engine/Content/EngineMaterials/Substrate/Glints2/dict_0002_0036.uasset" 10052
"../../../Engine/Content/EngineMaterials/Substrate/Glints2/dict_0002_0037.uasset" 10053
"../../../Engine/Content/EngineMaterials/Substrate/Glints2/dict_0002_0035.uasset" 10054
"../../../Engine/Content/EngineMaterials/Substrate/Glints2/dict_0002_0034.uasset" 10055
"../../../Engine/Content/EngineMaterials/Substrate/Glints2/dict_0002_0033.uasset" 10056
"/Engine/EngineMaterials/Substrate/Glints2/dict_0002_0040" 10057
"/Engine/EngineMaterials/Substrate/Glints2/dict_0002_0041" 10058
"/Engine/EngineMaterials/Substrate/Glints2/dict_0002_0042" 10059
"/Engine/EngineMaterials/Substrate/Glints2/dict_0002_0043" 10060
"/Engine/EngineMaterials/Substrate/Glints2/dict_0002_0044" 10061
"/Engine/EngineMaterials/Substrate/Glints2/dict_0002_0045" 10062
"/Engine/EngineMaterials/Substrate/Glints2/dict_0002_0046" 10063
"/Engine/EngineMaterials/Substrate/Glints2/dict_0002_0047" 10064
"/Engine/EngineMaterials/Substrate/Glints2/dict_0002_0048" 10065
"/Engine/EngineMaterials/Substrate/Glints2/dict_0002_0049" 10066
"/Engine/EngineMaterials/Substrate/Glints2/dict_0002_0050" 10067
"/Engine/EngineMaterials/Substrate/Glints2/dict_0002_0051" 10068
"/Engine/EngineMaterials/Substrate/Glints2/dict_0002_0052" 10069
"/Engine/EngineMaterials/Substrate/Glints2/dict_0002_0053" 10070
"/Engine/EngineMaterials/Substrate/Glints2/dict_0002_0054" 10071
"/Engine/EngineMaterials/Substrate/Glints2/dict_0002_0055" 10072
"/Engine/EngineMaterials/Substrate/Glints2/dict_0002_0056" 10073
"/Engine/EngineMaterials/Substrate/Glints2/dict_0002_0057" 10074
"/Engine/EngineMaterials/Substrate/Glints2/dict_0002_0058" 10075
"/Engine/EngineMaterials/Substrate/Glints2/dict_0002_0059" 10076
"/Engine/EngineMaterials/Substrate/Glints2/dict_0002_0060" 10077
"/Engine/EngineMaterials/Substrate/Glints2/dict_0002_0061" 10078
"/Engine/EngineMaterials/Substrate/Glints2/dict_0002_0062" 10079
"/Engine/EngineMaterials/Substrate/Glints2/dict_0002_0063" 10080
"/Engine/EngineMaterials/Substrate/Glints2/dict_0002_0064" 10081
"/Engine/EngineMaterials/Substrate/Glints2/dict_0002_0033" 10082
"/Engine/EngineMaterials/Substrate/Glints2/dict_0002_0034" 10083
"/Engine/EngineMaterials/Substrate/Glints2/dict_0002_0035" 10084
"/Engine/EngineMaterials/Substrate/Glints2/dict_0002_0036" 10085
"/Engine/EngineMaterials/Substrate/Glints2/dict_0002_0037" 10086
"/Engine/EngineMaterials/Substrate/Glints2/dict_0002_0038" 10087
"/Engine/EngineMaterials/Substrate/Glints2/dict_0002_0039" 10088
"../../../Engine/Content/EngineMaterials/Substrate/Glints2/dict_0002_0032.uasset" 10089
"../../../Engine/Content/EngineMaterials/Substrate/Glints2/dict_0002_0030.uasset" 10090
"../../../Engine/Content/EngineMaterials/Substrate/Glints2/dict_0002_0029.uasset" 10091
"../../../Engine/Content/EngineMaterials/Substrate/Glints2/dict_0002_0028.uasset" 10092
"../../../Engine/Content/EngineMaterials/Substrate/Glints2/dict_0002_0027.uasset" 10093
"../../../Engine/Content/EngineMaterials/Substrate/Glints2/dict_0002_0026.uasset" 10094
"/Engine/EngineMaterials/Substrate/Glints2/dict_0002_0026" 10095
"../../../Engine/Content/EngineMaterials/Substrate/Glints2/dict_0002_0025.uasset" 10096
"../../../Engine/Content/EngineMaterials/Substrate/Glints2/dict_0002_0024.uasset" 10097
"../../../Engine/Content/EngineMaterials/Substrate/Glints2/dict_0002_0023.uasset" 10098
"../../../Engine/Content/EngineMaterials/Substrate/Glints2/dict_0002_0022.uasset" 10099
"../../../Engine/Content/EngineMaterials/Substrate/Glints2/dict_0002_0021.uasset" 10100
"/Engine/EngineMaterials/Substrate/Glints2/dict_0002_0027" 10101
"../../../Engine/Content/EngineMaterials/Substrate/Glints2/dict_0002_0020.uasset" 10102
"../../../Engine/Content/EngineMaterials/Substrate/Glints2/dict_0002_0019.uasset" 10103
"../../../Engine/Content/EngineMaterials/Substrate/Glints2/dict_0002_0018.uasset" 10104
"../../../Engine/Content/EngineMaterials/Substrate/Glints2/dict_0002_0017.uasset" 10105
"../../../Engine/Content/EngineMaterials/Substrate/Glints2/dict_0002_0016.uasset" 10106
"../../../Engine/Content/EngineMaterials/Substrate/Glints2/dict_0002_0015.uasset" 10107
"../../../Engine/Content/EngineMaterials/Substrate/Glints2/dict_0002_0014.uasset" 10108
"../../../Engine/Content/EngineMaterials/Substrate/Glints2/dict_0002_0013.uasset" 10109
"../../../Engine/Content/EngineMaterials/Substrate/Glints2/dict_0002_0012.uasset" 10110
"../../../Engine/Content/EngineMaterials/Substrate/Glints2/dict_0002_0011.uasset" 10111
"../../../Engine/Content/EngineMaterials/Substrate/Glints2/dict_0002_0010.uasset" 10112
"/Engine/EngineMaterials/Substrate/Glints2/dict_0002_0028" 10113
"../../../Engine/Content/EngineMaterials/Substrate/Glints2/dict_0002_0009.uasset" 10114
"../../../Engine/Content/EngineMaterials/Substrate/Glints2/dict_0002_0008.uasset" 10115
"/Engine/EngineMaterials/Substrate/Glints2/dict_0002_0029" 10116
"/Engine/EngineMaterials/Substrate/Glints2/dict_0002_0030" 10117
"../../../Engine/Content/EngineMaterials/Substrate/Glints2/dict_0002_0007.uasset" 10118
"../../../Engine/Content/EngineMaterials/Substrate/Glints2/dict_0002_0006.uasset" 10119
"/Engine/EngineMaterials/Substrate/Glints2/dict_0002_0032" 10120
"../../../Engine/Content/EngineMaterials/Substrate/Glints2/dict_0002_0005.uasset" 10121
"../../../Engine/Content/EngineMaterials/Substrate/Glints2/dict_0002_0004.uasset" 10122
"../../../Engine/Content/EngineMaterials/Substrate/Glints2/dict_0002_0003.uasset" 10123
"../../../Engine/Content/EngineMaterials/Substrate/Glints2/dict_0002_0002.uasset" 10124
"../../../Engine/Content/EngineMaterials/Substrate/Glints2/dict_0002_0001.uasset" 10125
"/Engine/EngineMaterials/Substrate/Glints2/dict_0002_0008" 10126
"../../../Engine/Content/EngineMaterials/Substrate/Glints2/dict_0002_0000.uasset" 10127
"../../../Engine/Content/EngineMaterials/Substrate/Glints2/dict_0001_0255.uasset" 10128
"../../../Engine/Content/EngineMaterials/Substrate/Glints2/dict_0001_0254.uasset" 10129
"../../../Engine/Content/EngineMaterials/Substrate/Glints2/dict_0001_0253.uasset" 10130
"../../../Engine/Content/EngineMaterials/Substrate/Glints2/dict_0001_0252.uasset" 10131
"/Engine/EngineMaterials/Substrate/Glints2/dict_0002_0009" 10132
"../../../Engine/Content/EngineMaterials/Substrate/Glints2/dict_0001_0251.uasset" 10133
"/Engine/EngineMaterials/Substrate/Glints2/dict_0002_0010" 10134
"/Engine/EngineMaterials/Substrate/Glints2/dict_0002_0002" 10135
"/Engine/EngineMaterials/Substrate/Glints2/dict_0002_0011" 10136
"/Engine/EngineMaterials/Substrate/Glints2/dict_0002_0012" 10137
"/Engine/EngineMaterials/Substrate/Glints2/dict_0002_0013" 10138
"/Engine/EngineMaterials/Substrate/Glints2/dict_0002_0014" 10139
"/Engine/EngineMaterials/Substrate/Glints2/dict_0002_0015" 10140
"/Engine/EngineMaterials/Substrate/Glints2/dict_0002_0016" 10141
"/Engine/EngineMaterials/Substrate/Glints2/dict_0002_0003" 10142
"/Engine/EngineMaterials/Substrate/Glints2/dict_0002_0004" 10143
"/Engine/EngineMaterials/Substrate/Glints2/dict_0002_0005" 10144
"/Engine/EngineMaterials/Substrate/Glints2/dict_0002_0017" 10145
"/Engine/EngineMaterials/Substrate/Glints2/dict_0002_0006" 10146
"/Engine/EngineMaterials/Substrate/Glints2/dict_0002_0007" 10147
"/Engine/EngineMaterials/Substrate/Glints2/dict_0002_0018" 10148
"/Engine/EngineMaterials/Substrate/Glints2/dict_0002_0019" 10149
"/Engine/EngineMaterials/Substrate/Glints2/dict_0002_0020" 10150
"/Engine/EngineMaterials/Substrate/Glints2/dict_0002_0021" 10151
"/Engine/EngineMaterials/Substrate/Glints2/dict_0002_0022" 10152
"/Engine/EngineMaterials/Substrate/Glints2/dict_0002_0023" 10153
"/Engine/EngineMaterials/Substrate/Glints2/dict_0002_0024" 10154
"/Engine/EngineMaterials/Substrate/Glints2/dict_0002_0025" 10155
"/Engine/EngineMaterials/Substrate/Glints2/dict_0002_0001" 10156
"/Engine/EngineMaterials/Substrate/Glints2/dict_0001_0251" 10157
"/Engine/EngineMaterials/Substrate/Glints2/dict_0001_0252" 10158
"/Engine/EngineMaterials/Substrate/Glints2/dict_0001_0253" 10159
"/Engine/EngineMaterials/Substrate/Glints2/dict_0001_0254" 10160
"/Engine/EngineMaterials/Substrate/Glints2/dict_0001_0255" 10161
"/Engine/EngineMaterials/Substrate/Glints2/dict_0002_0000" 10162
"../../../Engine/Content/EngineMaterials/Substrate/Glints2/dict_0001_0250.uasset" 10163
"../../../Engine/Content/EngineMaterials/Substrate/Glints2/dict_0001_0249.uasset" 10164
"../../../Engine/Content/EngineMaterials/Substrate/Glints2/dict_0001_0248.uasset" 10165
"../../../Engine/Content/EngineMaterials/Substrate/Glints2/dict_0001_0247.uasset" 10166
"../../../Engine/Content/EngineMaterials/Substrate/Glints2/dict_0001_0246.uasset" 10167
"../../../Engine/Content/EngineMaterials/Substrate/Glints2/dict_0001_0245.uasset" 10168
"../../../Engine/Content/EngineMaterials/Substrate/Glints2/dict_0001_0244.uasset" 10169
"../../../Engine/Content/EngineMaterials/Substrate/Glints2/dict_0001_0243.uasset" 10170
"../../../Engine/Content/EngineMaterials/Substrate/Glints2/dict_0001_0242.uasset" 10171
"../../../Engine/Content/EngineMaterials/Substrate/Glints2/dict_0001_0241.uasset" 10172
"../../../Engine/Content/EngineMaterials/Substrate/Glints2/dict_0001_0240.uasset" 10173
"../../../Engine/Content/EngineMaterials/Substrate/Glints2/dict_0001_0239.uasset" 10174
"../../../Engine/Content/EngineMaterials/Substrate/Glints2/dict_0001_0238.uasset" 10175
"../../../Engine/Content/EngineMaterials/Substrate/Glints2/dict_0001_0237.uasset" 10176
"../../../Engine/Content/EngineMaterials/Substrate/Glints2/dict_0001_0236.uasset" 10177
"../../../Engine/Content/EngineMaterials/Substrate/Glints2/dict_0001_0235.uasset" 10178
"../../../Engine/Content/EngineMaterials/Substrate/Glints2/dict_0001_0234.uasset" 10179
"../../../Engine/Content/EngineMaterials/Substrate/Glints2/dict_0001_0233.uasset" 10180
"../../../Engine/Content/EngineMaterials/Substrate/Glints2/dict_0001_0232.uasset" 10181
"../../../Engine/Content/EngineMaterials/Substrate/Glints2/dict_0001_0231.uasset" 10182
"../../../Engine/Content/EngineMaterials/Substrate/Glints2/dict_0001_0230.uasset" 10183
"../../../Engine/Content/EngineMaterials/Substrate/Glints2/dict_0001_0229.uasset" 10184
"../../../Engine/Content/EngineMaterials/Substrate/Glints2/dict_0001_0228.uasset" 10185
"../../../Engine/Content/EngineMaterials/Substrate/Glints2/dict_0001_0227.uasset" 10186
"../../../Engine/Content/EngineMaterials/Substrate/Glints2/dict_0001_0226.uasset" 10187
"../../../Engine/Content/EngineMaterials/Substrate/Glints2/dict_0001_0225.uasset" 10188
"../../../Engine/Content/EngineMaterials/Substrate/Glints2/dict_0001_0224.uasset" 10189
"../../../Engine/Content/EngineMaterials/Substrate/Glints2/dict_0001_0223.uasset" 10190
"../../../Engine/Content/EngineMaterials/Substrate/Glints2/dict_0001_0222.uasset" 10191
"../../../Engine/Content/EngineMaterials/Substrate/Glints2/dict_0001_0221.uasset" 10192
"../../../Engine/Content/EngineMaterials/Substrate/Glints2/dict_0001_0220.uasset" 10193
"../../../Engine/Content/EngineMaterials/Substrate/Glints2/dict_0002_0031.uasset" 10194
"/Engine/EngineMaterials/Substrate/Glints2/dict_0001_0227" 10195
"/Engine/EngineMaterials/Substrate/Glints2/dict_0001_0228" 10196
"/Engine/EngineMaterials/Substrate/Glints2/dict_0001_0220" 10197
"/Engine/EngineMaterials/Substrate/Glints2/dict_0001_0229" 10198
"/Engine/EngineMaterials/Substrate/Glints2/dict_0001_0230" 10199
"/Engine/EngineMaterials/Substrate/Glints2/dict_0001_0231" 10200
"/Engine/EngineMaterials/Substrate/Glints2/dict_0001_0232" 10201
"/Engine/EngineMaterials/Substrate/Glints2/dict_0001_0233" 10202
"/Engine/EngineMaterials/Substrate/Glints2/dict_0001_0234" 10203
"/Engine/EngineMaterials/Substrate/Glints2/dict_0001_0235" 10204
"/Engine/EngineMaterials/Substrate/Glints2/dict_0001_0236" 10205
"/Engine/EngineMaterials/Substrate/Glints2/dict_0001_0237" 10206
"/Engine/EngineMaterials/Substrate/Glints2/dict_0001_0238" 10207
"/Engine/EngineMaterials/Substrate/Glints2/dict_0001_0239" 10208
"/Engine/EngineMaterials/Substrate/Glints2/dict_0001_0240" 10209
"/Engine/EngineMaterials/Substrate/Glints2/dict_0001_0241" 10210
"/Engine/EngineMaterials/Substrate/Glints2/dict_0001_0242" 10211
"/Engine/EngineMaterials/Substrate/Glints2/dict_0001_0243" 10212
"/Engine/EngineMaterials/Substrate/Glints2/dict_0001_0244" 10213
"/Engine/EngineMaterials/Substrate/Glints2/dict_0001_0245" 10214
"/Engine/EngineMaterials/Substrate/Glints2/dict_0001_0246" 10215
"/Engine/EngineMaterials/Substrate/Glints2/dict_0001_0247" 10216
"/Engine/EngineMaterials/Substrate/Glints2/dict_0001_0248" 10217
"/Engine/EngineMaterials/Substrate/Glints2/dict_0001_0249" 10218
"/Engine/EngineMaterials/Substrate/Glints2/dict_0001_0250" 10219
"/Engine/EngineMaterials/Substrate/Glints2/dict_0001_0221" 10220
"/Engine/EngineMaterials/Substrate/Glints2/dict_0001_0222" 10221
"/Engine/EngineMaterials/Substrate/Glints2/dict_0001_0223" 10222
"/Engine/EngineMaterials/Substrate/Glints2/dict_0001_0224" 10223
"/Engine/EngineMaterials/Substrate/Glints2/dict_0001_0225" 10224
"/Engine/EngineMaterials/Substrate/Glints2/dict_0002_0031" 10225
"/Engine/EngineMaterials/Substrate/Glints2/dict_0001_0226" 10226
"../../../Engine/Content/EngineMaterials/Substrate/Glints2/dict_0001_0219.uasset" 10227
"../../../Engine/Content/EngineMaterials/Substrate/Glints2/dict_0001_0218.uasset" 10228
"../../../Engine/Content/EngineMaterials/Substrate/Glints2/dict_0001_0217.uasset" 10229
"../../../Engine/Content/EngineMaterials/Substrate/Glints2/dict_0001_0216.uasset" 10230
"../../../Engine/Content/EngineMaterials/Substrate/Glints2/dict_0001_0215.uasset" 10231
"../../../Engine/Content/EngineMaterials/Substrate/Glints2/dict_0001_0214.uasset" 10232
"../../../Engine/Content/EngineMaterials/Substrate/Glints2/dict_0001_0213.uasset" 10233
"../../../Engine/Content/EngineMaterials/Substrate/Glints2/dict_0001_0212.uasset" 10234
"../../../Engine/Content/EngineMaterials/Substrate/Glints2/dict_0001_0211.uasset" 10235
"../../../Engine/Content/EngineMaterials/Substrate/Glints2/dict_0001_0210.uasset" 10236
"../../../Engine/Content/EngineMaterials/Substrate/Glints2/dict_0001_0209.uasset" 10237
"../../../Engine/Content/EngineMaterials/Substrate/Glints2/dict_0001_0208.uasset" 10238
"../../../Engine/Content/EngineMaterials/Substrate/Glints2/dict_0001_0207.uasset" 10239
"../../../Engine/Content/EngineMaterials/Substrate/Glints2/dict_0001_0206.uasset" 10240
"../../../Engine/Content/EngineMaterials/Substrate/Glints2/dict_0001_0205.uasset" 10241
"../../../Engine/Content/EngineMaterials/Substrate/Glints2/dict_0001_0204.uasset" 10242
"../../../Engine/Content/EngineMaterials/Substrate/Glints2/dict_0001_0203.uasset" 10243
"../../../Engine/Content/EngineMaterials/Substrate/Glints2/dict_0001_0202.uasset" 10244
"../../../Engine/Content/EngineMaterials/Substrate/Glints2/dict_0001_0201.uasset" 10245
"../../../Engine/Content/EngineMaterials/Substrate/Glints2/dict_0001_0200.uasset" 10246
"../../../Engine/Content/EngineMaterials/Substrate/Glints2/dict_0001_0199.uasset" 10247
"../../../Engine/Content/EngineMaterials/Substrate/Glints2/dict_0001_0198.uasset" 10248
"../../../Engine/Content/EngineMaterials/Substrate/Glints2/dict_0001_0197.uasset" 10249
"../../../Engine/Content/EngineMaterials/Substrate/Glints2/dict_0001_0196.uasset" 10250
"../../../Engine/Content/EngineMaterials/Substrate/Glints2/dict_0001_0195.uasset" 10251
"../../../Engine/Content/EngineMaterials/Substrate/Glints2/dict_0001_0194.uasset" 10252
"../../../Engine/Content/EngineMaterials/Substrate/Glints2/dict_0001_0193.uasset" 10253
"../../../Engine/Content/EngineMaterials/Substrate/Glints2/dict_0001_0192.uasset" 10254
"../../../Engine/Content/EngineMaterials/Substrate/Glints2/dict_0001_0191.uasset" 10255
"../../../Engine/Content/EngineMaterials/Substrate/Glints2/dict_0001_0190.uasset" 10256
"../../../Engine/Content/EngineMaterials/Substrate/Glints2/dict_0001_0189.uasset" 10257
"../../../Engine/Content/EngineMaterials/Substrate/Glints2/dict_0001_0188.uasset" 10258
"../../../Engine/Plugins/Animation/DeformerGraph/Shaders/Private/DataInterfaceCustomComputeKernel.ush" 10259
"../../../Engine/Plugins/Animation/DeformerGraph/Shaders/Private/DataInterfaceCloth.ush" 10260
"../../../Engine/Plugins/Animation/DeformerGraph/Shaders/Private/DataInterfaceSkinnedMeshRead.ush" 10261
"../../../Engine/Plugins/Animation/DeformerGraph/Shaders/Private/DataInterfaceSkeleton.ush" 10262
"../../../Engine/Plugins/Animation/DeformerGraph/Shaders/Private/DataInterfaceSkeletonCommon.ush" 10263
"../../../Engine/Plugins/Animation/DeformerGraph/Shaders/Private/DataInterfaceMorphTarget.ush" 10264
"../../../Engine/Plugins/Animation/DeformerGraph/Shaders/Private/DataInterfaceSkinnedMeshWrite.ush" 10265
"../../../Engine/Plugins/Animation/DeformerGraph/Shaders/Private/DataInterfaceRawBuffer.ush" 10266
"../../../Engine/Plugins/Runtime/ComputeFramework/Shaders/Private/BufferAlias.ush" 10267
"../../../Engine/Plugins/Animation/DeformerGraph/Shaders/Private/DataInterfaceSkinnedMesh.ush" 10268
"../../../Engine/Plugins/Animation/DeformerGraph/Shaders/Private/DataInterfaceHalfEdge.ush" 10269
"/Engine/EngineMaterials/Substrate/Glints2/dict_0001_0218" 10270
"/Engine/EngineMaterials/Substrate/Glints2/dict_0001_0219" 10271
"../../../Engine/Content/EngineMaterials/Substrate/Glints2/dict_0001_0187.uasset" 10272
"/Engine/EngineMaterials/Substrate/Glints2/dict_0001_0188" 10273
"../../../Engine/Content/EngineMaterials/Substrate/Glints2/dict_0001_0186.uasset" 10274
"/Engine/EngineMaterials/Substrate/Glints2/dict_0001_0189" 10275
"/Engine/EngineMaterials/Substrate/Glints2/dict_0001_0190" 10276
"/Engine/EngineMaterials/Substrate/Glints2/dict_0001_0191" 10277
"/Engine/EngineMaterials/Substrate/Glints2/dict_0001_0192" 10278
"/Engine/EngineMaterials/Substrate/Glints2/dict_0001_0193" 10279
"/Engine/EngineMaterials/Substrate/Glints2/dict_0001_0194" 10280
"/Engine/EngineMaterials/Substrate/Glints2/dict_0001_0195" 10281
"/Engine/EngineMaterials/Substrate/Glints2/dict_0001_0196" 10282
"/Engine/EngineMaterials/Substrate/Glints2/dict_0001_0197" 10283
"/Engine/EngineMaterials/Substrate/Glints2/dict_0001_0198" 10284
"/Engine/EngineMaterials/Substrate/Glints2/dict_0001_0199" 10285
"/Engine/EngineMaterials/Substrate/Glints2/dict_0001_0200" 10286
"/Engine/EngineMaterials/Substrate/Glints2/dict_0001_0201" 10287
"/Engine/EngineMaterials/Substrate/Glints2/dict_0001_0202" 10288
"/Engine/EngineMaterials/Substrate/Glints2/dict_0001_0203" 10289
"/Engine/EngineMaterials/Substrate/Glints2/dict_0001_0204" 10290
"/Engine/EngineMaterials/Substrate/Glints2/dict_0001_0205" 10291
"/Engine/EngineMaterials/Substrate/Glints2/dict_0001_0206" 10292
"/Engine/EngineMaterials/Substrate/Glints2/dict_0001_0207" 10293
"/Engine/EngineMaterials/Substrate/Glints2/dict_0001_0208" 10294
"/Engine/EngineMaterials/Substrate/Glints2/dict_0001_0209" 10295
"/Engine/EngineMaterials/Substrate/Glints2/dict_0001_0210" 10296
"/Engine/EngineMaterials/Substrate/Glints2/dict_0001_0211" 10297
"/Engine/EngineMaterials/Substrate/Glints2/dict_0001_0212" 10298
"/Engine/EngineMaterials/Substrate/Glints2/dict_0001_0213" 10299
"/Engine/EngineMaterials/Substrate/Glints2/dict_0001_0214" 10300
"/Engine/EngineMaterials/Substrate/Glints2/dict_0001_0215" 10301
"/Engine/EngineMaterials/Substrate/Glints2/dict_0001_0216" 10302
"/Engine/EngineMaterials/Substrate/Glints2/dict_0001_0217" 10303
"../../../Engine/Content/EngineMaterials/Substrate/Glints2/dict_0001_0185.uasset" 10304
"/Engine/EngineMaterials/Substrate/Glints2/dict_0001_0186" 10305
"../../../Engine/Content/EngineMaterials/Substrate/Glints2/dict_0001_0184.uasset" 10306
"../../../Engine/Content/EngineMaterials/Substrate/Glints2/dict_0001_0183.uasset" 10307
"../../../Engine/Content/EngineMaterials/Substrate/Glints2/dict_0001_0182.uasset" 10308
"../../../Engine/Content/EngineMaterials/Substrate/Glints2/dict_0001_0181.uasset" 10309
"../../../Engine/Content/EngineMaterials/Substrate/Glints2/dict_0001_0180.uasset" 10310
"../../../Engine/Content/EngineMaterials/Substrate/Glints2/dict_0001_0179.uasset" 10311
"/Engine/EngineMaterials/Substrate/Glints2/dict_0001_0187" 10312
"../../../Engine/Content/EngineMaterials/Substrate/Glints2/dict_0001_0178.uasset" 10313
"../../../Engine/Content/EngineMaterials/Substrate/Glints2/dict_0001_0177.uasset" 10314
"../../../Engine/Content/EngineMaterials/Substrate/Glints2/dict_0001_0176.uasset" 10315
"../../../Engine/Content/EngineMaterials/Substrate/Glints2/dict_0001_0175.uasset" 10316
"../../../Engine/Content/EngineMaterials/Substrate/Glints2/dict_0001_0174.uasset" 10317
"../../../Engine/Content/EngineMaterials/Substrate/Glints2/dict_0001_0173.uasset" 10318
"../../../Engine/Content/EngineMaterials/Substrate/Glints2/dict_0001_0172.uasset" 10319
"../../../Engine/Content/EngineMaterials/Substrate/Glints2/dict_0001_0171.uasset" 10320
"../../../Engine/Content/EngineMaterials/Substrate/Glints2/dict_0001_0170.uasset" 10321
"../../../Engine/Content/EngineMaterials/Substrate/Glints2/dict_0001_0169.uasset" 10322
"../../../Engine/Content/EngineMaterials/Substrate/Glints2/dict_0001_0168.uasset" 10323
"../../../Engine/Content/EngineMaterials/Substrate/Glints2/dict_0001_0167.uasset" 10324
"../../../Engine/Content/EngineMaterials/Substrate/Glints2/dict_0001_0166.uasset" 10325
"../../../Engine/Content/EngineMaterials/Substrate/Glints2/dict_0001_0165.uasset" 10326
"../../../Engine/Content/EngineMaterials/Substrate/Glints2/dict_0001_0164.uasset" 10327
"../../../Engine/Content/EngineMaterials/Substrate/Glints2/dict_0001_0163.uasset" 10328
"../../../Engine/Content/EngineMaterials/Substrate/Glints2/dict_0001_0162.uasset" 10329
"../../../Engine/Content/EngineMaterials/Substrate/Glints2/dict_0001_0161.uasset" 10330
"../../../Engine/Content/EngineMaterials/Substrate/Glints2/dict_0001_0160.uasset" 10331
"../../../Engine/Content/EngineMaterials/Substrate/Glints2/dict_0001_0159.uasset" 10332
"../../../Engine/Content/EngineMaterials/Substrate/Glints2/dict_0001_0158.uasset" 10333
"../../../Engine/Content/EngineMaterials/Substrate/Glints2/dict_0001_0157.uasset" 10334
"../../../Engine/Content/EngineMaterials/Substrate/Glints2/dict_0001_0156.uasset" 10335
"../../../Engine/Content/EngineMaterials/Substrate/Glints2/dict_0001_0155.uasset" 10336
"../../../Engine/Content/EngineMaterials/Substrate/Glints2/dict_0001_0154.uasset" 10337
"/Engine/EngineMaterials/Substrate/Glints2/dict_0001_0156" 10338
"/Engine/EngineMaterials/Substrate/Glints2/dict_0001_0157" 10339
"/Engine/EngineMaterials/Substrate/Glints2/dict_0001_0158" 10340
"/Engine/EngineMaterials/Substrate/Glints2/dict_0001_0159" 10341
"/Engine/EngineMaterials/Substrate/Glints2/dict_0001_0160" 10342
"/Engine/EngineMaterials/Substrate/Glints2/dict_0001_0161" 10343
"/Engine/EngineMaterials/Substrate/Glints2/dict_0001_0162" 10344
"/Engine/EngineMaterials/Substrate/Glints2/dict_0001_0163" 10345
"/Engine/EngineMaterials/Substrate/Glints2/dict_0001_0164" 10346
"/Engine/EngineMaterials/Substrate/Glints2/dict_0001_0165" 10347
"/Engine/EngineMaterials/Substrate/Glints2/dict_0001_0166" 10348
"/Engine/EngineMaterials/Substrate/Glints2/dict_0001_0167" 10349
"/Engine/EngineMaterials/Substrate/Glints2/dict_0001_0168" 10350
"/Engine/EngineMaterials/Substrate/Glints2/dict_0001_0169" 10351
"/Engine/EngineMaterials/Substrate/Glints2/dict_0001_0170" 10352
"/Engine/EngineMaterials/Substrate/Glints2/dict_0001_0171" 10353
"/Engine/EngineMaterials/Substrate/Glints2/dict_0001_0172" 10354
"/Engine/EngineMaterials/Substrate/Glints2/dict_0001_0173" 10355
"/Engine/EngineMaterials/Substrate/Glints2/dict_0001_0174" 10356
"/Engine/EngineMaterials/Substrate/Glints2/dict_0001_0175" 10357
"/Engine/EngineMaterials/Substrate/Glints2/dict_0001_0176" 10358
"/Engine/EngineMaterials/Substrate/Glints2/dict_0001_0177" 10359
"/Engine/EngineMaterials/Substrate/Glints2/dict_0001_0178" 10360
"/Engine/EngineMaterials/Substrate/Glints2/dict_0001_0179" 10361
"/Engine/EngineMaterials/Substrate/Glints2/dict_0001_0180" 10362
"/Engine/EngineMaterials/Substrate/Glints2/dict_0001_0181" 10363
"/Engine/EngineMaterials/Substrate/Glints2/dict_0001_0182" 10364
"/Engine/EngineMaterials/Substrate/Glints2/dict_0001_0183" 10365
"/Engine/EngineMaterials/Substrate/Glints2/dict_0001_0184" 10366
"/Engine/EngineMaterials/Substrate/Glints2/dict_0001_0185" 10367
"/Engine/EngineMaterials/Substrate/Glints2/dict_0001_0154" 10368
"/Engine/EngineMaterials/Substrate/Glints2/dict_0001_0155" 10369
"../../../Engine/Content/EngineMaterials/Substrate/Glints2/dict_0001_0152.uasset" 10370
"../../../Engine/Content/EngineMaterials/Substrate/Glints2/dict_0001_0153.uasset" 10371
"../../../Engine/Content/EngineMaterials/Substrate/Glints2/dict_0001_0151.uasset" 10372
"../../../Engine/Content/EngineMaterials/Substrate/Glints2/dict_0001_0149.uasset" 10373
"../../../Engine/Content/EngineMaterials/Substrate/Glints2/dict_0001_0148.uasset" 10374
"../../../Engine/Content/EngineMaterials/Substrate/Glints2/dict_0001_0147.uasset" 10375
"../../../Engine/Content/EngineMaterials/Substrate/Glints2/dict_0001_0146.uasset" 10376
"../../../Engine/Content/EngineMaterials/Substrate/Glints2/dict_0001_0145.uasset" 10377
"../../../Engine/Content/EngineMaterials/Substrate/Glints2/dict_0001_0144.uasset" 10378
"../../../Engine/Content/EngineMaterials/Substrate/Glints2/dict_0001_0143.uasset" 10379
"../../../Engine/Content/EngineMaterials/Substrate/Glints2/dict_0001_0142.uasset" 10380
"../../../Engine/Content/EngineMaterials/Substrate/Glints2/dict_0001_0141.uasset" 10381
"../../../Engine/Content/EngineMaterials/Substrate/Glints2/dict_0001_0140.uasset" 10382
"../../../Engine/Content/EngineMaterials/Substrate/Glints2/dict_0001_0139.uasset" 10383
"../../../Engine/Content/EngineMaterials/Substrate/Glints2/dict_0001_0138.uasset" 10384
"../../../Engine/Content/EngineMaterials/Substrate/Glints2/dict_0001_0137.uasset" 10385
"../../../Engine/Content/EngineMaterials/Substrate/Glints2/dict_0001_0136.uasset" 10386
"../../../Engine/Content/EngineMaterials/Substrate/Glints2/dict_0001_0135.uasset" 10387
"../../../Engine/Content/EngineMaterials/Substrate/Glints2/dict_0001_0134.uasset" 10388
"../../../Engine/Content/EngineMaterials/Substrate/Glints2/dict_0001_0133.uasset" 10389
"../../../Engine/Content/EngineMaterials/Substrate/Glints2/dict_0001_0132.uasset" 10390
"../../../Engine/Content/EngineMaterials/Substrate/Glints2/dict_0001_0131.uasset" 10391
"../../../Engine/Content/EngineMaterials/Substrate/Glints2/dict_0001_0130.uasset" 10392
"../../../Engine/Content/EngineMaterials/Substrate/Glints2/dict_0001_0129.uasset" 10393
"../../../Engine/Content/EngineMaterials/Substrate/Glints2/dict_0001_0128.uasset" 10394
"../../../Engine/Content/EngineMaterials/Substrate/Glints2/dict_0001_0127.uasset" 10395
"../../../Engine/Content/EngineMaterials/Substrate/Glints2/dict_0001_0126.uasset" 10396
"../../../Engine/Content/EngineMaterials/Substrate/Glints2/dict_0001_0125.uasset" 10397
"../../../Engine/Content/EngineMaterials/Substrate/Glints2/dict_0001_0124.uasset" 10398
"../../../Engine/Content/EngineMaterials/Substrate/Glints2/dict_0001_0123.uasset" 10399
"../../../Engine/Content/EngineMaterials/Substrate/Glints2/dict_0001_0122.uasset" 10400
"../../../Engine/Content/EngineMaterials/Substrate/Glints2/dict_0001_0150.uasset" 10401
"/Engine/EngineMaterials/Substrate/Glints2/dict_0001_0122" 10402
"/Engine/EngineMaterials/Substrate/Glints2/dict_0001_0123" 10403
"/Engine/EngineMaterials/Substrate/Glints2/dict_0001_0124" 10404
"/Engine/EngineMaterials/Substrate/Glints2/dict_0001_0125" 10405
"/Engine/EngineMaterials/Substrate/Glints2/dict_0001_0126" 10406
"/Engine/EngineMaterials/Substrate/Glints2/dict_0001_0127" 10407
"/Engine/EngineMaterials/Substrate/Glints2/dict_0001_0128" 10408
"/Engine/EngineMaterials/Substrate/Glints2/dict_0001_0129" 10409
"/Engine/EngineMaterials/Substrate/Glints2/dict_0001_0130" 10410
"/Engine/EngineMaterials/Substrate/Glints2/dict_0001_0131" 10411
"/Engine/EngineMaterials/Substrate/Glints2/dict_0001_0132" 10412
"/Engine/EngineMaterials/Substrate/Glints2/dict_0001_0133" 10413
"/Engine/EngineMaterials/Substrate/Glints2/dict_0001_0134" 10414
"/Engine/EngineMaterials/Substrate/Glints2/dict_0001_0135" 10415
"/Engine/EngineMaterials/Substrate/Glints2/dict_0001_0136" 10416
"/Engine/EngineMaterials/Substrate/Glints2/dict_0001_0137" 10417
"/Engine/EngineMaterials/Substrate/Glints2/dict_0001_0138" 10418
"/Engine/EngineMaterials/Substrate/Glints2/dict_0001_0139" 10419
"/Engine/EngineMaterials/Substrate/Glints2/dict_0001_0140" 10420
"/Engine/EngineMaterials/Substrate/Glints2/dict_0001_0141" 10421
"/Engine/EngineMaterials/Substrate/Glints2/dict_0001_0142" 10422
"/Engine/EngineMaterials/Substrate/Glints2/dict_0001_0143" 10423
"/Engine/EngineMaterials/Substrate/Glints2/dict_0001_0144" 10424
"/Engine/EngineMaterials/Substrate/Glints2/dict_0001_0145" 10425
"/Engine/EngineMaterials/Substrate/Glints2/dict_0001_0146" 10426
"/Engine/EngineMaterials/Substrate/Glints2/dict_0001_0147" 10427
"/Engine/EngineMaterials/Substrate/Glints2/dict_0001_0148" 10428
"/Engine/EngineMaterials/Substrate/Glints2/dict_0001_0149" 10429
"/Engine/EngineMaterials/Substrate/Glints2/dict_0001_0151" 10430
"/Engine/EngineMaterials/Substrate/Glints2/dict_0001_0152" 10431
"/Engine/EngineMaterials/Substrate/Glints2/dict_0001_0153" 10432
"../../../Engine/Content/EngineMaterials/Substrate/Glints2/dict_0001_0120.uasset" 10433
"../../../Engine/Content/EngineMaterials/Substrate/Glints2/dict_0001_0119.uasset" 10434
"../../../Engine/Content/EngineMaterials/Substrate/Glints2/dict_0001_0118.uasset" 10435
"../../../Engine/Content/EngineMaterials/Substrate/Glints2/dict_0001_0117.uasset" 10436
"../../../Engine/Content/EngineMaterials/Substrate/Glints2/dict_0001_0116.uasset" 10437
"../../../Engine/Content/EngineMaterials/Substrate/Glints2/dict_0001_0115.uasset" 10438
"../../../Engine/Content/EngineMaterials/Substrate/Glints2/dict_0001_0114.uasset" 10439
"../../../Engine/Content/EngineMaterials/Substrate/Glints2/dict_0001_0113.uasset" 10440
"../../../Engine/Content/EngineMaterials/Substrate/Glints2/dict_0001_0112.uasset" 10441
"../../../Engine/Content/EngineMaterials/Substrate/Glints2/dict_0001_0111.uasset" 10442
"../../../Engine/Content/EngineMaterials/Substrate/Glints2/dict_0001_0110.uasset" 10443
"../../../Engine/Content/EngineMaterials/Substrate/Glints2/dict_0001_0109.uasset" 10444
"../../../Engine/Content/EngineMaterials/Substrate/Glints2/dict_0001_0108.uasset" 10445
"../../../Engine/Content/EngineMaterials/Substrate/Glints2/dict_0001_0107.uasset" 10446
"../../../Engine/Content/EngineMaterials/Substrate/Glints2/dict_0001_0106.uasset" 10447
"../../../Engine/Content/EngineMaterials/Substrate/Glints2/dict_0001_0105.uasset" 10448
"../../../Engine/Content/EngineMaterials/Substrate/Glints2/dict_0001_0104.uasset" 10449
"../../../Engine/Content/EngineMaterials/Substrate/Glints2/dict_0001_0103.uasset" 10450
"../../../Engine/Content/EngineMaterials/Substrate/Glints2/dict_0001_0102.uasset" 10451
"../../../Engine/Content/EngineMaterials/Substrate/Glints2/dict_0001_0101.uasset" 10452
"../../../Engine/Content/EngineMaterials/Substrate/Glints2/dict_0001_0121.uasset" 10453
"../../../Engine/Content/EngineMaterials/Substrate/Glints2/dict_0001_0099.uasset" 10454
"/Engine/EngineMaterials/Substrate/Glints2/dict_0001_0101" 10455
"../../../Engine/Content/EngineMaterials/Substrate/Glints2/dict_0001_0098.uasset" 10456
"../../../Engine/Content/EngineMaterials/Substrate/Glints2/dict_0001_0097.uasset" 10457
"../../../Engine/Content/EngineMaterials/Substrate/Glints2/dict_0001_0096.uasset" 10458
"../../../Engine/Content/EngineMaterials/Substrate/Glints2/dict_0001_0095.uasset" 10459
"../../../Engine/Content/EngineMaterials/Substrate/Glints2/dict_0001_0094.uasset" 10460
"../../../Engine/Content/EngineMaterials/Substrate/Glints2/dict_0001_0093.uasset" 10461
"../../../Engine/Content/EngineMaterials/Substrate/Glints2/dict_0001_0092.uasset" 10462
"../../../Engine/Content/EngineMaterials/Substrate/Glints2/dict_0001_0091.uasset" 10463
"/Engine/EngineMaterials/Substrate/Glints2/dict_0001_0102" 10464
"../../../Engine/Content/EngineMaterials/Substrate/Glints2/dict_0001_0100.uasset" 10465
"/Engine/EngineMaterials/Substrate/Glints2/dict_0001_0103" 10466
"/Engine/EngineMaterials/Substrate/Glints2/dict_0001_0104" 10467
"/Engine/EngineMaterials/Substrate/Glints2/dict_0001_0105" 10468
"/Engine/EngineMaterials/Substrate/Glints2/dict_0001_0106" 10469
"/Engine/EngineMaterials/Substrate/Glints2/dict_0001_0107" 10470
"/Engine/EngineMaterials/Substrate/Glints2/dict_0001_0108" 10471
"/Engine/EngineMaterials/Substrate/Glints2/dict_0001_0109" 10472
"/Engine/EngineMaterials/Substrate/Glints2/dict_0001_0110" 10473
"/Engine/EngineMaterials/Substrate/Glints2/dict_0001_0111" 10474
"/Engine/EngineMaterials/Substrate/Glints2/dict_0001_0112" 10475
"/Engine/EngineMaterials/Substrate/Glints2/dict_0001_0113" 10476
"/Engine/EngineMaterials/Substrate/Glints2/dict_0001_0114" 10477
"/Engine/EngineMaterials/Substrate/Glints2/dict_0001_0115" 10478
"/Engine/EngineMaterials/Substrate/Glints2/dict_0001_0116" 10479
"/Engine/EngineMaterials/Substrate/Glints2/dict_0001_0117" 10480
"/Engine/EngineMaterials/Substrate/Glints2/dict_0001_0118" 10481
"/Engine/EngineMaterials/Substrate/Glints2/dict_0001_0150" 10482
"/Engine/EngineMaterials/Substrate/Glints2/dict_0001_0119" 10483
"/Engine/EngineMaterials/Substrate/Glints2/dict_0001_0120" 10484
"/Engine/EngineMaterials/Substrate/Glints2/dict_0001_0121" 10485
"../../../Engine/Content/EngineMaterials/Substrate/Glints2/dict_0001_0090.uasset" 10486
"../../../Engine/Content/EngineMaterials/Substrate/Glints2/dict_0001_0089.uasset" 10487
"../../../Engine/Content/EngineMaterials/Substrate/Glints2/dict_0001_0088.uasset" 10488
"../../../Engine/Content/EngineMaterials/Substrate/Glints2/dict_0001_0087.uasset" 10489
"../../../Engine/Content/EngineMaterials/Substrate/Glints2/dict_0001_0086.uasset" 10490
"../../../Engine/Content/EngineMaterials/Substrate/Glints2/dict_0001_0085.uasset" 10491
"../../../Engine/Content/EngineMaterials/Substrate/Glints2/dict_0001_0084.uasset" 10492
"../../../Engine/Content/EngineMaterials/Substrate/Glints2/dict_0001_0083.uasset" 10493
"../../../Engine/Content/EngineMaterials/Substrate/Glints2/dict_0001_0082.uasset" 10494
"../../../Engine/Content/EngineMaterials/Substrate/Glints2/dict_0001_0081.uasset" 10495
"../../../Engine/Content/EngineMaterials/Substrate/Glints2/dict_0001_0080.uasset" 10496
"../../../Engine/Content/EngineMaterials/Substrate/Glints2/dict_0001_0079.uasset" 10497
"../../../Engine/Content/EngineMaterials/Substrate/Glints2/dict_0001_0078.uasset" 10498
"../../../Engine/Content/EngineMaterials/Substrate/Glints2/dict_0001_0077.uasset" 10499
"../../../Engine/Content/EngineMaterials/Substrate/Glints2/dict_0001_0075.uasset" 10500
"/Engine/EngineMaterials/Substrate/Glints2/dict_0001_0091" 10501
"../../../Engine/Content/EngineMaterials/Substrate/Glints2/dict_0001_0074.uasset" 10502
"../../../Engine/Content/EngineMaterials/Substrate/Glints2/dict_0001_0073.uasset" 10503
"../../../Engine/Content/EngineMaterials/Substrate/Glints2/dict_0001_0072.uasset" 10504
"../../../Engine/Content/EngineMaterials/Substrate/Glints2/dict_0001_0071.uasset" 10505
"../../../Engine/Content/EngineMaterials/Substrate/Glints2/dict_0001_0070.uasset" 10506
"../../../Engine/Content/EngineMaterials/Substrate/Glints2/dict_0001_0069.uasset" 10507
"../../../Engine/Content/EngineMaterials/Substrate/Glints2/dict_0001_0076.uasset" 10508
"/Engine/EngineMaterials/Substrate/Glints2/dict_0001_0092" 10509
"/Engine/EngineMaterials/Substrate/Glints2/dict_0001_0093" 10510
"/Engine/EngineMaterials/Substrate/Glints2/dict_0001_0094" 10511
"/Engine/EngineMaterials/Substrate/Glints2/dict_0001_0095" 10512
"/Engine/EngineMaterials/Substrate/Glints2/dict_0001_0096" 10513
"/Engine/EngineMaterials/Substrate/Glints2/dict_0001_0097" 10514
"/Engine/EngineMaterials/Substrate/Glints2/dict_0001_0098" 10515
"/Engine/EngineMaterials/Substrate/Glints2/dict_0001_0099" 10516
"/Engine/EngineMaterials/Substrate/Glints2/dict_0001_0100" 10517
"/Engine/EngineMaterials/Substrate/Glints2/dict_0001_0077" 10518
"/Engine/EngineMaterials/Substrate/Glints2/dict_0001_0078" 10519
"/Engine/EngineMaterials/Substrate/Glints2/dict_0001_0079" 10520
"/Engine/EngineMaterials/Substrate/Glints2/dict_0001_0080" 10521
"/Engine/EngineMaterials/Substrate/Glints2/dict_0001_0081" 10522
"/Engine/EngineMaterials/Substrate/Glints2/dict_0001_0082" 10523
"/Engine/EngineMaterials/Substrate/Glints2/dict_0001_0083" 10524
"/Engine/EngineMaterials/Substrate/Glints2/dict_0001_0084" 10525
"/Engine/EngineMaterials/Substrate/Glints2/dict_0001_0085" 10526
"/Engine/EngineMaterials/Substrate/Glints2/dict_0001_0086" 10527
"/Engine/EngineMaterials/Substrate/Glints2/dict_0001_0087" 10528
"/Engine/EngineMaterials/Substrate/Glints2/dict_0001_0088" 10529
"/Engine/EngineMaterials/Substrate/Glints2/dict_0001_0089" 10530
"/Engine/EngineMaterials/Substrate/Glints2/dict_0001_0090" 10531
"../../../Engine/Content/EngineMaterials/Substrate/Glints2/dict_0001_0067.uasset" 10532
"../../../Engine/Content/EngineMaterials/Substrate/Glints2/dict_0001_0066.uasset" 10533
"../../../Engine/Content/EngineMaterials/Substrate/Glints2/dict_0001_0065.uasset" 10534
"../../../Engine/Content/EngineMaterials/Substrate/Glints2/dict_0001_0064.uasset" 10535
"../../../Engine/Content/EngineMaterials/Substrate/Glints2/dict_0001_0063.uasset" 10536
"../../../Engine/Content/EngineMaterials/Substrate/Glints2/dict_0001_0062.uasset" 10537
"../../../Engine/Content/EngineMaterials/Substrate/Glints2/dict_0001_0061.uasset" 10538
"../../../Engine/Content/EngineMaterials/Substrate/Glints2/dict_0001_0060.uasset" 10539
"../../../Engine/Content/EngineMaterials/Substrate/Glints2/dict_0001_0059.uasset" 10540
"../../../Engine/Content/EngineMaterials/Substrate/Glints2/dict_0001_0058.uasset" 10541
"../../../Engine/Content/EngineMaterials/Substrate/Glints2/dict_0001_0057.uasset" 10542
"../../../Engine/Content/EngineMaterials/Substrate/Glints2/dict_0001_0056.uasset" 10543
"../../../Engine/Content/EngineMaterials/Substrate/Glints2/dict_0001_0055.uasset" 10544
"../../../Engine/Content/EngineMaterials/Substrate/Glints2/dict_0001_0054.uasset" 10545
"../../../Engine/Content/EngineMaterials/Substrate/Glints2/dict_0001_0053.uasset" 10546
"../../../Engine/Content/EngineMaterials/Substrate/Glints2/dict_0001_0052.uasset" 10547
"../../../Engine/Content/EngineMaterials/Substrate/Glints2/dict_0001_0051.uasset" 10548
"../../../Engine/Content/EngineMaterials/Substrate/Glints2/dict_0001_0050.uasset" 10549
"../../../Engine/Content/EngineMaterials/Substrate/Glints2/dict_0001_0049.uasset" 10550
"../../../Engine/Content/EngineMaterials/Substrate/Glints2/dict_0001_0048.uasset" 10551
"../../../Engine/Content/EngineMaterials/Substrate/Glints2/dict_0001_0047.uasset" 10552
"../../../Engine/Content/EngineMaterials/Substrate/Glints2/dict_0001_0046.uasset" 10553
"../../../Engine/Content/EngineMaterials/Substrate/Glints2/dict_0001_0045.uasset" 10554
"../../../Engine/Content/EngineMaterials/Substrate/Glints2/dict_0001_0068.uasset" 10555
"/Engine/EngineMaterials/Substrate/Glints2/dict_0001_0069" 10556
"/Engine/EngineMaterials/Substrate/Glints2/dict_0001_0070" 10557
"/Engine/EngineMaterials/Substrate/Glints2/dict_0001_0071" 10558
"/Engine/EngineMaterials/Substrate/Glints2/dict_0001_0072" 10559
"/Engine/EngineMaterials/Substrate/Glints2/dict_0001_0073" 10560
"/Engine/EngineMaterials/Substrate/Glints2/dict_0001_0074" 10561
"/Engine/EngineMaterials/Substrate/Glints2/dict_0001_0075" 10562
"/Engine/EngineMaterials/Substrate/Glints2/dict_0001_0076" 10563
"/Engine/EngineMaterials/Substrate/Glints2/dict_0001_0055" 10564
"/Engine/EngineMaterials/Substrate/Glints2/dict_0001_0056" 10565
"/Engine/EngineMaterials/Substrate/Glints2/dict_0001_0057" 10566
"/Engine/EngineMaterials/Substrate/Glints2/dict_0001_0058" 10567
"/Engine/EngineMaterials/Substrate/Glints2/dict_0001_0059" 10568
"/Engine/EngineMaterials/Substrate/Glints2/dict_0001_0060" 10569
"/Engine/EngineMaterials/Substrate/Glints2/dict_0001_0061" 10570
"/Engine/EngineMaterials/Substrate/Glints2/dict_0001_0062" 10571
"/Engine/EngineMaterials/Substrate/Glints2/dict_0001_0063" 10572
"/Engine/EngineMaterials/Substrate/Glints2/dict_0001_0064" 10573
"/Engine/EngineMaterials/Substrate/Glints2/dict_0001_0065" 10574
"/Engine/EngineMaterials/Substrate/Glints2/dict_0001_0066" 10575
"/Engine/EngineMaterials/Substrate/Glints2/dict_0001_0067" 10576
"/Engine/EngineMaterials/Substrate/Glints2/dict_0001_0068" 10577
"../../../Engine/Content/EngineMaterials/Substrate/Glints2/dict_0001_0044.uasset" 10578
"../../../Engine/Content/EngineMaterials/Substrate/Glints2/dict_0001_0043.uasset" 10579
"../../../Engine/Content/EngineMaterials/Substrate/Glints2/dict_0001_0042.uasset" 10580
"../../../Engine/Content/EngineMaterials/Substrate/Glints2/dict_0001_0041.uasset" 10581
"../../../Engine/Content/EngineMaterials/Substrate/Glints2/dict_0001_0040.uasset" 10582
"../../../Engine/Content/EngineMaterials/Substrate/Glints2/dict_0001_0039.uasset" 10583
"../../../Engine/Content/EngineMaterials/Substrate/Glints2/dict_0001_0038.uasset" 10584
"../../../Engine/Content/EngineMaterials/Substrate/Glints2/dict_0001_0037.uasset" 10585
"../../../Engine/Content/EngineMaterials/Substrate/Glints2/dict_0001_0036.uasset" 10586
"../../../Engine/Content/EngineMaterials/Substrate/Glints2/dict_0001_0035.uasset" 10587
"../../../Engine/Content/EngineMaterials/Substrate/Glints2/dict_0001_0034.uasset" 10588
"../../../Engine/Content/EngineMaterials/Substrate/Glints2/dict_0001_0033.uasset" 10589
"../../../Engine/Content/EngineMaterials/Substrate/Glints2/dict_0001_0032.uasset" 10590
"../../../Engine/Content/EngineMaterials/Substrate/Glints2/dict_0001_0031.uasset" 10591
"../../../Engine/Content/EngineMaterials/Substrate/Glints2/dict_0001_0030.uasset" 10592
"../../../Engine/Content/EngineMaterials/Substrate/Glints2/dict_0001_0029.uasset" 10593
"../../../Engine/Content/EngineMaterials/Substrate/Glints2/dict_0001_0028.uasset" 10594
"../../../Engine/Content/EngineMaterials/Substrate/Glints2/dict_0001_0027.uasset" 10595
"../../../Engine/Content/EngineMaterials/Substrate/Glints2/dict_0001_0026.uasset" 10596
"../../../Engine/Content/EngineMaterials/Substrate/Glints2/dict_0001_0025.uasset" 10597
"../../../Engine/Content/EngineMaterials/Substrate/Glints2/dict_0001_0024.uasset" 10598
"../../../Engine/Content/EngineMaterials/Substrate/Glints2/dict_0001_0023.uasset" 10599
"/Engine/EngineMaterials/Substrate/Glints2/dict_0001_0045" 10600
"/Engine/EngineMaterials/Substrate/Glints2/dict_0001_0046" 10601
"/Engine/EngineMaterials/Substrate/Glints2/dict_0001_0047" 10602
"/Engine/EngineMaterials/Substrate/Glints2/dict_0001_0048" 10603
"/Engine/EngineMaterials/Substrate/Glints2/dict_0001_0049" 10604
"/Engine/EngineMaterials/Substrate/Glints2/dict_0001_0050" 10605
"/Engine/EngineMaterials/Substrate/Glints2/dict_0001_0051" 10606
"/Engine/EngineMaterials/Substrate/Glints2/dict_0001_0052" 10607
"/Engine/EngineMaterials/Substrate/Glints2/dict_0001_0053" 10608
"/Engine/EngineMaterials/Substrate/Glints2/dict_0001_0054" 10609
"/Engine/EngineMaterials/Substrate/Glints2/dict_0001_0023" 10610
"/Engine/EngineMaterials/Substrate/Glints2/dict_0001_0024" 10611
"/Engine/EngineMaterials/Substrate/Glints2/dict_0001_0025" 10612
"/Engine/EngineMaterials/Substrate/Glints2/dict_0001_0026" 10613
"/Engine/EngineMaterials/Substrate/Glints2/dict_0001_0027" 10614
"/Engine/EngineMaterials/Substrate/Glints2/dict_0001_0028" 10615
"/Engine/EngineMaterials/Substrate/Glints2/dict_0001_0029" 10616
"/Engine/EngineMaterials/Substrate/Glints2/dict_0001_0030" 10617
"/Engine/EngineMaterials/Substrate/Glints2/dict_0001_0031" 10618
"/Engine/EngineMaterials/Substrate/Glints2/dict_0001_0032" 10619
"/Engine/EngineMaterials/Substrate/Glints2/dict_0001_0033" 10620
"/Engine/EngineMaterials/Substrate/Glints2/dict_0001_0034" 10621
"/Engine/EngineMaterials/Substrate/Glints2/dict_0001_0035" 10622
"/Engine/EngineMaterials/Substrate/Glints2/dict_0001_0036" 10623
"/Engine/EngineMaterials/Substrate/Glints2/dict_0001_0037" 10624
"/Engine/EngineMaterials/Substrate/Glints2/dict_0001_0038" 10625
"/Engine/EngineMaterials/Substrate/Glints2/dict_0001_0039" 10626
"/Engine/EngineMaterials/Substrate/Glints2/dict_0001_0040" 10627
"/Engine/EngineMaterials/Substrate/Glints2/dict_0001_0041" 10628
"/Engine/EngineMaterials/Substrate/Glints2/dict_0001_0042" 10629
"/Engine/EngineMaterials/Substrate/Glints2/dict_0001_0043" 10630
"/Engine/EngineMaterials/Substrate/Glints2/dict_0001_0044" 10631
"../../../Engine/Content/EngineMaterials/Substrate/Glints2/dict_0001_0022.uasset" 10632
"../../../Engine/Content/EngineMaterials/Substrate/Glints2/dict_0001_0021.uasset" 10633
"../../../Engine/Content/EngineMaterials/Substrate/Glints2/dict_0001_0020.uasset" 10634
"../../../Engine/Content/EngineMaterials/Substrate/Glints2/dict_0001_0019.uasset" 10635
"../../../Engine/Content/EngineMaterials/Substrate/Glints2/dict_0001_0018.uasset" 10636
"../../../Engine/Content/EngineMaterials/Substrate/Glints2/dict_0001_0017.uasset" 10637
"../../../Engine/Content/EngineMaterials/Substrate/Glints2/dict_0001_0016.uasset" 10638
"../../../Engine/Content/EngineMaterials/Substrate/Glints2/dict_0001_0015.uasset" 10639
"../../../Engine/Content/EngineMaterials/Substrate/Glints2/dict_0001_0014.uasset" 10640
"../../../Engine/Content/EngineMaterials/Substrate/Glints2/dict_0001_0013.uasset" 10641
"../../../Engine/Content/EngineMaterials/Substrate/Glints2/dict_0001_0012.uasset" 10642
"../../../Engine/Content/EngineMaterials/Substrate/Glints2/dict_0001_0011.uasset" 10643
"../../../Engine/Content/EngineMaterials/Substrate/Glints2/dict_0001_0010.uasset" 10644
"../../../Engine/Content/EngineMaterials/Substrate/Glints2/dict_0001_0009.uasset" 10645
"../../../Engine/Content/EngineMaterials/Substrate/Glints2/dict_0001_0008.uasset" 10646
"../../../Engine/Content/EngineMaterials/Substrate/Glints2/dict_0001_0007.uasset" 10647
"../../../Engine/Content/EngineMaterials/Substrate/Glints2/dict_0001_0006.uasset" 10648
"../../../Engine/Content/EngineMaterials/Substrate/Glints2/dict_0001_0005.uasset" 10649
"../../../Engine/Content/EngineMaterials/Substrate/Glints2/dict_0001_0004.uasset" 10650
"../../../Engine/Content/EngineMaterials/Substrate/Glints2/dict_0001_0003.uasset" 10651
"../../../Engine/Content/EngineMaterials/Substrate/Glints2/dict_0001_0002.uasset" 10652
"../../../Engine/Content/EngineMaterials/Substrate/Glints2/dict_0001_0001.uasset" 10653
"../../../Engine/Content/EngineMaterials/Substrate/Glints2/dict_0001_0000.uasset" 10654
"../../../Engine/Content/EngineMaterials/Substrate/Glints2/dict_0000_0255.uasset" 10655
"../../../Engine/Content/EngineMaterials/Substrate/Glints2/dict_0000_0254.uasset" 10656
"../../../Engine/Content/EngineMaterials/Substrate/Glints2/dict_0000_0253.uasset" 10657
"../../../Engine/Content/EngineMaterials/Substrate/Glints2/dict_0000_0252.uasset" 10658
"../../../Engine/Content/EngineMaterials/Substrate/Glints2/dict_0000_0251.uasset" 10659
"../../../Engine/Content/EngineMaterials/Substrate/Glints2/dict_0000_0250.uasset" 10660
"../../../Engine/Content/EngineMaterials/Substrate/Glints2/dict_0000_0249.uasset" 10661
"../../../Engine/Content/EngineMaterials/Substrate/Glints2/dict_0000_0248.uasset" 10662
"../../../Engine/Content/EngineMaterials/Substrate/Glints2/dict_0000_0247.uasset" 10663
"/Engine/EngineMaterials/Substrate/Glints2/dict_0000_0247" 10664
"/Engine/EngineMaterials/Substrate/Glints2/dict_0000_0248" 10665
"/Engine/EngineMaterials/Substrate/Glints2/dict_0000_0249" 10666
"/Engine/EngineMaterials/Substrate/Glints2/dict_0000_0250" 10667
"/Engine/EngineMaterials/Substrate/Glints2/dict_0000_0251" 10668
"/Engine/EngineMaterials/Substrate/Glints2/dict_0000_0252" 10669
"/Engine/EngineMaterials/Substrate/Glints2/dict_0000_0253" 10670
"/Engine/EngineMaterials/Substrate/Glints2/dict_0000_0254" 10671
"/Engine/EngineMaterials/Substrate/Glints2/dict_0000_0255" 10672
"/Engine/EngineMaterials/Substrate/Glints2/dict_0001_0000" 10673
"/Engine/EngineMaterials/Substrate/Glints2/dict_0001_0001" 10674
"/Engine/EngineMaterials/Substrate/Glints2/dict_0001_0002" 10675
"/Engine/EngineMaterials/Substrate/Glints2/dict_0001_0003" 10676
"/Engine/EngineMaterials/Substrate/Glints2/dict_0001_0004" 10677
"/Engine/EngineMaterials/Substrate/Glints2/dict_0001_0005" 10678
"/Engine/EngineMaterials/Substrate/Glints2/dict_0001_0006" 10679
"/Engine/EngineMaterials/Substrate/Glints2/dict_0001_0007" 10680
"/Engine/EngineMaterials/Substrate/Glints2/dict_0001_0008" 10681
"/Engine/EngineMaterials/Substrate/Glints2/dict_0001_0009" 10682
"/Engine/EngineMaterials/Substrate/Glints2/dict_0001_0010" 10683
"/Engine/EngineMaterials/Substrate/Glints2/dict_0001_0011" 10684
"/Engine/EngineMaterials/Substrate/Glints2/dict_0001_0012" 10685
"/Engine/EngineMaterials/Substrate/Glints2/dict_0001_0013" 10686
"/Engine/EngineMaterials/Substrate/Glints2/dict_0001_0014" 10687
"/Engine/EngineMaterials/Substrate/Glints2/dict_0001_0015" 10688
"/Engine/EngineMaterials/Substrate/Glints2/dict_0001_0016" 10689
"/Engine/EngineMaterials/Substrate/Glints2/dict_0001_0017" 10690
"/Engine/EngineMaterials/Substrate/Glints2/dict_0001_0018" 10691
"/Engine/EngineMaterials/Substrate/Glints2/dict_0001_0019" 10692
"/Engine/EngineMaterials/Substrate/Glints2/dict_0001_0020" 10693
"/Engine/EngineMaterials/Substrate/Glints2/dict_0001_0021" 10694
"/Engine/EngineMaterials/Substrate/Glints2/dict_0001_0022" 10695
"../../../Engine/Content/EngineMaterials/Substrate/Glints2/dict_0000_0246.uasset" 10696
"../../../Engine/Content/EngineMaterials/Substrate/Glints2/dict_0000_0245.uasset" 10697
"../../../Engine/Content/EngineMaterials/Substrate/Glints2/dict_0000_0243.uasset" 10698
"../../../Engine/Content/EngineMaterials/Substrate/Glints2/dict_0000_0242.uasset" 10699
"../../../Engine/Content/EngineMaterials/Substrate/Glints2/dict_0000_0241.uasset" 10700
"../../../Engine/Content/EngineMaterials/Substrate/Glints2/dict_0000_0240.uasset" 10701
"../../../Engine/Content/EngineMaterials/Substrate/Glints2/dict_0000_0239.uasset" 10702
"../../../Engine/Content/EngineMaterials/Substrate/Glints2/dict_0000_0238.uasset" 10703
"../../../Engine/Content/EngineMaterials/Substrate/Glints2/dict_0000_0237.uasset" 10704
"../../../Engine/Content/EngineMaterials/Substrate/Glints2/dict_0000_0236.uasset" 10705
"../../../Engine/Content/EngineMaterials/Substrate/Glints2/dict_0000_0235.uasset" 10706
"../../../Engine/Content/EngineMaterials/Substrate/Glints2/dict_0000_0244.uasset" 10707
"../../../Engine/Content/EngineMaterials/Substrate/Glints2/dict_0000_0233.uasset" 10708
"../../../Engine/Content/EngineMaterials/Substrate/Glints2/dict_0000_0234.uasset" 10709
"../../../Engine/Content/EngineMaterials/Substrate/Glints2/dict_0000_0232.uasset" 10710
"../../../Engine/Content/EngineMaterials/Substrate/Glints2/dict_0000_0231.uasset" 10711
"../../../Engine/Content/EngineMaterials/Substrate/Glints2/dict_0000_0230.uasset" 10712
"../../../Engine/Content/EngineMaterials/Substrate/Glints2/dict_0000_0229.uasset" 10713
"../../../Engine/Content/EngineMaterials/Substrate/Glints2/dict_0000_0228.uasset" 10714
"../../../Engine/Content/EngineMaterials/Substrate/Glints2/dict_0000_0227.uasset" 10715
"../../../Engine/Content/EngineMaterials/Substrate/Glints2/dict_0000_0226.uasset" 10716
"/Engine/EngineMaterials/Substrate/Glints2/dict_0000_0229" 10717
"../../../Engine/Content/EngineMaterials/Substrate/Glints2/dict_0000_0224.uasset" 10718
"../../../Engine/Content/EngineMaterials/Substrate/Glints2/dict_0000_0223.uasset" 10719
"../../../Engine/Content/EngineMaterials/Substrate/Glints2/dict_0000_0222.uasset" 10720
"../../../Engine/Content/EngineMaterials/Substrate/Glints2/dict_0000_0221.uasset" 10721
"../../../Engine/Content/EngineMaterials/Substrate/Glints2/dict_0000_0220.uasset" 10722
"../../../Engine/Content/EngineMaterials/Substrate/Glints2/dict_0000_0219.uasset" 10723
"/Engine/EngineMaterials/Substrate/Glints2/dict_0000_0230" 10724
"../../../Engine/Content/EngineMaterials/Substrate/Glints2/dict_0000_0218.uasset" 10725
"../../../Engine/Content/EngineMaterials/Substrate/Glints2/dict_0000_0217.uasset" 10726
"../../../Engine/Content/EngineMaterials/Substrate/Glints2/dict_0000_0216.uasset" 10727
"../../../Engine/Content/EngineMaterials/Substrate/Glints2/dict_0000_0215.uasset" 10728
"/Engine/EngineMaterials/Substrate/Glints2/dict_0000_0231" 10729
"/Engine/EngineMaterials/Substrate/Glints2/dict_0000_0232" 10730
"/Engine/EngineMaterials/Substrate/Glints2/dict_0000_0233" 10731
"/Engine/EngineMaterials/Substrate/Glints2/dict_0000_0234" 10732
"../../../Engine/Content/EngineMaterials/Substrate/Glints2/dict_0000_0225.uasset" 10733
"/Engine/EngineMaterials/Substrate/Glints2/dict_0000_0235" 10734
"/Engine/EngineMaterials/Substrate/Glints2/dict_0000_0236" 10735
"/Engine/EngineMaterials/Substrate/Glints2/dict_0000_0237" 10736
"/Engine/EngineMaterials/Substrate/Glints2/dict_0000_0238" 10737
"/Engine/EngineMaterials/Substrate/Glints2/dict_0000_0239" 10738
"/Engine/EngineMaterials/Substrate/Glints2/dict_0000_0240" 10739
"/Engine/EngineMaterials/Substrate/Glints2/dict_0000_0241" 10740
"/Engine/EngineMaterials/Substrate/Glints2/dict_0000_0242" 10741
"/Engine/EngineMaterials/Substrate/Glints2/dict_0000_0243" 10742
"/Engine/EngineMaterials/Substrate/Glints2/dict_0000_0244" 10743
"/Engine/EngineMaterials/Substrate/Glints2/dict_0000_0245" 10744
"/Engine/EngineMaterials/Substrate/Glints2/dict_0000_0246" 10745
"../../../Engine/Content/EngineMaterials/Substrate/Glints2/dict_0000_0213.uasset" 10746
"/Engine/EngineMaterials/Substrate/Glints2/dict_0000_0215" 10747
"../../../Engine/Content/EngineMaterials/Substrate/Glints2/dict_0000_0212.uasset" 10748
"../../../Engine/Content/EngineMaterials/Substrate/Glints2/dict_0000_0214.uasset" 10749
"../../../Engine/Content/EngineMaterials/Substrate/Glints2/dict_0000_0211.uasset" 10750
"../../../Engine/Content/EngineMaterials/Substrate/Glints2/dict_0000_0210.uasset" 10751
"../../../Engine/Content/EngineMaterials/Substrate/Glints2/dict_0000_0208.uasset" 10752
"../../../Engine/Content/EngineMaterials/Substrate/Glints2/dict_0000_0207.uasset" 10753
"../../../Engine/Content/EngineMaterials/Substrate/Glints2/dict_0000_0209.uasset" 10754
"../../../Engine/Content/EngineMaterials/Substrate/Glints2/dict_0000_0205.uasset" 10755
"../../../Engine/Content/EngineMaterials/Substrate/Glints2/dict_0000_0206.uasset" 10756
"../../../Engine/Content/EngineMaterials/Substrate/Glints2/dict_0000_0204.uasset" 10757
"../../../Engine/Content/EngineMaterials/Substrate/Glints2/dict_0000_0203.uasset" 10758
"../../../Engine/Content/EngineMaterials/Substrate/Glints2/dict_0000_0202.uasset" 10759
"../../../Engine/Content/EngineMaterials/Substrate/Glints2/dict_0000_0201.uasset" 10760
"../../../Engine/Content/EngineMaterials/Substrate/Glints2/dict_0000_0200.uasset" 10761
"/Engine/EngineMaterials/Substrate/Glints2/dict_0000_0216" 10762
"../../../Engine/Content/EngineMaterials/Substrate/Glints2/dict_0000_0199.uasset" 10763
"../../../Engine/Content/EngineMaterials/Substrate/Glints2/dict_0000_0198.uasset" 10764
"../../../Engine/Content/EngineMaterials/Substrate/Glints2/dict_0000_0197.uasset" 10765
"/Engine/EngineMaterials/Substrate/Glints2/dict_0000_0217" 10766
"/Engine/EngineMaterials/Substrate/Glints2/dict_0000_0218" 10767
"/Engine/EngineMaterials/Substrate/Glints2/dict_0000_0219" 10768
"/Engine/EngineMaterials/Substrate/Glints2/dict_0000_0220" 10769
"/Engine/EngineMaterials/Substrate/Glints2/dict_0000_0221" 10770
"/Engine/EngineMaterials/Substrate/Glints2/dict_0000_0222" 10771
"/Engine/EngineMaterials/Substrate/Glints2/dict_0000_0223" 10772
"/Engine/EngineMaterials/Substrate/Glints2/dict_0000_0224" 10773
"/Engine/EngineMaterials/Substrate/Glints2/dict_0000_0225" 10774
"/Engine/EngineMaterials/Substrate/Glints2/dict_0000_0226" 10775
"/Engine/EngineMaterials/Substrate/Glints2/dict_0000_0227" 10776
"/Engine/EngineMaterials/Substrate/Glints2/dict_0000_0228" 10777
"../../../Engine/Content/EngineMaterials/Substrate/Glints2/dict_0000_0195.uasset" 10778
"/Engine/EngineMaterials/Substrate/Glints2/dict_0000_0197" 10779
"../../../Engine/Content/EngineMaterials/Substrate/Glints2/dict_0000_0196.uasset" 10780
"../../../Engine/Content/EngineMaterials/Substrate/Glints2/dict_0000_0193.uasset" 10781
"../../../Engine/Content/EngineMaterials/Substrate/Glints2/dict_0000_0194.uasset" 10782
"../../../Engine/Content/EngineMaterials/Substrate/Glints2/dict_0000_0192.uasset" 10783
"../../../Engine/Content/EngineMaterials/Substrate/Glints2/dict_0000_0191.uasset" 10784
"/Engine/EngineMaterials/Substrate/Glints2/dict_0000_0198" 10785
"../../../Engine/Content/EngineMaterials/Substrate/Glints2/dict_0000_0190.uasset" 10786
"../../../Engine/Content/EngineMaterials/Substrate/Glints2/dict_0000_0189.uasset" 10787
"../../../Engine/Content/EngineMaterials/Substrate/Glints2/dict_0000_0188.uasset" 10788
"../../../Engine/Content/EngineMaterials/Substrate/Glints2/dict_0000_0187.uasset" 10789
"../../../Engine/Content/EngineMaterials/Substrate/Glints2/dict_0000_0186.uasset" 10790
"../../../Engine/Content/EngineMaterials/Substrate/Glints2/dict_0000_0185.uasset" 10791
"/Engine/EngineMaterials/Substrate/Glints2/dict_0000_0199" 10792
"/Engine/EngineMaterials/Substrate/Glints2/dict_0000_0200" 10793
"../../../Engine/Content/EngineMaterials/Substrate/Glints2/dict_0000_0184.uasset" 10794
"../../../Engine/Content/EngineMaterials/Substrate/Glints2/dict_0000_0183.uasset" 10795
"/Engine/EngineMaterials/Substrate/Glints2/dict_0000_0201" 10796
"/Engine/EngineMaterials/Substrate/Glints2/dict_0000_0202" 10797
"/Engine/EngineMaterials/Substrate/Glints2/dict_0000_0203" 10798
"/Engine/EngineMaterials/Substrate/Glints2/dict_0000_0204" 10799
"/Engine/EngineMaterials/Substrate/Glints2/dict_0000_0205" 10800
"/Engine/EngineMaterials/Substrate/Glints2/dict_0000_0206" 10801
"/Engine/EngineMaterials/Substrate/Glints2/dict_0000_0207" 10802
"/Engine/EngineMaterials/Substrate/Glints2/dict_0000_0208" 10803
"/Engine/EngineMaterials/Substrate/Glints2/dict_0000_0209" 10804
"/Engine/EngineMaterials/Substrate/Glints2/dict_0000_0210" 10805
"/Engine/EngineMaterials/Substrate/Glints2/dict_0000_0211" 10806
"/Engine/EngineMaterials/Substrate/Glints2/dict_0000_0212" 10807
"/Engine/EngineMaterials/Substrate/Glints2/dict_0000_0213" 10808
"/Engine/EngineMaterials/Substrate/Glints2/dict_0000_0214" 10809
"/Engine/EngineMaterials/Substrate/Glints2/dict_0000_0183" 10810
"/Engine/EngineMaterials/Substrate/Glints2/dict_0000_0184" 10811
"../../../Engine/Content/EngineMaterials/Substrate/Glints2/dict_0000_0181.uasset" 10812
"../../../Engine/Content/EngineMaterials/Substrate/Glints2/dict_0000_0180.uasset" 10813
"../../../Engine/Content/EngineMaterials/Substrate/Glints2/dict_0000_0179.uasset" 10814
"../../../Engine/Content/EngineMaterials/Substrate/Glints2/dict_0000_0178.uasset" 10815
"../../../Engine/Content/EngineMaterials/Substrate/Glints2/dict_0000_0182.uasset" 10816
"../../../Engine/Content/EngineMaterials/Substrate/Glints2/dict_0000_0177.uasset" 10817
"../../../Engine/Content/EngineMaterials/Substrate/Glints2/dict_0000_0176.uasset" 10818
"../../../Engine/Content/EngineMaterials/Substrate/Glints2/dict_0000_0175.uasset" 10819
"../../../Engine/Content/EngineMaterials/Substrate/Glints2/dict_0000_0173.uasset" 10820
"../../../Engine/Content/EngineMaterials/Substrate/Glints2/dict_0000_0172.uasset" 10821
"/Engine/EngineMaterials/Substrate/Glints2/dict_0000_0185" 10822
"../../../Engine/Content/EngineMaterials/Substrate/Glints2/dict_0000_0171.uasset" 10823
"../../../Engine/Content/EngineMaterials/Substrate/Glints2/dict_0000_0170.uasset" 10824
"../../../Engine/Content/EngineMaterials/Substrate/Glints2/dict_0000_0169.uasset" 10825
"../../../Engine/Content/EngineMaterials/Substrate/Glints2/dict_0000_0168.uasset" 10826
"../../../Engine/Content/EngineMaterials/Substrate/Glints2/dict_0000_0167.uasset" 10827
"../../../Engine/Content/EngineMaterials/Substrate/Glints2/dict_0000_0166.uasset" 10828
"../../../Engine/Content/EngineMaterials/Substrate/Glints2/dict_0000_0165.uasset" 10829
"/Engine/EngineMaterials/Substrate/Glints2/dict_0000_0186" 10830
"../../../Engine/Content/EngineMaterials/Substrate/Glints2/dict_0000_0174.uasset" 10831
"/Engine/EngineMaterials/Substrate/Glints2/dict_0000_0187" 10832
"/Engine/EngineMaterials/Substrate/Glints2/dict_0000_0188" 10833
"/Engine/EngineMaterials/Substrate/Glints2/dict_0000_0189" 10834
"/Engine/EngineMaterials/Substrate/Glints2/dict_0000_0190" 10835
"/Engine/EngineMaterials/Substrate/Glints2/dict_0000_0191" 10836
"/Engine/EngineMaterials/Substrate/Glints2/dict_0000_0192" 10837
"/Engine/EngineMaterials/Substrate/Glints2/dict_0000_0193" 10838
"/Engine/EngineMaterials/Substrate/Glints2/dict_0000_0194" 10839
"/Engine/EngineMaterials/Substrate/Glints2/dict_0000_0195" 10840
"/Engine/EngineMaterials/Substrate/Glints2/dict_0000_0196" 10841
"../../../Engine/Content/EngineMaterials/Substrate/Glints2/dict_0000_0164.uasset" 10842
"/Engine/EngineMaterials/Substrate/Glints2/dict_0000_0165" 10843
"../../../Engine/Content/EngineMaterials/Substrate/Glints2/dict_0000_0162.uasset" 10844
"../../../Engine/Content/EngineMaterials/Substrate/Glints2/dict_0000_0163.uasset" 10845
"../../../Engine/Content/EngineMaterials/Substrate/Glints2/dict_0000_0160.uasset" 10846
"../../../Engine/Content/EngineMaterials/Substrate/Glints2/dict_0000_0159.uasset" 10847
"/Engine/EngineMaterials/Substrate/Glints2/dict_0000_0166" 10848
"../../../Engine/Content/EngineMaterials/Substrate/Glints2/dict_0000_0161.uasset" 10849
"../../../Engine/Content/EngineMaterials/Substrate/Glints2/dict_0000_0158.uasset" 10850
"../../../Engine/Content/EngineMaterials/Substrate/Glints2/dict_0000_0157.uasset" 10851
"../../../Engine/Content/EngineMaterials/Substrate/Glints2/dict_0000_0156.uasset" 10852
"../../../Engine/Content/EngineMaterials/Substrate/Glints2/dict_0000_0155.uasset" 10853
"../../../Engine/Content/EngineMaterials/Substrate/Glints2/dict_0000_0154.uasset" 10854
"../../../Engine/Content/EngineMaterials/Substrate/Glints2/dict_0000_0152.uasset" 10855
"../../../Engine/Content/EngineMaterials/Substrate/Glints2/dict_0000_0153.uasset" 10856
"../../../Engine/Content/EngineMaterials/Substrate/Glints2/dict_0000_0151.uasset" 10857
"/Engine/EngineMaterials/Substrate/Glints2/dict_0000_0167" 10858
"/Engine/EngineMaterials/Substrate/Glints2/dict_0000_0168" 10859
"/Engine/EngineMaterials/Substrate/Glints2/dict_0000_0169" 10860
"/Engine/EngineMaterials/Substrate/Glints2/dict_0000_0170" 10861
"/Engine/EngineMaterials/Substrate/Glints2/dict_0000_0171" 10862
"/Engine/EngineMaterials/Substrate/Glints2/dict_0000_0172" 10863
"/Engine/EngineMaterials/Substrate/Glints2/dict_0000_0173" 10864
"/Engine/EngineMaterials/Substrate/Glints2/dict_0000_0174" 10865
"/Engine/EngineMaterials/Substrate/Glints2/dict_0000_0175" 10866
"/Engine/EngineMaterials/Substrate/Glints2/dict_0000_0176" 10867
"/Engine/EngineMaterials/Substrate/Glints2/dict_0000_0177" 10868
"/Engine/EngineMaterials/Substrate/Glints2/dict_0000_0178" 10869
"/Engine/EngineMaterials/Substrate/Glints2/dict_0000_0179" 10870
"/Engine/EngineMaterials/Substrate/Glints2/dict_0000_0180" 10871
"/Engine/EngineMaterials/Substrate/Glints2/dict_0000_0181" 10872
"/Engine/EngineMaterials/Substrate/Glints2/dict_0000_0182" 10873
"/Engine/EngineMaterials/Substrate/Glints2/dict_0000_0151" 10874
"../../../Engine/Content/EngineMaterials/Substrate/Glints2/dict_0000_0150.uasset" 10875
"../../../Engine/Content/EngineMaterials/Substrate/Glints2/dict_0000_0149.uasset" 10876
"/Engine/EngineMaterials/Substrate/Glints2/dict_0000_0152" 10877
"../../../Engine/Content/EngineMaterials/Substrate/Glints2/dict_0000_0148.uasset" 10878
"../../../Engine/Content/EngineMaterials/Substrate/Glints2/dict_0000_0147.uasset" 10879
"/Engine/EngineMaterials/Substrate/Glints2/dict_0000_0153" 10880
"../../../Engine/Content/EngineMaterials/Substrate/Glints2/dict_0000_0146.uasset" 10881
"../../../Engine/Content/EngineMaterials/Substrate/Glints2/dict_0000_0145.uasset" 10882
"../../../Engine/Content/EngineMaterials/Substrate/Glints2/dict_0000_0144.uasset" 10883
"../../../Engine/Content/EngineMaterials/Substrate/Glints2/dict_0000_0143.uasset" 10884
"/Engine/EngineMaterials/Substrate/Glints2/dict_0000_0154" 10885
"../../../Engine/Content/EngineMaterials/Substrate/Glints2/dict_0000_0142.uasset" 10886
"../../../Engine/Content/EngineMaterials/Substrate/Glints2/dict_0000_0141.uasset" 10887
"/Engine/EngineMaterials/Substrate/Glints2/dict_0000_0155" 10888
"../../../Engine/Content/EngineMaterials/Substrate/Glints2/dict_0000_0140.uasset" 10889
"../../../Engine/Content/EngineMaterials/Substrate/Glints2/dict_0000_0139.uasset" 10890
"../../../Engine/Content/EngineMaterials/Substrate/Glints2/dict_0000_0138.uasset" 10891
"../../../Engine/Content/EngineMaterials/Substrate/Glints2/dict_0000_0137.uasset" 10892
"../../../Engine/Content/EngineMaterials/Substrate/Glints2/dict_0000_0136.uasset" 10893
"/Engine/EngineMaterials/Substrate/Glints2/dict_0000_0156" 10894
"../../../Engine/Content/EngineMaterials/Substrate/Glints2/dict_0000_0135.uasset" 10895
"../../../Engine/Content/EngineMaterials/Substrate/Glints2/dict_0000_0134.uasset" 10896
"/Engine/EngineMaterials/Substrate/Glints2/dict_0000_0157" 10897
"../../../Engine/Content/EngineMaterials/Substrate/Glints2/dict_0000_0133.uasset" 10898
"/Engine/EngineMaterials/Substrate/Glints2/dict_0000_0158" 10899
"/Engine/EngineMaterials/Substrate/Glints2/dict_0000_0159" 10900
"/Engine/EngineMaterials/Substrate/Glints2/dict_0000_0160" 10901
"/Engine/EngineMaterials/Substrate/Glints2/dict_0000_0161" 10902
"/Engine/EngineMaterials/Substrate/Glints2/dict_0000_0162" 10903
"/Engine/EngineMaterials/Substrate/Glints2/dict_0000_0163" 10904
"/Engine/EngineMaterials/Substrate/Glints2/dict_0000_0164" 10905
"/Engine/EngineMaterials/Substrate/Glints2/dict_0000_0133" 10906
"../../../Engine/Content/EngineMaterials/Substrate/Glints2/dict_0000_0132.uasset" 10907
"../../../Engine/Content/EngineMaterials/Substrate/Glints2/dict_0000_0131.uasset" 10908
"../../../Engine/Content/EngineMaterials/Substrate/Glints2/dict_0000_0130.uasset" 10909
"../../../Engine/Content/EngineMaterials/Substrate/Glints2/dict_0000_0129.uasset" 10910
"../../../Engine/Content/EngineMaterials/Substrate/Glints2/dict_0000_0128.uasset" 10911
"../../../Engine/Content/EngineMaterials/Substrate/Glints2/dict_0000_0127.uasset" 10912
"/Engine/EngineMaterials/Substrate/Glints2/dict_0000_0134" 10913
"../../../Engine/Content/EngineMaterials/Substrate/Glints2/dict_0000_0126.uasset" 10914
"../../../Engine/Content/EngineMaterials/Substrate/Glints2/dict_0000_0125.uasset" 10915
"../../../Engine/Content/EngineMaterials/Substrate/Glints2/dict_0000_0124.uasset" 10916
"../../../Engine/Content/EngineMaterials/Substrate/Glints2/dict_0000_0123.uasset" 10917
"../../../Engine/Content/EngineMaterials/Substrate/Glints2/dict_0000_0122.uasset" 10918
"../../../Engine/Content/EngineMaterials/Substrate/Glints2/dict_0000_0121.uasset" 10919
"../../../Engine/Content/EngineMaterials/Substrate/Glints2/dict_0000_0120.uasset" 10920
"/Engine/EngineMaterials/Substrate/Glints2/dict_0000_0135" 10921
"../../../Engine/Content/EngineMaterials/Substrate/Glints2/dict_0000_0119.uasset" 10922
"/Engine/EngineMaterials/Substrate/Glints2/dict_0000_0136" 10923
"/Engine/EngineMaterials/Substrate/Glints2/dict_0000_0137" 10924
"/Engine/EngineMaterials/Substrate/Glints2/dict_0000_0138" 10925
"/Engine/EngineMaterials/Substrate/Glints2/dict_0000_0139" 10926
"/Engine/EngineMaterials/Substrate/Glints2/dict_0000_0140" 10927
"/Engine/EngineMaterials/Substrate/Glints2/dict_0000_0141" 10928
"/Engine/EngineMaterials/Substrate/Glints2/dict_0000_0142" 10929
"/Engine/EngineMaterials/Substrate/Glints2/dict_0000_0143" 10930
"/Engine/EngineMaterials/Substrate/Glints2/dict_0000_0144" 10931
"/Engine/EngineMaterials/Substrate/Glints2/dict_0000_0145" 10932
"/Engine/EngineMaterials/Substrate/Glints2/dict_0000_0146" 10933
"/Engine/EngineMaterials/Substrate/Glints2/dict_0000_0147" 10934
"/Engine/EngineMaterials/Substrate/Glints2/dict_0000_0148" 10935
"/Engine/EngineMaterials/Substrate/Glints2/dict_0000_0149" 10936
"/Engine/EngineMaterials/Substrate/Glints2/dict_0000_0150" 10937
"/Engine/EngineMaterials/Substrate/Glints2/dict_0000_0119" 10938
"../../../Engine/Content/EngineMaterials/Substrate/Glints2/dict_0000_0118.uasset" 10939
"../../../Engine/Content/EngineMaterials/Substrate/Glints2/dict_0000_0116.uasset" 10940
"../../../Engine/Content/EngineMaterials/Substrate/Glints2/dict_0000_0117.uasset" 10941
"../../../Engine/Content/EngineMaterials/Substrate/Glints2/dict_0000_0115.uasset" 10942
"../../../Engine/Content/EngineMaterials/Substrate/Glints2/dict_0000_0114.uasset" 10943
"../../../Engine/Content/EngineMaterials/Substrate/Glints2/dict_0000_0113.uasset" 10944
"../../../Engine/Content/EngineMaterials/Substrate/Glints2/dict_0000_0112.uasset" 10945
"../../../Engine/Content/EngineMaterials/Substrate/Glints2/dict_0000_0111.uasset" 10946
"../../../Engine/Content/EngineMaterials/Substrate/Glints2/dict_0000_0110.uasset" 10947
"../../../Engine/Content/EngineMaterials/Substrate/Glints2/dict_0000_0109.uasset" 10948
"../../../Engine/Content/EngineMaterials/Substrate/Glints2/dict_0000_0108.uasset" 10949
"../../../Engine/Content/EngineMaterials/Substrate/Glints2/dict_0000_0107.uasset" 10950
"../../../Engine/Content/EngineMaterials/Substrate/Glints2/dict_0000_0106.uasset" 10951
"/Engine/EngineMaterials/Substrate/Glints2/dict_0000_0120" 10952
"../../../Engine/Content/EngineMaterials/Substrate/Glints2/dict_0000_0105.uasset" 10953
"../../../Engine/Content/EngineMaterials/Substrate/Glints2/dict_0000_0104.uasset" 10954
"../../../Engine/Content/EngineMaterials/Substrate/Glints2/dict_0000_0103.uasset" 10955
"../../../Engine/Content/EngineMaterials/Substrate/Glints2/dict_0000_0102.uasset" 10956
"../../../Engine/Content/EngineMaterials/Substrate/Glints2/dict_0000_0101.uasset" 10957
"/Engine/EngineMaterials/Substrate/Glints2/dict_0000_0121" 10958
"/Engine/EngineMaterials/Substrate/Glints2/dict_0000_0122" 10959
"/Engine/EngineMaterials/Substrate/Glints2/dict_0000_0123" 10960
"/Engine/EngineMaterials/Substrate/Glints2/dict_0000_0124" 10961
"/Engine/EngineMaterials/Substrate/Glints2/dict_0000_0125" 10962
"/Engine/EngineMaterials/Substrate/Glints2/dict_0000_0126" 10963
"/Engine/EngineMaterials/Substrate/Glints2/dict_0000_0127" 10964
"/Engine/EngineMaterials/Substrate/Glints2/dict_0000_0128" 10965
"/Engine/EngineMaterials/Substrate/Glints2/dict_0000_0129" 10966
"/Engine/EngineMaterials/Substrate/Glints2/dict_0000_0130" 10967
"/Engine/EngineMaterials/Substrate/Glints2/dict_0000_0131" 10968
"/Engine/EngineMaterials/Substrate/Glints2/dict_0000_0132" 10969
"/Engine/EngineMaterials/Substrate/Glints2/dict_0000_0101" 10970
"../../../Engine/Content/EngineMaterials/Substrate/Glints2/dict_0000_0099.uasset" 10971
"../../../Engine/Content/EngineMaterials/Substrate/Glints2/dict_0000_0100.uasset" 10972
"../../../Engine/Content/EngineMaterials/Substrate/Glints2/dict_0000_0098.uasset" 10973
"../../../Engine/Content/EngineMaterials/Substrate/Glints2/dict_0000_0097.uasset" 10974
"../../../Engine/Content/EngineMaterials/Substrate/Glints2/dict_0000_0096.uasset" 10975
"../../../Engine/Content/EngineMaterials/Substrate/Glints2/dict_0000_0095.uasset" 10976
"../../../Engine/Content/EngineMaterials/Substrate/Glints2/dict_0000_0094.uasset" 10977
"../../../Engine/Content/EngineMaterials/Substrate/Glints2/dict_0000_0093.uasset" 10978
"../../../Engine/Content/EngineMaterials/Substrate/Glints2/dict_0000_0092.uasset" 10979
"../../../Engine/Content/EngineMaterials/Substrate/Glints2/dict_0000_0091.uasset" 10980
"../../../Engine/Content/EngineMaterials/Substrate/Glints2/dict_0000_0090.uasset" 10981
"../../../Engine/Content/EngineMaterials/Substrate/Glints2/dict_0000_0089.uasset" 10982
"../../../Engine/Content/EngineMaterials/Substrate/Glints2/dict_0000_0088.uasset" 10983
"../../../Engine/Content/EngineMaterials/Substrate/Glints2/dict_0000_0087.uasset" 10984
"/Engine/EngineMaterials/Substrate/Glints2/dict_0000_0102" 10985
"/Engine/EngineMaterials/Substrate/Glints2/dict_0000_0103" 10986
"/Engine/EngineMaterials/Substrate/Glints2/dict_0000_0104" 10987
"/Engine/EngineMaterials/Substrate/Glints2/dict_0000_0105" 10988
"/Engine/EngineMaterials/Substrate/Glints2/dict_0000_0106" 10989
"/Engine/EngineMaterials/Substrate/Glints2/dict_0000_0107" 10990
"/Engine/EngineMaterials/Substrate/Glints2/dict_0000_0108" 10991
"/Engine/EngineMaterials/Substrate/Glints2/dict_0000_0109" 10992
"/Engine/EngineMaterials/Substrate/Glints2/dict_0000_0110" 10993
"/Engine/EngineMaterials/Substrate/Glints2/dict_0000_0111" 10994
"/Engine/EngineMaterials/Substrate/Glints2/dict_0000_0112" 10995
"/Engine/EngineMaterials/Substrate/Glints2/dict_0000_0113" 10996
"/Engine/EngineMaterials/Substrate/Glints2/dict_0000_0114" 10997
"/Engine/EngineMaterials/Substrate/Glints2/dict_0000_0115" 10998
"/Engine/EngineMaterials/Substrate/Glints2/dict_0000_0116" 10999
"/Engine/EngineMaterials/Substrate/Glints2/dict_0000_0117" 11000
"/Engine/EngineMaterials/Substrate/Glints2/dict_0000_0118" 11001
"/Engine/EngineMaterials/Substrate/Glints2/dict_0000_0087" 11002
"../../../Engine/Content/EngineMaterials/Substrate/Glints2/dict_0000_0086.uasset" 11003
"../../../Engine/Content/EngineMaterials/Substrate/Glints2/dict_0000_0084.uasset" 11004
"../../../Engine/Content/EngineMaterials/Substrate/Glints2/dict_0000_0085.uasset" 11005
"../../../Engine/Content/EngineMaterials/Substrate/Glints2/dict_0000_0082.uasset" 11006
"../../../Engine/Content/EngineMaterials/Substrate/Glints2/dict_0000_0083.uasset" 11007
"../../../Engine/Content/EngineMaterials/Substrate/Glints2/dict_0000_0081.uasset" 11008
"../../../Engine/Content/EngineMaterials/Substrate/Glints2/dict_0000_0080.uasset" 11009
"../../../Engine/Content/EngineMaterials/Substrate/Glints2/dict_0000_0079.uasset" 11010
"../../../Engine/Content/EngineMaterials/Substrate/Glints2/dict_0000_0077.uasset" 11011
"../../../Engine/Content/EngineMaterials/Substrate/Glints2/dict_0000_0078.uasset" 11012
"../../../Engine/Content/EngineMaterials/Substrate/Glints2/dict_0000_0076.uasset" 11013
"../../../Engine/Content/EngineMaterials/Substrate/Glints2/dict_0000_0075.uasset" 11014
"../../../Engine/Content/EngineMaterials/Substrate/Glints2/dict_0000_0074.uasset" 11015
"../../../Engine/Content/EngineMaterials/Substrate/Glints2/dict_0000_0073.uasset" 11016
"../../../Engine/Content/EngineMaterials/Substrate/Glints2/dict_0000_0072.uasset" 11017
"../../../Engine/Content/EngineMaterials/Substrate/Glints2/dict_0000_0071.uasset" 11018
"../../../Engine/Content/EngineMaterials/Substrate/Glints2/dict_0000_0070.uasset" 11019
"../../../Engine/Content/EngineMaterials/Substrate/Glints2/dict_0000_0069.uasset" 11020
"/Engine/EngineMaterials/Substrate/Glints2/dict_0000_0088" 11021
"/Engine/EngineMaterials/Substrate/Glints2/dict_0000_0089" 11022
"/Engine/EngineMaterials/Substrate/Glints2/dict_0000_0090" 11023
"/Engine/EngineMaterials/Substrate/Glints2/dict_0000_0091" 11024
"/Engine/EngineMaterials/Substrate/Glints2/dict_0000_0092" 11025
"/Engine/EngineMaterials/Substrate/Glints2/dict_0000_0093" 11026
"/Engine/EngineMaterials/Substrate/Glints2/dict_0000_0094" 11027
"/Engine/EngineMaterials/Substrate/Glints2/dict_0000_0095" 11028
"/Engine/EngineMaterials/Substrate/Glints2/dict_0000_0096" 11029
"/Engine/EngineMaterials/Substrate/Glints2/dict_0000_0097" 11030
"/Engine/EngineMaterials/Substrate/Glints2/dict_0000_0098" 11031
"/Engine/EngineMaterials/Substrate/Glints2/dict_0000_0099" 11032
"/Engine/EngineMaterials/Substrate/Glints2/dict_0000_0100" 11033
"../../../Engine/Content/EngineMaterials/Substrate/Glints2/dict_0000_0068.uasset" 11034
"../../../Engine/Content/EngineMaterials/Substrate/Glints2/dict_0000_0067.uasset" 11035
"/Engine/EngineMaterials/Substrate/Glints2/dict_0000_0069" 11036
"../../../Engine/Content/EngineMaterials/Substrate/Glints2/dict_0000_0065.uasset" 11037
"../../../Engine/Content/EngineMaterials/Substrate/Glints2/dict_0000_0066.uasset" 11038
"../../../Engine/Content/EngineMaterials/Substrate/Glints2/dict_0000_0064.uasset" 11039
"../../../Engine/Content/EngineMaterials/Substrate/Glints2/dict_0000_0063.uasset" 11040
"../../../Engine/Content/EngineMaterials/Substrate/Glints2/dict_0000_0062.uasset" 11041
"../../../Engine/Content/EngineMaterials/Substrate/Glints2/dict_0000_0061.uasset" 11042
"../../../Engine/Content/EngineMaterials/Substrate/Glints2/dict_0000_0060.uasset" 11043
"../../../Engine/Content/EngineMaterials/Substrate/Glints2/dict_0000_0059.uasset" 11044
"../../../Engine/Content/EngineMaterials/Substrate/Glints2/dict_0000_0058.uasset" 11045
"../../../Engine/Content/EngineMaterials/Substrate/Glints2/dict_0000_0057.uasset" 11046
"../../../Engine/Content/EngineMaterials/Substrate/Glints2/dict_0000_0056.uasset" 11047
"../../../Engine/Content/EngineMaterials/Substrate/Glints2/dict_0000_0055.uasset" 11048
"/Engine/EngineMaterials/Substrate/Glints2/dict_0000_0070" 11049
"/Engine/EngineMaterials/Substrate/Glints2/dict_0000_0071" 11050
"/Engine/EngineMaterials/Substrate/Glints2/dict_0000_0072" 11051
"/Engine/EngineMaterials/Substrate/Glints2/dict_0000_0073" 11052
"/Engine/EngineMaterials/Substrate/Glints2/dict_0000_0074" 11053
"/Engine/EngineMaterials/Substrate/Glints2/dict_0000_0075" 11054
"/Engine/EngineMaterials/Substrate/Glints2/dict_0000_0076" 11055
"/Engine/EngineMaterials/Substrate/Glints2/dict_0000_0077" 11056
"/Engine/EngineMaterials/Substrate/Glints2/dict_0000_0078" 11057
"/Engine/EngineMaterials/Substrate/Glints2/dict_0000_0079" 11058
"/Engine/EngineMaterials/Substrate/Glints2/dict_0000_0080" 11059
"/Engine/EngineMaterials/Substrate/Glints2/dict_0000_0081" 11060
"/Engine/EngineMaterials/Substrate/Glints2/dict_0000_0082" 11061
"/Engine/EngineMaterials/Substrate/Glints2/dict_0000_0083" 11062
"/Engine/EngineMaterials/Substrate/Glints2/dict_0000_0084" 11063
"/Engine/EngineMaterials/Substrate/Glints2/dict_0000_0085" 11064
"/Engine/EngineMaterials/Substrate/Glints2/dict_0000_0086" 11065
"/Engine/EngineMaterials/Substrate/Glints2/dict_0000_0055" 11066
"../../../Engine/Content/EngineMaterials/Substrate/Glints2/dict_0000_0053.uasset" 11067
"../../../Engine/Content/EngineMaterials/Substrate/Glints2/dict_0000_0054.uasset" 11068
"/Engine/EngineMaterials/Substrate/Glints2/dict_0000_0056" 11069
"../../../Engine/Content/EngineMaterials/Substrate/Glints2/dict_0000_0052.uasset" 11070
"../../../Engine/Content/EngineMaterials/Substrate/Glints2/dict_0000_0051.uasset" 11071
"../../../Engine/Content/EngineMaterials/Substrate/Glints2/dict_0000_0049.uasset" 11072
"../../../Engine/Content/EngineMaterials/Substrate/Glints2/dict_0000_0050.uasset" 11073
"../../../Engine/Content/EngineMaterials/Substrate/Glints2/dict_0000_0048.uasset" 11074
"/Engine/EngineMaterials/Substrate/Glints2/dict_0000_0057" 11075
"../../../Engine/Content/EngineMaterials/Substrate/Glints2/dict_0000_0047.uasset" 11076
"../../../Engine/Content/EngineMaterials/Substrate/Glints2/dict_0000_0046.uasset" 11077
"../../../Engine/Content/EngineMaterials/Substrate/Glints2/dict_0000_0045.uasset" 11078
"../../../Engine/Content/EngineMaterials/Substrate/Glints2/dict_0000_0044.uasset" 11079
"../../../Engine/Content/EngineMaterials/Substrate/Glints2/dict_0000_0043.uasset" 11080
"../../../Engine/Content/EngineMaterials/Substrate/Glints2/dict_0000_0042.uasset" 11081
"../../../Engine/Content/EngineMaterials/Substrate/Glints2/dict_0000_0041.uasset" 11082
"/Engine/EngineMaterials/Substrate/Glints2/dict_0000_0058" 11083
"../../../Engine/Content/EngineMaterials/Substrate/Glints2/dict_0000_0040.uasset" 11084
"../../../Engine/Content/EngineMaterials/Substrate/Glints2/dict_0000_0039.uasset" 11085
"../../../Engine/Content/EngineMaterials/Substrate/Glints2/dict_0000_0038.uasset" 11086
"../../../Engine/Content/EngineMaterials/Substrate/Glints2/dict_0000_0037.uasset" 11087
"/Engine/EngineMaterials/Substrate/Glints2/dict_0000_0059" 11088
"/Engine/EngineMaterials/Substrate/Glints2/dict_0000_0060" 11089
"/Engine/EngineMaterials/Substrate/Glints2/dict_0000_0061" 11090
"/Engine/EngineMaterials/Substrate/Glints2/dict_0000_0062" 11091
"/Engine/EngineMaterials/Substrate/Glints2/dict_0000_0063" 11092
"/Engine/EngineMaterials/Substrate/Glints2/dict_0000_0064" 11093
"/Engine/EngineMaterials/Substrate/Glints2/dict_0000_0065" 11094
"/Engine/EngineMaterials/Substrate/Glints2/dict_0000_0066" 11095
"/Engine/EngineMaterials/Substrate/Glints2/dict_0000_0067" 11096
"/Engine/EngineMaterials/Substrate/Glints2/dict_0000_0068" 11097
"/Engine/EngineMaterials/Substrate/Glints2/dict_0000_0037" 11098
"../../../Engine/Content/EngineMaterials/Substrate/Glints2/dict_0000_0036.uasset" 11099
"../../../Engine/Content/EngineMaterials/Substrate/Glints2/dict_0000_0035.uasset" 11100
"../../../Engine/Content/EngineMaterials/Substrate/Glints2/dict_0000_0034.uasset" 11101
"../../../Engine/Content/EngineMaterials/Substrate/Glints2/dict_0000_0033.uasset" 11102
"../../../Engine/Content/EngineMaterials/Substrate/Glints2/dict_0000_0032.uasset" 11103
"../../../Engine/Content/EngineMaterials/Substrate/Glints2/dict_0000_0030.uasset" 11104
"../../../Engine/Content/EngineMaterials/Substrate/Glints2/dict_0000_0031.uasset" 11105
"../../../Engine/Content/EngineMaterials/Substrate/Glints2/dict_0000_0029.uasset" 11106
"../../../Engine/Content/EngineMaterials/Substrate/Glints2/dict_0000_0028.uasset" 11107
"../../../Engine/Content/EngineMaterials/Substrate/Glints2/dict_0000_0027.uasset" 11108
"../../../Engine/Content/EngineMaterials/Substrate/Glints2/dict_0000_0026.uasset" 11109
"../../../Engine/Content/EngineMaterials/Substrate/Glints2/dict_0000_0025.uasset" 11110
"../../../Engine/Content/EngineMaterials/Substrate/Glints2/dict_0000_0024.uasset" 11111
"../../../Engine/Content/EngineMaterials/Substrate/Glints2/dict_0000_0023.uasset" 11112
"/Engine/EngineMaterials/Substrate/Glints2/dict_0000_0038" 11113
"/Engine/EngineMaterials/Substrate/Glints2/dict_0000_0039" 11114
"/Engine/EngineMaterials/Substrate/Glints2/dict_0000_0040" 11115
"/Engine/EngineMaterials/Substrate/Glints2/dict_0000_0041" 11116
"/Engine/EngineMaterials/Substrate/Glints2/dict_0000_0042" 11117
"/Engine/EngineMaterials/Substrate/Glints2/dict_0000_0043" 11118
"/Engine/EngineMaterials/Substrate/Glints2/dict_0000_0044" 11119
"/Engine/EngineMaterials/Substrate/Glints2/dict_0000_0045" 11120
"/Engine/EngineMaterials/Substrate/Glints2/dict_0000_0046" 11121
"/Engine/EngineMaterials/Substrate/Glints2/dict_0000_0047" 11122
"/Engine/EngineMaterials/Substrate/Glints2/dict_0000_0048" 11123
"/Engine/EngineMaterials/Substrate/Glints2/dict_0000_0049" 11124
"/Engine/EngineMaterials/Substrate/Glints2/dict_0000_0050" 11125
"/Engine/EngineMaterials/Substrate/Glints2/dict_0000_0051" 11126
"/Engine/EngineMaterials/Substrate/Glints2/dict_0000_0052" 11127
"/Engine/EngineMaterials/Substrate/Glints2/dict_0000_0053" 11128
"/Engine/EngineMaterials/Substrate/Glints2/dict_0000_0054" 11129
"/Engine/EngineMaterials/Substrate/Glints2/dict_0000_0023" 11130
"../../../Engine/Content/EngineMaterials/Substrate/Glints2/dict_0000_0022.uasset" 11131
"../../../Engine/Content/EngineMaterials/Substrate/Glints2/dict_0000_0021.uasset" 11132
"/Engine/EngineMaterials/Substrate/Glints2/dict_0000_0024" 11133
"/Engine/EngineMaterials/Substrate/Glints2/dict_0000_0025" 11134
"../../../Engine/Content/EngineMaterials/Substrate/Glints2/dict_0000_0020.uasset" 11135
"../../../Engine/Content/EngineMaterials/Substrate/Glints2/dict_0000_0019.uasset" 11136
"../../../Engine/Content/EngineMaterials/Substrate/Glints2/dict_0000_0018.uasset" 11137
"../../../Engine/Content/EngineMaterials/Substrate/Glints2/dict_0000_0017.uasset" 11138
"../../../Engine/Content/EngineMaterials/Substrate/Glints2/dict_0000_0016.uasset" 11139
"../../../Engine/Content/EngineMaterials/Substrate/Glints2/dict_0000_0015.uasset" 11140
"../../../Engine/Content/EngineMaterials/Substrate/Glints2/dict_0000_0013.uasset" 11141
"../../../Engine/Content/EngineMaterials/Substrate/Glints2/dict_0000_0014.uasset" 11142
"../../../Engine/Content/EngineMaterials/Substrate/Glints2/dict_0000_0011.uasset" 11143
"../../../Engine/Content/EngineMaterials/Substrate/Glints2/dict_0000_0010.uasset" 11144
"../../../Engine/Content/EngineMaterials/Substrate/Glints2/dict_0000_0012.uasset" 11145
"/Engine/EngineMaterials/Substrate/Glints2/dict_0000_0026" 11146
"../../../Engine/Content/EngineMaterials/Substrate/Glints2/dict_0000_0008.uasset" 11147
"/Engine/EngineMaterials/Substrate/Glints2/dict_0000_0027" 11148
"../../../Engine/Content/EngineMaterials/Substrate/Glints2/dict_0000_0007.uasset" 11149
"../../../Engine/Content/EngineMaterials/Substrate/Glints2/dict_0000_0006.uasset" 11150
"/Engine/EngineMaterials/Substrate/Glints2/dict_0000_0028" 11151
"../../../Engine/Content/EngineMaterials/Substrate/Glints2/dict_0000_0005.uasset" 11152
"/Engine/EngineMaterials/Substrate/Glints2/dict_0000_0029" 11153
"../../../Engine/Content/EngineMaterials/Substrate/Glints2/dict_0000_0009.uasset" 11154
"/Engine/EngineMaterials/Substrate/Glints2/dict_0000_0030" 11155
"/Engine/EngineMaterials/Substrate/Glints2/dict_0000_0031" 11156
"/Engine/EngineMaterials/Substrate/Glints2/dict_0000_0032" 11157
"/Engine/EngineMaterials/Substrate/Glints2/dict_0000_0033" 11158
"/Engine/EngineMaterials/Substrate/Glints2/dict_0000_0034" 11159
"/Engine/EngineMaterials/Substrate/Glints2/dict_0000_0035" 11160
"/Engine/EngineMaterials/Substrate/Glints2/dict_0000_0036" 11161
"../../../Engine/Content/EngineMaterials/Substrate/Glints2/dict_0000_0004.uasset" 11162
"../../../Engine/Content/EngineMaterials/Substrate/Glints2/dict_0000_0003.uasset" 11163
"/Engine/EngineMaterials/Substrate/Glints2/dict_0000_0005" 11164
"../../../Engine/Content/EngineMaterials/Substrate/Glints2/dict_0000_0002.uasset" 11165
"../../../Engine/Content/EngineMaterials/Substrate/Glints2/dict_0000_0000.uasset" 11166
"../../../Engine/Content/EngineMaterials/Substrate/Glints2/dict_0000_0001.uasset" 11167
"../../../Engine/Content/EngineMaterials/Substrate/Glints2/AGlintTex2dArray2.uasset" 11168
"../../../Engine/Content/EngineMaterials/Substrate/Volume/SubstrateSimpleVolumeLUT2D.uasset" 11169
"../../../Engine/Content/EngineMaterials/Substrate/Volume/SubstrateSimpleVolumeLUT3D.uasset" 11170
"../../../Engine/Content/EngineMaterials/Substrate/Volume/SubstrateSimpleVolumeEnvLUT2D.uasset" 11171
"../../../Engine/Content/EngineMaterials/DefaultCalibrationColor.uasset" 11172
"../../../Engine/Content/EngineMaterials/Substrate/Volume/SubstrateSimpleVolumeEnvLUT3D.uasset" 11173
"../../../Engine/Content/EngineMaterials/PPM_DefaultCalibrationColor.uasset" 11174
"../../../Engine/Content/EngineMaterials/DefaultCalibrationGrayscale.uasset" 11175
"/Engine/EngineMaterials/Substrate/Glints2/dict_0000_0006" 11176
"../../../Engine/Content/EngineMaterials/PPM_DefaultCalibrationGrayscale.uasset" 11177
"/Engine/EngineMaterials/Substrate/Glints2/dict_0000_0007" 11178
"/Engine/EngineMaterials/Substrate/Glints2/dict_0000_0008" 11179
"/Engine/EngineMaterials/Substrate/Glints2/dict_0000_0009" 11180
"/Engine/EngineMaterials/Substrate/Glints2/dict_0000_0010" 11181
"/Engine/EngineMaterials/Substrate/Glints2/dict_0000_0011" 11182
"/Engine/EngineMaterials/Substrate/Glints2/dict_0000_0012" 11183
"/Engine/EngineMaterials/Substrate/Glints2/dict_0000_0013" 11184
"/Engine/EngineMaterials/Substrate/Glints2/dict_0000_0014" 11185
"/Engine/EngineMaterials/Substrate/Glints2/dict_0000_0015" 11186
"/Engine/EngineMaterials/Substrate/Glints2/dict_0000_0016" 11187
"/Engine/EngineMaterials/Substrate/Glints2/dict_0000_0017" 11188
"/Engine/EngineMaterials/Substrate/Glints2/dict_0000_0018" 11189
"/Engine/EngineMaterials/Substrate/Glints2/dict_0000_0019" 11190
"/Engine/EngineMaterials/Substrate/Glints2/dict_0000_0020" 11191
"/Engine/EngineMaterials/Substrate/Glints2/dict_0000_0021" 11192
"/Engine/EngineMaterials/Substrate/Glints2/dict_0000_0022" 11193
"C:/Users/sina/Desktop/dev/DuyguUE/Content/VRTemplate/Input/Actions/IA_Shoot_Left.uasset" 11194
"C:/Users/sina/Desktop/dev/DuyguUE/Content/VRTemplate/Input/IMC_Weapon_Left.uasset" 11195
"/Engine/EngineMaterials/PPM_DefaultCalibrationGrayscale" 11196
"C:/Users/sina/Desktop/dev/DuyguUE/Content/VRTemplate/Input/Actions/IA_Shoot_Right.uasset" 11197
"C:/Users/sina/Desktop/dev/DuyguUE/Content/VRTemplate/Input/IMC_Weapon_Right.uasset" 11198
"../../../Engine/Content/Functions/MaterialLayerFunctions/MatLayerBlend_OverrideOpacity.uasset" 11199
"../../../Engine/Plugins/Interchange/Assets/Content/Functions/MX_Surface.uasset" 11200
"../../../Engine/Content/Functions/Engine_MaterialFunctions03/Procedurals/HeightToNormalSmooth.uasset" 11201
"../../../Engine/Plugins/Interchange/Assets/Content/Functions/MX_Displacement.uasset" 11202
"/Engine/EngineMaterials/PPM_DefaultCalibrationColor" 11203
"/Engine/EngineMaterials/Substrate/Volume/SubstrateSimpleVolumeEnvLUT3D" 11204
"/Engine/EngineMaterials/Substrate/Volume/SubstrateSimpleVolumeLUT3D" 11205
"/Engine/EngineMaterials/Substrate/Glints2/AGlintTex2dArray2" 11206
"/InterchangeAssets/Functions/MX_Displacement" 11207
"/InterchangeAssets/Functions/MX_Surface" 11208
"/Game/VRTemplate/Input/IMC_Weapon_Right" 11209
"/Game/VRTemplate/Input/IMC_Weapon_Left" 11210
"../../../Engine/Plugins/MetaHuman/MetaHumanCoreTechLib/Content/RealtimeAudio/solar-1-2700_blend-0v65.uasset" 11211
"../../../Engine/Plugins/MetaHuman/MetaHumanCoreTechLib/Content/RealtimeMono/generic_rig_solver_v0_5_pt_onnx_fp16.uasset" 11212
"../../../Engine/Plugins/MetaHuman/MetaHumanCoreTechLib/Content/RealtimeMono/landmark_tracker_v0_6.uasset" 11213
"../../../Engine/Plugins/MetaHuman/MetaHumanCoreTechLib/Content/RealtimeMono/HeavySmoothing.uasset" 11214
"../../../Engine/Plugins/VirtualProduction/CameraCalibrationCore/Content/Materials/M_AnamorphicDistortionDisplacementMap.uasset" 11215
"../../../Engine/Plugins/VirtualProduction/CameraCalibrationCore/Content/Materials/M_AnamorphicUndistortionDisplacementMap.uasset" 11216
"../../../Engine/Plugins/VirtualProduction/CameraCalibrationCore/Content/Materials/M_BrownConradyDUDistortionDisplacementMap.uasset" 11217
"../../../Engine/Plugins/VirtualProduction/CameraCalibrationCore/Content/Materials/M_BrownConradyDUUndistortionDisplacementMap.uasset" 11218
"../../../Engine/Plugins/VirtualProduction/CameraCalibrationCore/Content/Materials/M_BrownConradyUDDistortionDisplacementMap.uasset" 11219
"../../../Engine/Plugins/VirtualProduction/CameraCalibrationCore/Content/Materials/M_BrownConradyUDUndistortionDisplacementMap.uasset" 11220
"../../../Engine/Plugins/VirtualProduction/CameraCalibrationCore/Content/Materials/M_SphericalDistortionDisplacementMap.uasset" 11221
"../../../Engine/Plugins/VirtualProduction/CameraCalibrationCore/Content/Materials/M_SphericalUndistortionDisplacementMap.uasset" 11222
"../../../Engine/Plugins/VirtualProduction/CameraCalibrationCore/Content/Materials/M_VertexColors.uasset" 11223
"../../../Engine/Plugins/NNE/NNEDenoiser/Content/NNEDIM_ColorAlbedoNormal_Alpha.uasset" 11224
"../../../Engine/Plugins/NNE/NNEDenoiser/Content/NNEDIM_ColorAlbedoNormal_Default.uasset" 11225
"../../../Engine/Plugins/NNE/NNEDenoiser/Content/NNEDIM_HighQuality_Alpha.uasset" 11226
"../../../Engine/Plugins/NNE/NNEDenoiser/Content/NNEDIM_HighQuality_Default.uasset" 11227
"../../../Engine/Plugins/NNE/NNEDenoiser/Content/NNEDOM_Output_Alpha.uasset" 11228
"../../../Engine/Plugins/NNE/NNEDenoiser/Content/NNEDOM_Output_Default.uasset" 11229
"/NNEDenoiser/NNEDOM_Output_Default" 11230
"/NNEDenoiser/NNEDOM_Output_Alpha" 11231
"/NNEDenoiser/NNEDIM_HighQuality_Default" 11232
"/NNEDenoiser/NNEDIM_HighQuality_Alpha" 11233
"/NNEDenoiser/NNEDIM_ColorAlbedoNormal_Default" 11234
"/NNEDenoiser/NNEDIM_ColorAlbedoNormal_Alpha" 11235
"/CameraCalibrationCore/Materials/M_VertexColors" 11236
"/CameraCalibrationCore/Materials/M_SphericalUndistortionDisplacementMap" 11237
"/CameraCalibrationCore/Materials/M_SphericalDistortionDisplacementMap" 11238
"/CameraCalibrationCore/Materials/M_BrownConradyUDUndistortionDisplacementMap" 11239
"/CameraCalibrationCore/Materials/M_BrownConradyUDDistortionDisplacementMap" 11240
"/CameraCalibrationCore/Materials/M_BrownConradyDUUndistortionDisplacementMap" 11241
"/CameraCalibrationCore/Materials/M_BrownConradyDUDistortionDisplacementMap" 11242
"/CameraCalibrationCore/Materials/M_AnamorphicUndistortionDisplacementMap" 11243
"/CameraCalibrationCore/Materials/M_AnamorphicDistortionDisplacementMap" 11244
"/MetaHumanCoreTech/RealtimeMono/landmark_tracker_v0_6" 11245
"/MetaHumanCoreTech/RealtimeMono/HeavySmoothing" 11246
"/MetaHumanCoreTech/RealtimeMono/generic_rig_solver_v0_5_pt_onnx_fp16" 11247
"/MetaHumanCoreTech/RealtimeAudio/solar-1-2700_blend-0v65" 11248
"../../../Engine/Plugins/NNE/NNEDenoiser/Content/NNEDTIM_ColorAlbedoNormal_Alpha.uasset" 11249
"../../../Engine/Plugins/NNE/NNEDenoiser/Content/NNEDTIM_ColorAlbedoNormal_Default.uasset" 11250
"../../../Engine/Plugins/NNE/NNEDenoiser/Content/NNEDTOM_Output_Alpha.uasset" 11251
"../../../Engine/Plugins/NNE/NNEDenoiser/Content/NNEDTOM_Output_Default.uasset" 11252
"../../../Engine/Plugins/NNE/NNEDenoiser/Content/NNEDT_Oidn2-3_Balanced_Alpha.uasset" 11253
"../../../Engine/Plugins/NNE/NNEDenoiser/Content/NNED_Oidn2-3_Balanced.uasset" 11254
"../../../Engine/Plugins/NNE/NNEDenoiser/Content/NNEDT_Oidn2-3_Balanced.uasset" 11255
"../../../Engine/Plugins/NNE/NNEDenoiser/Content/NNED_Oidn2-3_Fast.uasset" 11256
"../../../Engine/Plugins/NNE/NNEDenoiser/Content/NNED_Oidn2-3_Balanced_Alpha.uasset" 11257
"../../../Engine/Plugins/NNE/NNEDenoiser/Content/NNED_Oidn2-3_Fast_Alpha.uasset" 11258
"../../../Engine/Plugins/NNE/NNEDenoiser/Content/NNED_Oidn2-3_HighQuality.uasset" 11259
"../../../Engine/Plugins/NNE/NNEDenoiser/Content/NNED_Oidn2-3_HighQuality_Alpha.uasset" 11260
"../../../Engine/Plugins/NNE/NNEDenoiser/Content/NNE_oidn2-3-0_rt_hdr_alb_nrm_small__dyn__fp16_opset11_DenoiseAlpha.uasset" 11261
"../../../Engine/Plugins/NNE/NNEDenoiser/Content/NNE_oidn2-3-0_rt_hdr_alb_nrm_small__dyn__fp16_opset11_ForwardAlpha.uasset" 11262
"../../../Engine/Plugins/NNE/NNEDenoiser/Content/NNE_oidn2-3-0_rt_hdr_alb_nrm__dyn__fp16_opset11_DenoiseAlpha.uasset" 11263
"../../../Engine/Plugins/NNE/NNEDenoiser/Content/NNE_oidn2-3-0_rt_hdr_alb_nrm__dyn__fp16_opset11_ForwardAlpha.uasset" 11264
"../../../Engine/Plugins/NNE/NNEDenoiser/Content/NNE_oidn2-3-0_rt_hdr_calb_cnrm_large__dyn__fp16_opset11_DenoiseAlpha.uasset" 11265
"../../../Engine/Plugins/NNE/NNEDenoiser/Content/NNE_oidn2-3-0_rt_hdr_calb_cnrm_large__dyn__fp16_opset11_ForwardAlpha.uasset" 11266
"/NNEDenoiser/NNE_oidn2-3-0_rt_hdr_calb_cnrm_large__dyn__fp16_opset11_ForwardAlpha" 11267
"/NNEDenoiser/NNE_oidn2-3-0_rt_hdr_calb_cnrm_large__dyn__fp16_opset11_DenoiseAlpha" 11268
"/NNEDenoiser/NNE_oidn2-3-0_rt_hdr_alb_nrm__dyn__fp16_opset11_ForwardAlpha" 11269
"/NNEDenoiser/NNE_oidn2-3-0_rt_hdr_alb_nrm__dyn__fp16_opset11_DenoiseAlpha" 11270
"/NNEDenoiser/NNE_oidn2-3-0_rt_hdr_alb_nrm_small__dyn__fp16_opset11_ForwardAlpha" 11271
"/NNEDenoiser/NNE_oidn2-3-0_rt_hdr_alb_nrm_small__dyn__fp16_opset11_DenoiseAlpha" 11272
"/NNEDenoiser/NNED_Oidn2-3_HighQuality_Alpha" 11273
"/NNEDenoiser/NNED_Oidn2-3_HighQuality" 11274
"/NNEDenoiser/NNED_Oidn2-3_Fast_Alpha" 11275
"/NNEDenoiser/NNED_Oidn2-3_Fast" 11276
"C:/Users/sina/Desktop/dev/DuyguUE/Intermediate/ORTOptimizerPass_OptimizedC112CBCC496DF84003640B9735344051.onnx" 11277
"C:/Users/sina/Desktop/dev/DuyguUE/Intermediate/ORTOptimizerPass_OptimizedBD004D0B4376CB11B39C22AA45014C66.onnx" 11278
"C:/Users/sina/Desktop/dev/DuyguUE/Intermediate/ORTOptimizerPass_OptimizedCFE7968848D59C84FF87F78D3011DD1A.onnx" 11279
"C:/Users/sina/Desktop/dev/DuyguUE/Intermediate/ORTOptimizerPass_OptimizedE781B4664CB64F8DDC6F90A87E36D04D.onnx" 11280
"C:/Users/sina/Desktop/dev/DuyguUE/Intermediate/ORTOptimizerPass_Optimized48A511174AD826DCC64DD8A9F415C758.onnx" 11281
"C:/Users/sina/Desktop/dev/DuyguUE/Intermediate/ORTOptimizerPass_Optimized64105D7F482DA5000E1E28B752D691B6.onnx" 11282
"C:/Users/sina/Desktop/dev/DuyguUE/Intermediate/ORTOptimizerPass_Optimized0131710D47118915BEE248879E7D31FE.onnx" 11283
"C:/Users/sina/Desktop/dev/DuyguUE/Intermediate/ORTOptimizerPass_Optimized9AC6FDAC485B385EA58FFFBD99340331.onnx" 11284
"C:/Users/sina/Desktop/dev/DuyguUE/Intermediate/ORTOptimizerPass_OptimizedDE2956B74DF348E342F69A99B447C8FF.onnx" 11285
"C:/Users/sina/Desktop/dev/DuyguUE/Intermediate/ORTOptimizerPass_OptimizedF7C5D0B64D81AA10DC089890C48DDBFE.onnx" 11286
"C:/Users/sina/Desktop/dev/DuyguUE/Intermediate/ORTOptimizerPass_Optimized12C6B39B4024CFF6D03A2BAE6FD98346.onnx" 11287
"C:/Users/sina/Desktop/dev/DuyguUE/Intermediate/ORTOptimizerPass_OptimizedCAF103ED40F81A3F1C5B008229769A20.onnx" 11288
"/NNEDenoiser/NNED_Oidn2-3_Balanced_Alpha" 11289
"/NNEDenoiser/NNED_Oidn2-3_Balanced" 11290
"/NNEDenoiser/NNEDT_Oidn2-3_Balanced_Alpha" 11291
"/NNEDenoiser/NNEDT_Oidn2-3_Balanced" 11292
"/NNEDenoiser/NNEDTOM_Output_Default" 11293
"/NNEDenoiser/NNEDTOM_Output_Alpha" 11294
"/NNEDenoiser/NNEDTIM_ColorAlbedoNormal_Default" 11295
"/NNEDenoiser/NNEDTIM_ColorAlbedoNormal_Alpha" 11296
"../../../Engine/Content/EditorResources/BSPVertex.uasset" 11297
"../../../Engine/Content/EngineMaterials/DefaultBloomKernel.uasset" 11298
"../../../Engine/Content/EngineResources/FilmGrains/Marcie_Grain_v3_128_M2_000.uasset" 11299
"../../../Engine/Content/EngineResources/Development/ZenLogo_64.uasset" 11300
"../../../Engine/Content/EngineMaterials/FastBlueNoise_scalar_128x128x64.uasset" 11301
"../../../Engine/Content/EngineDebugMaterials/DebugEditorMaterial.uasset" 11302
"/Engine/EngineMaterials/FastBlueNoise_scalar_128x128x64" 11303
"/Engine/EngineDebugMaterials/DebugEditorMaterial" 11304
"../../../Engine/Content/EngineMaterials/FastBlueNoise_vec2_128x128x64.uasset" 11305
"../../../Engine/Content/EngineMaterials/LTC/Sheen_LTC.uasset" 11306
"/Engine/EngineResources/Development/ZenLogo_64" 11307
"../../../Engine/Content/EngineMaterials/EnergyConservation/Sheen_Energy.uasset" 11308
"../../../Engine/Content/EngineMaterials/EnergyConservation/Diffuse_Energy.uasset" 11309
"../../../Engine/Content/EngineMaterials/SMAAAreaTex.uasset" 11310
"../../../Engine/Content/EngineMaterials/SMAASearchTex.uasset" 11311
"../../../Engine/Content/EngineSounds/Master.uasset" 11312
"../../../Engine/Plugins/Interchange/Runtime/Content/Pipelines/DefaultAssetsPipeline.uasset" 11313
"/Engine/EngineResources/FilmGrains/Marcie_Grain_v3_128_M2_000" 11314
"/Engine/EngineMaterials/DefaultBloomKernel" 11315
"../../../Engine/Plugins/Interchange/Runtime/Content/Pipelines/DefaultMaterialXPipeline.uasset" 11316
"../../../Engine/Plugins/Interchange/Runtime/Content/Pipelines/DefaultGLTFAssetsPipeline.uasset" 11317
"../../../Engine/Plugins/Interchange/Runtime/Content/Pipelines/DefaultGLTFPipeline.uasset" 11318
"../../../Engine/Plugins/Interchange/Runtime/Content/Pipelines/DefaultMaterialPipeline.uasset" 11319
"/Engine/EditorResources/BSPVertex" 11320
"../../../Engine/Plugins/Interchange/Runtime/Content/Pipelines/DefaultTexturePipeline.uasset" 11321
"../../../Engine/Plugins/Interchange/Runtime/Content/Pipelines/DefaultAudioPipeline.uasset" 11322
"../../../Engine/Plugins/Interchange/Runtime/Content/Pipelines/DefaultSceneAssetsPipeline.uasset" 11323
"/Interchange/Pipelines/DefaultAudioPipeline" 11324
"../../../Engine/Plugins/Interchange/Runtime/Content/Pipelines/DefaultSceneLevelPipeline.uasset" 11325
"/Interchange/Pipelines/DefaultTexturePipeline" 11326
"../../../Engine/Plugins/Interchange/Runtime/Content/Pipelines/DefaultGLTFSceneAssetsPipeline.uasset" 11327
"../../../Engine/Plugins/Interchange/Assets/Content/Functions/MX_SurfaceUnlit.uasset" 11328
"/Interchange/Pipelines/DefaultMaterialPipeline" 11329
"../../../Engine/Plugins/Interchange/Assets/Content/Functions/MX_UsdPreviewSurface.uasset" 11330
"../../../Engine/Plugins/Interchange/Assets/Content/Substrate/MX_SimpleVolume.uasset" 11331
"/Interchange/Pipelines/DefaultGLTFPipeline" 11332
"../../../Engine/Plugins/Interchange/Assets/Content/Functions/MX_OrenNayarBSDF.uasset" 11333
"/Interchange/Pipelines/DefaultGLTFAssetsPipeline" 11334
"../../../Engine/Plugins/Interchange/Assets/Content/Functions/MX_BurleyDiffuseBSDF.uasset" 11335
"../../../Engine/Plugins/Interchange/Assets/Content/Functions/MX_TranslucentBSDF.uasset" 11336
"../../../Engine/Plugins/Interchange/Assets/Content/Functions/MX_DielectricBSDF.uasset" 11337
"../../../Engine/Plugins/Interchange/Assets/Content/Functions/MX_ConductorBSDF.uasset" 11338
"../../../Engine/Plugins/Interchange/Assets/Content/Functions/MX_GeneralizedSchlickBSDF.uasset" 11339
"../../../Engine/Plugins/Interchange/Assets/Content/Functions/MX_SubsurfaceBSDF.uasset" 11340
"../../../Engine/Plugins/Interchange/Assets/Content/Functions/MX_SheenBSDF.uasset" 11341
"../../../Engine/Plugins/Interchange/Assets/Content/Functions/MX_ChiangHairBSDF.uasset" 11342
"../../../Engine/Plugins/Interchange/Assets/Content/Functions/MX_UniformEDF.uasset" 11343
"/Interchange/Pipelines/DefaultMaterialXPipeline" 11344
"/Interchange/Pipelines/DefaultAssetsPipeline" 11345
"../../../Engine/Plugins/Interchange/Assets/Content/Functions/MX_ConicalEDF.uasset" 11346
"../../../Engine/Content/EngineMaterials/FastBlueNoise_scalar_128x128x8.uasset" 11347
"/Engine/EngineSounds/Master" 11348
"/Engine/EngineMaterials/SMAASearchTex" 11349
"/Engine/EngineMaterials/SMAAAreaTex" 11350
"/Engine/EngineMaterials/EnergyConservation/Diffuse_Energy" 11351
"/Engine/EngineMaterials/EnergyConservation/Sheen_Energy" 11352
"/Engine/EngineMaterials/LTC/Sheen_LTC" 11353
"/Engine/EngineMaterials/FastBlueNoise_vec2_128x128x64" 11354
"/Interchange/Pipelines/DefaultSceneAssetsPipeline" 11355
"/InterchangeAssets/Functions/MX_ConductorBSDF" 11356
"/InterchangeAssets/Functions/MX_DielectricBSDF" 11357
"/InterchangeAssets/Functions/MX_TranslucentBSDF" 11358
"/InterchangeAssets/Functions/MX_BurleyDiffuseBSDF" 11359
"/InterchangeAssets/Functions/MX_OrenNayarBSDF" 11360
"/InterchangeAssets/Substrate/MX_SimpleVolume" 11361
"/InterchangeAssets/Functions/MX_UsdPreviewSurface" 11362
"/InterchangeAssets/Functions/MX_SurfaceUnlit" 11363
"/Interchange/Pipelines/DefaultGLTFSceneAssetsPipeline" 11364
"/Interchange/Pipelines/DefaultSceneLevelPipeline" 11365
"/Engine/EngineMaterials/FastBlueNoise_scalar_128x128x8" 11366
"/InterchangeAssets/Functions/MX_ConicalEDF" 11367
"/InterchangeAssets/Functions/MX_UniformEDF" 11368
"/InterchangeAssets/Functions/MX_ChiangHairBSDF" 11369
"/InterchangeAssets/Functions/MX_SheenBSDF" 11370
"/InterchangeAssets/Functions/MX_SubsurfaceBSDF" 11371
"/InterchangeAssets/Functions/MX_GeneralizedSchlickBSDF" 11372
"../../../Engine/Plugins/Interchange/Assets/Content/Functions/MX_MeasuredEDF.uasset" 11373
"../../../Engine/Plugins/Interchange/Assets/Content/Functions/MX_AbsorptionVDF.uasset" 11374
"../../../Engine/Plugins/Interchange/Assets/Content/Functions/MX_AnisotropicVDF.uasset" 11375
"../../../Engine/Plugins/Animation/ControlRig/Content/Controls/ControlRigGizmoMaterial.uasset" 11376
"../../../Engine/Plugins/MetaHuman/MetaHumanCoreTechLib/Content/GenericTracker/FaceDetector.uasset" 11377
"../../../Engine/Plugins/MetaHuman/MetaHumanAnimator/Content/GenericTracker/FaceTracker.uasset" 11378
"../../../Engine/Plugins/MetaHuman/MetaHumanAnimator/Content/GenericTracker/LeftBrowWholeFace.uasset" 11379
"../../../Engine/Plugins/MetaHuman/MetaHumanAnimator/Content/GenericTracker/LeftEye.uasset" 11380
"../../../Engine/Plugins/MetaHuman/MetaHumanAnimator/Content/GenericTracker/NasolabialNose.uasset" 11381
"../../../Engine/Plugins/MetaHuman/MetaHumanAnimator/Content/GenericTracker/LipZip.uasset" 11382
"../../../Engine/Plugins/MetaHuman/MetaHumanAnimator/Content/GenericTracker/Chin.uasset" 11383
"../../../Engine/Plugins/MetaHuman/MetaHumanAnimator/Content/GenericTracker/Teeth.uasset" 11384
"../../../Engine/Plugins/MetaHuman/MetaHumanAnimator/Content/GenericTracker/TeethConfidence.uasset" 11385
"../../../Engine/Plugins/MetaHuman/MetaHumanAnimator/Content/GenericTracker/Lips.uasset" 11386
"/MetaHuman/GenericTracker/TeethConfidence" 11387
"/MetaHuman/GenericTracker/Teeth" 11388
"/MetaHuman/GenericTracker/Chin" 11389
"/MetaHuman/GenericTracker/LipZip" 11390
"/MetaHuman/GenericTracker/Lips" 11391
"/MetaHuman/GenericTracker/NasolabialNose" 11392
"/MetaHuman/GenericTracker/LeftEye" 11393
"/MetaHuman/GenericTracker/LeftBrowWholeFace" 11394
"/MetaHuman/GenericTracker/FaceTracker" 11395
"/MetaHumanCoreTech/GenericTracker/FaceDetector" 11396
"/ControlRig/Controls/ControlRigGizmoMaterial" 11397
"/InterchangeAssets/Functions/MX_AnisotropicVDF" 11398
"/InterchangeAssets/Functions/MX_AbsorptionVDF" 11399
"/InterchangeAssets/Functions/MX_MeasuredEDF" 11400
"C:/Users/sina/Desktop/dev/DuyguUE/DerivedDataCache/VT/TEXTURE_7C16439390E24F1F9468894FB4D4BC55_VTCHUNKD2DAB16BFF152507817E734DBB935160EA97A322" 11401
"C:/Users/sina/Desktop/dev/DuyguUE/DerivedDataCache/VT/TEXTURE_7C16439390E24F1F9468894FB4D4BC55_VTCHUNK38740DBD4108040D6985AA56705D97D46F27920C" 11402
"C:/Users/sina/Desktop/dev/DuyguUE/DerivedDataCache/VT/TEXTURE_7C16439390E24F1F9468894FB4D4BC55_VTCHUNK84C05FFC339C0CEFE446DED1628C0AFB5362331E" 11403
"C:/Users/sina/Desktop/dev/DuyguUE/DerivedDataCache/VT/TEXTURE_7C16439390E24F1F9468894FB4D4BC55_VTCHUNKC0393DE8C5B4673D99D1BECB92AA8C1F72FEB491" 11404
"C:/Users/sina/Desktop/dev/DuyguUE/DerivedDataCache/VT/TEXTURE_7C16439390E24F1F9468894FB4D4BC55_VTCHUNK02D4C3BCAD7DFA48AB32B8281FB06B8B83DB6275" 11405
"C:/Users/sina/Desktop/dev/DuyguUE/Saved/Cooked/Windows/MyProject/Metadata/CookedSettings.txt" 11406
